cycle,order,round,model,tokenizer_sha256,contract,shape,input_bytes,batch,parent_elapsed_ns,candidate_elapsed_ns,total_bytes,ratio,log_ratio
0,ab,0,deepseek-r1,ecb6f9fc369894346f0511f4074ca75cee5cd5f3b06d02f1ba35fcd39f8e121d,flat-ragged,140-byte batch 1,140,1,53329641,53906719,4194400,0.9892948780652,-0.010762833998617724
0,ab,1,deepseek-r1,ecb6f9fc369894346f0511f4074ca75cee5cd5f3b06d02f1ba35fcd39f8e121d,flat-ragged,140-byte batch 1,140,1,51700417,52582438,4194400,0.9832259394286739,-0.016916338421011378
0,ab,2,deepseek-r1,ecb6f9fc369894346f0511f4074ca75cee5cd5f3b06d02f1ba35fcd39f8e121d,flat-ragged,140-byte batch 1,140,1,48652630,48217849,4194400,1.0090170135959404,0.008976603068698642
0,ab,3,deepseek-r1,ecb6f9fc369894346f0511f4074ca75cee5cd5f3b06d02f1ba35fcd39f8e121d,flat-ragged,140-byte batch 1,140,1,41203018,42392942,4194400,0.9719310823013888,-0.02847038001754352
0,ab,4,deepseek-r1,ecb6f9fc369894346f0511f4074ca75cee5cd5f3b06d02f1ba35fcd39f8e121d,flat-ragged,140-byte batch 1,140,1,51309039,52801583,4194400,0.9717329686877001,-0.02867423583745641
0,ab,5,deepseek-r1,ecb6f9fc369894346f0511f4074ca75cee5cd5f3b06d02f1ba35fcd39f8e121d,flat-ragged,140-byte batch 1,140,1,48866151,48073654,4194400,1.016485058531228,0.016350655041911123
0,ab,0,deepseek-r1,ecb6f9fc369894346f0511f4074ca75cee5cd5f3b06d02f1ba35fcd39f8e121d,flat-ragged,140-byte batch 32,140,32,53786590,50024053,4197760,1.0752145572850724,0.07252022983671712
0,ab,1,deepseek-r1,ecb6f9fc369894346f0511f4074ca75cee5cd5f3b06d02f1ba35fcd39f8e121d,flat-ragged,140-byte batch 32,140,32,51068939,50603399,4197760,1.0091997772718786,0.009157717087038733
0,ab,2,deepseek-r1,ecb6f9fc369894346f0511f4074ca75cee5cd5f3b06d02f1ba35fcd39f8e121d,flat-ragged,140-byte batch 32,140,32,46498038,48316894,4197760,0.9623556928141945,-0.038371153604449336
0,ab,3,deepseek-r1,ecb6f9fc369894346f0511f4074ca75cee5cd5f3b06d02f1ba35fcd39f8e121d,flat-ragged,140-byte batch 32,140,32,40364269,39491769,4197760,1.0220932113727292,0.021852692488285988
0,ab,4,deepseek-r1,ecb6f9fc369894346f0511f4074ca75cee5cd5f3b06d02f1ba35fcd39f8e121d,flat-ragged,140-byte batch 32,140,32,49104164,49968344,4197760,0.9827054504748046,-0.017445847201128073
0,ab,5,deepseek-r1,ecb6f9fc369894346f0511f4074ca75cee5cd5f3b06d02f1ba35fcd39f8e121d,flat-ragged,140-byte batch 32,140,32,49996116,45785483,4197760,1.0919643678324853,0.08797824660030529
0,ab,0,deepseek-r1,ecb6f9fc369894346f0511f4074ca75cee5cd5f3b06d02f1ba35fcd39f8e121d,flat-ragged,140-byte batch 512,140,512,16635350,16835861,4229120,0.9880902437956692,-0.011981245531342404
0,ab,1,deepseek-r1,ecb6f9fc369894346f0511f4074ca75cee5cd5f3b06d02f1ba35fcd39f8e121d,flat-ragged,140-byte batch 512,140,512,16591834,15902051,4229120,1.043376983258323,0.0424625519976178
0,ab,2,deepseek-r1,ecb6f9fc369894346f0511f4074ca75cee5cd5f3b06d02f1ba35fcd39f8e121d,flat-ragged,140-byte batch 512,140,512,16188999,15394714,4229120,1.0515946577507058,0.05030773374534276
0,ab,3,deepseek-r1,ecb6f9fc369894346f0511f4074ca75cee5cd5f3b06d02f1ba35fcd39f8e121d,flat-ragged,140-byte batch 512,140,512,14899915,14033655,4229120,1.061727326202618,0.05989713486442327
0,ab,4,deepseek-r1,ecb6f9fc369894346f0511f4074ca75cee5cd5f3b06d02f1ba35fcd39f8e121d,flat-ragged,140-byte batch 512,140,512,13259551,13305830,4229120,0.9965219005503603,-0.003484162099278171
0,ab,5,deepseek-r1,ecb6f9fc369894346f0511f4074ca75cee5cd5f3b06d02f1ba35fcd39f8e121d,flat-ragged,140-byte batch 512,140,512,13778588,13152909,4229120,1.047569628893502,0.046472842102400186
0,ab,0,deepseek-r1,ecb6f9fc369894346f0511f4074ca75cee5cd5f3b06d02f1ba35fcd39f8e121d,flat-ragged,4 KiB single,4096,1,37482943,38361725,4194304,0.9770922188718052,-0.023174241555713716
0,ab,1,deepseek-r1,ecb6f9fc369894346f0511f4074ca75cee5cd5f3b06d02f1ba35fcd39f8e121d,flat-ragged,4 KiB single,4096,1,42186344,41287635,4194304,1.0217670254060325,0.021533506309508756
0,ab,2,deepseek-r1,ecb6f9fc369894346f0511f4074ca75cee5cd5f3b06d02f1ba35fcd39f8e121d,flat-ragged,4 KiB single,4096,1,39420986,38471616,4194304,1.0246771541907675,0.024377591455221264
0,ab,3,deepseek-r1,ecb6f9fc369894346f0511f4074ca75cee5cd5f3b06d02f1ba35fcd39f8e121d,flat-ragged,4 KiB single,4096,1,38101420,38048559,4194304,1.0013893036001704,0.001388339410854842
0,ab,4,deepseek-r1,ecb6f9fc369894346f0511f4074ca75cee5cd5f3b06d02f1ba35fcd39f8e121d,flat-ragged,4 KiB single,4096,1,39272951,39177315,4194304,1.0024411065434167,0.0024381318828306316
0,ab,5,deepseek-r1,ecb6f9fc369894346f0511f4074ca75cee5cd5f3b06d02f1ba35fcd39f8e121d,flat-ragged,4 KiB single,4096,1,42047751,42054780,4194304,0.9998328608543429,-0.000167153114960708
0,ab,0,deepseek-r1,ecb6f9fc369894346f0511f4074ca75cee5cd5f3b06d02f1ba35fcd39f8e121d,flat-ragged,64 KiB single,65536,1,36366171,35284479,4194304,1.030656312085549,0.030195795517804876
0,ab,1,deepseek-r1,ecb6f9fc369894346f0511f4074ca75cee5cd5f3b06d02f1ba35fcd39f8e121d,flat-ragged,64 KiB single,65536,1,38349706,37041514,4194304,1.0353169149619532,0.034707577879155245
0,ab,2,deepseek-r1,ecb6f9fc369894346f0511f4074ca75cee5cd5f3b06d02f1ba35fcd39f8e121d,flat-ragged,64 KiB single,65536,1,35845128,35631197,4194304,1.0060040362943743,0.005986083890546531
0,ab,3,deepseek-r1,ecb6f9fc369894346f0511f4074ca75cee5cd5f3b06d02f1ba35fcd39f8e121d,flat-ragged,64 KiB single,65536,1,36990739,36319180,4194304,1.0184904780339203,0.018321607631615545
0,ab,4,deepseek-r1,ecb6f9fc369894346f0511f4074ca75cee5cd5f3b06d02f1ba35fcd39f8e121d,flat-ragged,64 KiB single,65536,1,34425755,34254334,4194304,1.0050043594483549,0.0049918792611881035
0,ab,5,deepseek-r1,ecb6f9fc369894346f0511f4074ca75cee5cd5f3b06d02f1ba35fcd39f8e121d,flat-ragged,64 KiB single,65536,1,37970657,37365996,4194304,1.0161821191652431,0.01605258423961576
0,ab,0,deepseek-r1,ecb6f9fc369894346f0511f4074ca75cee5cd5f3b06d02f1ba35fcd39f8e121d,nested,140-byte batch 1,140,1,54637655,56178412,4194400,0.9725738598663131,-0.027809257924822136
0,ab,1,deepseek-r1,ecb6f9fc369894346f0511f4074ca75cee5cd5f3b06d02f1ba35fcd39f8e121d,nested,140-byte batch 1,140,1,51371590,52033508,4194400,0.9872790049058388,-0.012802599752554893
0,ab,2,deepseek-r1,ecb6f9fc369894346f0511f4074ca75cee5cd5f3b06d02f1ba35fcd39f8e121d,nested,140-byte batch 1,140,1,48415818,50017636,4194400,0.9679749358806162,-0.03254908472609521
0,ab,3,deepseek-r1,ecb6f9fc369894346f0511f4074ca75cee5cd5f3b06d02f1ba35fcd39f8e121d,nested,140-byte batch 1,140,1,42661056,43374930,4194400,0.98354178323746,-0.016595157828243567
0,ab,4,deepseek-r1,ecb6f9fc369894346f0511f4074ca75cee5cd5f3b06d02f1ba35fcd39f8e121d,nested,140-byte batch 1,140,1,50612541,51597202,4194400,0.9809163876754402,-0.01926805477658406
0,ab,5,deepseek-r1,ecb6f9fc369894346f0511f4074ca75cee5cd5f3b06d02f1ba35fcd39f8e121d,nested,140-byte batch 1,140,1,48964307,48535166,4194400,1.0088418570567987,0.008802996735640325
0,ab,0,deepseek-r1,ecb6f9fc369894346f0511f4074ca75cee5cd5f3b06d02f1ba35fcd39f8e121d,nested,140-byte batch 32,140,32,55907690,55873432,4197760,1.000613135774441,0.0006129478834998975
0,ab,1,deepseek-r1,ecb6f9fc369894346f0511f4074ca75cee5cd5f3b06d02f1ba35fcd39f8e121d,nested,140-byte batch 32,140,32,52241365,55374239,4197760,0.9434236197810321,-0.05823987157764638
0,ab,2,deepseek-r1,ecb6f9fc369894346f0511f4074ca75cee5cd5f3b06d02f1ba35fcd39f8e121d,nested,140-byte batch 32,140,32,50667469,50319030,4197760,1.006924596916912,0.006900732002284236
0,ab,3,deepseek-r1,ecb6f9fc369894346f0511f4074ca75cee5cd5f3b06d02f1ba35fcd39f8e121d,nested,140-byte batch 32,140,32,43793367,43755642,4197760,1.0008621745282587,0.0008618030692930359
0,ab,4,deepseek-r1,ecb6f9fc369894346f0511f4074ca75cee5cd5f3b06d02f1ba35fcd39f8e121d,nested,140-byte batch 32,140,32,51981568,54504119,4197760,0.9537181584386311,-0.04738708258835243
0,ab,5,deepseek-r1,ecb6f9fc369894346f0511f4074ca75cee5cd5f3b06d02f1ba35fcd39f8e121d,nested,140-byte batch 32,140,32,49893285,51969140,4197760,0.9600560063145167,-0.040763656311006646
0,ab,0,deepseek-r1,ecb6f9fc369894346f0511f4074ca75cee5cd5f3b06d02f1ba35fcd39f8e121d,nested,140-byte batch 512,140,512,19719268,19642005,4229120,1.0039335597358823,0.003925843517968111
0,ab,1,deepseek-r1,ecb6f9fc369894346f0511f4074ca75cee5cd5f3b06d02f1ba35fcd39f8e121d,nested,140-byte batch 512,140,512,18480399,18982354,4229120,0.9735567569754521,-0.02679915389151142
0,ab,2,deepseek-r1,ecb6f9fc369894346f0511f4074ca75cee5cd5f3b06d02f1ba35fcd39f8e121d,nested,140-byte batch 512,140,512,18559312,18357692,4229120,1.0109828621157824,0.01092298847604455
0,ab,3,deepseek-r1,ecb6f9fc369894346f0511f4074ca75cee5cd5f3b06d02f1ba35fcd39f8e121d,nested,140-byte batch 512,140,512,17002896,16911562,4229120,1.0054006838635012,0.005386152466579167
0,ab,4,deepseek-r1,ecb6f9fc369894346f0511f4074ca75cee5cd5f3b06d02f1ba35fcd39f8e121d,nested,140-byte batch 512,140,512,16010754,16047112,4229120,0.9977342963643552,-0.002268274225657861
0,ab,5,deepseek-r1,ecb6f9fc369894346f0511f4074ca75cee5cd5f3b06d02f1ba35fcd39f8e121d,nested,140-byte batch 512,140,512,16748571,16140012,4229120,1.0377049905539104,0.03701153486289162
0,ab,0,deepseek-r1,ecb6f9fc369894346f0511f4074ca75cee5cd5f3b06d02f1ba35fcd39f8e121d,nested,4 KiB single,4096,1,39330331,41330037,4194304,0.9516161575175943,-0.04959352138096783
0,ab,1,deepseek-r1,ecb6f9fc369894346f0511f4074ca75cee5cd5f3b06d02f1ba35fcd39f8e121d,nested,4 KiB single,4096,1,42161870,43245003,4194304,0.9749535686238708,-0.02536543104248475
0,ab,2,deepseek-r1,ecb6f9fc369894346f0511f4074ca75cee5cd5f3b06d02f1ba35fcd39f8e121d,nested,4 KiB single,4096,1,39234787,39180005,4194304,1.001398213195736,0.0013972366058801586
0,ab,3,deepseek-r1,ecb6f9fc369894346f0511f4074ca75cee5cd5f3b06d02f1ba35fcd39f8e121d,nested,4 KiB single,4096,1,39145824,38127239,4194304,1.0267154146671884,0.026364789008837545
0,ab,4,deepseek-r1,ecb6f9fc369894346f0511f4074ca75cee5cd5f3b06d02f1ba35fcd39f8e121d,nested,4 KiB single,4096,1,39460126,39174808,4194304,1.0072832009795682,0.007256806551116414
0,ab,5,deepseek-r1,ecb6f9fc369894346f0511f4074ca75cee5cd5f3b06d02f1ba35fcd39f8e121d,nested,4 KiB single,4096,1,42552110,41181888,4194304,1.033272442487338,0.03273089446159238
0,ab,0,deepseek-r1,ecb6f9fc369894346f0511f4074ca75cee5cd5f3b06d02f1ba35fcd39f8e121d,nested,64 KiB single,65536,1,38642546,38896358,4194304,0.9934746589899239,-0.006546724119873623
0,ab,1,deepseek-r1,ecb6f9fc369894346f0511f4074ca75cee5cd5f3b06d02f1ba35fcd39f8e121d,nested,64 KiB single,65536,1,39833350,38244562,4194304,1.041542847320359,0.04070312088260882
0,ab,2,deepseek-r1,ecb6f9fc369894346f0511f4074ca75cee5cd5f3b06d02f1ba35fcd39f8e121d,nested,64 KiB single,65536,1,39148674,37799487,4194304,1.035693262186336,0.03507102102654105
0,ab,3,deepseek-r1,ecb6f9fc369894346f0511f4074ca75cee5cd5f3b06d02f1ba35fcd39f8e121d,nested,64 KiB single,65536,1,37676717,37094011,4194304,1.0157088970507935,0.015586789451185632
0,ab,4,deepseek-r1,ecb6f9fc369894346f0511f4074ca75cee5cd5f3b06d02f1ba35fcd39f8e121d,nested,64 KiB single,65536,1,37246120,36068424,4194304,1.032651717746248,0.032129977185230564
0,ab,5,deepseek-r1,ecb6f9fc369894346f0511f4074ca75cee5cd5f3b06d02f1ba35fcd39f8e121d,nested,64 KiB single,65536,1,37335831,36861563,4194304,1.0128661934384062,0.012784127142571766
0,ab,0,gemma-3,4667f2089529e8e7657cfb6d1c19910ae71ff5f28aa7ab2ff2763330affad795,flat-ragged,140-byte batch 1,140,1,267986691,251549208,4194400,1.0653450000128801,0.06329869037703105
0,ab,1,gemma-3,4667f2089529e8e7657cfb6d1c19910ae71ff5f28aa7ab2ff2763330affad795,flat-ragged,140-byte batch 1,140,1,244770117,231732695,4194400,1.05626060664422,0.05473494143217241
0,ab,2,gemma-3,4667f2089529e8e7657cfb6d1c19910ae71ff5f28aa7ab2ff2763330affad795,flat-ragged,140-byte batch 1,140,1,243127402,223514405,4194400,1.0877482460246801,0.08410973013716863
0,ab,3,gemma-3,4667f2089529e8e7657cfb6d1c19910ae71ff5f28aa7ab2ff2763330affad795,flat-ragged,140-byte batch 1,140,1,193558013,182528371,4194400,1.060427000688019,0.05867165784717051
0,ab,4,gemma-3,4667f2089529e8e7657cfb6d1c19910ae71ff5f28aa7ab2ff2763330affad795,flat-ragged,140-byte batch 1,140,1,197697954,184921447,4194400,1.0690915370135514,0.06680925701454545
0,ab,5,gemma-3,4667f2089529e8e7657cfb6d1c19910ae71ff5f28aa7ab2ff2763330affad795,flat-ragged,140-byte batch 1,140,1,189717453,184869268,4194400,1.0262249375055674,0.025886960054446302
0,ab,0,gemma-3,4667f2089529e8e7657cfb6d1c19910ae71ff5f28aa7ab2ff2763330affad795,flat-ragged,140-byte batch 32,140,32,93728609,93111233,4197760,1.0066305211531243,0.006608635934747279
0,ab,1,gemma-3,4667f2089529e8e7657cfb6d1c19910ae71ff5f28aa7ab2ff2763330affad795,flat-ragged,140-byte batch 32,140,32,85839601,84457515,4197760,1.0163642749848845,0.016231823267716914
0,ab,2,gemma-3,4667f2089529e8e7657cfb6d1c19910ae71ff5f28aa7ab2ff2763330affad795,flat-ragged,140-byte batch 32,140,32,84362464,82022994,4197760,1.0285221239302724,0.028122940749983547
0,ab,3,gemma-3,4667f2089529e8e7657cfb6d1c19910ae71ff5f28aa7ab2ff2763330affad795,flat-ragged,140-byte batch 32,140,32,70629964,69378670,4197760,1.0180357161646367,0.017875002153976357
0,ab,4,gemma-3,4667f2089529e8e7657cfb6d1c19910ae71ff5f28aa7ab2ff2763330affad795,flat-ragged,140-byte batch 32,140,32,74503498,74641026,4197760,0.9981574744162814,-0.0018442251219311686
0,ab,5,gemma-3,4667f2089529e8e7657cfb6d1c19910ae71ff5f28aa7ab2ff2763330affad795,flat-ragged,140-byte batch 32,140,32,75697482,75653931,4197760,1.0005756607677134,0.0005754951386147517
0,ab,0,gemma-3,4667f2089529e8e7657cfb6d1c19910ae71ff5f28aa7ab2ff2763330affad795,flat-ragged,140-byte batch 512,140,512,75399527,74205753,4229120,1.0160873510710147,0.015959320924208913
0,ab,1,gemma-3,4667f2089529e8e7657cfb6d1c19910ae71ff5f28aa7ab2ff2763330affad795,flat-ragged,140-byte batch 512,140,512,69738839,69457587,4229120,1.0040492624657404,0.004041086266767488
0,ab,2,gemma-3,4667f2089529e8e7657cfb6d1c19910ae71ff5f28aa7ab2ff2763330affad795,flat-ragged,140-byte batch 512,140,512,67680528,66935633,4229120,1.011128527013407,0.011067060556998772
0,ab,3,gemma-3,4667f2089529e8e7657cfb6d1c19910ae71ff5f28aa7ab2ff2763330affad795,flat-ragged,140-byte batch 512,140,512,54874932,54682306,4229120,1.0035226385661205,0.0035164486072858827
0,ab,4,gemma-3,4667f2089529e8e7657cfb6d1c19910ae71ff5f28aa7ab2ff2763330affad795,flat-ragged,140-byte batch 512,140,512,54653834,55771072,4229120,0.9799674282753611,-0.020235944323575783
0,ab,5,gemma-3,4667f2089529e8e7657cfb6d1c19910ae71ff5f28aa7ab2ff2763330affad795,flat-ragged,140-byte batch 512,140,512,56704679,56376704,4229120,1.0058175625166026,0.005800705844684091
0,ab,0,gemma-3,4667f2089529e8e7657cfb6d1c19910ae71ff5f28aa7ab2ff2763330affad795,flat-ragged,4 KiB single,4096,1,186657232,184065657,4194304,1.0140796226859419,0.013981425445110888
0,ab,1,gemma-3,4667f2089529e8e7657cfb6d1c19910ae71ff5f28aa7ab2ff2763330affad795,flat-ragged,4 KiB single,4096,1,188836394,189741722,4194304,0.9952286297897096,-0.004782789535497385
0,ab,2,gemma-3,4667f2089529e8e7657cfb6d1c19910ae71ff5f28aa7ab2ff2763330affad795,flat-ragged,4 KiB single,4096,1,177429338,175956544,4194304,1.0083702144093032,0.00833537841948862
0,ab,3,gemma-3,4667f2089529e8e7657cfb6d1c19910ae71ff5f28aa7ab2ff2763330affad795,flat-ragged,4 KiB single,4096,1,174974673,168257238,4194304,1.0399236019790126,0.039147250819425286
0,ab,4,gemma-3,4667f2089529e8e7657cfb6d1c19910ae71ff5f28aa7ab2ff2763330affad795,flat-ragged,4 KiB single,4096,1,194900003,200632633,4194304,0.9714272303847998,-0.028988917360440628
0,ab,5,gemma-3,4667f2089529e8e7657cfb6d1c19910ae71ff5f28aa7ab2ff2763330affad795,flat-ragged,4 KiB single,4096,1,169249400,171839239,4194304,0.9849287100253046,-0.015186016038116769
0,ab,0,gemma-3,4667f2089529e8e7657cfb6d1c19910ae71ff5f28aa7ab2ff2763330affad795,flat-ragged,64 KiB single,65536,1,100814654,100250298,4194304,1.005629469550305,0.005613683304346454
0,ab,1,gemma-3,4667f2089529e8e7657cfb6d1c19910ae71ff5f28aa7ab2ff2763330affad795,flat-ragged,64 KiB single,65536,1,100807253,100162304,4194304,1.0064390391818463,0.006418397131649307
0,ab,2,gemma-3,4667f2089529e8e7657cfb6d1c19910ae71ff5f28aa7ab2ff2763330affad795,flat-ragged,64 KiB single,65536,1,92970861,93094969,4194304,0.9986668667347641,-0.0013340226779456404
0,ab,3,gemma-3,4667f2089529e8e7657cfb6d1c19910ae71ff5f28aa7ab2ff2763330affad795,flat-ragged,64 KiB single,65536,1,93978485,93340041,4194304,1.0068399798538765,0.006816693317662005
0,ab,4,gemma-3,4667f2089529e8e7657cfb6d1c19910ae71ff5f28aa7ab2ff2763330affad795,flat-ragged,64 KiB single,65536,1,96559885,98252894,4194304,0.9827688637853252,-0.0173813199670833
0,ab,5,gemma-3,4667f2089529e8e7657cfb6d1c19910ae71ff5f28aa7ab2ff2763330affad795,flat-ragged,64 KiB single,65536,1,105034572,105162911,4194304,0.9987796172740027,-0.0012211279994038596
0,ab,0,gemma-3,4667f2089529e8e7657cfb6d1c19910ae71ff5f28aa7ab2ff2763330affad795,nested,140-byte batch 1,140,1,252910549,247829499,4194400,1.0205022001840063,0.020294859251725687
0,ab,1,gemma-3,4667f2089529e8e7657cfb6d1c19910ae71ff5f28aa7ab2ff2763330affad795,nested,140-byte batch 1,140,1,230799975,236036819,4194400,0.977813444435548,-0.0224363792537092
0,ab,2,gemma-3,4667f2089529e8e7657cfb6d1c19910ae71ff5f28aa7ab2ff2763330affad795,nested,140-byte batch 1,140,1,232888410,236414445,4194400,0.985085365659446,-0.01502697592119048
0,ab,3,gemma-3,4667f2089529e8e7657cfb6d1c19910ae71ff5f28aa7ab2ff2763330affad795,nested,140-byte batch 1,140,1,183259722,180790025,4194400,1.0136605822140907,0.013568117589593993
0,ab,4,gemma-3,4667f2089529e8e7657cfb6d1c19910ae71ff5f28aa7ab2ff2763330affad795,nested,140-byte batch 1,140,1,184311892,185193798,4194400,0.9952379290801088,-0.004773445705672366
0,ab,5,gemma-3,4667f2089529e8e7657cfb6d1c19910ae71ff5f28aa7ab2ff2763330affad795,nested,140-byte batch 1,140,1,187105987,187383463,4194400,0.9985192076421386,-0.0014818898144022133
0,ab,0,gemma-3,4667f2089529e8e7657cfb6d1c19910ae71ff5f28aa7ab2ff2763330affad795,nested,140-byte batch 32,140,32,59237802,59106281,4197760,1.0022251611465793,0.002222689141908531
0,ab,1,gemma-3,4667f2089529e8e7657cfb6d1c19910ae71ff5f28aa7ab2ff2763330affad795,nested,140-byte batch 32,140,32,60028268,58949792,4197760,1.0182948228214275,0.01812948604372651
0,ab,2,gemma-3,4667f2089529e8e7657cfb6d1c19910ae71ff5f28aa7ab2ff2763330affad795,nested,140-byte batch 32,140,32,58821231,56823176,4197760,1.035162677285057,0.034558590487288154
0,ab,3,gemma-3,4667f2089529e8e7657cfb6d1c19910ae71ff5f28aa7ab2ff2763330affad795,nested,140-byte batch 32,140,32,58351909,57249271,4197760,1.019260297655144,0.019077165835327075
0,ab,4,gemma-3,4667f2089529e8e7657cfb6d1c19910ae71ff5f28aa7ab2ff2763330affad795,nested,140-byte batch 32,140,32,57497722,57774967,4197760,0.9952012953984033,-0.004810255351763632
0,ab,5,gemma-3,4667f2089529e8e7657cfb6d1c19910ae71ff5f28aa7ab2ff2763330affad795,nested,140-byte batch 32,140,32,58248629,57605413,4197760,1.0111658951216962,0.011104016707284791
0,ab,0,gemma-3,4667f2089529e8e7657cfb6d1c19910ae71ff5f28aa7ab2ff2763330affad795,nested,140-byte batch 512,140,512,46780409,45911624,4229120,1.01892298560382,0.018746172977938774
0,ab,1,gemma-3,4667f2089529e8e7657cfb6d1c19910ae71ff5f28aa7ab2ff2763330affad795,nested,140-byte batch 512,140,512,48054017,45058649,4229120,1.0664770929993928,0.06436078002948695
0,ab,2,gemma-3,4667f2089529e8e7657cfb6d1c19910ae71ff5f28aa7ab2ff2763330affad795,nested,140-byte batch 512,140,512,45855697,44967264,4229120,1.019757328353355,0.01956468561123834
0,ab,3,gemma-3,4667f2089529e8e7657cfb6d1c19910ae71ff5f28aa7ab2ff2763330affad795,nested,140-byte batch 512,140,512,45043472,43830621,4229120,1.027671316817528,0.027295385185959226
0,ab,4,gemma-3,4667f2089529e8e7657cfb6d1c19910ae71ff5f28aa7ab2ff2763330affad795,nested,140-byte batch 512,140,512,44296192,43881095,4229120,1.009459586183982,0.009415124471604176
0,ab,5,gemma-3,4667f2089529e8e7657cfb6d1c19910ae71ff5f28aa7ab2ff2763330affad795,nested,140-byte batch 512,140,512,45236802,44544570,4229120,1.0155402106249987,0.015420698127826855
0,ab,0,gemma-3,4667f2089529e8e7657cfb6d1c19910ae71ff5f28aa7ab2ff2763330affad795,nested,4 KiB single,4096,1,158147135,162049593,4194304,0.9759181252618141,-0.024376584139263927
0,ab,1,gemma-3,4667f2089529e8e7657cfb6d1c19910ae71ff5f28aa7ab2ff2763330affad795,nested,4 KiB single,4096,1,158903867,158148849,4194304,1.0047740973442052,0.004762737482521951
0,ab,2,gemma-3,4667f2089529e8e7657cfb6d1c19910ae71ff5f28aa7ab2ff2763330affad795,nested,4 KiB single,4096,1,156473922,155160014,4194304,1.0084680837938054,0.008432430706393521
0,ab,3,gemma-3,4667f2089529e8e7657cfb6d1c19910ae71ff5f28aa7ab2ff2763330affad795,nested,4 KiB single,4096,1,155978585,157951418,4194304,0.987509874713502,-0.012568782546981395
0,ab,4,gemma-3,4667f2089529e8e7657cfb6d1c19910ae71ff5f28aa7ab2ff2763330affad795,nested,4 KiB single,4096,1,161995949,158224800,4194304,1.0238341208205035,0.023554522109067277
0,ab,5,gemma-3,4667f2089529e8e7657cfb6d1c19910ae71ff5f28aa7ab2ff2763330affad795,nested,4 KiB single,4096,1,151035861,151407170,4194304,0.9975476128376219,-0.0024553991892201647
0,ab,0,gemma-3,4667f2089529e8e7657cfb6d1c19910ae71ff5f28aa7ab2ff2763330affad795,nested,64 KiB single,65536,1,86346738,86001306,4194304,1.0040165901666656,0.004008545203400527
0,ab,1,gemma-3,4667f2089529e8e7657cfb6d1c19910ae71ff5f28aa7ab2ff2763330affad795,nested,64 KiB single,65536,1,85024842,86954647,4194304,0.9778067640249289,-0.02244321126596817
0,ab,2,gemma-3,4667f2089529e8e7657cfb6d1c19910ae71ff5f28aa7ab2ff2763330affad795,nested,64 KiB single,65536,1,89135297,90770377,4194304,0.9819866342518331,-0.018177581461812323
0,ab,3,gemma-3,4667f2089529e8e7657cfb6d1c19910ae71ff5f28aa7ab2ff2763330affad795,nested,64 KiB single,65536,1,104717983,102629472,4194304,1.0203500121290696,0.020145717580123436
0,ab,4,gemma-3,4667f2089529e8e7657cfb6d1c19910ae71ff5f28aa7ab2ff2763330affad795,nested,64 KiB single,65536,1,111198162,110152390,4194304,1.0094938657254735,0.009449082204965957
0,ab,5,gemma-3,4667f2089529e8e7657cfb6d1c19910ae71ff5f28aa7ab2ff2763330affad795,nested,64 KiB single,65536,1,91006990,91396698,4194304,0.9957360822816597,-0.004273034139169346
0,ab,0,glm-4-7,9340665016419c825c4bdabbcc9acc43b7ca2c68ce142724afa829abb1be5efd,flat-ragged,140-byte batch 1,140,1,65018105,62242860,4194400,1.0445873631128133,0.04362193960131374
0,ab,1,glm-4-7,9340665016419c825c4bdabbcc9acc43b7ca2c68ce142724afa829abb1be5efd,flat-ragged,140-byte batch 1,140,1,60438696,60191061,4194400,1.0041141491092838,0.0041057091387826745
0,ab,2,glm-4-7,9340665016419c825c4bdabbcc9acc43b7ca2c68ce142724afa829abb1be5efd,flat-ragged,140-byte batch 1,140,1,54711330,56380222,4194400,0.9703993361359946,-0.03004760546630376
0,ab,3,glm-4-7,9340665016419c825c4bdabbcc9acc43b7ca2c68ce142724afa829abb1be5efd,flat-ragged,140-byte batch 1,140,1,63182710,65256014,4194400,0.9682281544196064,-0.03228752276319743
0,ab,4,glm-4-7,9340665016419c825c4bdabbcc9acc43b7ca2c68ce142724afa829abb1be5efd,flat-ragged,140-byte batch 1,140,1,56559837,57358582,4194400,0.9860745337114505,-0.01402333523699017
0,ab,5,glm-4-7,9340665016419c825c4bdabbcc9acc43b7ca2c68ce142724afa829abb1be5efd,flat-ragged,140-byte batch 1,140,1,59975818,53766266,4194400,1.1154915983936842,0.10929520316659971
0,ab,0,glm-4-7,9340665016419c825c4bdabbcc9acc43b7ca2c68ce142724afa829abb1be5efd,flat-ragged,140-byte batch 32,140,32,62013221,58354635,4197760,1.0626957224563225,0.060808814222628495
0,ab,1,glm-4-7,9340665016419c825c4bdabbcc9acc43b7ca2c68ce142724afa829abb1be5efd,flat-ragged,140-byte batch 32,140,32,58376027,55426484,4197760,1.0532154087204955,0.05184777891705755
0,ab,2,glm-4-7,9340665016419c825c4bdabbcc9acc43b7ca2c68ce142724afa829abb1be5efd,flat-ragged,140-byte batch 32,140,32,55239597,53628302,4197760,1.0300456091263155,0.029603081966343585
0,ab,3,glm-4-7,9340665016419c825c4bdabbcc9acc43b7ca2c68ce142724afa829abb1be5efd,flat-ragged,140-byte batch 32,140,32,60428632,59978582,4197760,1.007503511836942,0.007475500526861191
0,ab,4,glm-4-7,9340665016419c825c4bdabbcc9acc43b7ca2c68ce142724afa829abb1be5efd,flat-ragged,140-byte batch 32,140,32,54441615,54981503,4197760,0.9901805521758836,-0.0098679765467346
0,ab,5,glm-4-7,9340665016419c825c4bdabbcc9acc43b7ca2c68ce142724afa829abb1be5efd,flat-ragged,140-byte batch 32,140,32,51203206,49694122,4197760,1.0303674547263357,0.029915490782113856
0,ab,0,glm-4-7,9340665016419c825c4bdabbcc9acc43b7ca2c68ce142724afa829abb1be5efd,flat-ragged,140-byte batch 512,140,512,20175789,19253936,4229120,1.0478786778973401,0.04676781383238988
0,ab,1,glm-4-7,9340665016419c825c4bdabbcc9acc43b7ca2c68ce142724afa829abb1be5efd,flat-ragged,140-byte batch 512,140,512,19210547,19545184,4229120,0.9828788002200439,-0.017269462245227598
0,ab,2,glm-4-7,9340665016419c825c4bdabbcc9acc43b7ca2c68ce142724afa829abb1be5efd,flat-ragged,140-byte batch 512,140,512,18115956,18318962,4229120,0.988918258578188,-0.011143601353344027
0,ab,3,glm-4-7,9340665016419c825c4bdabbcc9acc43b7ca2c68ce142724afa829abb1be5efd,flat-ragged,140-byte batch 512,140,512,15609398,16227975,4229120,0.961882058605587,-0.03886343603454222
0,ab,4,glm-4-7,9340665016419c825c4bdabbcc9acc43b7ca2c68ce142724afa829abb1be5efd,flat-ragged,140-byte batch 512,140,512,15382600,15542451,4229120,0.9897152000028824,-0.010338054005164765
0,ab,5,glm-4-7,9340665016419c825c4bdabbcc9acc43b7ca2c68ce142724afa829abb1be5efd,flat-ragged,140-byte batch 512,140,512,15074297,15280746,4229120,0.9864895993952127,-0.013602496509445816
0,ab,0,glm-4-7,9340665016419c825c4bdabbcc9acc43b7ca2c68ce142724afa829abb1be5efd,flat-ragged,4 KiB single,4096,1,51230859,45019009,4194304,1.1379828240999263,0.12925724253217663
0,ab,1,glm-4-7,9340665016419c825c4bdabbcc9acc43b7ca2c68ce142724afa829abb1be5efd,flat-ragged,4 KiB single,4096,1,47171496,44723942,4194304,1.0547258110655808,0.05328083842497526
0,ab,2,glm-4-7,9340665016419c825c4bdabbcc9acc43b7ca2c68ce142724afa829abb1be5efd,flat-ragged,4 KiB single,4096,1,44514932,41714379,4194304,1.0671363943833372,0.06497879393765521
0,ab,3,glm-4-7,9340665016419c825c4bdabbcc9acc43b7ca2c68ce142724afa829abb1be5efd,flat-ragged,4 KiB single,4096,1,40712859,41354399,4194304,0.9844867773317175,-0.01563481183955315
0,ab,4,glm-4-7,9340665016419c825c4bdabbcc9acc43b7ca2c68ce142724afa829abb1be5efd,flat-ragged,4 KiB single,4096,1,45036579,47177975,4194304,0.9546102604022322,-0.046452126089482675
0,ab,5,glm-4-7,9340665016419c825c4bdabbcc9acc43b7ca2c68ce142724afa829abb1be5efd,flat-ragged,4 KiB single,4096,1,44782741,44799370,4194304,0.9996288117444508,-0.0003712571629619643
0,ab,0,glm-4-7,9340665016419c825c4bdabbcc9acc43b7ca2c68ce142724afa829abb1be5efd,flat-ragged,64 KiB single,65536,1,18763393,18889067,4194304,0.9933467333246263,-0.006675498317664373
0,ab,1,glm-4-7,9340665016419c825c4bdabbcc9acc43b7ca2c68ce142724afa829abb1be5efd,flat-ragged,64 KiB single,65536,1,19225578,18971700,4194304,1.013381932035611,0.013293184845681535
0,ab,2,glm-4-7,9340665016419c825c4bdabbcc9acc43b7ca2c68ce142724afa829abb1be5efd,flat-ragged,64 KiB single,65536,1,17699629,17852557,4194304,0.991433832139564,-0.008603068358034115
0,ab,3,glm-4-7,9340665016419c825c4bdabbcc9acc43b7ca2c68ce142724afa829abb1be5efd,flat-ragged,64 KiB single,65536,1,18559842,18599477,4194304,0.9978690261021855,-0.002133247653474638
0,ab,4,glm-4-7,9340665016419c825c4bdabbcc9acc43b7ca2c68ce142724afa829abb1be5efd,flat-ragged,64 KiB single,65536,1,18271995,17980890,4194304,1.0161896880521486,0.01606003256858648
0,ab,5,glm-4-7,9340665016419c825c4bdabbcc9acc43b7ca2c68ce142724afa829abb1be5efd,flat-ragged,64 KiB single,65536,1,18107252,17942051,4194304,1.0092074757785494,0.009165345385697708
0,ab,0,glm-4-7,9340665016419c825c4bdabbcc9acc43b7ca2c68ce142724afa829abb1be5efd,nested,140-byte batch 1,140,1,69560624,70359116,4194400,0.98865119340044,-0.01141369571499018
0,ab,1,glm-4-7,9340665016419c825c4bdabbcc9acc43b7ca2c68ce142724afa829abb1be5efd,nested,140-byte batch 1,140,1,59581090,58734253,4194400,1.0144181113531827,0.014315158793393736
0,ab,2,glm-4-7,9340665016419c825c4bdabbcc9acc43b7ca2c68ce142724afa829abb1be5efd,nested,140-byte batch 1,140,1,59133340,61802695,4194400,0.9568084369136329,-0.044152077980130704
0,ab,3,glm-4-7,9340665016419c825c4bdabbcc9acc43b7ca2c68ce142724afa829abb1be5efd,nested,140-byte batch 1,140,1,65825982,68482392,4194400,0.9612103210413562,-0.03956203751480381
0,ab,4,glm-4-7,9340665016419c825c4bdabbcc9acc43b7ca2c68ce142724afa829abb1be5efd,nested,140-byte batch 1,140,1,57826776,57802453,4194400,1.0004207952904698,0.0004207067809602673
0,ab,5,glm-4-7,9340665016419c825c4bdabbcc9acc43b7ca2c68ce142724afa829abb1be5efd,nested,140-byte batch 1,140,1,56574562,57937172,4194400,0.9764812476521981,-0.023799732482977193
0,ab,0,glm-4-7,9340665016419c825c4bdabbcc9acc43b7ca2c68ce142724afa829abb1be5efd,nested,140-byte batch 32,140,32,69823047,66599340,4197760,1.0484044886931312,0.04726947392793272
0,ab,1,glm-4-7,9340665016419c825c4bdabbcc9acc43b7ca2c68ce142724afa829abb1be5efd,nested,140-byte batch 32,140,32,60346002,61607442,4197760,0.9795245515955686,-0.020687976474646742
0,ab,2,glm-4-7,9340665016419c825c4bdabbcc9acc43b7ca2c68ce142724afa829abb1be5efd,nested,140-byte batch 32,140,32,62632557,61232815,4197760,1.022859344291129,0.022601984154855367
0,ab,3,glm-4-7,9340665016419c825c4bdabbcc9acc43b7ca2c68ce142724afa829abb1be5efd,nested,140-byte batch 32,140,32,65399772,68748363,4197760,0.951292062037899,-0.04993415313556165
0,ab,4,glm-4-7,9340665016419c825c4bdabbcc9acc43b7ca2c68ce142724afa829abb1be5efd,nested,140-byte batch 32,140,32,57040752,61460946,4197760,0.92808125667314,-0.07463598895898925
0,ab,5,glm-4-7,9340665016419c825c4bdabbcc9acc43b7ca2c68ce142724afa829abb1be5efd,nested,140-byte batch 32,140,32,55733502,55485992,4197760,1.0044607655207822,0.004450845795040311
0,ab,0,glm-4-7,9340665016419c825c4bdabbcc9acc43b7ca2c68ce142724afa829abb1be5efd,nested,140-byte batch 512,140,512,23408135,23183484,4229120,1.0096901311295576,0.009643482918331276
0,ab,1,glm-4-7,9340665016419c825c4bdabbcc9acc43b7ca2c68ce142724afa829abb1be5efd,nested,140-byte batch 512,140,512,22049669,22137726,4229120,0.9960223105119288,-0.003985621536039277
0,ab,2,glm-4-7,9340665016419c825c4bdabbcc9acc43b7ca2c68ce142724afa829abb1be5efd,nested,140-byte batch 512,140,512,21326151,20985866,4229120,1.016214961059982,0.016084902623716237
0,ab,3,glm-4-7,9340665016419c825c4bdabbcc9acc43b7ca2c68ce142724afa829abb1be5efd,nested,140-byte batch 512,140,512,18463594,18181046,4229120,1.0155408000177768,0.015421278501307825
0,ab,4,glm-4-7,9340665016419c825c4bdabbcc9acc43b7ca2c68ce142724afa829abb1be5efd,nested,140-byte batch 512,140,512,17670359,17787992,4229120,0.9933869432817375,-0.006635019860395399
0,ab,5,glm-4-7,9340665016419c825c4bdabbcc9acc43b7ca2c68ce142724afa829abb1be5efd,nested,140-byte batch 512,140,512,18313920,17887759,4229120,1.0238241693663248,0.02354480227033591
0,ab,0,glm-4-7,9340665016419c825c4bdabbcc9acc43b7ca2c68ce142724afa829abb1be5efd,nested,4 KiB single,4096,1,47785874,51085627,4194304,0.9354074092112054,-0.06677311282028313
0,ab,1,glm-4-7,9340665016419c825c4bdabbcc9acc43b7ca2c68ce142724afa829abb1be5efd,nested,4 KiB single,4096,1,46784294,49278702,4194304,0.9493816212935154,-0.05194443128537072
0,ab,2,glm-4-7,9340665016419c825c4bdabbcc9acc43b7ca2c68ce142724afa829abb1be5efd,nested,4 KiB single,4096,1,44171178,45086228,4194304,0.9797044454461793,-0.020504339083215885
0,ab,3,glm-4-7,9340665016419c825c4bdabbcc9acc43b7ca2c68ce142724afa829abb1be5efd,nested,4 KiB single,4096,1,41851337,44575956,4194304,0.9388769362568467,-0.06307086666218134
0,ab,4,glm-4-7,9340665016419c825c4bdabbcc9acc43b7ca2c68ce142724afa829abb1be5efd,nested,4 KiB single,4096,1,45144763,48466756,4194304,0.9314583175321245,-0.07100383762594778
0,ab,5,glm-4-7,9340665016419c825c4bdabbcc9acc43b7ca2c68ce142724afa829abb1be5efd,nested,4 KiB single,4096,1,46241230,46818565,4194304,0.9876686737408548,-0.012407987941532557
0,ab,0,glm-4-7,9340665016419c825c4bdabbcc9acc43b7ca2c68ce142724afa829abb1be5efd,nested,64 KiB single,65536,1,46378333,47302701,4194304,0.980458452044842,-0.01973500849664337
0,ab,1,glm-4-7,9340665016419c825c4bdabbcc9acc43b7ca2c68ce142724afa829abb1be5efd,nested,64 KiB single,65536,1,42963177,42244042,4194304,1.0170233473397265,0.016880073872457706
0,ab,2,glm-4-7,9340665016419c825c4bdabbcc9acc43b7ca2c68ce142724afa829abb1be5efd,nested,64 KiB single,65536,1,43051102,42747017,4194304,1.0071135957861106,0.007088413517399567
0,ab,3,glm-4-7,9340665016419c825c4bdabbcc9acc43b7ca2c68ce142724afa829abb1be5efd,nested,64 KiB single,65536,1,40772714,40836145,4194304,0.9984466947112662,-0.001554512918100497
0,ab,4,glm-4-7,9340665016419c825c4bdabbcc9acc43b7ca2c68ce142724afa829abb1be5efd,nested,64 KiB single,65536,1,41912483,41707408,4194304,1.0049169922043586,0.004904943278365235
0,ab,5,glm-4-7,9340665016419c825c4bdabbcc9acc43b7ca2c68ce142724afa829abb1be5efd,nested,64 KiB single,65536,1,43861950,44442153,4194304,0.986944759404433,-0.013141209296864674
0,ab,0,gpt-2,8414cab924d8b9b33013f0d221c5862f365ee9be39c5c2bfae8a5a9e970478a6,flat-ragged,140-byte batch 1,140,1,31238540,34033861,4194400,0.9178664742151941,-0.08570335186557429
0,ab,1,gpt-2,8414cab924d8b9b33013f0d221c5862f365ee9be39c5c2bfae8a5a9e970478a6,flat-ragged,140-byte batch 1,140,1,33018483,33045404,4194400,0.9991853330042507,-0.0008149990172431445
0,ab,2,gpt-2,8414cab924d8b9b33013f0d221c5862f365ee9be39c5c2bfae8a5a9e970478a6,flat-ragged,140-byte batch 1,140,1,37896103,38715563,4194400,0.9788338348586071,-0.02139338031735559
0,ab,3,gpt-2,8414cab924d8b9b33013f0d221c5862f365ee9be39c5c2bfae8a5a9e970478a6,flat-ragged,140-byte batch 1,140,1,35227453,34850688,4194400,1.0108108339209831,0.010752814639266257
0,ab,4,gpt-2,8414cab924d8b9b33013f0d221c5862f365ee9be39c5c2bfae8a5a9e970478a6,flat-ragged,140-byte batch 1,140,1,32935290,32306891,4194400,1.019450927667413,0.01926417614895751
0,ab,5,gpt-2,8414cab924d8b9b33013f0d221c5862f365ee9be39c5c2bfae8a5a9e970478a6,flat-ragged,140-byte batch 1,140,1,25111133,25192275,4194400,0.9967790920034019,-0.003226106285901641
0,ab,0,gpt-2,8414cab924d8b9b33013f0d221c5862f365ee9be39c5c2bfae8a5a9e970478a6,flat-ragged,140-byte batch 32,140,32,28703553,27340341,4197760,1.04986082653468,0.048657609226966214
0,ab,1,gpt-2,8414cab924d8b9b33013f0d221c5862f365ee9be39c5c2bfae8a5a9e970478a6,flat-ragged,140-byte batch 32,140,32,30388533,28137499,4197760,1.0800012111950674,0.07696216261241375
0,ab,2,gpt-2,8414cab924d8b9b33013f0d221c5862f365ee9be39c5c2bfae8a5a9e970478a6,flat-ragged,140-byte batch 32,140,32,33937335,34761166,4197760,0.9763002483863746,-0.023985108334508964
0,ab,3,gpt-2,8414cab924d8b9b33013f0d221c5862f365ee9be39c5c2bfae8a5a9e970478a6,flat-ragged,140-byte batch 32,140,32,31358470,30199847,4197760,1.0383651943667132,0.03764754788388979
0,ab,4,gpt-2,8414cab924d8b9b33013f0d221c5862f365ee9be39c5c2bfae8a5a9e970478a6,flat-ragged,140-byte batch 32,140,32,29023945,28927012,4197760,1.0033509510073146,0.0033453490820176766
0,ab,5,gpt-2,8414cab924d8b9b33013f0d221c5862f365ee9be39c5c2bfae8a5a9e970478a6,flat-ragged,140-byte batch 32,140,32,21739675,21685580,4197760,1.002494514788168,0.0024914086506188956
0,ab,0,gpt-2,8414cab924d8b9b33013f0d221c5862f365ee9be39c5c2bfae8a5a9e970478a6,flat-ragged,140-byte batch 512,140,512,12196708,11704424,4229120,1.0420596519743304,0.041199189268728016
0,ab,1,gpt-2,8414cab924d8b9b33013f0d221c5862f365ee9be39c5c2bfae8a5a9e970478a6,flat-ragged,140-byte batch 512,140,512,11693164,12231767,4229120,0.9559668688914692,-0.04503202250253434
0,ab,2,gpt-2,8414cab924d8b9b33013f0d221c5862f365ee9be39c5c2bfae8a5a9e970478a6,flat-ragged,140-byte batch 512,140,512,11867437,11104722,4229120,1.068683844584313,0.06642783954880939
0,ab,3,gpt-2,8414cab924d8b9b33013f0d221c5862f365ee9be39c5c2bfae8a5a9e970478a6,flat-ragged,140-byte batch 512,140,512,10421184,10393439,4229120,1.0026694725393588,0.002665915825832904
0,ab,4,gpt-2,8414cab924d8b9b33013f0d221c5862f365ee9be39c5c2bfae8a5a9e970478a6,flat-ragged,140-byte batch 512,140,512,10051354,9764094,4229120,1.0294200363085402,0.028995572112122985
0,ab,5,gpt-2,8414cab924d8b9b33013f0d221c5862f365ee9be39c5c2bfae8a5a9e970478a6,flat-ragged,140-byte batch 512,140,512,9640281,10036605,4229120,0.960512145292158,-0.040288652093284694
0,ab,0,gpt-2,8414cab924d8b9b33013f0d221c5862f365ee9be39c5c2bfae8a5a9e970478a6,flat-ragged,4 KiB single,4096,1,21016759,20923435,4194304,1.0044602619025031,0.004450344413181885
0,ab,1,gpt-2,8414cab924d8b9b33013f0d221c5862f365ee9be39c5c2bfae8a5a9e970478a6,flat-ragged,4 KiB single,4096,1,22811500,22866739,4194304,0.9975843079330201,-0.0024186145585696475
0,ab,2,gpt-2,8414cab924d8b9b33013f0d221c5862f365ee9be39c5c2bfae8a5a9e970478a6,flat-ragged,4 KiB single,4096,1,21705230,22294697,4194304,0.9735602147900911,-0.02679560216381431
0,ab,3,gpt-2,8414cab924d8b9b33013f0d221c5862f365ee9be39c5c2bfae8a5a9e970478a6,flat-ragged,4 KiB single,4096,1,26315344,26564593,4194304,0.9906172475520328,-0.009427047762096087
0,ab,4,gpt-2,8414cab924d8b9b33013f0d221c5862f365ee9be39c5c2bfae8a5a9e970478a6,flat-ragged,4 KiB single,4096,1,25517936,25311606,4194304,1.0081515965442889,0.008118551738335651
0,ab,5,gpt-2,8414cab924d8b9b33013f0d221c5862f365ee9be39c5c2bfae8a5a9e970478a6,flat-ragged,4 KiB single,4096,1,24111601,23554973,4194304,1.0236310183841009,0.023356128072285064
0,ab,0,gpt-2,8414cab924d8b9b33013f0d221c5862f365ee9be39c5c2bfae8a5a9e970478a6,flat-ragged,64 KiB single,65536,1,20532632,20792937,4194304,0.9874810855243779,-0.012597936289662588
0,ab,1,gpt-2,8414cab924d8b9b33013f0d221c5862f365ee9be39c5c2bfae8a5a9e970478a6,flat-ragged,64 KiB single,65536,1,20617449,20439679,4194304,1.0086972990133554,0.008659695384332398
0,ab,2,gpt-2,8414cab924d8b9b33013f0d221c5862f365ee9be39c5c2bfae8a5a9e970478a6,flat-ragged,64 KiB single,65536,1,19329068,22654033,4194304,0.853228561996003,-0.15872781662552
0,ab,3,gpt-2,8414cab924d8b9b33013f0d221c5862f365ee9be39c5c2bfae8a5a9e970478a6,flat-ragged,64 KiB single,65536,1,23344002,22318488,4194304,1.045949080421577,0.044924684172508354
0,ab,4,gpt-2,8414cab924d8b9b33013f0d221c5862f365ee9be39c5c2bfae8a5a9e970478a6,flat-ragged,64 KiB single,65536,1,24719880,24234702,4194304,1.0200199697112018,0.01982220525276732
0,ab,5,gpt-2,8414cab924d8b9b33013f0d221c5862f365ee9be39c5c2bfae8a5a9e970478a6,flat-ragged,64 KiB single,65536,1,23490246,22944590,4194304,1.0237814665679361,0.02350309228707988
0,ab,0,gpt-2,8414cab924d8b9b33013f0d221c5862f365ee9be39c5c2bfae8a5a9e970478a6,nested,140-byte batch 1,140,1,34989193,35381318,4194400,0.9889171737468909,-0.01114469834177835
0,ab,1,gpt-2,8414cab924d8b9b33013f0d221c5862f365ee9be39c5c2bfae8a5a9e970478a6,nested,140-byte batch 1,140,1,32910404,33399547,4194400,0.9853548013690125,-0.01475349823254583
0,ab,2,gpt-2,8414cab924d8b9b33013f0d221c5862f365ee9be39c5c2bfae8a5a9e970478a6,nested,140-byte batch 1,140,1,39547692,38328480,4194400,1.031809557801405,0.03131411301617877
0,ab,3,gpt-2,8414cab924d8b9b33013f0d221c5862f365ee9be39c5c2bfae8a5a9e970478a6,nested,140-byte batch 1,140,1,35184687,35416405,4194400,0.9934573257788305,-0.006564171331179033
0,ab,4,gpt-2,8414cab924d8b9b33013f0d221c5862f365ee9be39c5c2bfae8a5a9e970478a6,nested,140-byte batch 1,140,1,32902946,32105804,4194400,1.0248285948546874,0.024525374074778162
0,ab,5,gpt-2,8414cab924d8b9b33013f0d221c5862f365ee9be39c5c2bfae8a5a9e970478a6,nested,140-byte batch 1,140,1,25281023,24919444,4194400,1.0145099144266623,0.014405652958170154
0,ab,0,gpt-2,8414cab924d8b9b33013f0d221c5862f365ee9be39c5c2bfae8a5a9e970478a6,nested,140-byte batch 32,140,32,35885160,35370851,4197760,1.0145404757154415,0.01443577669381516
0,ab,1,gpt-2,8414cab924d8b9b33013f0d221c5862f365ee9be39c5c2bfae8a5a9e970478a6,nested,140-byte batch 32,140,32,33180713,32108418,4197760,1.03339607077496,0.032850534633178816
0,ab,2,gpt-2,8414cab924d8b9b33013f0d221c5862f365ee9be39c5c2bfae8a5a9e970478a6,nested,140-byte batch 32,140,32,38659227,37657199,4197760,1.026609201603125,0.026261334286367892
0,ab,3,gpt-2,8414cab924d8b9b33013f0d221c5862f365ee9be39c5c2bfae8a5a9e970478a6,nested,140-byte batch 32,140,32,35270158,35157001,4197760,1.003218619244571,0.0032134505773284213
0,ab,4,gpt-2,8414cab924d8b9b33013f0d221c5862f365ee9be39c5c2bfae8a5a9e970478a6,nested,140-byte batch 32,140,32,32326044,32747342,4197760,0.987134894795431,-0.012948577362098085
0,ab,5,gpt-2,8414cab924d8b9b33013f0d221c5862f365ee9be39c5c2bfae8a5a9e970478a6,nested,140-byte batch 32,140,32,26307056,25943529,4197760,1.01401224174244,0.013914977820416454
0,ab,0,gpt-2,8414cab924d8b9b33013f0d221c5862f365ee9be39c5c2bfae8a5a9e970478a6,nested,140-byte batch 512,140,512,15205927,14714243,4229120,1.0334155144780468,0.03286934980068224
0,ab,1,gpt-2,8414cab924d8b9b33013f0d221c5862f365ee9be39c5c2bfae8a5a9e970478a6,nested,140-byte batch 512,140,512,14729421,14135345,4229120,1.0420276972369618,0.041168523819524835
0,ab,2,gpt-2,8414cab924d8b9b33013f0d221c5862f365ee9be39c5c2bfae8a5a9e970478a6,nested,140-byte batch 512,140,512,13933178,13665835,4229120,1.019562873399247,0.019373979949096422
0,ab,3,gpt-2,8414cab924d8b9b33013f0d221c5862f365ee9be39c5c2bfae8a5a9e970478a6,nested,140-byte batch 512,140,512,13161418,12770526,4229120,1.0306089193193766,0.030149811366460673
0,ab,4,gpt-2,8414cab924d8b9b33013f0d221c5862f365ee9be39c5c2bfae8a5a9e970478a6,nested,140-byte batch 512,140,512,12242457,12216826,4229120,1.0020980081078343,0.002095810362212664
0,ab,5,gpt-2,8414cab924d8b9b33013f0d221c5862f365ee9be39c5c2bfae8a5a9e970478a6,nested,140-byte batch 512,140,512,12765228,12343506,4229120,1.0341654956055435,0.03359481705611952
0,ab,0,gpt-2,8414cab924d8b9b33013f0d221c5862f365ee9be39c5c2bfae8a5a9e970478a6,nested,4 KiB single,4096,1,23921368,23362191,4194304,1.0239351266326004,0.02365317171258532
0,ab,1,gpt-2,8414cab924d8b9b33013f0d221c5862f365ee9be39c5c2bfae8a5a9e970478a6,nested,4 KiB single,4096,1,23572665,22777575,4194304,1.0349067009986797,0.03431127869149286
0,ab,2,gpt-2,8414cab924d8b9b33013f0d221c5862f365ee9be39c5c2bfae8a5a9e970478a6,nested,4 KiB single,4096,1,23035752,23558990,4194304,0.9777903042532808,-0.022460044765992778
0,ab,3,gpt-2,8414cab924d8b9b33013f0d221c5862f365ee9be39c5c2bfae8a5a9e970478a6,nested,4 KiB single,4096,1,28396319,27150995,4194304,1.04586660636194,0.04484583013178112
0,ab,4,gpt-2,8414cab924d8b9b33013f0d221c5862f365ee9be39c5c2bfae8a5a9e970478a6,nested,4 KiB single,4096,1,26123290,25426049,4194304,1.0274223100883664,0.027053053910030857
0,ab,5,gpt-2,8414cab924d8b9b33013f0d221c5862f365ee9be39c5c2bfae8a5a9e970478a6,nested,4 KiB single,4096,1,24379859,24571517,4194304,0.9921999931872338,-0.00783058598151204
0,ab,0,gpt-2,8414cab924d8b9b33013f0d221c5862f365ee9be39c5c2bfae8a5a9e970478a6,nested,64 KiB single,65536,1,23783196,23585625,4194304,1.0083767549089753,0.008341864607167696
0,ab,1,gpt-2,8414cab924d8b9b33013f0d221c5862f365ee9be39c5c2bfae8a5a9e970478a6,nested,64 KiB single,65536,1,21928684,21552175,4194304,1.0174696521348774,0.01731881197814324
0,ab,2,gpt-2,8414cab924d8b9b33013f0d221c5862f365ee9be39c5c2bfae8a5a9e970478a6,nested,64 KiB single,65536,1,22642584,22224910,4194304,1.0187930569797583,0.018618649199823905
0,ab,3,gpt-2,8414cab924d8b9b33013f0d221c5862f365ee9be39c5c2bfae8a5a9e970478a6,nested,64 KiB single,65536,1,25230326,24291703,4194304,1.0386396540415466,0.03791183198186986
0,ab,4,gpt-2,8414cab924d8b9b33013f0d221c5862f365ee9be39c5c2bfae8a5a9e970478a6,nested,64 KiB single,65536,1,24585611,24121664,4194304,1.0192336233520207,0.019050995236680857
0,ab,5,gpt-2,8414cab924d8b9b33013f0d221c5862f365ee9be39c5c2bfae8a5a9e970478a6,nested,64 KiB single,65536,1,23363688,23585520,4194304,0.9905945681926878,-0.009449942193843198
0,ab,0,gpt-oss,0614fe83cadab421296e664e1f48f4261fa8fef6e03e63bb75c20f38e37d07d3,flat-ragged,140-byte batch 1,140,1,61037986,55241440,4194400,1.1049311169296094,0.09978299540638298
0,ab,1,gpt-oss,0614fe83cadab421296e664e1f48f4261fa8fef6e03e63bb75c20f38e37d07d3,flat-ragged,140-byte batch 1,140,1,53333152,57930030,4194400,0.9206477538506367,-0.08267777641485195
0,ab,2,gpt-oss,0614fe83cadab421296e664e1f48f4261fa8fef6e03e63bb75c20f38e37d07d3,flat-ragged,140-byte batch 1,140,1,54031944,54077831,4194400,0.9991514637486107,-0.0008488964620565026
0,ab,3,gpt-oss,0614fe83cadab421296e664e1f48f4261fa8fef6e03e63bb75c20f38e37d07d3,flat-ragged,140-byte batch 1,140,1,57797552,58685305,4194400,0.9848726525320095,-0.01524293293783647
0,ab,4,gpt-oss,0614fe83cadab421296e664e1f48f4261fa8fef6e03e63bb75c20f38e37d07d3,flat-ragged,140-byte batch 1,140,1,50979721,49150482,4194400,1.0372171121333051,0.03654127293935775
0,ab,5,gpt-oss,0614fe83cadab421296e664e1f48f4261fa8fef6e03e63bb75c20f38e37d07d3,flat-ragged,140-byte batch 1,140,1,45324622,45686683,4194400,0.992075130514509,-0.007956438159365978
0,ab,0,gpt-oss,0614fe83cadab421296e664e1f48f4261fa8fef6e03e63bb75c20f38e37d07d3,flat-ragged,140-byte batch 32,140,32,50937047,50466519,4197760,1.0093235675716012,0.00928037140282267
0,ab,1,gpt-oss,0614fe83cadab421296e664e1f48f4261fa8fef6e03e63bb75c20f38e37d07d3,flat-ragged,140-byte batch 32,140,32,49266395,49635446,4197760,0.9925647691369591,-0.007463009973758596
0,ab,2,gpt-oss,0614fe83cadab421296e664e1f48f4261fa8fef6e03e63bb75c20f38e37d07d3,flat-ragged,140-byte batch 32,140,32,50207699,51210925,4197760,0.9804099222968536,-0.019784506717567676
0,ab,3,gpt-oss,0614fe83cadab421296e664e1f48f4261fa8fef6e03e63bb75c20f38e37d07d3,flat-ragged,140-byte batch 32,140,32,56585419,54096110,4197760,1.0460164141192407,0.044989057794217434
0,ab,4,gpt-oss,0614fe83cadab421296e664e1f48f4261fa8fef6e03e63bb75c20f38e37d07d3,flat-ragged,140-byte batch 32,140,32,48201184,46848859,4197760,1.0288656976683253,0.02845693100465479
0,ab,5,gpt-oss,0614fe83cadab421296e664e1f48f4261fa8fef6e03e63bb75c20f38e37d07d3,flat-ragged,140-byte batch 32,140,32,43306675,41871732,4197760,1.0342699700122269,0.033695834862581285
0,ab,0,gpt-oss,0614fe83cadab421296e664e1f48f4261fa8fef6e03e63bb75c20f38e37d07d3,flat-ragged,140-byte batch 512,140,512,18599204,18001569,4229120,1.0331990505938677,0.03265986334043062
0,ab,1,gpt-oss,0614fe83cadab421296e664e1f48f4261fa8fef6e03e63bb75c20f38e37d07d3,flat-ragged,140-byte batch 512,140,512,18314189,17749722,4229120,1.0318014558199842,0.031306260779136584
0,ab,2,gpt-oss,0614fe83cadab421296e664e1f48f4261fa8fef6e03e63bb75c20f38e37d07d3,flat-ragged,140-byte batch 512,140,512,17130940,17045436,4229120,1.0050162401243359,0.005003700708175938
0,ab,3,gpt-oss,0614fe83cadab421296e664e1f48f4261fa8fef6e03e63bb75c20f38e37d07d3,flat-ragged,140-byte batch 512,140,512,14972217,14700507,4229120,1.0184830359932484,0.01831430067291361
0,ab,4,gpt-oss,0614fe83cadab421296e664e1f48f4261fa8fef6e03e63bb75c20f38e37d07d3,flat-ragged,140-byte batch 512,140,512,14197970,13765937,4229120,1.0313842058117801,0.0309017891684116
0,ab,5,gpt-oss,0614fe83cadab421296e664e1f48f4261fa8fef6e03e63bb75c20f38e37d07d3,flat-ragged,140-byte batch 512,140,512,14057075,13576377,4229120,1.0354069425149286,0.03479453061571356
0,ab,0,gpt-oss,0614fe83cadab421296e664e1f48f4261fa8fef6e03e63bb75c20f38e37d07d3,flat-ragged,4 KiB single,4096,1,41306021,39293285,4194304,1.05122340878346,0.04995463712989004
0,ab,1,gpt-oss,0614fe83cadab421296e664e1f48f4261fa8fef6e03e63bb75c20f38e37d07d3,flat-ragged,4 KiB single,4096,1,41633044,38158421,4194304,1.091057829672774,0.08714771156235904
0,ab,2,gpt-oss,0614fe83cadab421296e664e1f48f4261fa8fef6e03e63bb75c20f38e37d07d3,flat-ragged,4 KiB single,4096,1,37243763,35962078,4194304,1.0356399037897643,0.03501950020173132
0,ab,3,gpt-oss,0614fe83cadab421296e664e1f48f4261fa8fef6e03e63bb75c20f38e37d07d3,flat-ragged,4 KiB single,4096,1,37335251,35293815,4194304,1.057841182654808,0.056230211256057226
0,ab,4,gpt-oss,0614fe83cadab421296e664e1f48f4261fa8fef6e03e63bb75c20f38e37d07d3,flat-ragged,4 KiB single,4096,1,44835537,44595560,4194304,1.0053811859297204,0.005366759081275288
0,ab,5,gpt-oss,0614fe83cadab421296e664e1f48f4261fa8fef6e03e63bb75c20f38e37d07d3,flat-ragged,4 KiB single,4096,1,39751933,40232969,4194304,0.9880437359718593,-0.012028315036036553
0,ab,0,gpt-oss,0614fe83cadab421296e664e1f48f4261fa8fef6e03e63bb75c20f38e37d07d3,flat-ragged,64 KiB single,65536,1,21403320,20758099,4194304,1.0310828559012075,0.030609566404410902
0,ab,1,gpt-oss,0614fe83cadab421296e664e1f48f4261fa8fef6e03e63bb75c20f38e37d07d3,flat-ragged,64 KiB single,65536,1,21157559,20387164,4194304,1.037788237736254,0.03709175404284699
0,ab,2,gpt-oss,0614fe83cadab421296e664e1f48f4261fa8fef6e03e63bb75c20f38e37d07d3,flat-ragged,64 KiB single,65536,1,19649334,18858903,4194304,1.0419128832679185,0.041058334526957216
0,ab,3,gpt-oss,0614fe83cadab421296e664e1f48f4261fa8fef6e03e63bb75c20f38e37d07d3,flat-ragged,64 KiB single,65536,1,20205878,19995009,4194304,1.010546081774707,0.0104908597655531
0,ab,4,gpt-oss,0614fe83cadab421296e664e1f48f4261fa8fef6e03e63bb75c20f38e37d07d3,flat-ragged,64 KiB single,65536,1,19515565,18760665,4194304,1.0402384457054161,0.03944996159059643
0,ab,5,gpt-oss,0614fe83cadab421296e664e1f48f4261fa8fef6e03e63bb75c20f38e37d07d3,flat-ragged,64 KiB single,65536,1,18989777,18685985,4194304,1.016257746112929,0.016127004102178696
0,ab,0,gpt-oss,0614fe83cadab421296e664e1f48f4261fa8fef6e03e63bb75c20f38e37d07d3,nested,140-byte batch 1,140,1,59683830,60464466,4194400,0.9870893426893078,-0.012994724203238425
0,ab,1,gpt-oss,0614fe83cadab421296e664e1f48f4261fa8fef6e03e63bb75c20f38e37d07d3,nested,140-byte batch 1,140,1,52372266,52000397,4194400,1.007151272325863,0.007125823234813956
0,ab,2,gpt-oss,0614fe83cadab421296e664e1f48f4261fa8fef6e03e63bb75c20f38e37d07d3,nested,140-byte batch 1,140,1,55115485,55069560,4194400,1.000833945286652,0.0008335977474870397
0,ab,3,gpt-oss,0614fe83cadab421296e664e1f48f4261fa8fef6e03e63bb75c20f38e37d07d3,nested,140-byte batch 1,140,1,58615814,58826247,4194400,0.9964228042628659,-0.00358360920118393
0,ab,4,gpt-oss,0614fe83cadab421296e664e1f48f4261fa8fef6e03e63bb75c20f38e37d07d3,nested,140-byte batch 1,140,1,52841789,49938409,4194400,1.058139217050347,0.05651190989329543
0,ab,5,gpt-oss,0614fe83cadab421296e664e1f48f4261fa8fef6e03e63bb75c20f38e37d07d3,nested,140-byte batch 1,140,1,46101733,46505410,4194400,0.9913197840853355,-0.008718108424960298
0,ab,0,gpt-oss,0614fe83cadab421296e664e1f48f4261fa8fef6e03e63bb75c20f38e37d07d3,nested,140-byte batch 32,140,32,62092609,60189712,4197760,1.0316149876244631,0.031125523442646845
0,ab,1,gpt-oss,0614fe83cadab421296e664e1f48f4261fa8fef6e03e63bb75c20f38e37d07d3,nested,140-byte batch 32,140,32,54168575,55022964,4197760,0.9844721378513888,-0.015649682114616932
0,ab,2,gpt-oss,0614fe83cadab421296e664e1f48f4261fa8fef6e03e63bb75c20f38e37d07d3,nested,140-byte batch 32,140,32,59648400,55477872,4197760,1.0751746209732054,0.07248308650259376
0,ab,3,gpt-oss,0614fe83cadab421296e664e1f48f4261fa8fef6e03e63bb75c20f38e37d07d3,nested,140-byte batch 32,140,32,59498857,57970261,4197760,1.0263686237327792,0.02602696461273766
0,ab,4,gpt-oss,0614fe83cadab421296e664e1f48f4261fa8fef6e03e63bb75c20f38e37d07d3,nested,140-byte batch 32,140,32,53033046,52304977,4197760,1.0139196887516078,0.013823699617726554
0,ab,5,gpt-oss,0614fe83cadab421296e664e1f48f4261fa8fef6e03e63bb75c20f38e37d07d3,nested,140-byte batch 32,140,32,46136630,47064264,4197760,0.9802900561666066,-0.01990677542946956
0,ab,0,gpt-oss,0614fe83cadab421296e664e1f48f4261fa8fef6e03e63bb75c20f38e37d07d3,nested,140-byte batch 512,140,512,22086467,20909782,4229120,1.0562743791398685,0.054747980265367105
0,ab,1,gpt-oss,0614fe83cadab421296e664e1f48f4261fa8fef6e03e63bb75c20f38e37d07d3,nested,140-byte batch 512,140,512,19944478,19617542,4229120,1.0166654925474354,0.016528147079168717
0,ab,2,gpt-oss,0614fe83cadab421296e664e1f48f4261fa8fef6e03e63bb75c20f38e37d07d3,nested,140-byte batch 512,140,512,20101517,18897562,4229120,1.0637095409450172,0.06176236581786095
0,ab,3,gpt-oss,0614fe83cadab421296e664e1f48f4261fa8fef6e03e63bb75c20f38e37d07d3,nested,140-byte batch 512,140,512,16978865,16388604,4229120,1.036016551501275,0.03538312006225272
0,ab,4,gpt-oss,0614fe83cadab421296e664e1f48f4261fa8fef6e03e63bb75c20f38e37d07d3,nested,140-byte batch 512,140,512,16460017,15532680,4229120,1.0597023179515705,0.057988036562091456
0,ab,5,gpt-oss,0614fe83cadab421296e664e1f48f4261fa8fef6e03e63bb75c20f38e37d07d3,nested,140-byte batch 512,140,512,16173355,16200727,4229120,0.9983104461917048,-0.0016909827140329588
0,ab,0,gpt-oss,0614fe83cadab421296e664e1f48f4261fa8fef6e03e63bb75c20f38e37d07d3,nested,4 KiB single,4096,1,43672170,43105607,4194304,1.0131436033368002,0.013057975670421117
0,ab,1,gpt-oss,0614fe83cadab421296e664e1f48f4261fa8fef6e03e63bb75c20f38e37d07d3,nested,4 KiB single,4096,1,40252603,39818240,4194304,1.0109086438777806,0.010849573816736546
0,ab,2,gpt-oss,0614fe83cadab421296e664e1f48f4261fa8fef6e03e63bb75c20f38e37d07d3,nested,4 KiB single,4096,1,39010548,37690837,4194304,1.0350141070096162,0.034415056585427116
0,ab,3,gpt-oss,0614fe83cadab421296e664e1f48f4261fa8fef6e03e63bb75c20f38e37d07d3,nested,4 KiB single,4096,1,39639274,38471154,4194304,1.030363528996297,0.029911680745704605
0,ab,4,gpt-oss,0614fe83cadab421296e664e1f48f4261fa8fef6e03e63bb75c20f38e37d07d3,nested,4 KiB single,4096,1,46504375,43034444,4194304,1.080631482075149,0.07754557588753626
0,ab,5,gpt-oss,0614fe83cadab421296e664e1f48f4261fa8fef6e03e63bb75c20f38e37d07d3,nested,4 KiB single,4096,1,42682424,41709205,4194304,1.0233334344301217,0.023065371722641087
0,ab,0,gpt-oss,0614fe83cadab421296e664e1f48f4261fa8fef6e03e63bb75c20f38e37d07d3,nested,64 KiB single,65536,1,42458116,42746798,4194304,0.9932466988521573,-0.006776207874973155
0,ab,1,gpt-oss,0614fe83cadab421296e664e1f48f4261fa8fef6e03e63bb75c20f38e37d07d3,nested,64 KiB single,65536,1,38558599,37637778,4194304,1.0244653390537561,0.024170856063744965
0,ab,2,gpt-oss,0614fe83cadab421296e664e1f48f4261fa8fef6e03e63bb75c20f38e37d07d3,nested,64 KiB single,65536,1,37022042,36440696,4194304,1.0159532079189706,0.015827292897853368
0,ab,3,gpt-oss,0614fe83cadab421296e664e1f48f4261fa8fef6e03e63bb75c20f38e37d07d3,nested,64 KiB single,65536,1,35842734,33886620,4194304,1.057725261474883,0.056120622469221865
0,ab,4,gpt-oss,0614fe83cadab421296e664e1f48f4261fa8fef6e03e63bb75c20f38e37d07d3,nested,64 KiB single,65536,1,39911764,39054702,4194304,1.021945168087571,0.021707838764496213
0,ab,5,gpt-oss,0614fe83cadab421296e664e1f48f4261fa8fef6e03e63bb75c20f38e37d07d3,nested,64 KiB single,65536,1,39221097,38969103,4194304,1.0064665075816603,0.006445689420509971
0,ab,0,llama-3,e134af98b985517b4f068e3755ae90d4e9cd2d45d328325dc503f1c6b2d06cc7,flat-ragged,140-byte batch 1,140,1,55804159,52833169,4194400,1.0562334241203666,0.05470920642562659
0,ab,1,llama-3,e134af98b985517b4f068e3755ae90d4e9cd2d45d328325dc503f1c6b2d06cc7,flat-ragged,140-byte batch 1,140,1,50142522,51628720,4194400,0.9712137353008171,-0.029208716168983608
0,ab,2,llama-3,e134af98b985517b4f068e3755ae90d4e9cd2d45d328325dc503f1c6b2d06cc7,flat-ragged,140-byte batch 1,140,1,45816412,46110145,4194400,0.9936297532788066,-0.006390623324927895
0,ab,3,llama-3,e134af98b985517b4f068e3755ae90d4e9cd2d45d328325dc503f1c6b2d06cc7,flat-ragged,140-byte batch 1,140,1,35879451,36033632,4194400,0.9957211918021475,-0.00428798849415979
0,ab,4,llama-3,e134af98b985517b4f068e3755ae90d4e9cd2d45d328325dc503f1c6b2d06cc7,flat-ragged,140-byte batch 1,140,1,51589491,51923984,4194400,0.9935580251315076,-0.00646281393329364
0,ab,5,llama-3,e134af98b985517b4f068e3755ae90d4e9cd2d45d328325dc503f1c6b2d06cc7,flat-ragged,140-byte batch 1,140,1,49204377,44503486,4194400,1.105629725275903,0.10041505977322916
0,ab,0,llama-3,e134af98b985517b4f068e3755ae90d4e9cd2d45d328325dc503f1c6b2d06cc7,flat-ragged,140-byte batch 32,140,32,48357659,47448550,4197760,1.0191598900282517,0.018978650693473476
0,ab,1,llama-3,e134af98b985517b4f068e3755ae90d4e9cd2d45d328325dc503f1c6b2d06cc7,flat-ragged,140-byte batch 32,140,32,46876374,45811364,4197760,1.0232477251714225,0.022981613247344643
0,ab,2,llama-3,e134af98b985517b4f068e3755ae90d4e9cd2d45d328325dc503f1c6b2d06cc7,flat-ragged,140-byte batch 32,140,32,42519015,42140942,4197760,1.0089716314362407,0.008931625452180226
0,ab,3,llama-3,e134af98b985517b4f068e3755ae90d4e9cd2d45d328325dc503f1c6b2d06cc7,flat-ragged,140-byte batch 32,140,32,35026974,35004134,4197760,1.0006524943596662,0.0006522815777757822
0,ab,4,llama-3,e134af98b985517b4f068e3755ae90d4e9cd2d45d328325dc503f1c6b2d06cc7,flat-ragged,140-byte batch 32,140,32,48155073,48120851,4197760,1.0007111678054073,0.0007109150454129439
0,ab,5,llama-3,e134af98b985517b4f068e3755ae90d4e9cd2d45d328325dc503f1c6b2d06cc7,flat-ragged,140-byte batch 32,140,32,45583299,42008051,4197760,1.085108637865632,0.08168010904514154
0,ab,0,llama-3,e134af98b985517b4f068e3755ae90d4e9cd2d45d328325dc503f1c6b2d06cc7,flat-ragged,140-byte batch 512,140,512,16372404,16006645,4229120,1.0228504474235545,0.022593286080856284
0,ab,1,llama-3,e134af98b985517b4f068e3755ae90d4e9cd2d45d328325dc503f1c6b2d06cc7,flat-ragged,140-byte batch 512,140,512,16189246,16265051,4229120,0.9953393936483814,-0.004671500840529983
0,ab,2,llama-3,e134af98b985517b4f068e3755ae90d4e9cd2d45d328325dc503f1c6b2d06cc7,flat-ragged,140-byte batch 512,140,512,15294605,14984579,4229120,1.0206896703604418,0.020478546223703105
0,ab,3,llama-3,e134af98b985517b4f068e3755ae90d4e9cd2d45d328325dc503f1c6b2d06cc7,flat-ragged,140-byte batch 512,140,512,12621309,12089063,4229120,1.0440270681027968,0.04308541642586978
0,ab,4,llama-3,e134af98b985517b4f068e3755ae90d4e9cd2d45d328325dc503f1c6b2d06cc7,flat-ragged,140-byte batch 512,140,512,12452668,11861742,4229120,1.0498178092222878,0.04861663408756569
0,ab,5,llama-3,e134af98b985517b4f068e3755ae90d4e9cd2d45d328325dc503f1c6b2d06cc7,flat-ragged,140-byte batch 512,140,512,12224509,12362467,4229120,0.9888405768848564,-0.011222156627100067
0,ab,0,llama-3,e134af98b985517b4f068e3755ae90d4e9cd2d45d328325dc503f1c6b2d06cc7,flat-ragged,4 KiB single,4096,1,36865181,34296888,4194304,1.0748841410917516,0.07221288004280176
0,ab,1,llama-3,e134af98b985517b4f068e3755ae90d4e9cd2d45d328325dc503f1c6b2d06cc7,flat-ragged,4 KiB single,4096,1,40282815,40365666,4194304,0.9979474883431875,-0.0020546209455839398
0,ab,2,llama-3,e134af98b985517b4f068e3755ae90d4e9cd2d45d328325dc503f1c6b2d06cc7,flat-ragged,4 KiB single,4096,1,36895267,33957769,4194304,1.0865044461548696,0.08296561288717048
0,ab,3,llama-3,e134af98b985517b4f068e3755ae90d4e9cd2d45d328325dc503f1c6b2d06cc7,flat-ragged,4 KiB single,4096,1,34478298,32048075,4194304,1.075830545204353,0.07309296346783063
0,ab,4,llama-3,e134af98b985517b4f068e3755ae90d4e9cd2d45d328325dc503f1c6b2d06cc7,flat-ragged,4 KiB single,4096,1,34480191,33826371,4194304,1.0193287065881231,0.019144279837082702
0,ab,5,llama-3,e134af98b985517b4f068e3755ae90d4e9cd2d45d328325dc503f1c6b2d06cc7,flat-ragged,4 KiB single,4096,1,40887972,38424202,4194304,1.064120264618638,0.062148415188584015
0,ab,0,llama-3,e134af98b985517b4f068e3755ae90d4e9cd2d45d328325dc503f1c6b2d06cc7,flat-ragged,64 KiB single,65536,1,18993724,18414122,4194304,1.0314759509033338,0.03099073857326143
0,ab,1,llama-3,e134af98b985517b4f068e3755ae90d4e9cd2d45d328325dc503f1c6b2d06cc7,flat-ragged,64 KiB single,65536,1,18169167,17610544,4194304,1.0317209394553626,0.03122822298817604
0,ab,2,llama-3,e134af98b985517b4f068e3755ae90d4e9cd2d45d328325dc503f1c6b2d06cc7,flat-ragged,64 KiB single,65536,1,17204067,16598577,4194304,1.0364784282411679,0.035828840560545056
0,ab,3,llama-3,e134af98b985517b4f068e3755ae90d4e9cd2d45d328325dc503f1c6b2d06cc7,flat-ragged,64 KiB single,65536,1,18180521,17592140,4194304,1.0334456751708434,0.032898534820895296
0,ab,4,llama-3,e134af98b985517b4f068e3755ae90d4e9cd2d45d328325dc503f1c6b2d06cc7,flat-ragged,64 KiB single,65536,1,17295637,16987518,4194304,1.0181379645925908,0.017975434085698364
0,ab,5,llama-3,e134af98b985517b4f068e3755ae90d4e9cd2d45d328325dc503f1c6b2d06cc7,flat-ragged,64 KiB single,65536,1,16825707,16885335,4194304,0.9964686516435712,-0.0035375982851578195
0,ab,0,llama-3,e134af98b985517b4f068e3755ae90d4e9cd2d45d328325dc503f1c6b2d06cc7,nested,140-byte batch 1,140,1,58576653,57630136,4194400,1.0164239938632107,0.0162905788983535
0,ab,1,llama-3,e134af98b985517b4f068e3755ae90d4e9cd2d45d328325dc503f1c6b2d06cc7,nested,140-byte batch 1,140,1,51287737,51576561,4194400,0.994400091933233,-0.0056156463346816255
0,ab,2,llama-3,e134af98b985517b4f068e3755ae90d4e9cd2d45d328325dc503f1c6b2d06cc7,nested,140-byte batch 1,140,1,48692581,48078812,4194400,1.0127658936331456,0.01268509651802476
0,ab,3,llama-3,e134af98b985517b4f068e3755ae90d4e9cd2d45d328325dc503f1c6b2d06cc7,nested,140-byte batch 1,140,1,38763200,36734825,4194400,1.055216677907136,0.05374612774255272
0,ab,4,llama-3,e134af98b985517b4f068e3755ae90d4e9cd2d45d328325dc503f1c6b2d06cc7,nested,140-byte batch 1,140,1,53836263,52088276,4194400,1.0335581657569162,0.03300737892070436
0,ab,5,llama-3,e134af98b985517b4f068e3755ae90d4e9cd2d45d328325dc503f1c6b2d06cc7,nested,140-byte batch 1,140,1,48518342,46923847,4194400,1.0339804833137403,0.03341590096974785
0,ab,0,llama-3,e134af98b985517b4f068e3755ae90d4e9cd2d45d328325dc503f1c6b2d06cc7,nested,140-byte batch 32,140,32,61100741,61404740,4197760,0.9950492584122984,-0.004963037106914535
0,ab,1,llama-3,e134af98b985517b4f068e3755ae90d4e9cd2d45d328325dc503f1c6b2d06cc7,nested,140-byte batch 32,140,32,53501403,53728506,4197760,0.9957731376338661,-0.004235820801826839
0,ab,2,llama-3,e134af98b985517b4f068e3755ae90d4e9cd2d45d328325dc503f1c6b2d06cc7,nested,140-byte batch 32,140,32,49988200,49458124,4197760,1.0107176729954415,0.010660645841953836
0,ab,3,llama-3,e134af98b985517b4f068e3755ae90d4e9cd2d45d328325dc503f1c6b2d06cc7,nested,140-byte batch 32,140,32,40177622,40019062,4197760,1.0039621118555953,0.003954283361849313
0,ab,4,llama-3,e134af98b985517b4f068e3755ae90d4e9cd2d45d328325dc503f1c6b2d06cc7,nested,140-byte batch 32,140,32,53791464,53188271,4197760,1.0113407145722033,0.011276890753880825
0,ab,5,llama-3,e134af98b985517b4f068e3755ae90d4e9cd2d45d328325dc503f1c6b2d06cc7,nested,140-byte batch 32,140,32,50579553,50195493,4197760,1.0076512845485948,0.007622161926950863
0,ab,0,llama-3,e134af98b985517b4f068e3755ae90d4e9cd2d45d328325dc503f1c6b2d06cc7,nested,140-byte batch 512,140,512,19838138,20247211,4229120,0.979796081544268,-0.020410809026047437
0,ab,1,llama-3,e134af98b985517b4f068e3755ae90d4e9cd2d45d328325dc503f1c6b2d06cc7,nested,140-byte batch 512,140,512,18774343,18687357,4229120,1.0046548048501456,0.00464400474799276
0,ab,2,llama-3,e134af98b985517b4f068e3755ae90d4e9cd2d45d328325dc503f1c6b2d06cc7,nested,140-byte batch 512,140,512,18227998,17877502,4229120,1.0196054236212644,0.01941571286744919
0,ab,3,llama-3,e134af98b985517b4f068e3755ae90d4e9cd2d45d328325dc503f1c6b2d06cc7,nested,140-byte batch 512,140,512,16115304,15826213,4229120,1.0182665935306192,0.018101763539918467
0,ab,4,llama-3,e134af98b985517b4f068e3755ae90d4e9cd2d45d328325dc503f1c6b2d06cc7,nested,140-byte batch 512,140,512,15281048,14573837,4229120,1.0485260676375068,0.04738543288913415
0,ab,5,llama-3,e134af98b985517b4f068e3755ae90d4e9cd2d45d328325dc503f1c6b2d06cc7,nested,140-byte batch 512,140,512,15696067,15152780,4229120,1.0358539489123448,0.03522615794591248
0,ab,0,llama-3,e134af98b985517b4f068e3755ae90d4e9cd2d45d328325dc503f1c6b2d06cc7,nested,4 KiB single,4096,1,39031187,39649494,4194304,0.9844056774091493,-0.015717193101585827
0,ab,1,llama-3,e134af98b985517b4f068e3755ae90d4e9cd2d45d328325dc503f1c6b2d06cc7,nested,4 KiB single,4096,1,40073821,39979929,4194304,1.002348478407753,0.00234572504230741
0,ab,2,llama-3,e134af98b985517b4f068e3755ae90d4e9cd2d45d328325dc503f1c6b2d06cc7,nested,4 KiB single,4096,1,36002940,36114418,4194304,0.996913199598011,-0.003091574397127949
0,ab,3,llama-3,e134af98b985517b4f068e3755ae90d4e9cd2d45d328325dc503f1c6b2d06cc7,nested,4 KiB single,4096,1,35448118,35307756,4194304,1.0039753871642254,0.003967506192377484
0,ab,4,llama-3,e134af98b985517b4f068e3755ae90d4e9cd2d45d328325dc503f1c6b2d06cc7,nested,4 KiB single,4096,1,35534328,35431169,4194304,1.0029115324984055,0.0029073021967787973
0,ab,5,llama-3,e134af98b985517b4f068e3755ae90d4e9cd2d45d328325dc503f1c6b2d06cc7,nested,4 KiB single,4096,1,41353302,41119364,4194304,1.0056892416915786,0.005673119077461006
0,ab,0,llama-3,e134af98b985517b4f068e3755ae90d4e9cd2d45d328325dc503f1c6b2d06cc7,nested,64 KiB single,65536,1,37260643,36222863,4194304,1.0286498612768404,0.028247128078656817
0,ab,1,llama-3,e134af98b985517b4f068e3755ae90d4e9cd2d45d328325dc503f1c6b2d06cc7,nested,64 KiB single,65536,1,38208331,37057639,4194304,1.031051411559166,0.030579069513359612
0,ab,2,llama-3,e134af98b985517b4f068e3755ae90d4e9cd2d45d328325dc503f1c6b2d06cc7,nested,64 KiB single,65536,1,37269322,36473339,4194304,1.0218236942880388,0.02158896641849701
0,ab,3,llama-3,e134af98b985517b4f068e3755ae90d4e9cd2d45d328325dc503f1c6b2d06cc7,nested,64 KiB single,65536,1,34096542,33587292,4194304,1.0151619844791298,0.015048190380354673
0,ab,4,llama-3,e134af98b985517b4f068e3755ae90d4e9cd2d45d328325dc503f1c6b2d06cc7,nested,64 KiB single,65536,1,33012639,32810753,4194304,1.0061530437902477,0.00613419111102213
0,ab,5,llama-3,e134af98b985517b4f068e3755ae90d4e9cd2d45d328325dc503f1c6b2d06cc7,nested,64 KiB single,65536,1,34231809,34474598,4194304,0.9929574523247523,-0.007067463463456712
0,ab,0,minimax-m2-1,757622126525aeeb131756849d93298070ff3f0319c455ec8c5bb0f6b1cebbe8,flat-ragged,140-byte batch 1,140,1,60861338,59097035,4194400,1.0298543404081102,0.029417375161701724
0,ab,1,minimax-m2-1,757622126525aeeb131756849d93298070ff3f0319c455ec8c5bb0f6b1cebbe8,flat-ragged,140-byte batch 1,140,1,57483019,56160982,4194400,1.0235401332547924,0.023267337128454708
0,ab,2,minimax-m2-1,757622126525aeeb131756849d93298070ff3f0319c455ec8c5bb0f6b1cebbe8,flat-ragged,140-byte batch 1,140,1,56982709,56348184,4194400,1.011260788812644,0.011197858122423524
0,ab,3,minimax-m2-1,757622126525aeeb131756849d93298070ff3f0319c455ec8c5bb0f6b1cebbe8,flat-ragged,140-byte batch 1,140,1,60383590,58418176,4194400,1.033643878234062,0.03309030499698617
0,ab,4,minimax-m2-1,757622126525aeeb131756849d93298070ff3f0319c455ec8c5bb0f6b1cebbe8,flat-ragged,140-byte batch 1,140,1,55685872,55914787,4194400,0.9959060024676478,-0.004102400883624511
0,ab,5,minimax-m2-1,757622126525aeeb131756849d93298070ff3f0319c455ec8c5bb0f6b1cebbe8,flat-ragged,140-byte batch 1,140,1,50736230,52548379,4194400,0.9655146546004778,-0.03509399897864991
0,ab,0,minimax-m2-1,757622126525aeeb131756849d93298070ff3f0319c455ec8c5bb0f6b1cebbe8,flat-ragged,140-byte batch 32,140,32,55592878,53718267,4197760,1.0348970863114404,0.03430198825797614
0,ab,1,minimax-m2-1,757622126525aeeb131756849d93298070ff3f0319c455ec8c5bb0f6b1cebbe8,flat-ragged,140-byte batch 32,140,32,56882798,54561400,4197760,1.042546525565693,0.041666302534975636
0,ab,2,minimax-m2-1,757622126525aeeb131756849d93298070ff3f0319c455ec8c5bb0f6b1cebbe8,flat-ragged,140-byte batch 32,140,32,55655739,55110855,4197760,1.0098870540114102,0.009838496888508328
0,ab,3,minimax-m2-1,757622126525aeeb131756849d93298070ff3f0319c455ec8c5bb0f6b1cebbe8,flat-ragged,140-byte batch 32,140,32,56367091,55614439,4197760,1.0135333919308258,0.01344263351154916
0,ab,4,minimax-m2-1,757622126525aeeb131756849d93298070ff3f0319c455ec8c5bb0f6b1cebbe8,flat-ragged,140-byte batch 32,140,32,55014618,51916649,4197760,1.0596719753618922,0.05795940302645202
0,ab,5,minimax-m2-1,757622126525aeeb131756849d93298070ff3f0319c455ec8c5bb0f6b1cebbe8,flat-ragged,140-byte batch 32,140,32,48826770,47613855,4197760,1.0254739928115462,0.025154937712904776
0,ab,0,minimax-m2-1,757622126525aeeb131756849d93298070ff3f0319c455ec8c5bb0f6b1cebbe8,flat-ragged,140-byte batch 512,140,512,19481851,17387062,4229120,1.1204797567294578,0.11375694781225404
0,ab,1,minimax-m2-1,757622126525aeeb131756849d93298070ff3f0319c455ec8c5bb0f6b1cebbe8,flat-ragged,140-byte batch 512,140,512,17934145,17492768,4229120,1.0252319701490353,0.024918899326119084
0,ab,2,minimax-m2-1,757622126525aeeb131756849d93298070ff3f0319c455ec8c5bb0f6b1cebbe8,flat-ragged,140-byte batch 512,140,512,17264996,16698804,4229120,1.0339061408230195,0.03334399906769472
0,ab,3,minimax-m2-1,757622126525aeeb131756849d93298070ff3f0319c455ec8c5bb0f6b1cebbe8,flat-ragged,140-byte batch 512,140,512,15937172,15422083,4229120,1.0333994441606882,0.03285379899649266
0,ab,4,minimax-m2-1,757622126525aeeb131756849d93298070ff3f0319c455ec8c5bb0f6b1cebbe8,flat-ragged,140-byte batch 512,140,512,15701985,14715070,4229120,1.0670683183973981,0.06491499875853816
0,ab,5,minimax-m2-1,757622126525aeeb131756849d93298070ff3f0319c455ec8c5bb0f6b1cebbe8,flat-ragged,140-byte batch 512,140,512,15820184,14718040,4229120,1.0748838839954233,0.0722126408576197
0,ab,0,minimax-m2-1,757622126525aeeb131756849d93298070ff3f0319c455ec8c5bb0f6b1cebbe8,flat-ragged,4 KiB single,4096,1,42697640,40765735,4194304,1.0473904125609412,0.046301749261055646
0,ab,1,minimax-m2-1,757622126525aeeb131756849d93298070ff3f0319c455ec8c5bb0f6b1cebbe8,flat-ragged,4 KiB single,4096,1,44207421,44200255,4194304,1.0001621257614917,0.0001621126205306972
0,ab,2,minimax-m2-1,757622126525aeeb131756849d93298070ff3f0319c455ec8c5bb0f6b1cebbe8,flat-ragged,4 KiB single,4096,1,42867195,41497142,4194304,1.0330155990019747,0.03248229070303695
0,ab,3,minimax-m2-1,757622126525aeeb131756849d93298070ff3f0319c455ec8c5bb0f6b1cebbe8,flat-ragged,4 KiB single,4096,1,41034905,40786881,4194304,1.006080974909555,0.006062560396051751
0,ab,4,minimax-m2-1,757622126525aeeb131756849d93298070ff3f0319c455ec8c5bb0f6b1cebbe8,flat-ragged,4 KiB single,4096,1,48903996,48964506,4194304,0.9987642068726272,-0.0012365573493780117
0,ab,5,minimax-m2-1,757622126525aeeb131756849d93298070ff3f0319c455ec8c5bb0f6b1cebbe8,flat-ragged,4 KiB single,4096,1,45912758,44906166,4194304,1.0224154518112278,0.022167917800821575
0,ab,0,minimax-m2-1,757622126525aeeb131756849d93298070ff3f0319c455ec8c5bb0f6b1cebbe8,flat-ragged,64 KiB single,65536,1,44899801,39226662,4194304,1.1446245668316106,0.1350766940087415
0,ab,1,minimax-m2-1,757622126525aeeb131756849d93298070ff3f0319c455ec8c5bb0f6b1cebbe8,flat-ragged,64 KiB single,65536,1,42153433,39775611,4194304,1.0597809044341266,0.05806219282977227
0,ab,2,minimax-m2-1,757622126525aeeb131756849d93298070ff3f0319c455ec8c5bb0f6b1cebbe8,flat-ragged,64 KiB single,65536,1,38388991,36662741,4194304,1.047084586501593,0.04600971802491427
0,ab,3,minimax-m2-1,757622126525aeeb131756849d93298070ff3f0319c455ec8c5bb0f6b1cebbe8,flat-ragged,64 KiB single,65536,1,42348693,40163467,4194304,1.0544083009566878,0.05297975741786272
0,ab,4,minimax-m2-1,757622126525aeeb131756849d93298070ff3f0319c455ec8c5bb0f6b1cebbe8,flat-ragged,64 KiB single,65536,1,43888563,43309707,4194304,1.0133655025650485,0.013276972198479087
0,ab,5,minimax-m2-1,757622126525aeeb131756849d93298070ff3f0319c455ec8c5bb0f6b1cebbe8,flat-ragged,64 KiB single,65536,1,44788135,41836035,4194304,1.0705635703765903,0.0681852111019108
0,ab,0,minimax-m2-1,757622126525aeeb131756849d93298070ff3f0319c455ec8c5bb0f6b1cebbe8,nested,140-byte batch 1,140,1,62919303,62472054,4194400,1.007159185129402,0.007133679822669716
0,ab,1,minimax-m2-1,757622126525aeeb131756849d93298070ff3f0319c455ec8c5bb0f6b1cebbe8,nested,140-byte batch 1,140,1,57800466,56765607,4194400,1.018230387283624,0.01806620616140026
0,ab,2,minimax-m2-1,757622126525aeeb131756849d93298070ff3f0319c455ec8c5bb0f6b1cebbe8,nested,140-byte batch 1,140,1,57514643,58614505,4194400,0.9812356685431363,-0.018942615298535338
0,ab,3,minimax-m2-1,757622126525aeeb131756849d93298070ff3f0319c455ec8c5bb0f6b1cebbe8,nested,140-byte batch 1,140,1,58883712,59299244,4194400,0.9929926256732716,-0.007032041275444353
0,ab,4,minimax-m2-1,757622126525aeeb131756849d93298070ff3f0319c455ec8c5bb0f6b1cebbe8,nested,140-byte batch 1,140,1,56218995,55317610,4194400,1.0162947206142854,0.01616338643618067
0,ab,5,minimax-m2-1,757622126525aeeb131756849d93298070ff3f0319c455ec8c5bb0f6b1cebbe8,nested,140-byte batch 1,140,1,51824711,51900140,4194400,0.998546651319245,-0.0014544058163307757
0,ab,0,minimax-m2-1,757622126525aeeb131756849d93298070ff3f0319c455ec8c5bb0f6b1cebbe8,nested,140-byte batch 32,140,32,64549798,64098965,4197760,1.0070333896966979,0.007008770780267454
0,ab,1,minimax-m2-1,757622126525aeeb131756849d93298070ff3f0319c455ec8c5bb0f6b1cebbe8,nested,140-byte batch 32,140,32,60072766,59320964,4197760,1.0126734622856095,0.012593826100739565
0,ab,2,minimax-m2-1,757622126525aeeb131756849d93298070ff3f0319c455ec8c5bb0f6b1cebbe8,nested,140-byte batch 32,140,32,60385418,62526442,4197760,0.9657581027879373,-0.03484188732034832
0,ab,3,minimax-m2-1,757622126525aeeb131756849d93298070ff3f0319c455ec8c5bb0f6b1cebbe8,nested,140-byte batch 32,140,32,62105536,62010919,4197760,1.0015258119299926,0.0015246490616983128
0,ab,4,minimax-m2-1,757622126525aeeb131756849d93298070ff3f0319c455ec8c5bb0f6b1cebbe8,nested,140-byte batch 32,140,32,56715068,57833643,4197760,0.9806587490952282,-0.0195307401836979
0,ab,5,minimax-m2-1,757622126525aeeb131756849d93298070ff3f0319c455ec8c5bb0f6b1cebbe8,nested,140-byte batch 32,140,32,53872204,52616757,4197760,1.023860212441447,0.023580006011152826
0,ab,0,minimax-m2-1,757622126525aeeb131756849d93298070ff3f0319c455ec8c5bb0f6b1cebbe8,nested,140-byte batch 512,140,512,20569325,20986952,4229120,0.9801006358617488,-0.020100022934895427
0,ab,1,minimax-m2-1,757622126525aeeb131756849d93298070ff3f0319c455ec8c5bb0f6b1cebbe8,nested,140-byte batch 512,140,512,20256771,19895240,4229120,1.018171733540284,0.018008600894978213
0,ab,2,minimax-m2-1,757622126525aeeb131756849d93298070ff3f0319c455ec8c5bb0f6b1cebbe8,nested,140-byte batch 512,140,512,20294250,19421795,4229120,1.0449214400625688,0.04394170561722566
0,ab,3,minimax-m2-1,757622126525aeeb131756849d93298070ff3f0319c455ec8c5bb0f6b1cebbe8,nested,140-byte batch 512,140,512,18270555,17424266,4229120,1.0485695638484858,0.047426915223398904
0,ab,4,minimax-m2-1,757622126525aeeb131756849d93298070ff3f0319c455ec8c5bb0f6b1cebbe8,nested,140-byte batch 512,140,512,17599212,17060970,4229120,1.0315481476141157,0.0310607297196211
0,ab,5,minimax-m2-1,757622126525aeeb131756849d93298070ff3f0319c455ec8c5bb0f6b1cebbe8,nested,140-byte batch 512,140,512,17982269,17694607,4229120,1.0162570437421978,0.016126312967497034
0,ab,0,minimax-m2-1,757622126525aeeb131756849d93298070ff3f0319c455ec8c5bb0f6b1cebbe8,nested,4 KiB single,4096,1,47551654,46740383,4194304,1.0173569608961057,0.017208049480576904
0,ab,1,minimax-m2-1,757622126525aeeb131756849d93298070ff3f0319c455ec8c5bb0f6b1cebbe8,nested,4 KiB single,4096,1,45027496,44440039,4194304,1.013219092809527,0.013132483035667554
0,ab,2,minimax-m2-1,757622126525aeeb131756849d93298070ff3f0319c455ec8c5bb0f6b1cebbe8,nested,4 KiB single,4096,1,42517500,43175950,4194304,0.9847496117630301,-0.015367871380470787
0,ab,3,minimax-m2-1,757622126525aeeb131756849d93298070ff3f0319c455ec8c5bb0f6b1cebbe8,nested,4 KiB single,4096,1,43602009,43324336,4194304,1.00640916920227,0.00638871781509281
0,ab,4,minimax-m2-1,757622126525aeeb131756849d93298070ff3f0319c455ec8c5bb0f6b1cebbe8,nested,4 KiB single,4096,1,45937378,47667567,4194304,0.9637030142528566,-0.03697210833809166
0,ab,5,minimax-m2-1,757622126525aeeb131756849d93298070ff3f0319c455ec8c5bb0f6b1cebbe8,nested,4 KiB single,4096,1,43695710,45188815,4194304,0.9669585272373263,-0.03359967251751123
0,ab,0,minimax-m2-1,757622126525aeeb131756849d93298070ff3f0319c455ec8c5bb0f6b1cebbe8,nested,64 KiB single,65536,1,45131557,44476599,4194304,1.0147259011418566,0.014618527888085006
0,ab,1,minimax-m2-1,757622126525aeeb131756849d93298070ff3f0319c455ec8c5bb0f6b1cebbe8,nested,64 KiB single,65536,1,42399529,42847418,4194304,0.9895468847154337,-0.01050813283318247
0,ab,2,minimax-m2-1,757622126525aeeb131756849d93298070ff3f0319c455ec8c5bb0f6b1cebbe8,nested,64 KiB single,65536,1,44916512,44234185,4194304,1.015425332240212,0.015307571260349744
0,ab,3,minimax-m2-1,757622126525aeeb131756849d93298070ff3f0319c455ec8c5bb0f6b1cebbe8,nested,64 KiB single,65536,1,42225564,40747725,4194304,1.0362680125086738,0.035625809713085765
0,ab,4,minimax-m2-1,757622126525aeeb131756849d93298070ff3f0319c455ec8c5bb0f6b1cebbe8,nested,64 KiB single,65536,1,43420428,43950639,4194304,0.9879362163539874,-0.01213714166441553
0,ab,5,minimax-m2-1,757622126525aeeb131756849d93298070ff3f0319c455ec8c5bb0f6b1cebbe8,nested,64 KiB single,65536,1,41935839,42064672,4194304,0.9969372636496489,-0.0030674361258958343
0,ab,0,mistral-nemo,e11c71726323d33da7b8d6f6f269f1988931c0a52b7122bcdd8c05042974e0db,flat-ragged,140-byte batch 1,140,1,70035836,69825755,4194400,1.0030086463082282,0.0030041293895301463
0,ab,1,mistral-nemo,e11c71726323d33da7b8d6f6f269f1988931c0a52b7122bcdd8c05042974e0db,flat-ragged,140-byte batch 1,140,1,63377931,63140400,4194400,1.003761949560028,0.00375489112456227
0,ab,2,mistral-nemo,e11c71726323d33da7b8d6f6f269f1988931c0a52b7122bcdd8c05042974e0db,flat-ragged,140-byte batch 1,140,1,59436428,58376205,4194400,1.018161903467346,0.017998946216825757
0,ab,3,mistral-nemo,e11c71726323d33da7b8d6f6f269f1988931c0a52b7122bcdd8c05042974e0db,flat-ragged,140-byte batch 1,140,1,44970737,44205638,4194400,1.0173077244128905,0.01715965184181086
0,ab,4,mistral-nemo,e11c71726323d33da7b8d6f6f269f1988931c0a52b7122bcdd8c05042974e0db,flat-ragged,140-byte batch 1,140,1,64715655,64894898,4194400,0.997237949276074,-0.002765872224434311
0,ab,5,mistral-nemo,e11c71726323d33da7b8d6f6f269f1988931c0a52b7122bcdd8c05042974e0db,flat-ragged,140-byte batch 1,140,1,60859658,58051253,4194400,1.0483780255354695,0.04724423224694438
0,ab,0,mistral-nemo,e11c71726323d33da7b8d6f6f269f1988931c0a52b7122bcdd8c05042974e0db,flat-ragged,140-byte batch 32,140,32,64553633,64013104,4197760,1.008444036708484,0.00840858525960569
0,ab,1,mistral-nemo,e11c71726323d33da7b8d6f6f269f1988931c0a52b7122bcdd8c05042974e0db,flat-ragged,140-byte batch 32,140,32,60395178,58997853,4197760,1.0236843364452601,0.02340821390365985
0,ab,2,mistral-nemo,e11c71726323d33da7b8d6f6f269f1988931c0a52b7122bcdd8c05042974e0db,flat-ragged,140-byte batch 32,140,32,56648810,55785155,4197760,1.0154818069430838,0.015363186509118824
0,ab,3,mistral-nemo,e11c71726323d33da7b8d6f6f269f1988931c0a52b7122bcdd8c05042974e0db,flat-ragged,140-byte batch 32,140,32,42985336,43908814,4197760,0.978968277303049,-0.021256040140002503
0,ab,4,mistral-nemo,e11c71726323d33da7b8d6f6f269f1988931c0a52b7122bcdd8c05042974e0db,flat-ragged,140-byte batch 32,140,32,63545531,63389856,4197760,1.0024558345739103,0.0024528239402544748
0,ab,5,mistral-nemo,e11c71726323d33da7b8d6f6f269f1988931c0a52b7122bcdd8c05042974e0db,flat-ragged,140-byte batch 32,140,32,58170264,55961311,4197760,1.0394728600979344,0.03871371936319908
0,ab,0,mistral-nemo,e11c71726323d33da7b8d6f6f269f1988931c0a52b7122bcdd8c05042974e0db,flat-ragged,140-byte batch 512,140,512,21209570,20767518,4229120,1.021285740549256,0.02106236344555603
0,ab,1,mistral-nemo,e11c71726323d33da7b8d6f6f269f1988931c0a52b7122bcdd8c05042974e0db,flat-ragged,140-byte batch 512,140,512,20550993,19952441,4229120,1.0299989359697894,0.02955776920197142
0,ab,2,mistral-nemo,e11c71726323d33da7b8d6f6f269f1988931c0a52b7122bcdd8c05042974e0db,flat-ragged,140-byte batch 512,140,512,19510863,18874960,4229120,1.033690296562218,0.03313521145548677
0,ab,3,mistral-nemo,e11c71726323d33da7b8d6f6f269f1988931c0a52b7122bcdd8c05042974e0db,flat-ragged,140-byte batch 512,140,512,16773521,15588382,4229120,1.0760270693905243,0.07327561884928774
0,ab,4,mistral-nemo,e11c71726323d33da7b8d6f6f269f1988931c0a52b7122bcdd8c05042974e0db,flat-ragged,140-byte batch 512,140,512,16359893,15641855,4229120,1.0459049134517613,0.044882456588793994
0,ab,5,mistral-nemo,e11c71726323d33da7b8d6f6f269f1988931c0a52b7122bcdd8c05042974e0db,flat-ragged,140-byte batch 512,140,512,15529088,15785645,4229120,0.983747449027265,-0.016386072364671482
0,ab,0,mistral-nemo,e11c71726323d33da7b8d6f6f269f1988931c0a52b7122bcdd8c05042974e0db,flat-ragged,4 KiB single,4096,1,46462498,47752213,4194304,0.972991513503259,-0.027379918824652877
0,ab,1,mistral-nemo,e11c71726323d33da7b8d6f6f269f1988931c0a52b7122bcdd8c05042974e0db,flat-ragged,4 KiB single,4096,1,50063537,48598237,4194304,1.0301512995214208,0.0297056841931059
0,ab,2,mistral-nemo,e11c71726323d33da7b8d6f6f269f1988931c0a52b7122bcdd8c05042974e0db,flat-ragged,4 KiB single,4096,1,45103124,44851210,4194304,1.0056166600633516,0.005600945443211573
0,ab,3,mistral-nemo,e11c71726323d33da7b8d6f6f269f1988931c0a52b7122bcdd8c05042974e0db,flat-ragged,4 KiB single,4096,1,44761540,44890030,4194304,0.9971376717725517,-0.0028664325226533996
0,ab,4,mistral-nemo,e11c71726323d33da7b8d6f6f269f1988931c0a52b7122bcdd8c05042974e0db,flat-ragged,4 KiB single,4096,1,45550079,44394615,4194304,1.0260271206316351,0.025694179763389387
0,ab,5,mistral-nemo,e11c71726323d33da7b8d6f6f269f1988931c0a52b7122bcdd8c05042974e0db,flat-ragged,4 KiB single,4096,1,50663985,50141567,4194304,1.0104188606630502,0.010364958411053261
0,ab,0,mistral-nemo,e11c71726323d33da7b8d6f6f269f1988931c0a52b7122bcdd8c05042974e0db,flat-ragged,64 KiB single,65536,1,20899819,21245329,4194304,0.9837371311124435,-0.016396560797389756
0,ab,1,mistral-nemo,e11c71726323d33da7b8d6f6f269f1988931c0a52b7122bcdd8c05042974e0db,flat-ragged,64 KiB single,65536,1,19956686,20146038,4194304,0.9906010303365853,-0.00944341871488699
0,ab,2,mistral-nemo,e11c71726323d33da7b8d6f6f269f1988931c0a52b7122bcdd8c05042974e0db,flat-ragged,64 KiB single,65536,1,19297441,19047650,4194304,1.01311400618974,0.01302876206310559
0,ab,3,mistral-nemo,e11c71726323d33da7b8d6f6f269f1988931c0a52b7122bcdd8c05042974e0db,flat-ragged,64 KiB single,65536,1,19982077,19657079,4194304,1.016533382197833,0.016398193879381667
0,ab,4,mistral-nemo,e11c71726323d33da7b8d6f6f269f1988931c0a52b7122bcdd8c05042974e0db,flat-ragged,64 KiB single,65536,1,18841130,18886008,4194304,0.9976237434612969,-0.002379084316844366
0,ab,5,mistral-nemo,e11c71726323d33da7b8d6f6f269f1988931c0a52b7122bcdd8c05042974e0db,flat-ragged,64 KiB single,65536,1,18612952,18915469,4194304,0.9840068993266834,-0.01612237044360705
0,ab,0,mistral-nemo,e11c71726323d33da7b8d6f6f269f1988931c0a52b7122bcdd8c05042974e0db,nested,140-byte batch 1,140,1,76796597,74758234,4194400,1.0272660667719893,0.02690096922562047
0,ab,1,mistral-nemo,e11c71726323d33da7b8d6f6f269f1988931c0a52b7122bcdd8c05042974e0db,nested,140-byte batch 1,140,1,67091316,65000552,4194400,1.0321653268421473,0.031658854657090015
0,ab,2,mistral-nemo,e11c71726323d33da7b8d6f6f269f1988931c0a52b7122bcdd8c05042974e0db,nested,140-byte batch 1,140,1,59683919,60000767,4194400,0.9947192675053638,-0.005294724844117866
0,ab,3,mistral-nemo,e11c71726323d33da7b8d6f6f269f1988931c0a52b7122bcdd8c05042974e0db,nested,140-byte batch 1,140,1,49378531,46366289,4194400,1.0649662085313751,0.06294306957948957
0,ab,4,mistral-nemo,e11c71726323d33da7b8d6f6f269f1988931c0a52b7122bcdd8c05042974e0db,nested,140-byte batch 1,140,1,68664730,64196219,4194400,1.0696070745225665,0.06729136095964515
0,ab,5,mistral-nemo,e11c71726323d33da7b8d6f6f269f1988931c0a52b7122bcdd8c05042974e0db,nested,140-byte batch 1,140,1,60999594,59804372,4194400,1.0199855288171908,0.019788439761410495
0,ab,0,mistral-nemo,e11c71726323d33da7b8d6f6f269f1988931c0a52b7122bcdd8c05042974e0db,nested,140-byte batch 32,140,32,76547891,75135210,4197760,1.0188018506902423,0.018627280660818396
0,ab,1,mistral-nemo,e11c71726323d33da7b8d6f6f269f1988931c0a52b7122bcdd8c05042974e0db,nested,140-byte batch 32,140,32,67160636,64842807,4197760,1.0357453526032578,0.03512131497834919
0,ab,2,mistral-nemo,e11c71726323d33da7b8d6f6f269f1988931c0a52b7122bcdd8c05042974e0db,nested,140-byte batch 32,140,32,61888505,63204045,4197760,0.9791858258438997,-0.02103384256995825
0,ab,3,mistral-nemo,e11c71726323d33da7b8d6f6f269f1988931c0a52b7122bcdd8c05042974e0db,nested,140-byte batch 32,140,32,48124676,46666066,4197760,1.0312563308850589,0.030777797687966933
0,ab,4,mistral-nemo,e11c71726323d33da7b8d6f6f269f1988931c0a52b7122bcdd8c05042974e0db,nested,140-byte batch 32,140,32,69255247,64244544,4197760,1.0779942184662406,0.07510210926856489
0,ab,5,mistral-nemo,e11c71726323d33da7b8d6f6f269f1988931c0a52b7122bcdd8c05042974e0db,nested,140-byte batch 32,140,32,63304444,61633233,4197760,1.0271154200202348,0.02675431024042906
0,ab,0,mistral-nemo,e11c71726323d33da7b8d6f6f269f1988931c0a52b7122bcdd8c05042974e0db,nested,140-byte batch 512,140,512,24159948,24131151,4229120,1.0011933537691593,0.0011926422885259263
0,ab,1,mistral-nemo,e11c71726323d33da7b8d6f6f269f1988931c0a52b7122bcdd8c05042974e0db,nested,140-byte batch 512,140,512,22508833,22079077,4229120,1.0194644006178337,0.01927739195074578
0,ab,2,mistral-nemo,e11c71726323d33da7b8d6f6f269f1988931c0a52b7122bcdd8c05042974e0db,nested,140-byte batch 512,140,512,21806140,21478923,4229120,1.0152343299522049,0.015119452796062895
0,ab,3,mistral-nemo,e11c71726323d33da7b8d6f6f269f1988931c0a52b7122bcdd8c05042974e0db,nested,140-byte batch 512,140,512,18738595,18112246,4229120,1.0345815201494062,0.0339970165965201
0,ab,4,mistral-nemo,e11c71726323d33da7b8d6f6f269f1988931c0a52b7122bcdd8c05042974e0db,nested,140-byte batch 512,140,512,17846276,17687113,4229120,1.0089988117337183,0.008958563703502244
0,ab,5,mistral-nemo,e11c71726323d33da7b8d6f6f269f1988931c0a52b7122bcdd8c05042974e0db,nested,140-byte batch 512,140,512,17810033,17080836,4229120,1.0426909432301792,0.041804816893055485
0,ab,0,mistral-nemo,e11c71726323d33da7b8d6f6f269f1988931c0a52b7122bcdd8c05042974e0db,nested,4 KiB single,4096,1,50615912,49256400,4194304,1.0276007178762556,0.02722668484838016
0,ab,1,mistral-nemo,e11c71726323d33da7b8d6f6f269f1988931c0a52b7122bcdd8c05042974e0db,nested,4 KiB single,4096,1,49939172,49793533,4194304,1.002924857732027,0.002920588657914639
0,ab,2,mistral-nemo,e11c71726323d33da7b8d6f6f269f1988931c0a52b7122bcdd8c05042974e0db,nested,4 KiB single,4096,1,46207533,45916099,4194304,1.0063470984327305,0.006327040432135578
0,ab,3,mistral-nemo,e11c71726323d33da7b8d6f6f269f1988931c0a52b7122bcdd8c05042974e0db,nested,4 KiB single,4096,1,43787307,43644783,4194304,1.0032655449335148,0.0032602246209917168
0,ab,4,mistral-nemo,e11c71726323d33da7b8d6f6f269f1988931c0a52b7122bcdd8c05042974e0db,nested,4 KiB single,4096,1,44839561,44131139,4194304,1.0160526561528358,0.015925174735404102
0,ab,5,mistral-nemo,e11c71726323d33da7b8d6f6f269f1988931c0a52b7122bcdd8c05042974e0db,nested,4 KiB single,4096,1,51666687,50568846,4194304,1.0217098290121154,0.021477526821599827
0,ab,0,mistral-nemo,e11c71726323d33da7b8d6f6f269f1988931c0a52b7122bcdd8c05042974e0db,nested,64 KiB single,65536,1,48037454,46181257,4194304,1.0401937305431075,0.03940697517380667
0,ab,1,mistral-nemo,e11c71726323d33da7b8d6f6f269f1988931c0a52b7122bcdd8c05042974e0db,nested,64 KiB single,65536,1,45432064,45622884,4194304,0.9958174498569621,-0.00419132147211358
0,ab,2,mistral-nemo,e11c71726323d33da7b8d6f6f269f1988931c0a52b7122bcdd8c05042974e0db,nested,64 KiB single,65536,1,46885188,44964725,4194304,1.0427104357916122,0.04182351119490991
0,ab,3,mistral-nemo,e11c71726323d33da7b8d6f6f269f1988931c0a52b7122bcdd8c05042974e0db,nested,64 KiB single,65536,1,41637318,42478980,4194304,0.9801863886562248,-0.020012532895469424
0,ab,4,mistral-nemo,e11c71726323d33da7b8d6f6f269f1988931c0a52b7122bcdd8c05042974e0db,nested,64 KiB single,65536,1,40541302,39743099,4194304,1.0200840654122116,0.019885040970875255
0,ab,5,mistral-nemo,e11c71726323d33da7b8d6f6f269f1988931c0a52b7122bcdd8c05042974e0db,nested,64 KiB single,65536,1,43712610,42064655,4194304,1.0391767149879156,0.038428779452622575
0,ab,0,nemotron-3,c6021eb6847e682f89aa52d5eb6e8c7d902a23acfc8137e25211cf84828f1592,flat-ragged,140-byte batch 1,140,1,77937008,71565234,4194400,1.0890344884500762,0.08529151328412553
0,ab,1,nemotron-3,c6021eb6847e682f89aa52d5eb6e8c7d902a23acfc8137e25211cf84828f1592,flat-ragged,140-byte batch 1,140,1,64583914,65349292,4194400,0.9882878914740193,-0.01178123554794721
0,ab,2,nemotron-3,c6021eb6847e682f89aa52d5eb6e8c7d902a23acfc8137e25211cf84828f1592,flat-ragged,140-byte batch 1,140,1,62613598,58769863,4194400,1.0654031642033945,0.06335328546387017
0,ab,3,nemotron-3,c6021eb6847e682f89aa52d5eb6e8c7d902a23acfc8137e25211cf84828f1592,flat-ragged,140-byte batch 1,140,1,47626129,46119989,4194400,1.0326569895756046,0.032135082310036304
0,ab,4,nemotron-3,c6021eb6847e682f89aa52d5eb6e8c7d902a23acfc8137e25211cf84828f1592,flat-ragged,140-byte batch 1,140,1,69102974,66936009,4194400,1.0323736809584807,0.03186069547119279
0,ab,5,nemotron-3,c6021eb6847e682f89aa52d5eb6e8c7d902a23acfc8137e25211cf84828f1592,flat-ragged,140-byte batch 1,140,1,61168031,60862183,4194400,1.0050252551736436,0.0050126707213113625
0,ab,0,nemotron-3,c6021eb6847e682f89aa52d5eb6e8c7d902a23acfc8137e25211cf84828f1592,flat-ragged,140-byte batch 32,140,32,70199718,62259165,4197760,1.1275403067162884,0.12003854050631335
0,ab,1,nemotron-3,c6021eb6847e682f89aa52d5eb6e8c7d902a23acfc8137e25211cf84828f1592,flat-ragged,140-byte batch 32,140,32,61464592,60464094,4197760,1.0165469774507827,0.016411567923241097
0,ab,2,nemotron-3,c6021eb6847e682f89aa52d5eb6e8c7d902a23acfc8137e25211cf84828f1592,flat-ragged,140-byte batch 32,140,32,57796760,54822196,4197760,1.0542583883359944,0.0528375702986682
0,ab,3,nemotron-3,c6021eb6847e682f89aa52d5eb6e8c7d902a23acfc8137e25211cf84828f1592,flat-ragged,140-byte batch 32,140,32,44576203,41599917,4197760,1.0715454792854515,0.06910197953420673
0,ab,4,nemotron-3,c6021eb6847e682f89aa52d5eb6e8c7d902a23acfc8137e25211cf84828f1592,flat-ragged,140-byte batch 32,140,32,63649563,60825219,4197760,1.0464337662310759,0.045387970151882014
0,ab,5,nemotron-3,c6021eb6847e682f89aa52d5eb6e8c7d902a23acfc8137e25211cf84828f1592,flat-ragged,140-byte batch 32,140,32,57517467,53710054,4197760,1.0708882735437204,0.06848846627016529
0,ab,0,nemotron-3,c6021eb6847e682f89aa52d5eb6e8c7d902a23acfc8137e25211cf84828f1592,flat-ragged,140-byte batch 512,140,512,21945613,20960455,4229120,1.0470007926831741,0.04592968898761095
0,ab,1,nemotron-3,c6021eb6847e682f89aa52d5eb6e8c7d902a23acfc8137e25211cf84828f1592,flat-ragged,140-byte batch 512,140,512,21364038,19666727,4229120,1.086303684390392,0.08278081813955636
0,ab,2,nemotron-3,c6021eb6847e682f89aa52d5eb6e8c7d902a23acfc8137e25211cf84828f1592,flat-ragged,140-byte batch 512,140,512,19491634,18357347,4229120,1.0617892661722852,0.05995547203014854
0,ab,3,nemotron-3,c6021eb6847e682f89aa52d5eb6e8c7d902a23acfc8137e25211cf84828f1592,flat-ragged,140-byte batch 512,140,512,16553419,15770660,4229120,1.0496338770856768,0.0484414148736336
0,ab,4,nemotron-3,c6021eb6847e682f89aa52d5eb6e8c7d902a23acfc8137e25211cf84828f1592,flat-ragged,140-byte batch 512,140,512,15811339,14832237,4229120,1.0660117553407487,0.06392435320700456
0,ab,5,nemotron-3,c6021eb6847e682f89aa52d5eb6e8c7d902a23acfc8137e25211cf84828f1592,flat-ragged,140-byte batch 512,140,512,15762902,15729440,4229120,1.0021273484625008,0.0021250888608330093
0,ab,0,nemotron-3,c6021eb6847e682f89aa52d5eb6e8c7d902a23acfc8137e25211cf84828f1592,flat-ragged,4 KiB single,4096,1,46235562,49428584,4194304,0.9354013054470668,-0.06677963808830306
0,ab,1,nemotron-3,c6021eb6847e682f89aa52d5eb6e8c7d902a23acfc8137e25211cf84828f1592,flat-ragged,4 KiB single,4096,1,48773595,49935734,4194304,0.9767273071424163,-0.02354777834227284
0,ab,2,nemotron-3,c6021eb6847e682f89aa52d5eb6e8c7d902a23acfc8137e25211cf84828f1592,flat-ragged,4 KiB single,4096,1,43788059,44996744,4194304,0.9731383897466004,-0.027228976954457047
0,ab,3,nemotron-3,c6021eb6847e682f89aa52d5eb6e8c7d902a23acfc8137e25211cf84828f1592,flat-ragged,4 KiB single,4096,1,42689750,45492531,4194304,0.9383903041138775,-0.06358931405571615
0,ab,4,nemotron-3,c6021eb6847e682f89aa52d5eb6e8c7d902a23acfc8137e25211cf84828f1592,flat-ragged,4 KiB single,4096,1,43912201,44953765,4194304,0.9768303277823337,-0.023442308569412134
0,ab,5,nemotron-3,c6021eb6847e682f89aa52d5eb6e8c7d902a23acfc8137e25211cf84828f1592,flat-ragged,4 KiB single,4096,1,50626452,52158708,4194304,0.9706231987188026,-0.029816940876088313
0,ab,0,nemotron-3,c6021eb6847e682f89aa52d5eb6e8c7d902a23acfc8137e25211cf84828f1592,flat-ragged,64 KiB single,65536,1,20740366,20956676,4194304,0.9896782295054808,-0.010375409385711897
0,ab,1,nemotron-3,c6021eb6847e682f89aa52d5eb6e8c7d902a23acfc8137e25211cf84828f1592,flat-ragged,64 KiB single,65536,1,19875700,20501203,4194304,0.9694894489850181,-0.03098568730344848
0,ab,2,nemotron-3,c6021eb6847e682f89aa52d5eb6e8c7d902a23acfc8137e25211cf84828f1592,flat-ragged,64 KiB single,65536,1,18780388,19138294,4194304,0.981298960084948,-0.01887811550229183
0,ab,3,nemotron-3,c6021eb6847e682f89aa52d5eb6e8c7d902a23acfc8137e25211cf84828f1592,flat-ragged,64 KiB single,65536,1,19874060,19930047,4194304,0.9971908244872679,-0.002813128651371969
0,ab,4,nemotron-3,c6021eb6847e682f89aa52d5eb6e8c7d902a23acfc8137e25211cf84828f1592,flat-ragged,64 KiB single,65536,1,18812892,18976932,4194304,0.9913558208460672,-0.008681756779087365
0,ab,5,nemotron-3,c6021eb6847e682f89aa52d5eb6e8c7d902a23acfc8137e25211cf84828f1592,flat-ragged,64 KiB single,65536,1,18962446,19032337,4194304,0.9963277762473416,-0.0036789829188240003
0,ab,0,nemotron-3,c6021eb6847e682f89aa52d5eb6e8c7d902a23acfc8137e25211cf84828f1592,nested,140-byte batch 1,140,1,78268498,76772618,4194400,1.019484551119515,0.01929715752816716
0,ab,1,nemotron-3,c6021eb6847e682f89aa52d5eb6e8c7d902a23acfc8137e25211cf84828f1592,nested,140-byte batch 1,140,1,64850462,66370416,4194400,0.9770989231105618,-0.02316738016062028
0,ab,2,nemotron-3,c6021eb6847e682f89aa52d5eb6e8c7d902a23acfc8137e25211cf84828f1592,nested,140-byte batch 1,140,1,61684036,60548174,4194400,1.0187596408770312,0.018585848965734
0,ab,3,nemotron-3,c6021eb6847e682f89aa52d5eb6e8c7d902a23acfc8137e25211cf84828f1592,nested,140-byte batch 1,140,1,47509337,48190734,4194400,0.985860414576794,-0.014240501767441795
0,ab,4,nemotron-3,c6021eb6847e682f89aa52d5eb6e8c7d902a23acfc8137e25211cf84828f1592,nested,140-byte batch 1,140,1,70239433,66744109,4194400,1.052369026306127,0.05104383826678008
0,ab,5,nemotron-3,c6021eb6847e682f89aa52d5eb6e8c7d902a23acfc8137e25211cf84828f1592,nested,140-byte batch 1,140,1,65126605,61943921,4194400,1.0513800861911857,0.05010366894534188
0,ab,0,nemotron-3,c6021eb6847e682f89aa52d5eb6e8c7d902a23acfc8137e25211cf84828f1592,nested,140-byte batch 32,140,32,80151194,77898432,4197760,1.028919221377909,0.028508951708179683
0,ab,1,nemotron-3,c6021eb6847e682f89aa52d5eb6e8c7d902a23acfc8137e25211cf84828f1592,nested,140-byte batch 32,140,32,69401530,66978110,4197760,1.036182269102547,0.035543063789638056
0,ab,2,nemotron-3,c6021eb6847e682f89aa52d5eb6e8c7d902a23acfc8137e25211cf84828f1592,nested,140-byte batch 32,140,32,63987747,62457680,4197760,1.0244976598554414,0.024202404512111416
0,ab,3,nemotron-3,c6021eb6847e682f89aa52d5eb6e8c7d902a23acfc8137e25211cf84828f1592,nested,140-byte batch 32,140,32,50640081,48294396,4197760,1.0485705422219174,0.04742784827830427
0,ab,4,nemotron-3,c6021eb6847e682f89aa52d5eb6e8c7d902a23acfc8137e25211cf84828f1592,nested,140-byte batch 32,140,32,70498901,67451444,4197760,1.0451800112685505,0.044189130168924964
0,ab,5,nemotron-3,c6021eb6847e682f89aa52d5eb6e8c7d902a23acfc8137e25211cf84828f1592,nested,140-byte batch 32,140,32,64609472,61806743,4197760,1.045346654166844,0.044348556883160764
0,ab,0,nemotron-3,c6021eb6847e682f89aa52d5eb6e8c7d902a23acfc8137e25211cf84828f1592,nested,140-byte batch 512,140,512,24660102,24254439,4229120,1.0167253095402453,0.016586981802691338
0,ab,1,nemotron-3,c6021eb6847e682f89aa52d5eb6e8c7d902a23acfc8137e25211cf84828f1592,nested,140-byte batch 512,140,512,23061408,22734530,4229120,1.0143780408040104,0.014275656994127283
0,ab,2,nemotron-3,c6021eb6847e682f89aa52d5eb6e8c7d902a23acfc8137e25211cf84828f1592,nested,140-byte batch 512,140,512,21949388,21726323,4229120,1.0102670387437396,0.010214690702805406
0,ab,3,nemotron-3,c6021eb6847e682f89aa52d5eb6e8c7d902a23acfc8137e25211cf84828f1592,nested,140-byte batch 512,140,512,19478457,18884113,4229120,1.0314732283163102,0.03098809906371749
0,ab,4,nemotron-3,c6021eb6847e682f89aa52d5eb6e8c7d902a23acfc8137e25211cf84828f1592,nested,140-byte batch 512,140,512,18507194,17700545,4229120,1.0455719866252706,0.04456409129459407
0,ab,5,nemotron-3,c6021eb6847e682f89aa52d5eb6e8c7d902a23acfc8137e25211cf84828f1592,nested,140-byte batch 512,140,512,18655217,17681557,4229120,1.05506641751063,0.053603719932826886
0,ab,0,nemotron-3,c6021eb6847e682f89aa52d5eb6e8c7d902a23acfc8137e25211cf84828f1592,nested,4 KiB single,4096,1,53862609,52736616,4194304,1.0213512562125715,0.021126511567265284
0,ab,1,nemotron-3,c6021eb6847e682f89aa52d5eb6e8c7d902a23acfc8137e25211cf84828f1592,nested,4 KiB single,4096,1,52725053,52566466,4194304,1.0030168853276156,0.003012343661240566
0,ab,2,nemotron-3,c6021eb6847e682f89aa52d5eb6e8c7d902a23acfc8137e25211cf84828f1592,nested,4 KiB single,4096,1,48555115,48194995,4194304,1.00747214518852,0.007444367000939794
0,ab,3,nemotron-3,c6021eb6847e682f89aa52d5eb6e8c7d902a23acfc8137e25211cf84828f1592,nested,4 KiB single,4096,1,46535977,46811364,4194304,0.9941170908841708,-0.005900281592971826
0,ab,4,nemotron-3,c6021eb6847e682f89aa52d5eb6e8c7d902a23acfc8137e25211cf84828f1592,nested,4 KiB single,4096,1,47926043,47166831,4194304,1.0160963114100245,0.01596813935846303
0,ab,5,nemotron-3,c6021eb6847e682f89aa52d5eb6e8c7d902a23acfc8137e25211cf84828f1592,nested,4 KiB single,4096,1,53351484,54251624,4194304,0.9834080542916098,-0.016731133788082192
0,ab,0,nemotron-3,c6021eb6847e682f89aa52d5eb6e8c7d902a23acfc8137e25211cf84828f1592,nested,64 KiB single,65536,1,46462304,46951431,4194304,0.9895822770556237,-0.010472367264287399
0,ab,1,nemotron-3,c6021eb6847e682f89aa52d5eb6e8c7d902a23acfc8137e25211cf84828f1592,nested,64 KiB single,65536,1,46499934,46395207,4194304,1.0022572805850398,0.002254736754593518
0,ab,2,nemotron-3,c6021eb6847e682f89aa52d5eb6e8c7d902a23acfc8137e25211cf84828f1592,nested,64 KiB single,65536,1,44971798,46120025,4194304,0.9751035043888202,-0.025211655271180588
0,ab,3,nemotron-3,c6021eb6847e682f89aa52d5eb6e8c7d902a23acfc8137e25211cf84828f1592,nested,64 KiB single,65536,1,41512704,42656791,4194304,0.9731792529822508,-0.02718698664952495
0,ab,4,nemotron-3,c6021eb6847e682f89aa52d5eb6e8c7d902a23acfc8137e25211cf84828f1592,nested,64 KiB single,65536,1,40840017,40560906,4194304,1.0068812812021506,0.006857713243387179
0,ab,5,nemotron-3,c6021eb6847e682f89aa52d5eb6e8c7d902a23acfc8137e25211cf84828f1592,nested,64 KiB single,65536,1,43801030,42831261,4194304,1.0226416168321544,0.022389099913845537
0,ab,0,phi-4-mini,382cc235b56c725945e149cc25f191da667c836655efd0857b004320e90e91ea,flat-ragged,140-byte batch 1,140,1,47666248,49511341,4194400,0.962733932009638,-0.037978196107371534
0,ab,1,phi-4-mini,382cc235b56c725945e149cc25f191da667c836655efd0857b004320e90e91ea,flat-ragged,140-byte batch 1,140,1,45088252,43815487,4194400,1.0290482906192506,0.028634385409886245
0,ab,2,phi-4-mini,382cc235b56c725945e149cc25f191da667c836655efd0857b004320e90e91ea,flat-ragged,140-byte batch 1,140,1,43390636,43634936,4194400,0.9944012751617191,-0.005614456443618942
0,ab,3,phi-4-mini,382cc235b56c725945e149cc25f191da667c836655efd0857b004320e90e91ea,flat-ragged,140-byte batch 1,140,1,48386377,45131660,4194400,1.0721160489111192,0.06963431137077385
0,ab,4,phi-4-mini,382cc235b56c725945e149cc25f191da667c836655efd0857b004320e90e91ea,flat-ragged,140-byte batch 1,140,1,41561288,40636110,4194400,1.0227673859530353,0.022512076903648714
0,ab,5,phi-4-mini,382cc235b56c725945e149cc25f191da667c836655efd0857b004320e90e91ea,flat-ragged,140-byte batch 1,140,1,38088787,38977283,4194400,0.977204773354777,-0.02305905488393977
0,ab,0,phi-4-mini,382cc235b56c725945e149cc25f191da667c836655efd0857b004320e90e91ea,flat-ragged,140-byte batch 32,140,32,41165047,41872224,4197760,0.983111071434849,-0.01703317291410277
0,ab,1,phi-4-mini,382cc235b56c725945e149cc25f191da667c836655efd0857b004320e90e91ea,flat-ragged,140-byte batch 32,140,32,43061617,40440128,4197760,1.0648239540685924,0.06280948415357081
0,ab,2,phi-4-mini,382cc235b56c725945e149cc25f191da667c836655efd0857b004320e90e91ea,flat-ragged,140-byte batch 32,140,32,42283705,40988320,4197760,1.0316037593148488,0.03111463917782415
0,ab,3,phi-4-mini,382cc235b56c725945e149cc25f191da667c836655efd0857b004320e90e91ea,flat-ragged,140-byte batch 32,140,32,42159255,43471025,4197760,0.9698242680038025,-0.030640390903822146
0,ab,4,phi-4-mini,382cc235b56c725945e149cc25f191da667c836655efd0857b004320e90e91ea,flat-ragged,140-byte batch 32,140,32,41051618,39901812,4197760,1.028815884351317,0.028408514070321356
0,ab,5,phi-4-mini,382cc235b56c725945e149cc25f191da667c836655efd0857b004320e90e91ea,flat-ragged,140-byte batch 32,140,32,35450296,35437302,4197760,1.0003666757700684,0.00036660856093706355
0,ab,0,phi-4-mini,382cc235b56c725945e149cc25f191da667c836655efd0857b004320e90e91ea,flat-ragged,140-byte batch 512,140,512,15114158,14556771,4229120,1.0382905659503745,0.03757567423222652
0,ab,1,phi-4-mini,382cc235b56c725945e149cc25f191da667c836655efd0857b004320e90e91ea,flat-ragged,140-byte batch 512,140,512,14404766,14128638,4229120,1.0195438512898412,0.01935532265256938
0,ab,2,phi-4-mini,382cc235b56c725945e149cc25f191da667c836655efd0857b004320e90e91ea,flat-ragged,140-byte batch 512,140,512,13847917,13614257,4229120,1.0171628903435568,0.017017271737101648
0,ab,3,phi-4-mini,382cc235b56c725945e149cc25f191da667c836655efd0857b004320e90e91ea,flat-ragged,140-byte batch 512,140,512,12275508,11940917,4229120,1.028020544820804,0.02763515206751633
0,ab,4,phi-4-mini,382cc235b56c725945e149cc25f191da667c836655efd0857b004320e90e91ea,flat-ragged,140-byte batch 512,140,512,12206848,11403011,4229120,1.0704933986295375,0.06811966240508138
0,ab,5,phi-4-mini,382cc235b56c725945e149cc25f191da667c836655efd0857b004320e90e91ea,flat-ragged,140-byte batch 512,140,512,12163312,11494328,4229120,1.0582012275967765,0.056570511567335266
0,ab,0,phi-4-mini,382cc235b56c725945e149cc25f191da667c836655efd0857b004320e90e91ea,flat-ragged,4 KiB single,4096,1,29701624,31904730,4194304,0.9309473548279519,-0.07155255021265872
0,ab,1,phi-4-mini,382cc235b56c725945e149cc25f191da667c836655efd0857b004320e90e91ea,flat-ragged,4 KiB single,4096,1,31366757,33032971,4194304,0.9495590632765064,-0.05175754605514818
0,ab,2,phi-4-mini,382cc235b56c725945e149cc25f191da667c836655efd0857b004320e90e91ea,flat-ragged,4 KiB single,4096,1,30735485,30570061,4194304,1.0054113074880682,0.005396718968681533
0,ab,3,phi-4-mini,382cc235b56c725945e149cc25f191da667c836655efd0857b004320e90e91ea,flat-ragged,4 KiB single,4096,1,31267194,31271320,4194304,0.9998680580160991,-0.00013195068901015317
0,ab,4,phi-4-mini,382cc235b56c725945e149cc25f191da667c836655efd0857b004320e90e91ea,flat-ragged,4 KiB single,4096,1,36240234,36705799,4194304,0.9873163093384781,-0.012764815369724935
0,ab,5,phi-4-mini,382cc235b56c725945e149cc25f191da667c836655efd0857b004320e90e91ea,flat-ragged,4 KiB single,4096,1,33637564,34220577,4194304,0.9829630868000853,-0.01718371111676757
0,ab,0,phi-4-mini,382cc235b56c725945e149cc25f191da667c836655efd0857b004320e90e91ea,flat-ragged,64 KiB single,65536,1,16887706,17497968,4194304,0.9651238360934252,-0.03549885831847423
0,ab,1,phi-4-mini,382cc235b56c725945e149cc25f191da667c836655efd0857b004320e90e91ea,flat-ragged,64 KiB single,65536,1,17030177,17346713,4194304,0.9817523930902644,-0.018416147950962036
0,ab,2,phi-4-mini,382cc235b56c725945e149cc25f191da667c836655efd0857b004320e90e91ea,flat-ragged,64 KiB single,65536,1,16165781,16243929,4194304,0.995189094953567,-0.004822514700377441
0,ab,3,phi-4-mini,382cc235b56c725945e149cc25f191da667c836655efd0857b004320e90e91ea,flat-ragged,64 KiB single,65536,1,17206539,17818513,4194304,0.9656551587666153,-0.034948487004081014
0,ab,4,phi-4-mini,382cc235b56c725945e149cc25f191da667c836655efd0857b004320e90e91ea,flat-ragged,64 KiB single,65536,1,16444868,16592857,4194304,0.9910811622133548,-0.008958848698595295
0,ab,5,phi-4-mini,382cc235b56c725945e149cc25f191da667c836655efd0857b004320e90e91ea,flat-ragged,64 KiB single,65536,1,16522765,16464631,4194304,1.0035308413532014,0.0035246225669367122
0,ab,0,phi-4-mini,382cc235b56c725945e149cc25f191da667c836655efd0857b004320e90e91ea,nested,140-byte batch 1,140,1,46492718,48987542,4194400,0.9490722763758999,-0.05227032270757821
0,ab,1,phi-4-mini,382cc235b56c725945e149cc25f191da667c836655efd0857b004320e90e91ea,nested,140-byte batch 1,140,1,42645251,44196665,4194400,0.9648974871746545,-0.03573341419314734
0,ab,2,phi-4-mini,382cc235b56c725945e149cc25f191da667c836655efd0857b004320e90e91ea,nested,140-byte batch 1,140,1,44178708,44803640,4194400,0.9860517582946385,-0.014046432557790851
0,ab,3,phi-4-mini,382cc235b56c725945e149cc25f191da667c836655efd0857b004320e90e91ea,nested,140-byte batch 1,140,1,44003218,45843703,4194400,0.9598530467750391,-0.04097508251362495
0,ab,4,phi-4-mini,382cc235b56c725945e149cc25f191da667c836655efd0857b004320e90e91ea,nested,140-byte batch 1,140,1,41286138,40611788,4194400,1.0166047847979507,0.016468432686862697
0,ab,5,phi-4-mini,382cc235b56c725945e149cc25f191da667c836655efd0857b004320e90e91ea,nested,140-byte batch 1,140,1,36240577,37829185,4194400,0.9580057566664468,-0.042901491982935316
0,ab,0,phi-4-mini,382cc235b56c725945e149cc25f191da667c836655efd0857b004320e90e91ea,nested,140-byte batch 32,140,32,49308322,51342898,4197760,0.9603727861251619,-0.040433751016141904
0,ab,1,phi-4-mini,382cc235b56c725945e149cc25f191da667c836655efd0857b004320e90e91ea,nested,140-byte batch 32,140,32,44256635,46513793,4197760,0.9514733618907407,-0.04974358854876556
0,ab,2,phi-4-mini,382cc235b56c725945e149cc25f191da667c836655efd0857b004320e90e91ea,nested,140-byte batch 32,140,32,43668153,45793434,4197760,0.9535898312408718,-0.047521646275651246
0,ab,3,phi-4-mini,382cc235b56c725945e149cc25f191da667c836655efd0857b004320e90e91ea,nested,140-byte batch 32,140,32,46167383,49227605,4197760,0.9378352450825101,-0.0641809903046597
0,ab,4,phi-4-mini,382cc235b56c725945e149cc25f191da667c836655efd0857b004320e90e91ea,nested,140-byte batch 32,140,32,41174326,42465294,4197760,0.9695994569118019,-0.030872223782959736
0,ab,5,phi-4-mini,382cc235b56c725945e149cc25f191da667c836655efd0857b004320e90e91ea,nested,140-byte batch 32,140,32,38093223,40065333,4197760,0.9507776461011818,-0.050475054393867846
0,ab,0,phi-4-mini,382cc235b56c725945e149cc25f191da667c836655efd0857b004320e90e91ea,nested,140-byte batch 512,140,512,17691374,17856895,4229120,0.9907306953420514,-0.009312531994636476
0,ab,1,phi-4-mini,382cc235b56c725945e149cc25f191da667c836655efd0857b004320e90e91ea,nested,140-byte batch 512,140,512,16887847,17311442,4229120,0.9755309234204753,-0.024773419349162495
0,ab,2,phi-4-mini,382cc235b56c725945e149cc25f191da667c836655efd0857b004320e90e91ea,nested,140-byte batch 512,140,512,16315341,16108019,4229120,1.0128707322731616,0.01278860831157034
0,ab,3,phi-4-mini,382cc235b56c725945e149cc25f191da667c836655efd0857b004320e90e91ea,nested,140-byte batch 512,140,512,14675951,14485660,4229120,1.013136508795595,0.01305097314282118
0,ab,4,phi-4-mini,382cc235b56c725945e149cc25f191da667c836655efd0857b004320e90e91ea,nested,140-byte batch 512,140,512,14416476,14088215,4229120,1.023300396821031,0.023033086896123434
0,ab,5,phi-4-mini,382cc235b56c725945e149cc25f191da667c836655efd0857b004320e90e91ea,nested,140-byte batch 512,140,512,14284961,14146452,4229120,1.0097910769428264,0.009743454943769663
0,ab,0,phi-4-mini,382cc235b56c725945e149cc25f191da667c836655efd0857b004320e90e91ea,nested,4 KiB single,4096,1,34727121,34964625,4194304,0.9932073059556623,-0.00681586939887941
0,ab,1,phi-4-mini,382cc235b56c725945e149cc25f191da667c836655efd0857b004320e90e91ea,nested,4 KiB single,4096,1,32100476,33625149,4194304,0.9546567659819143,-0.046403410452488324
0,ab,2,phi-4-mini,382cc235b56c725945e149cc25f191da667c836655efd0857b004320e90e91ea,nested,4 KiB single,4096,1,31263091,32178373,4194304,0.9715559888624574,-0.028856380469158623
0,ab,3,phi-4-mini,382cc235b56c725945e149cc25f191da667c836655efd0857b004320e90e91ea,nested,4 KiB single,4096,1,31810675,32218442,4194304,0.9873436772640961,-0.012737096242578586
0,ab,4,phi-4-mini,382cc235b56c725945e149cc25f191da667c836655efd0857b004320e90e91ea,nested,4 KiB single,4096,1,34063955,36240810,4194304,0.9399335997181079,-0.06194604481086831
0,ab,5,phi-4-mini,382cc235b56c725945e149cc25f191da667c836655efd0857b004320e90e91ea,nested,4 KiB single,4096,1,32229848,33419840,4194304,0.964392648199393,-0.03625675589020739
0,ab,0,phi-4-mini,382cc235b56c725945e149cc25f191da667c836655efd0857b004320e90e91ea,nested,64 KiB single,65536,1,32280976,33982308,4194304,0.9499347719407405,-0.051361957859842794
0,ab,1,phi-4-mini,382cc235b56c725945e149cc25f191da667c836655efd0857b004320e90e91ea,nested,64 KiB single,65536,1,29895782,31297937,4194304,0.9551997628469889,-0.04583478461959559
0,ab,2,phi-4-mini,382cc235b56c725945e149cc25f191da667c836655efd0857b004320e90e91ea,nested,64 KiB single,65536,1,29140452,30501159,4194304,0.9553883509803677,-0.045637370919985126
0,ab,3,phi-4-mini,382cc235b56c725945e149cc25f191da667c836655efd0857b004320e90e91ea,nested,64 KiB single,65536,1,28639270,29265550,4194304,0.9786000946505362,-0.021632203406766803
0,ab,4,phi-4-mini,382cc235b56c725945e149cc25f191da667c836655efd0857b004320e90e91ea,nested,64 KiB single,65536,1,30585144,32118601,4194304,0.9522564198857851,-0.04892093183907665
0,ab,5,phi-4-mini,382cc235b56c725945e149cc25f191da667c836655efd0857b004320e90e91ea,nested,64 KiB single,65536,1,30668059,31491844,4194304,0.9738413222166349,-0.026506902146735862
0,ab,0,qwen-2-5,c0382117ea329cdf097041132f6d735924b697924d6f6fc3945713e96ce87539,flat-ragged,140-byte batch 1,140,1,40492118,47432280,4194400,0.8536827240857914,-0.1581956716872224
0,ab,1,qwen-2-5,c0382117ea329cdf097041132f6d735924b697924d6f6fc3945713e96ce87539,flat-ragged,140-byte batch 1,140,1,41543241,45432660,4194400,0.9143915632498736,-0.08949639308623396
0,ab,2,qwen-2-5,c0382117ea329cdf097041132f6d735924b697924d6f6fc3945713e96ce87539,flat-ragged,140-byte batch 1,140,1,40211905,41719184,4194400,0.9638708417691008,-0.03679797491524627
0,ab,3,qwen-2-5,c0382117ea329cdf097041132f6d735924b697924d6f6fc3945713e96ce87539,flat-ragged,140-byte batch 1,140,1,44263891,45743736,4194400,0.9676492317986445,-0.03288562121957811
0,ab,4,qwen-2-5,c0382117ea329cdf097041132f6d735924b697924d6f6fc3945713e96ce87539,flat-ragged,140-byte batch 1,140,1,39907471,42399028,4194400,0.941235516059472,-0.0605618879710547
0,ab,5,qwen-2-5,c0382117ea329cdf097041132f6d735924b697924d6f6fc3945713e96ce87539,flat-ragged,140-byte batch 1,140,1,38220116,40140589,4194400,0.9521563323348344,-0.04902604303508827
0,ab,0,qwen-2-5,c0382117ea329cdf097041132f6d735924b697924d6f6fc3945713e96ce87539,flat-ragged,140-byte batch 32,140,32,41097646,42366059,4197760,0.9700606327343311,-0.030396701464713325
0,ab,1,qwen-2-5,c0382117ea329cdf097041132f6d735924b697924d6f6fc3945713e96ce87539,flat-ragged,140-byte batch 32,140,32,38703315,40548848,4197760,0.9544861792374472,-0.046582115504771884
0,ab,2,qwen-2-5,c0382117ea329cdf097041132f6d735924b697924d6f6fc3945713e96ce87539,flat-ragged,140-byte batch 32,140,32,37296584,39193821,4197760,0.9515934667354836,-0.04961736613440184
0,ab,3,qwen-2-5,c0382117ea329cdf097041132f6d735924b697924d6f6fc3945713e96ce87539,flat-ragged,140-byte batch 32,140,32,42146007,42161830,4197760,0.999624707940808,-0.000375362498880991
0,ab,4,qwen-2-5,c0382117ea329cdf097041132f6d735924b697924d6f6fc3945713e96ce87539,flat-ragged,140-byte batch 32,140,32,38025518,38701948,4197760,0.9825220683982109,-0.017632474016969896
0,ab,5,qwen-2-5,c0382117ea329cdf097041132f6d735924b697924d6f6fc3945713e96ce87539,flat-ragged,140-byte batch 32,140,32,35973063,36956089,4197760,0.9734001614727142,-0.026960015697534666
0,ab,0,qwen-2-5,c0382117ea329cdf097041132f6d735924b697924d6f6fc3945713e96ce87539,flat-ragged,140-byte batch 512,140,512,13561775,15549213,4229120,0.8721840134288469,-0.13675485276134533
0,ab,1,qwen-2-5,c0382117ea329cdf097041132f6d735924b697924d6f6fc3945713e96ce87539,flat-ragged,140-byte batch 512,140,512,14157493,14359551,4229120,0.9859286686610187,-0.014171271153648244
0,ab,2,qwen-2-5,c0382117ea329cdf097041132f6d735924b697924d6f6fc3945713e96ce87539,flat-ragged,140-byte batch 512,140,512,13324559,13460992,4229120,0.9898645657021414,-0.01018714753286173
0,ab,3,qwen-2-5,c0382117ea329cdf097041132f6d735924b697924d6f6fc3945713e96ce87539,flat-ragged,140-byte batch 512,140,512,11833977,12039539,4229120,0.9829260904424995,-0.01722134941094859
0,ab,4,qwen-2-5,c0382117ea329cdf097041132f6d735924b697924d6f6fc3945713e96ce87539,flat-ragged,140-byte batch 512,140,512,11289522,11373275,4229120,0.992635982159932,-0.007391266072838868
0,ab,5,qwen-2-5,c0382117ea329cdf097041132f6d735924b697924d6f6fc3945713e96ce87539,flat-ragged,140-byte batch 512,140,512,10884468,11438338,4229120,0.9515777554396452,-0.0496338767832134
0,ab,0,qwen-2-5,c0382117ea329cdf097041132f6d735924b697924d6f6fc3945713e96ce87539,flat-ragged,4 KiB single,4096,1,33054561,31866335,4194304,1.0372878148679476,0.03660943641658031
0,ab,1,qwen-2-5,c0382117ea329cdf097041132f6d735924b697924d6f6fc3945713e96ce87539,flat-ragged,4 KiB single,4096,1,31552582,32215172,4194304,0.9794323618697426,-0.02078209771361877
0,ab,2,qwen-2-5,c0382117ea329cdf097041132f6d735924b697924d6f6fc3945713e96ce87539,flat-ragged,4 KiB single,4096,1,29159803,29498566,4194304,0.9885159502329707,-0.011550500707037309
0,ab,3,qwen-2-5,c0382117ea329cdf097041132f6d735924b697924d6f6fc3945713e96ce87539,flat-ragged,4 KiB single,4096,1,29239526,29037243,4194304,1.0069663294135742,0.006942176646701188
0,ab,4,qwen-2-5,c0382117ea329cdf097041132f6d735924b697924d6f6fc3945713e96ce87539,flat-ragged,4 KiB single,4096,1,32587498,32403253,4194304,1.0056860031923338,0.005669898893407321
0,ab,5,qwen-2-5,c0382117ea329cdf097041132f6d735924b697924d6f6fc3945713e96ce87539,flat-ragged,4 KiB single,4096,1,32018014,33045034,4194304,0.9689205948464148,-0.03157261591201993
0,ab,0,qwen-2-5,c0382117ea329cdf097041132f6d735924b697924d6f6fc3945713e96ce87539,flat-ragged,64 KiB single,65536,1,32360033,32677047,4194304,0.9902985725729745,-0.009748792864608663
0,ab,1,qwen-2-5,c0382117ea329cdf097041132f6d735924b697924d6f6fc3945713e96ce87539,flat-ragged,64 KiB single,65536,1,30301007,30222364,4194304,1.0026021458811099,0.0025987661612630088
0,ab,2,qwen-2-5,c0382117ea329cdf097041132f6d735924b697924d6f6fc3945713e96ce87539,flat-ragged,64 KiB single,65536,1,28149975,27351203,4194304,1.0292042730259434,0.02878595321040452
0,ab,3,qwen-2-5,c0382117ea329cdf097041132f6d735924b697924d6f6fc3945713e96ce87539,flat-ragged,64 KiB single,65536,1,29580903,29453403,4194304,1.0043288716078071,0.00431952899538463
0,ab,4,qwen-2-5,c0382117ea329cdf097041132f6d735924b697924d6f6fc3945713e96ce87539,flat-ragged,64 KiB single,65536,1,29292920,29017578,4194304,1.0094888002024152,0.00944406430843436
0,ab,5,qwen-2-5,c0382117ea329cdf097041132f6d735924b697924d6f6fc3945713e96ce87539,flat-ragged,64 KiB single,65536,1,32826869,32404957,4194304,1.0130199833315625,0.012935951954069222
0,ab,0,qwen-2-5,c0382117ea329cdf097041132f6d735924b697924d6f6fc3945713e96ce87539,nested,140-byte batch 1,140,1,45681345,47685405,4194400,0.9579733044104375,-0.04293536735941694
0,ab,1,qwen-2-5,c0382117ea329cdf097041132f6d735924b697924d6f6fc3945713e96ce87539,nested,140-byte batch 1,140,1,42386124,43180861,4194400,0.9815951562429476,-0.01857632015043471
0,ab,2,qwen-2-5,c0382117ea329cdf097041132f6d735924b697924d6f6fc3945713e96ce87539,nested,140-byte batch 1,140,1,41825018,42143517,4194400,0.9924425149424525,-0.007586187551636247
0,ab,3,qwen-2-5,c0382117ea329cdf097041132f6d735924b697924d6f6fc3945713e96ce87539,nested,140-byte batch 1,140,1,45922548,46037284,4194400,0.9975077591458262,-0.0024953516560646213
0,ab,4,qwen-2-5,c0382117ea329cdf097041132f6d735924b697924d6f6fc3945713e96ce87539,nested,140-byte batch 1,140,1,39956609,42207398,4194400,0.946673116404854,-0.05480142341448513
0,ab,5,qwen-2-5,c0382117ea329cdf097041132f6d735924b697924d6f6fc3945713e96ce87539,nested,140-byte batch 1,140,1,39688817,41063692,4194400,0.9665184757376419,-0.0340548643885348
0,ab,0,qwen-2-5,c0382117ea329cdf097041132f6d735924b697924d6f6fc3945713e96ce87539,nested,140-byte batch 32,140,32,47672405,50364277,4197760,0.9465519578490127,-0.05492941512308261
0,ab,1,qwen-2-5,c0382117ea329cdf097041132f6d735924b697924d6f6fc3945713e96ce87539,nested,140-byte batch 32,140,32,44154367,46736741,4197760,0.9447463827227491,-0.05683876557939854
0,ab,2,qwen-2-5,c0382117ea329cdf097041132f6d735924b697924d6f6fc3945713e96ce87539,nested,140-byte batch 32,140,32,42802896,44277839,4197760,0.9666889118052938,-0.033878539728085334
0,ab,3,qwen-2-5,c0382117ea329cdf097041132f6d735924b697924d6f6fc3945713e96ce87539,nested,140-byte batch 32,140,32,46265265,48763008,4197760,0.9487779137825132,-0.05258052906345775
0,ab,4,qwen-2-5,c0382117ea329cdf097041132f6d735924b697924d6f6fc3945713e96ce87539,nested,140-byte batch 32,140,32,41333934,45154257,4197760,0.9153939572076227,-0.08840075204326213
0,ab,5,qwen-2-5,c0382117ea329cdf097041132f6d735924b697924d6f6fc3945713e96ce87539,nested,140-byte batch 32,140,32,40476062,41941702,4197760,0.9650553046225926,-0.03556986879560124
0,ab,0,qwen-2-5,c0382117ea329cdf097041132f6d735924b697924d6f6fc3945713e96ce87539,nested,140-byte batch 512,140,512,17069951,16874073,4229120,1.0116082228635612,0.011541364352760946
0,ab,1,qwen-2-5,c0382117ea329cdf097041132f6d735924b697924d6f6fc3945713e96ce87539,nested,140-byte batch 512,140,512,16719915,16229306,4229120,1.030229820055152,0.029781903619718976
0,ab,2,qwen-2-5,c0382117ea329cdf097041132f6d735924b697924d6f6fc3945713e96ce87539,nested,140-byte batch 512,140,512,16122151,16264428,4229120,0.9912522592248556,-0.008786226868104752
0,ab,3,qwen-2-5,c0382117ea329cdf097041132f6d735924b697924d6f6fc3945713e96ce87539,nested,140-byte batch 512,140,512,14539257,14795923,4229120,0.9826529240521189,-0.01749929946039948
0,ab,4,qwen-2-5,c0382117ea329cdf097041132f6d735924b697924d6f6fc3945713e96ce87539,nested,140-byte batch 512,140,512,14367226,14256097,4229120,1.0077951910680742,0.007764965540408284
0,ab,5,qwen-2-5,c0382117ea329cdf097041132f6d735924b697924d6f6fc3945713e96ce87539,nested,140-byte batch 512,140,512,14211697,14408174,4229120,0.9863635044940462,-0.013730326504582984
0,ab,0,qwen-2-5,c0382117ea329cdf097041132f6d735924b697924d6f6fc3945713e96ce87539,nested,4 KiB single,4096,1,34097043,36553974,4194304,0.9327862136138741,-0.06957924306859063
0,ab,1,qwen-2-5,c0382117ea329cdf097041132f6d735924b697924d6f6fc3945713e96ce87539,nested,4 KiB single,4096,1,32643757,33804579,4194304,0.9656608058925982,-0.03494263904746885
0,ab,2,qwen-2-5,c0382117ea329cdf097041132f6d735924b697924d6f6fc3945713e96ce87539,nested,4 KiB single,4096,1,30877386,32388679,4194304,0.9533388502816061,-0.04778487684441537
0,ab,3,qwen-2-5,c0382117ea329cdf097041132f6d735924b697924d6f6fc3945713e96ce87539,nested,4 KiB single,4096,1,30849147,31636461,4194304,0.9751137145207234,-0.02520118450740693
0,ab,4,qwen-2-5,c0382117ea329cdf097041132f6d735924b697924d6f6fc3945713e96ce87539,nested,4 KiB single,4096,1,34682579,35022558,4194304,0.990292570862471,-0.009754853389036816
0,ab,5,qwen-2-5,c0382117ea329cdf097041132f6d735924b697924d6f6fc3945713e96ce87539,nested,4 KiB single,4096,1,33718064,34592653,4194304,0.974717492757783,-0.025607600987884997
0,ab,0,qwen-2-5,c0382117ea329cdf097041132f6d735924b697924d6f6fc3945713e96ce87539,nested,64 KiB single,65536,1,34424175,34604627,4194304,0.994785321627654,-0.0052283222606050814
0,ab,1,qwen-2-5,c0382117ea329cdf097041132f6d735924b697924d6f6fc3945713e96ce87539,nested,64 KiB single,65536,1,32349411,31944392,4194304,1.0126788764675816,0.01259917251071328
0,ab,2,qwen-2-5,c0382117ea329cdf097041132f6d735924b697924d6f6fc3945713e96ce87539,nested,64 KiB single,65536,1,32623304,30591107,4194304,1.0664309728967964,0.06431753381241748
0,ab,3,qwen-2-5,c0382117ea329cdf097041132f6d735924b697924d6f6fc3945713e96ce87539,nested,64 KiB single,65536,1,29815066,29559683,4194304,1.0086395716760561,0.008602464152252373
0,ab,4,qwen-2-5,c0382117ea329cdf097041132f6d735924b697924d6f6fc3945713e96ce87539,nested,64 KiB single,65536,1,30739633,30817854,4194304,0.9974618284582697,-0.0025413981600815733
0,ab,5,qwen-2-5,c0382117ea329cdf097041132f6d735924b697924d6f6fc3945713e96ce87539,nested,64 KiB single,65536,1,31858955,31541250,4194304,1.010072682598185,0.010022291232457828
0,ab,0,qwen-3,aeb13307a71acd8fe81861d94ad54ab689df773318809eed3cbe794b4492dae4,flat-ragged,140-byte batch 1,140,1,45310216,42499268,4194400,1.066141092124222,0.06404567357461873
0,ab,1,qwen-3,aeb13307a71acd8fe81861d94ad54ab689df773318809eed3cbe794b4492dae4,flat-ragged,140-byte batch 1,140,1,44791085,42320445,4194400,1.0583793483267958,0.056738821465352814
0,ab,2,qwen-3,aeb13307a71acd8fe81861d94ad54ab689df773318809eed3cbe794b4492dae4,flat-ragged,140-byte batch 1,140,1,41115372,40432690,4194400,1.0168844071467913,0.016743449983940742
0,ab,3,qwen-3,aeb13307a71acd8fe81861d94ad54ab689df773318809eed3cbe794b4492dae4,flat-ragged,140-byte batch 1,140,1,43579461,45663630,4194400,0.9543582277624446,-0.046716177217423764
0,ab,4,qwen-3,aeb13307a71acd8fe81861d94ad54ab689df773318809eed3cbe794b4492dae4,flat-ragged,140-byte batch 1,140,1,40704003,40720022,4194400,0.9996066063029141,-0.0003934710966860376
0,ab,5,qwen-3,aeb13307a71acd8fe81861d94ad54ab689df773318809eed3cbe794b4492dae4,flat-ragged,140-byte batch 1,140,1,39637781,38685504,4194400,1.0246158612797187,0.02431777286353681
0,ab,0,qwen-3,aeb13307a71acd8fe81861d94ad54ab689df773318809eed3cbe794b4492dae4,flat-ragged,140-byte batch 32,140,32,39779952,41288843,4197760,0.9634552365635434,-0.0372292514041306
0,ab,1,qwen-3,aeb13307a71acd8fe81861d94ad54ab689df773318809eed3cbe794b4492dae4,flat-ragged,140-byte batch 32,140,32,39321914,38936240,4197760,1.0099052707708809,0.009856535138528043
0,ab,2,qwen-3,aeb13307a71acd8fe81861d94ad54ab689df773318809eed3cbe794b4492dae4,flat-ragged,140-byte batch 32,140,32,38380834,38248383,4197760,1.0034629176349756,0.00345693554205438
0,ab,3,qwen-3,aeb13307a71acd8fe81861d94ad54ab689df773318809eed3cbe794b4492dae4,flat-ragged,140-byte batch 32,140,32,43446435,42211297,4197760,1.0292608398173597,0.02884091337570206
0,ab,4,qwen-3,aeb13307a71acd8fe81861d94ad54ab689df773318809eed3cbe794b4492dae4,flat-ragged,140-byte batch 32,140,32,39076172,38858052,4197760,1.005613251019377,0.005597555433987978
0,ab,5,qwen-3,aeb13307a71acd8fe81861d94ad54ab689df773318809eed3cbe794b4492dae4,flat-ragged,140-byte batch 32,140,32,37154357,36463417,4197760,1.0189488549578334,0.0187715615754942
0,ab,0,qwen-3,aeb13307a71acd8fe81861d94ad54ab689df773318809eed3cbe794b4492dae4,flat-ragged,140-byte batch 512,140,512,14749791,14054133,4229120,1.0494984642595884,0.048312396970751424
0,ab,1,qwen-3,aeb13307a71acd8fe81861d94ad54ab689df773318809eed3cbe794b4492dae4,flat-ragged,140-byte batch 512,140,512,14065821,14178367,4229120,0.9920621324021307,-0.007969540188768314
0,ab,2,qwen-3,aeb13307a71acd8fe81861d94ad54ab689df773318809eed3cbe794b4492dae4,flat-ragged,140-byte batch 512,140,512,13522881,13313537,4229120,1.0157241460327184,0.015601802480512057
0,ab,3,qwen-3,aeb13307a71acd8fe81861d94ad54ab689df773318809eed3cbe794b4492dae4,flat-ragged,140-byte batch 512,140,512,11641101,11893246,4229120,0.9787993118110901,-0.021428650508381167
0,ab,4,qwen-3,aeb13307a71acd8fe81861d94ad54ab689df773318809eed3cbe794b4492dae4,flat-ragged,140-byte batch 512,140,512,11635579,10958157,4229120,1.0618189719311377,0.05998344871466262
0,ab,5,qwen-3,aeb13307a71acd8fe81861d94ad54ab689df773318809eed3cbe794b4492dae4,flat-ragged,140-byte batch 512,140,512,11963852,11363215,4229120,1.0528580159752323,0.05150838643006925
0,ab,0,qwen-3,aeb13307a71acd8fe81861d94ad54ab689df773318809eed3cbe794b4492dae4,flat-ragged,4 KiB single,4096,1,30373805,33311971,4194304,0.9117984943010428,-0.09233626255199591
0,ab,1,qwen-3,aeb13307a71acd8fe81861d94ad54ab689df773318809eed3cbe794b4492dae4,flat-ragged,4 KiB single,4096,1,32041100,32600330,4194304,0.9828458791674808,-0.017302957325094508
0,ab,2,qwen-3,aeb13307a71acd8fe81861d94ad54ab689df773318809eed3cbe794b4492dae4,flat-ragged,4 KiB single,4096,1,30274704,30105550,4194304,1.0056186982134523,0.00560297220760024
0,ab,3,qwen-3,aeb13307a71acd8fe81861d94ad54ab689df773318809eed3cbe794b4492dae4,flat-ragged,4 KiB single,4096,1,29017713,29782532,4194304,0.9743198798544059,-0.02601561051554231
0,ab,4,qwen-3,aeb13307a71acd8fe81861d94ad54ab689df773318809eed3cbe794b4492dae4,flat-ragged,4 KiB single,4096,1,31766929,34470917,4194304,0.9215574102655871,-0.08169020292781391
0,ab,5,qwen-3,aeb13307a71acd8fe81861d94ad54ab689df773318809eed3cbe794b4492dae4,flat-ragged,4 KiB single,4096,1,32235389,32719696,4194304,0.9851983037984215,-0.014912334419715444
0,ab,0,qwen-3,aeb13307a71acd8fe81861d94ad54ab689df773318809eed3cbe794b4492dae4,flat-ragged,64 KiB single,65536,1,29250029,31069257,4194304,0.9414460410173311,-0.060338244245491814
0,ab,1,qwen-3,aeb13307a71acd8fe81861d94ad54ab689df773318809eed3cbe794b4492dae4,flat-ragged,64 KiB single,65536,1,29500040,29274072,4194304,1.0077190491298922,0.007689409697934251
0,ab,2,qwen-3,aeb13307a71acd8fe81861d94ad54ab689df773318809eed3cbe794b4492dae4,flat-ragged,64 KiB single,65536,1,27934365,27975266,4194304,0.9985379584951936,-0.0014631113303673923
0,ab,3,qwen-3,aeb13307a71acd8fe81861d94ad54ab689df773318809eed3cbe794b4492dae4,flat-ragged,64 KiB single,65536,1,28338499,28106860,4194304,1.0082413688330891,0.008207594192263041
0,ab,4,qwen-3,aeb13307a71acd8fe81861d94ad54ab689df773318809eed3cbe794b4492dae4,flat-ragged,64 KiB single,65536,1,27964802,28003252,4194304,0.998626945184795,-0.0013739983187213685
0,ab,5,qwen-3,aeb13307a71acd8fe81861d94ad54ab689df773318809eed3cbe794b4492dae4,flat-ragged,64 KiB single,65536,1,31380627,30924035,4194304,1.0147649554788047,0.014657014720213952
0,ab,0,qwen-3,aeb13307a71acd8fe81861d94ad54ab689df773318809eed3cbe794b4492dae4,nested,140-byte batch 1,140,1,48521450,47777534,4194400,1.0155704143290443,0.015450439200200514
0,ab,1,qwen-3,aeb13307a71acd8fe81861d94ad54ab689df773318809eed3cbe794b4492dae4,nested,140-byte batch 1,140,1,43285233,42591358,4194400,1.01629145048627,0.016160168734454677
0,ab,2,qwen-3,aeb13307a71acd8fe81861d94ad54ab689df773318809eed3cbe794b4492dae4,nested,140-byte batch 1,140,1,41983409,41268454,4194400,1.017324491971519,0.01717613399371409
0,ab,3,qwen-3,aeb13307a71acd8fe81861d94ad54ab689df773318809eed3cbe794b4492dae4,nested,140-byte batch 1,140,1,44882490,47023119,4194400,0.9544770945542765,-0.046591633428238945
0,ab,4,qwen-3,aeb13307a71acd8fe81861d94ad54ab689df773318809eed3cbe794b4492dae4,nested,140-byte batch 1,140,1,41246217,41644460,4194400,0.9904370713415422,-0.00960894707628352
0,ab,5,qwen-3,aeb13307a71acd8fe81861d94ad54ab689df773318809eed3cbe794b4492dae4,nested,140-byte batch 1,140,1,41150963,39966355,4194400,1.0296401310552339,0.029209353866556848
0,ab,0,qwen-3,aeb13307a71acd8fe81861d94ad54ab689df773318809eed3cbe794b4492dae4,nested,140-byte batch 32,140,32,48769208,47839377,4197760,1.0194365198359503,0.019250043116277687
0,ab,1,qwen-3,aeb13307a71acd8fe81861d94ad54ab689df773318809eed3cbe794b4492dae4,nested,140-byte batch 32,140,32,44714598,44257305,4197760,1.0103325993302124,0.010279582911296822
0,ab,2,qwen-3,aeb13307a71acd8fe81861d94ad54ab689df773318809eed3cbe794b4492dae4,nested,140-byte batch 32,140,32,44102428,42709647,4197760,1.0326104544952104,0.0320900178506747
0,ab,3,qwen-3,aeb13307a71acd8fe81861d94ad54ab689df773318809eed3cbe794b4492dae4,nested,140-byte batch 32,140,32,46663731,48061635,4197760,0.9709143477952841,-0.029517024885087718
0,ab,4,qwen-3,aeb13307a71acd8fe81861d94ad54ab689df773318809eed3cbe794b4492dae4,nested,140-byte batch 32,140,32,44129108,42259907,4197760,1.0442310722548442,0.04328079854722141
0,ab,5,qwen-3,aeb13307a71acd8fe81861d94ad54ab689df773318809eed3cbe794b4492dae4,nested,140-byte batch 32,140,32,42827160,43499666,4197760,0.9845399732494498,-0.015580779137631279
0,ab,0,qwen-3,aeb13307a71acd8fe81861d94ad54ab689df773318809eed3cbe794b4492dae4,nested,140-byte batch 512,140,512,17768110,17451876,4229120,1.0181203441968072,0.017958127444681404
0,ab,1,qwen-3,aeb13307a71acd8fe81861d94ad54ab689df773318809eed3cbe794b4492dae4,nested,140-byte batch 512,140,512,16753385,16384186,4229120,1.0225338628357856,0.022283726074251144
0,ab,2,qwen-3,aeb13307a71acd8fe81861d94ad54ab689df773318809eed3cbe794b4492dae4,nested,140-byte batch 512,140,512,16231901,16201278,4229120,1.0018901595293903,0.0018883754256737082
0,ab,3,qwen-3,aeb13307a71acd8fe81861d94ad54ab689df773318809eed3cbe794b4492dae4,nested,140-byte batch 512,140,512,14595547,14373061,4229120,1.015479374922294,0.015360791563502351
0,ab,4,qwen-3,aeb13307a71acd8fe81861d94ad54ab689df773318809eed3cbe794b4492dae4,nested,140-byte batch 512,140,512,14037475,13819355,4229120,1.0157836599465027,0.01566039335929292
0,ab,5,qwen-3,aeb13307a71acd8fe81861d94ad54ab689df773318809eed3cbe794b4492dae4,nested,140-byte batch 512,140,512,14284460,14560128,4229120,0.9810669246863764,-0.019114600860556268
0,ab,0,qwen-3,aeb13307a71acd8fe81861d94ad54ab689df773318809eed3cbe794b4492dae4,nested,4 KiB single,4096,1,35884669,33619221,4194304,1.0673854995033942,0.06521219994946646
0,ab,1,qwen-3,aeb13307a71acd8fe81861d94ad54ab689df773318809eed3cbe794b4492dae4,nested,4 KiB single,4096,1,34050015,33112177,4194304,1.028323054687706,0.027929373197833868
0,ab,2,qwen-3,aeb13307a71acd8fe81861d94ad54ab689df773318809eed3cbe794b4492dae4,nested,4 KiB single,4096,1,31847807,31532919,4194304,1.0099860085899437,0.009936477875972172
0,ab,3,qwen-3,aeb13307a71acd8fe81861d94ad54ab689df773318809eed3cbe794b4492dae4,nested,4 KiB single,4096,1,31352202,30537181,4194304,1.0266894642305064,0.02633951349016119
0,ab,4,qwen-3,aeb13307a71acd8fe81861d94ad54ab689df773318809eed3cbe794b4492dae4,nested,4 KiB single,4096,1,34135590,32631386,4194304,1.0460968467597422,0.04506594908117132
0,ab,5,qwen-3,aeb13307a71acd8fe81861d94ad54ab689df773318809eed3cbe794b4492dae4,nested,4 KiB single,4096,1,32497521,33526194,4194304,0.9693173343803952,-0.031163234242681095
0,ab,0,qwen-3,aeb13307a71acd8fe81861d94ad54ab689df773318809eed3cbe794b4492dae4,nested,64 KiB single,65536,1,34149950,34555947,4194304,0.9882510237673418,-0.011818540866246313
0,ab,1,qwen-3,aeb13307a71acd8fe81861d94ad54ab689df773318809eed3cbe794b4492dae4,nested,64 KiB single,65536,1,32081857,31486787,4194304,1.0188990385078034,0.01872267034057951
0,ab,2,qwen-3,aeb13307a71acd8fe81861d94ad54ab689df773318809eed3cbe794b4492dae4,nested,64 KiB single,65536,1,31551364,31161411,4194304,1.012513971206246,0.01243631862557402
0,ab,3,qwen-3,aeb13307a71acd8fe81861d94ad54ab689df773318809eed3cbe794b4492dae4,nested,64 KiB single,65536,1,30097374,29802299,4194304,1.0099010817923812,0.009852387237424235
0,ab,4,qwen-3,aeb13307a71acd8fe81861d94ad54ab689df773318809eed3cbe794b4492dae4,nested,64 KiB single,65536,1,31503583,30925897,4194304,1.0186796845375252,0.018507361877996308
0,ab,5,qwen-3,aeb13307a71acd8fe81861d94ad54ab689df773318809eed3cbe794b4492dae4,nested,64 KiB single,65536,1,32533324,30516057,4194304,1.0661051000134125,0.06401191376682012
0,ba,0,deepseek-r1,ecb6f9fc369894346f0511f4074ca75cee5cd5f3b06d02f1ba35fcd39f8e121d,flat-ragged,140-byte batch 1,140,1,57391418,55516405,4194400,1.0337740349001345,0.033216217291174584
0,ba,1,deepseek-r1,ecb6f9fc369894346f0511f4074ca75cee5cd5f3b06d02f1ba35fcd39f8e121d,flat-ragged,140-byte batch 1,140,1,53743519,55190515,4194400,0.9737817992819962,-0.026568025814862645
0,ba,2,deepseek-r1,ecb6f9fc369894346f0511f4074ca75cee5cd5f3b06d02f1ba35fcd39f8e121d,flat-ragged,140-byte batch 1,140,1,50638960,51847581,4194400,0.9766889606672295,-0.023587039277920385
0,ba,3,deepseek-r1,ecb6f9fc369894346f0511f4074ca75cee5cd5f3b06d02f1ba35fcd39f8e121d,flat-ragged,140-byte batch 1,140,1,43411494,44429604,4194400,0.9770848734100803,-0.023181759258949435
0,ba,4,deepseek-r1,ecb6f9fc369894346f0511f4074ca75cee5cd5f3b06d02f1ba35fcd39f8e121d,flat-ragged,140-byte batch 1,140,1,53721155,54644054,4194400,0.9831107150285738,-0.01703353544317005
0,ba,5,deepseek-r1,ecb6f9fc369894346f0511f4074ca75cee5cd5f3b06d02f1ba35fcd39f8e121d,flat-ragged,140-byte batch 1,140,1,50378825,50661292,4194400,0.9944244019674824,-0.005591199698666056
0,ba,0,deepseek-r1,ecb6f9fc369894346f0511f4074ca75cee5cd5f3b06d02f1ba35fcd39f8e121d,flat-ragged,140-byte batch 32,140,32,50395750,50513252,4197760,0.9976738381444933,-0.0023288715729722475
0,ba,1,deepseek-r1,ecb6f9fc369894346f0511f4074ca75cee5cd5f3b06d02f1ba35fcd39f8e121d,flat-ragged,140-byte batch 32,140,32,50132600,50263069,4197760,0.9974042770846324,-0.002599097645268406
0,ba,2,deepseek-r1,ecb6f9fc369894346f0511f4074ca75cee5cd5f3b06d02f1ba35fcd39f8e121d,flat-ragged,140-byte batch 32,140,32,46989256,48520168,4197760,0.968447924582619,-0.03206056672616193
0,ba,3,deepseek-r1,ecb6f9fc369894346f0511f4074ca75cee5cd5f3b06d02f1ba35fcd39f8e121d,flat-ragged,140-byte batch 32,140,32,39611961,40558344,4197760,0.9766661331143106,-0.02361041193862365
0,ba,4,deepseek-r1,ecb6f9fc369894346f0511f4074ca75cee5cd5f3b06d02f1ba35fcd39f8e121d,flat-ragged,140-byte batch 32,140,32,52919813,50871697,4197760,1.0402604222147336,0.03947108778264309
0,ba,5,deepseek-r1,ecb6f9fc369894346f0511f4074ca75cee5cd5f3b06d02f1ba35fcd39f8e121d,flat-ragged,140-byte batch 32,140,32,46237475,46957827,4197760,0.9846595967909674,-0.01545928455324813
0,ba,0,deepseek-r1,ecb6f9fc369894346f0511f4074ca75cee5cd5f3b06d02f1ba35fcd39f8e121d,flat-ragged,140-byte batch 512,140,512,17197808,16427518,4229120,1.04689022407402,0.045824078324618524
0,ba,1,deepseek-r1,ecb6f9fc369894346f0511f4074ca75cee5cd5f3b06d02f1ba35fcd39f8e121d,flat-ragged,140-byte batch 512,140,512,16871156,16254096,4229120,1.0379633539755149,0.03726047966529196
0,ba,2,deepseek-r1,ecb6f9fc369894346f0511f4074ca75cee5cd5f3b06d02f1ba35fcd39f8e121d,flat-ragged,140-byte batch 512,140,512,16019359,15610178,4229120,1.0262124493391427,0.02587479094614128
0,ba,3,deepseek-r1,ecb6f9fc369894346f0511f4074ca75cee5cd5f3b06d02f1ba35fcd39f8e121d,flat-ragged,140-byte batch 512,140,512,14969779,14175400,4229120,1.05603926520592,0.054525367552952175
0,ba,4,deepseek-r1,ecb6f9fc369894346f0511f4074ca75cee5cd5f3b06d02f1ba35fcd39f8e121d,flat-ragged,140-byte batch 512,140,512,14177802,13058783,4229120,1.0856909100947616,0.08221656782931705
0,ba,5,deepseek-r1,ecb6f9fc369894346f0511f4074ca75cee5cd5f3b06d02f1ba35fcd39f8e121d,flat-ragged,140-byte batch 512,140,512,14044907,13730394,4229120,1.0229063346616274,0.022647923307115278
0,ba,0,deepseek-r1,ecb6f9fc369894346f0511f4074ca75cee5cd5f3b06d02f1ba35fcd39f8e121d,flat-ragged,4 KiB single,4096,1,39424662,41643782,4194304,0.9467118524441416,-0.054760506179025545
0,ba,1,deepseek-r1,ecb6f9fc369894346f0511f4074ca75cee5cd5f3b06d02f1ba35fcd39f8e121d,flat-ragged,4 KiB single,4096,1,43350488,43367698,4194304,0.999603160859495,-0.00039691790199453635
0,ba,2,deepseek-r1,ecb6f9fc369894346f0511f4074ca75cee5cd5f3b06d02f1ba35fcd39f8e121d,flat-ragged,4 KiB single,4096,1,39177218,40097036,4194304,0.9770601996616408,-0.02320701198842262
0,ba,3,deepseek-r1,ecb6f9fc369894346f0511f4074ca75cee5cd5f3b06d02f1ba35fcd39f8e121d,flat-ragged,4 KiB single,4096,1,38724152,38485387,4194304,1.0062040431086219,0.0061848772628160615
0,ba,4,deepseek-r1,ecb6f9fc369894346f0511f4074ca75cee5cd5f3b06d02f1ba35fcd39f8e121d,flat-ragged,4 KiB single,4096,1,38035726,39703590,4194304,0.9579921110408404,-0.0429157358668526
0,ba,5,deepseek-r1,ecb6f9fc369894346f0511f4074ca75cee5cd5f3b06d02f1ba35fcd39f8e121d,flat-ragged,4 KiB single,4096,1,41386601,42664672,4194304,0.9700438104856403,-0.030414043055523067
0,ba,0,deepseek-r1,ecb6f9fc369894346f0511f4074ca75cee5cd5f3b06d02f1ba35fcd39f8e121d,flat-ragged,64 KiB single,65536,1,36430956,36770331,4194304,0.9907704121564748,-0.00927244439208263
0,ba,1,deepseek-r1,ecb6f9fc369894346f0511f4074ca75cee5cd5f3b06d02f1ba35fcd39f8e121d,flat-ragged,64 KiB single,65536,1,37429998,38081750,4194304,0.982885450379775,-0.01726269626631725
0,ba,2,deepseek-r1,ecb6f9fc369894346f0511f4074ca75cee5cd5f3b06d02f1ba35fcd39f8e121d,flat-ragged,64 KiB single,65536,1,35665016,35007098,4194304,1.018793845750939,0.018619423420721707
0,ba,3,deepseek-r1,ecb6f9fc369894346f0511f4074ca75cee5cd5f3b06d02f1ba35fcd39f8e121d,flat-ragged,64 KiB single,65536,1,36675359,35645970,4194304,1.0288781312445698,0.02846901567337792
0,ba,4,deepseek-r1,ecb6f9fc369894346f0511f4074ca75cee5cd5f3b06d02f1ba35fcd39f8e121d,flat-ragged,64 KiB single,65536,1,35886192,35226634,4194304,1.018723276257391,0.018550153334287736
0,ba,5,deepseek-r1,ecb6f9fc369894346f0511f4074ca75cee5cd5f3b06d02f1ba35fcd39f8e121d,flat-ragged,64 KiB single,65536,1,37114133,39275872,4194304,0.944960127174261,-0.05661254584495408
0,ba,0,deepseek-r1,ecb6f9fc369894346f0511f4074ca75cee5cd5f3b06d02f1ba35fcd39f8e121d,nested,140-byte batch 1,140,1,55873788,57143327,4194400,0.9777832501772254,-0.022467259095558075
0,ba,1,deepseek-r1,ecb6f9fc369894346f0511f4074ca75cee5cd5f3b06d02f1ba35fcd39f8e121d,nested,140-byte batch 1,140,1,52195651,53923422,4194400,0.9679588027629256,-0.0325657517404346
0,ba,2,deepseek-r1,ecb6f9fc369894346f0511f4074ca75cee5cd5f3b06d02f1ba35fcd39f8e121d,nested,140-byte batch 1,140,1,50750362,52324326,4194400,0.9699190774096164,-0.030542636315707656
0,ba,3,deepseek-r1,ecb6f9fc369894346f0511f4074ca75cee5cd5f3b06d02f1ba35fcd39f8e121d,nested,140-byte batch 1,140,1,42987385,45243016,4194400,0.9501441062196208,-0.051141615133934615
0,ba,4,deepseek-r1,ecb6f9fc369894346f0511f4074ca75cee5cd5f3b06d02f1ba35fcd39f8e121d,nested,140-byte batch 1,140,1,52673113,54768275,4194400,0.9617449700579396,-0.03900596735255422
0,ba,5,deepseek-r1,ecb6f9fc369894346f0511f4074ca75cee5cd5f3b06d02f1ba35fcd39f8e121d,nested,140-byte batch 1,140,1,49968173,51755786,4194400,0.9654606153599908,-0.03514996990830577
0,ba,0,deepseek-r1,ecb6f9fc369894346f0511f4074ca75cee5cd5f3b06d02f1ba35fcd39f8e121d,nested,140-byte batch 32,140,32,59984579,61530303,4197760,0.9748786545062195,-0.02544227264639257
0,ba,1,deepseek-r1,ecb6f9fc369894346f0511f4074ca75cee5cd5f3b06d02f1ba35fcd39f8e121d,nested,140-byte batch 32,140,32,55771692,55840770,4197760,0.9987629468576454,-0.0012378189242001046
0,ba,2,deepseek-r1,ecb6f9fc369894346f0511f4074ca75cee5cd5f3b06d02f1ba35fcd39f8e121d,nested,140-byte batch 32,140,32,53061142,53910876,4197760,0.9842381711623458,-0.015887367353601287
0,ba,3,deepseek-r1,ecb6f9fc369894346f0511f4074ca75cee5cd5f3b06d02f1ba35fcd39f8e121d,nested,140-byte batch 32,140,32,45552128,46280983,4197760,0.9842515229203321,-0.015873801869335177
0,ba,4,deepseek-r1,ecb6f9fc369894346f0511f4074ca75cee5cd5f3b06d02f1ba35fcd39f8e121d,nested,140-byte batch 32,140,32,54977010,55497215,4197760,0.9906264665713406,-0.00941774146702287
0,ba,5,deepseek-r1,ecb6f9fc369894346f0511f4074ca75cee5cd5f3b06d02f1ba35fcd39f8e121d,nested,140-byte batch 32,140,32,52712934,53024349,4197760,0.9941269434538461,-0.005890370767635236
0,ba,0,deepseek-r1,ecb6f9fc369894346f0511f4074ca75cee5cd5f3b06d02f1ba35fcd39f8e121d,nested,140-byte batch 512,140,512,19704695,18982105,4229120,1.0380669056461336,0.0373602389729655
0,ba,1,deepseek-r1,ecb6f9fc369894346f0511f4074ca75cee5cd5f3b06d02f1ba35fcd39f8e121d,nested,140-byte batch 512,140,512,19238693,18204971,4229120,1.0567824030041026,0.05522882288002413
0,ba,2,deepseek-r1,ecb6f9fc369894346f0511f4074ca75cee5cd5f3b06d02f1ba35fcd39f8e121d,nested,140-byte batch 512,140,512,18564180,17903137,4229120,1.0369233056754243,0.03625796862946314
0,ba,3,deepseek-r1,ecb6f9fc369894346f0511f4074ca75cee5cd5f3b06d02f1ba35fcd39f8e121d,nested,140-byte batch 512,140,512,17056255,16670191,4229120,1.0231589428099535,0.022894844216619865
0,ba,4,deepseek-r1,ecb6f9fc369894346f0511f4074ca75cee5cd5f3b06d02f1ba35fcd39f8e121d,nested,140-byte batch 512,140,512,16433905,15783689,4229120,1.0411954391650773,0.04036951376475059
0,ba,5,deepseek-r1,ecb6f9fc369894346f0511f4074ca75cee5cd5f3b06d02f1ba35fcd39f8e121d,nested,140-byte batch 512,140,512,17023990,15809579,4229120,1.0768148854564692,0.0740075036022188
0,ba,0,deepseek-r1,ecb6f9fc369894346f0511f4074ca75cee5cd5f3b06d02f1ba35fcd39f8e121d,nested,4 KiB single,4096,1,41526632,41013392,4194304,1.0125139612934233,0.012436308835266809
0,ba,1,deepseek-r1,ecb6f9fc369894346f0511f4074ca75cee5cd5f3b06d02f1ba35fcd39f8e121d,nested,4 KiB single,4096,1,41423187,40547303,4194304,1.0216015353721553,0.021371528644377188
0,ba,2,deepseek-r1,ecb6f9fc369894346f0511f4074ca75cee5cd5f3b06d02f1ba35fcd39f8e121d,nested,4 KiB single,4096,1,39783308,39017631,4194304,1.0196238720900304,0.019433806437216237
0,ba,3,deepseek-r1,ecb6f9fc369894346f0511f4074ca75cee5cd5f3b06d02f1ba35fcd39f8e121d,nested,4 KiB single,4096,1,38661444,38333500,4194304,1.0085550236738101,0.008518636838327962
0,ba,4,deepseek-r1,ecb6f9fc369894346f0511f4074ca75cee5cd5f3b06d02f1ba35fcd39f8e121d,nested,4 KiB single,4096,1,39306682,38572748,4194304,1.0190272676450223,0.018848513102411438
0,ba,5,deepseek-r1,ecb6f9fc369894346f0511f4074ca75cee5cd5f3b06d02f1ba35fcd39f8e121d,nested,4 KiB single,4096,1,43091630,40764149,4194304,1.0570962734926712,0.05552578456885228
0,ba,0,deepseek-r1,ecb6f9fc369894346f0511f4074ca75cee5cd5f3b06d02f1ba35fcd39f8e121d,nested,64 KiB single,65536,1,38221526,38962728,4194304,0.9809766400340346,-0.019206632101889404
0,ba,1,deepseek-r1,ecb6f9fc369894346f0511f4074ca75cee5cd5f3b06d02f1ba35fcd39f8e121d,nested,64 KiB single,65536,1,38850502,39539457,4194304,0.9825755067905966,-0.0175780864963973
0,ba,2,deepseek-r1,ecb6f9fc369894346f0511f4074ca75cee5cd5f3b06d02f1ba35fcd39f8e121d,nested,64 KiB single,65536,1,39467578,39292431,4194304,1.0044575251655974,0.004447619824925083
0,ba,3,deepseek-r1,ecb6f9fc369894346f0511f4074ca75cee5cd5f3b06d02f1ba35fcd39f8e121d,nested,64 KiB single,65536,1,38099641,37623462,4194304,1.0126564376239486,0.012577014358946753
0,ba,4,deepseek-r1,ecb6f9fc369894346f0511f4074ca75cee5cd5f3b06d02f1ba35fcd39f8e121d,nested,64 KiB single,65536,1,37168911,35856900,4194304,1.036590196029216,0.03593666891398015
0,ba,5,deepseek-r1,ecb6f9fc369894346f0511f4074ca75cee5cd5f3b06d02f1ba35fcd39f8e121d,nested,64 KiB single,65536,1,36950879,37304178,4194304,0.9905292377706325,-0.009515895085714253
0,ba,0,gemma-3,4667f2089529e8e7657cfb6d1c19910ae71ff5f28aa7ab2ff2763330affad795,flat-ragged,140-byte batch 1,140,1,254220665,247809318,4194400,1.0258720981589562,0.02554307831400604
0,ba,1,gemma-3,4667f2089529e8e7657cfb6d1c19910ae71ff5f28aa7ab2ff2763330affad795,flat-ragged,140-byte batch 1,140,1,224834072,237255009,4194400,0.9476473139498606,-0.05377287764653568
0,ba,2,gemma-3,4667f2089529e8e7657cfb6d1c19910ae71ff5f28aa7ab2ff2763330affad795,flat-ragged,140-byte batch 1,140,1,217709762,234658829,4194400,0.9277714498438923,-0.07496985902425644
0,ba,3,gemma-3,4667f2089529e8e7657cfb6d1c19910ae71ff5f28aa7ab2ff2763330affad795,flat-ragged,140-byte batch 1,140,1,181692813,188635111,4194400,0.9631972119972936,-0.037497098952851846
0,ba,4,gemma-3,4667f2089529e8e7657cfb6d1c19910ae71ff5f28aa7ab2ff2763330affad795,flat-ragged,140-byte batch 1,140,1,177798216,189245334,4194400,0.9395117556768929,-0.06239494751196356
0,ba,5,gemma-3,4667f2089529e8e7657cfb6d1c19910ae71ff5f28aa7ab2ff2763330affad795,flat-ragged,140-byte batch 1,140,1,183474093,189636134,4194400,0.9675059764717625,-0.03303367686548332
0,ba,0,gemma-3,4667f2089529e8e7657cfb6d1c19910ae71ff5f28aa7ab2ff2763330affad795,flat-ragged,140-byte batch 32,140,32,92407165,93512281,4197760,0.9881821297889205,-0.011888256331527987
0,ba,1,gemma-3,4667f2089529e8e7657cfb6d1c19910ae71ff5f28aa7ab2ff2763330affad795,flat-ragged,140-byte batch 32,140,32,83097069,84044558,4197760,0.9887263491825372,-0.011337680102882868
0,ba,2,gemma-3,4667f2089529e8e7657cfb6d1c19910ae71ff5f28aa7ab2ff2763330affad795,flat-ragged,140-byte batch 32,140,32,79519505,81513750,4197760,0.9755348637499809,-0.024769380193198114
0,ba,3,gemma-3,4667f2089529e8e7657cfb6d1c19910ae71ff5f28aa7ab2ff2763330affad795,flat-ragged,140-byte batch 32,140,32,68847946,69538330,4197760,0.9900718927244874,-0.0099777195765035
0,ba,4,gemma-3,4667f2089529e8e7657cfb6d1c19910ae71ff5f28aa7ab2ff2763330affad795,flat-ragged,140-byte batch 32,140,32,71188218,73338308,4197760,0.9706825796962755,-0.029755764550182744
0,ba,5,gemma-3,4667f2089529e8e7657cfb6d1c19910ae71ff5f28aa7ab2ff2763330affad795,flat-ragged,140-byte batch 32,140,32,74314081,75127472,4197760,0.9891731882047089,-0.010885848226362108
0,ba,0,gemma-3,4667f2089529e8e7657cfb6d1c19910ae71ff5f28aa7ab2ff2763330affad795,flat-ragged,140-byte batch 512,140,512,71946581,72425188,4229120,0.9933917051067924,-0.006630226346977279
0,ba,1,gemma-3,4667f2089529e8e7657cfb6d1c19910ae71ff5f28aa7ab2ff2763330affad795,flat-ragged,140-byte batch 512,140,512,67764695,67888782,4229120,0.9981722017048413,-0.0018294707567215378
0,ba,2,gemma-3,4667f2089529e8e7657cfb6d1c19910ae71ff5f28aa7ab2ff2763330affad795,flat-ragged,140-byte batch 512,140,512,66098495,65537577,4229120,1.0085587234938516,0.008522305268079776
0,ba,3,gemma-3,4667f2089529e8e7657cfb6d1c19910ae71ff5f28aa7ab2ff2763330affad795,flat-ragged,140-byte batch 512,140,512,53169646,53376979,4229120,0.9961156850034544,-0.0038918785405197324
0,ba,4,gemma-3,4667f2089529e8e7657cfb6d1c19910ae71ff5f28aa7ab2ff2763330affad795,flat-ragged,140-byte batch 512,140,512,52713208,53579762,4229120,0.9838268411867899,-0.01630537181886454
0,ba,5,gemma-3,4667f2089529e8e7657cfb6d1c19910ae71ff5f28aa7ab2ff2763330affad795,flat-ragged,140-byte batch 512,140,512,55211298,55429335,4229120,0.9960663969719283,-0.003941359993025544
0,ba,0,gemma-3,4667f2089529e8e7657cfb6d1c19910ae71ff5f28aa7ab2ff2763330affad795,flat-ragged,4 KiB single,4096,1,184357244,183151586,4194304,1.0065828422583247,0.006561269971779757
0,ba,1,gemma-3,4667f2089529e8e7657cfb6d1c19910ae71ff5f28aa7ab2ff2763330affad795,flat-ragged,4 KiB single,4096,1,186313416,185831562,4194304,1.002592961038556,0.0025896051150164625
0,ba,2,gemma-3,4667f2089529e8e7657cfb6d1c19910ae71ff5f28aa7ab2ff2763330affad795,flat-ragged,4 KiB single,4096,1,169237075,173958262,4194304,0.9728602312662793,-0.027514854322726406
0,ba,3,gemma-3,4667f2089529e8e7657cfb6d1c19910ae71ff5f28aa7ab2ff2763330affad795,flat-ragged,4 KiB single,4096,1,171377822,169545861,4194304,1.010805106000199,0.01074714796374097
0,ba,4,gemma-3,4667f2089529e8e7657cfb6d1c19910ae71ff5f28aa7ab2ff2763330affad795,flat-ragged,4 KiB single,4096,1,191736470,186003173,4194304,1.0308236515943736,0.03035814442455192
0,ba,5,gemma-3,4667f2089529e8e7657cfb6d1c19910ae71ff5f28aa7ab2ff2763330affad795,flat-ragged,4 KiB single,4096,1,170475463,172718934,4194304,0.9870108566093859,-0.013074240004909615
0,ba,0,gemma-3,4667f2089529e8e7657cfb6d1c19910ae71ff5f28aa7ab2ff2763330affad795,flat-ragged,64 KiB single,65536,1,99440557,100319271,4194304,0.9912408255040052,-0.008797761557369135
0,ba,1,gemma-3,4667f2089529e8e7657cfb6d1c19910ae71ff5f28aa7ab2ff2763330affad795,flat-ragged,64 KiB single,65536,1,98467072,98185822,4194304,1.0028644665214494,0.002860371754907256
0,ba,2,gemma-3,4667f2089529e8e7657cfb6d1c19910ae71ff5f28aa7ab2ff2763330affad795,flat-ragged,64 KiB single,65536,1,89627410,91776852,4194304,0.9765796935375382,-0.023698920589863986
0,ba,3,gemma-3,4667f2089529e8e7657cfb6d1c19910ae71ff5f28aa7ab2ff2763330affad795,flat-ragged,64 KiB single,65536,1,92655489,92119608,4194304,1.0058172305726703,0.005800375820632526
0,ba,4,gemma-3,4667f2089529e8e7657cfb6d1c19910ae71ff5f28aa7ab2ff2763330affad795,flat-ragged,64 KiB single,65536,1,95326413,94186512,4194304,1.0121025927788896,0.012029941990772527
0,ba,5,gemma-3,4667f2089529e8e7657cfb6d1c19910ae71ff5f28aa7ab2ff2763330affad795,flat-ragged,64 KiB single,65536,1,103377875,201876642,4194304,0.512084379727299,-0.6692658633664612
0,ba,0,gemma-3,4667f2089529e8e7657cfb6d1c19910ae71ff5f28aa7ab2ff2763330affad795,nested,140-byte batch 1,140,1,258096111,261539478,4194400,0.9868342361683539,-0.01325320079788136
0,ba,1,gemma-3,4667f2089529e8e7657cfb6d1c19910ae71ff5f28aa7ab2ff2763330affad795,nested,140-byte batch 1,140,1,239402618,236956034,4194400,1.0103250546470575,0.010272115359195576
0,ba,2,gemma-3,4667f2089529e8e7657cfb6d1c19910ae71ff5f28aa7ab2ff2763330affad795,nested,140-byte batch 1,140,1,235009346,223122016,4194400,1.0532772615320938,0.051906504791103605
0,ba,3,gemma-3,4667f2089529e8e7657cfb6d1c19910ae71ff5f28aa7ab2ff2763330affad795,nested,140-byte batch 1,140,1,182899968,174224031,4194400,1.0497975907812624,0.04859737490226348
0,ba,4,gemma-3,4667f2089529e8e7657cfb6d1c19910ae71ff5f28aa7ab2ff2763330affad795,nested,140-byte batch 1,140,1,185107459,184228237,4194400,1.0047724605864843,0.004761108500387196
0,ba,5,gemma-3,4667f2089529e8e7657cfb6d1c19910ae71ff5f28aa7ab2ff2763330affad795,nested,140-byte batch 1,140,1,186902105,182095666,4194400,1.0263951312273407,0.026052790764918093
0,ba,0,gemma-3,4667f2089529e8e7657cfb6d1c19910ae71ff5f28aa7ab2ff2763330affad795,nested,140-byte batch 32,140,32,58721490,60463987,4197760,0.971181242149976,-0.029242172959411224
0,ba,1,gemma-3,4667f2089529e8e7657cfb6d1c19910ae71ff5f28aa7ab2ff2763330affad795,nested,140-byte batch 32,140,32,58352328,59069276,4197760,0.9878625903591572,-0.012211669490441241
0,ba,2,gemma-3,4667f2089529e8e7657cfb6d1c19910ae71ff5f28aa7ab2ff2763330affad795,nested,140-byte batch 32,140,32,56853810,58896551,4197760,0.9653164580044764,-0.03529929564639432
0,ba,3,gemma-3,4667f2089529e8e7657cfb6d1c19910ae71ff5f28aa7ab2ff2763330affad795,nested,140-byte batch 32,140,32,56831562,57515069,4197760,0.9881160361643659,-0.011955142619961416
0,ba,4,gemma-3,4667f2089529e8e7657cfb6d1c19910ae71ff5f28aa7ab2ff2763330affad795,nested,140-byte batch 32,140,32,55297439,56307418,4197760,0.9820631270998788,-0.018099688478050338
0,ba,5,gemma-3,4667f2089529e8e7657cfb6d1c19910ae71ff5f28aa7ab2ff2763330affad795,nested,140-byte batch 32,140,32,56871086,56588324,4197760,1.0049968258469715,0.0049843831448290275
0,ba,0,gemma-3,4667f2089529e8e7657cfb6d1c19910ae71ff5f28aa7ab2ff2763330affad795,nested,140-byte batch 512,140,512,45378124,45595751,4229120,0.9952270333259781,-0.004784393654354318
0,ba,1,gemma-3,4667f2089529e8e7657cfb6d1c19910ae71ff5f28aa7ab2ff2763330affad795,nested,140-byte batch 512,140,512,45388005,45083090,4229120,1.0067634006453416,0.006740631458297414
0,ba,2,gemma-3,4667f2089529e8e7657cfb6d1c19910ae71ff5f28aa7ab2ff2763330affad795,nested,140-byte batch 512,140,512,44210189,43639400,4229120,1.0130796711228844,0.012994870863815807
0,ba,3,gemma-3,4667f2089529e8e7657cfb6d1c19910ae71ff5f28aa7ab2ff2763330affad795,nested,140-byte batch 512,140,512,43885809,44087737,4229120,0.9954198601756311,-0.00459066080209847
0,ba,4,gemma-3,4667f2089529e8e7657cfb6d1c19910ae71ff5f28aa7ab2ff2763330affad795,nested,140-byte batch 512,140,512,42081178,43469455,4229120,0.9680631606722467,-0.03245794520580513
0,ba,5,gemma-3,4667f2089529e8e7657cfb6d1c19910ae71ff5f28aa7ab2ff2763330affad795,nested,140-byte batch 512,140,512,43891124,43986615,4229120,0.9978290895991883,-0.0021732702427514424
0,ba,0,gemma-3,4667f2089529e8e7657cfb6d1c19910ae71ff5f28aa7ab2ff2763330affad795,nested,4 KiB single,4096,1,158107098,160260846,4194304,0.9865609844590487,-0.013530136414422127
0,ba,1,gemma-3,4667f2089529e8e7657cfb6d1c19910ae71ff5f28aa7ab2ff2763330affad795,nested,4 KiB single,4096,1,156352474,153123268,4194304,1.0210889307822244,0.020869637037024543
0,ba,2,gemma-3,4667f2089529e8e7657cfb6d1c19910ae71ff5f28aa7ab2ff2763330affad795,nested,4 KiB single,4096,1,157054033,157163016,4194304,0.9993065607750872,-0.0006936797650985806
0,ba,3,gemma-3,4667f2089529e8e7657cfb6d1c19910ae71ff5f28aa7ab2ff2763330affad795,nested,4 KiB single,4096,1,155140693,157254288,4194304,0.9865593808163756,-0.013531761903369808
0,ba,4,gemma-3,4667f2089529e8e7657cfb6d1c19910ae71ff5f28aa7ab2ff2763330affad795,nested,4 KiB single,4096,1,157926564,155823519,4194304,1.0134963259301055,0.013406061772715914
0,ba,5,gemma-3,4667f2089529e8e7657cfb6d1c19910ae71ff5f28aa7ab2ff2763330affad795,nested,4 KiB single,4096,1,151747389,153909082,4194304,0.9859547404746395,-0.014144827588575859
0,ba,0,gemma-3,4667f2089529e8e7657cfb6d1c19910ae71ff5f28aa7ab2ff2763330affad795,nested,64 KiB single,65536,1,85669690,87855099,4194304,0.9751248473352696,-0.025189767632811076
0,ba,1,gemma-3,4667f2089529e8e7657cfb6d1c19910ae71ff5f28aa7ab2ff2763330affad795,nested,64 KiB single,65536,1,85574011,83840782,4194304,1.0206728629988209,0.020462079416512687
0,ba,2,gemma-3,4667f2089529e8e7657cfb6d1c19910ae71ff5f28aa7ab2ff2763330affad795,nested,64 KiB single,65536,1,87736588,88675635,4194304,0.9894103154716626,-0.01064615425575294
0,ba,3,gemma-3,4667f2089529e8e7657cfb6d1c19910ae71ff5f28aa7ab2ff2763330affad795,nested,64 KiB single,65536,1,103988068,103829229,4194304,1.0015298100691858,0.0015286411018087995
0,ba,4,gemma-3,4667f2089529e8e7657cfb6d1c19910ae71ff5f28aa7ab2ff2763330affad795,nested,64 KiB single,65536,1,111016307,111413431,4194304,0.9964355823491334,-0.003570785323327322
0,ba,5,gemma-3,4667f2089529e8e7657cfb6d1c19910ae71ff5f28aa7ab2ff2763330affad795,nested,64 KiB single,65536,1,90177204,89774924,4194304,1.0044809840217743,0.004470974303990243
0,ba,0,glm-4-7,9340665016419c825c4bdabbcc9acc43b7ca2c68ce142724afa829abb1be5efd,flat-ragged,140-byte batch 1,140,1,68722355,63561962,4194400,1.081186811067915,0.0780593369254018
0,ba,1,glm-4-7,9340665016419c825c4bdabbcc9acc43b7ca2c68ce142724afa829abb1be5efd,flat-ragged,140-byte batch 1,140,1,62316050,61487127,4194400,1.0134812446188939,0.013391181182588975
0,ba,2,glm-4-7,9340665016419c825c4bdabbcc9acc43b7ca2c68ce142724afa829abb1be5efd,flat-ragged,140-byte batch 1,140,1,57915398,58069694,4194400,0.9973429169439054,-0.0026606193668479994
0,ba,3,glm-4-7,9340665016419c825c4bdabbcc9acc43b7ca2c68ce142724afa829abb1be5efd,flat-ragged,140-byte batch 1,140,1,66256182,64431213,4194400,1.0283242999010433,0.027930584113584254
0,ba,4,glm-4-7,9340665016419c825c4bdabbcc9acc43b7ca2c68ce142724afa829abb1be5efd,flat-ragged,140-byte batch 1,140,1,58620689,57557528,4194400,1.01847127625078,0.018302754275041137
0,ba,5,glm-4-7,9340665016419c825c4bdabbcc9acc43b7ca2c68ce142724afa829abb1be5efd,flat-ragged,140-byte batch 1,140,1,57094841,54726512,4194400,1.043275716164772,0.0423654902358225
0,ba,0,glm-4-7,9340665016419c825c4bdabbcc9acc43b7ca2c68ce142724afa829abb1be5efd,flat-ragged,140-byte batch 32,140,32,59088366,64744955,4197760,0.9126327448988111,-0.09142173024407585
0,ba,1,glm-4-7,9340665016419c825c4bdabbcc9acc43b7ca2c68ce142724afa829abb1be5efd,flat-ragged,140-byte batch 32,140,32,58990045,60731337,4197760,0.9713279488643565,-0.029091124289641206
0,ba,2,glm-4-7,9340665016419c825c4bdabbcc9acc43b7ca2c68ce142724afa829abb1be5efd,flat-ragged,140-byte batch 32,140,32,56794366,57729612,4197760,0.9837995446773486,-0.016333117441345593
0,ba,3,glm-4-7,9340665016419c825c4bdabbcc9acc43b7ca2c68ce142724afa829abb1be5efd,flat-ragged,140-byte batch 32,140,32,62463620,64039473,4197760,0.9753924739511832,-0.024915351594899087
0,ba,4,glm-4-7,9340665016419c825c4bdabbcc9acc43b7ca2c68ce142724afa829abb1be5efd,flat-ragged,140-byte batch 32,140,32,57663950,58007393,4197760,0.9940793236475909,-0.0059382730472450455
0,ba,5,glm-4-7,9340665016419c825c4bdabbcc9acc43b7ca2c68ce142724afa829abb1be5efd,flat-ragged,140-byte batch 32,140,32,52472414,54276930,4197760,0.9667535359866521,-0.033811690899503755
0,ba,0,glm-4-7,9340665016419c825c4bdabbcc9acc43b7ca2c68ce142724afa829abb1be5efd,flat-ragged,140-byte batch 512,140,512,20010255,19785032,4229120,1.0113835044593307,0.011319199919639695
0,ba,1,glm-4-7,9340665016419c825c4bdabbcc9acc43b7ca2c68ce142724afa829abb1be5efd,flat-ragged,140-byte batch 512,140,512,19838017,19172598,4229120,1.0347067726554324,0.034118075133036954
0,ba,2,glm-4-7,9340665016419c825c4bdabbcc9acc43b7ca2c68ce142724afa829abb1be5efd,flat-ragged,140-byte batch 512,140,512,19043380,18517818,4229120,1.0283814216124167,0.027986130914267097
0,ba,3,glm-4-7,9340665016419c825c4bdabbcc9acc43b7ca2c68ce142724afa829abb1be5efd,flat-ragged,140-byte batch 512,140,512,16333453,16261678,4229120,1.004413751151634,0.004404039119196083
0,ba,4,glm-4-7,9340665016419c825c4bdabbcc9acc43b7ca2c68ce142724afa829abb1be5efd,flat-ragged,140-byte batch 512,140,512,15841951,15881212,4229120,0.997527833517996,-0.0024752273312212236
0,ba,5,glm-4-7,9340665016419c825c4bdabbcc9acc43b7ca2c68ce142724afa829abb1be5efd,flat-ragged,140-byte batch 512,140,512,15771622,15573429,4229120,1.0127263558975996,0.01264605639278096
0,ba,0,glm-4-7,9340665016419c825c4bdabbcc9acc43b7ca2c68ce142724afa829abb1be5efd,flat-ragged,4 KiB single,4096,1,51488450,47086370,4194304,1.0934894747673265,0.08937393581842766
0,ba,1,glm-4-7,9340665016419c825c4bdabbcc9acc43b7ca2c68ce142724afa829abb1be5efd,flat-ragged,4 KiB single,4096,1,48658536,46706557,4194304,1.0417923975856322,0.04094268891860015
0,ba,2,glm-4-7,9340665016419c825c4bdabbcc9acc43b7ca2c68ce142724afa829abb1be5efd,flat-ragged,4 KiB single,4096,1,42286597,44059995,4194304,0.9597503812699025,-0.04108204784170738
0,ba,3,glm-4-7,9340665016419c825c4bdabbcc9acc43b7ca2c68ce142724afa829abb1be5efd,flat-ragged,4 KiB single,4096,1,44045106,42702200,4194304,1.031448168946799,0.030963804032849394
0,ba,4,glm-4-7,9340665016419c825c4bdabbcc9acc43b7ca2c68ce142724afa829abb1be5efd,flat-ragged,4 KiB single,4096,1,49519773,49436688,4194304,1.0016806344308502,0.0016792237451485998
0,ba,5,glm-4-7,9340665016419c825c4bdabbcc9acc43b7ca2c68ce142724afa829abb1be5efd,flat-ragged,4 KiB single,4096,1,49110135,47113020,4194304,1.0423898743914102,0.04151603303555037
0,ba,0,glm-4-7,9340665016419c825c4bdabbcc9acc43b7ca2c68ce142724afa829abb1be5efd,flat-ragged,64 KiB single,65536,1,19890680,19181028,4194304,1.0369975999200878,0.03632961479928068
0,ba,1,glm-4-7,9340665016419c825c4bdabbcc9acc43b7ca2c68ce142724afa829abb1be5efd,flat-ragged,64 KiB single,65536,1,19178467,18643602,4194304,1.028688930390168,0.02828510832137675
0,ba,2,glm-4-7,9340665016419c825c4bdabbcc9acc43b7ca2c68ce142724afa829abb1be5efd,flat-ragged,64 KiB single,65536,1,18156830,18084409,4194304,1.0040046097165796,0.003996612610172099
0,ba,3,glm-4-7,9340665016419c825c4bdabbcc9acc43b7ca2c68ce142724afa829abb1be5efd,flat-ragged,64 KiB single,65536,1,19311322,18157833,4194304,1.0635256971467906,0.06158951817469263
0,ba,4,glm-4-7,9340665016419c825c4bdabbcc9acc43b7ca2c68ce142724afa829abb1be5efd,flat-ragged,64 KiB single,65536,1,18138460,17384813,4194304,1.0433508833255785,0.04243753682130859
0,ba,5,glm-4-7,9340665016419c825c4bdabbcc9acc43b7ca2c68ce142724afa829abb1be5efd,flat-ragged,64 KiB single,65536,1,18354069,17931735,4194304,1.0235523221818748,0.02327924565466719
0,ba,0,glm-4-7,9340665016419c825c4bdabbcc9acc43b7ca2c68ce142724afa829abb1be5efd,nested,140-byte batch 1,140,1,66326071,65842766,4194400,1.0073402900479607,0.007313481228704509
0,ba,1,glm-4-7,9340665016419c825c4bdabbcc9acc43b7ca2c68ce142724afa829abb1be5efd,nested,140-byte batch 1,140,1,62262242,61493959,4194400,1.0124936337242492,0.0124162322990357
0,ba,2,glm-4-7,9340665016419c825c4bdabbcc9acc43b7ca2c68ce142724afa829abb1be5efd,nested,140-byte batch 1,140,1,58698078,60043970,4194400,0.9775848932040969,-0.0226701436260035
0,ba,3,glm-4-7,9340665016419c825c4bdabbcc9acc43b7ca2c68ce142724afa829abb1be5efd,nested,140-byte batch 1,140,1,65272910,65410740,4194400,0.997892853681215,-0.002109369475148834
0,ba,4,glm-4-7,9340665016419c825c4bdabbcc9acc43b7ca2c68ce142724afa829abb1be5efd,nested,140-byte batch 1,140,1,58527656,59889840,4194400,0.9772551738324898,-0.02300748004578913
0,ba,5,glm-4-7,9340665016419c825c4bdabbcc9acc43b7ca2c68ce142724afa829abb1be5efd,nested,140-byte batch 1,140,1,57721227,57283262,4194400,1.0076456016069755,0.00761652212106584
0,ba,0,glm-4-7,9340665016419c825c4bdabbcc9acc43b7ca2c68ce142724afa829abb1be5efd,nested,140-byte batch 32,140,32,69447635,71067942,4197760,0.9772005920756788,-0.023063333708765107
0,ba,1,glm-4-7,9340665016419c825c4bdabbcc9acc43b7ca2c68ce142724afa829abb1be5efd,nested,140-byte batch 32,140,32,62527320,65490059,4197760,0.954760477464221,-0.04629477889721703
0,ba,2,glm-4-7,9340665016419c825c4bdabbcc9acc43b7ca2c68ce142724afa829abb1be5efd,nested,140-byte batch 32,140,32,61348391,63470431,4197760,0.9665664788064855,-0.034005199660928714
0,ba,3,glm-4-7,9340665016419c825c4bdabbcc9acc43b7ca2c68ce142724afa829abb1be5efd,nested,140-byte batch 32,140,32,66981166,69225842,4197760,0.9675745944700824,-0.03296275682279458
0,ba,4,glm-4-7,9340665016419c825c4bdabbcc9acc43b7ca2c68ce142724afa829abb1be5efd,nested,140-byte batch 32,140,32,58928933,61316809,4197760,0.9610567470984995,-0.039721821704762385
0,ba,5,glm-4-7,9340665016419c825c4bdabbcc9acc43b7ca2c68ce142724afa829abb1be5efd,nested,140-byte batch 32,140,32,57991993,58705514,4197760,0.9878457584069531,-0.012228708394199546
0,ba,0,glm-4-7,9340665016419c825c4bdabbcc9acc43b7ca2c68ce142724afa829abb1be5efd,nested,140-byte batch 512,140,512,23574274,23375304,4229120,1.0085119748603055,0.008475952273519348
0,ba,1,glm-4-7,9340665016419c825c4bdabbcc9acc43b7ca2c68ce142724afa829abb1be5efd,nested,140-byte batch 512,140,512,22304806,21943122,4229120,1.01648279583917,0.016348429043056216
0,ba,2,glm-4-7,9340665016419c825c4bdabbcc9acc43b7ca2c68ce142724afa829abb1be5efd,nested,140-byte batch 512,140,512,21701790,21277383,4229120,1.019946390963588,0.019750068036130677
0,ba,3,glm-4-7,9340665016419c825c4bdabbcc9acc43b7ca2c68ce142724afa829abb1be5efd,nested,140-byte batch 512,140,512,19104539,18965575,4229120,1.0073271704127083,0.007300457108833532
0,ba,4,glm-4-7,9340665016419c825c4bdabbcc9acc43b7ca2c68ce142724afa829abb1be5efd,nested,140-byte batch 512,140,512,18052140,18457162,4229120,0.9780561063504779,-0.02218824213630531
0,ba,5,glm-4-7,9340665016419c825c4bdabbcc9acc43b7ca2c68ce142724afa829abb1be5efd,nested,140-byte batch 512,140,512,18804468,18156604,4229120,1.0356820030882428,0.03506014989345179
0,ba,0,glm-4-7,9340665016419c825c4bdabbcc9acc43b7ca2c68ce142724afa829abb1be5efd,nested,4 KiB single,4096,1,50358110,50693654,4194304,0.9933809466565579,-0.006641056423810809
0,ba,1,glm-4-7,9340665016419c825c4bdabbcc9acc43b7ca2c68ce142724afa829abb1be5efd,nested,4 KiB single,4096,1,47035266,47964017,4194304,0.9806365050700403,-0.019553423178664237
0,ba,2,glm-4-7,9340665016419c825c4bdabbcc9acc43b7ca2c68ce142724afa829abb1be5efd,nested,4 KiB single,4096,1,44516998,44927328,4194304,0.9908668060562159,-0.009175157261086864
0,ba,3,glm-4-7,9340665016419c825c4bdabbcc9acc43b7ca2c68ce142724afa829abb1be5efd,nested,4 KiB single,4096,1,42750647,42968537,4194304,0.9949290803175356,-0.005083820426581869
0,ba,4,glm-4-7,9340665016419c825c4bdabbcc9acc43b7ca2c68ce142724afa829abb1be5efd,nested,4 KiB single,4096,1,51366580,48635589,4194304,1.056152111162877,0.05463221957244902
0,ba,5,glm-4-7,9340665016419c825c4bdabbcc9acc43b7ca2c68ce142724afa829abb1be5efd,nested,4 KiB single,4096,1,48933869,48903596,4194304,1.0006190342321657,0.0006188427095107079
0,ba,0,glm-4-7,9340665016419c825c4bdabbcc9acc43b7ca2c68ce142724afa829abb1be5efd,nested,64 KiB single,65536,1,48696433,47897495,4194304,1.0166801625011914,0.01654257645443978
0,ba,1,glm-4-7,9340665016419c825c4bdabbcc9acc43b7ca2c68ce142724afa829abb1be5efd,nested,64 KiB single,65536,1,44531983,43977185,4194304,1.012615586923083,0.01253667340684157
0,ba,2,glm-4-7,9340665016419c825c4bdabbcc9acc43b7ca2c68ce142724afa829abb1be5efd,nested,64 KiB single,65536,1,44145376,43901445,4194304,1.0055563319157261,0.00554095244620519
0,ba,3,glm-4-7,9340665016419c825c4bdabbcc9acc43b7ca2c68ce142724afa829abb1be5efd,nested,64 KiB single,65536,1,41632777,40880962,4194304,1.0183903451195693,0.018223287775791373
0,ba,4,glm-4-7,9340665016419c825c4bdabbcc9acc43b7ca2c68ce142724afa829abb1be5efd,nested,64 KiB single,65536,1,42873574,41759266,4194304,1.0266840897059828,0.02633427866621661
0,ba,5,glm-4-7,9340665016419c825c4bdabbcc9acc43b7ca2c68ce142724afa829abb1be5efd,nested,64 KiB single,65536,1,45050202,42454864,4194304,1.0611316997741413,0.059335979896695284
0,ba,0,gpt-2,8414cab924d8b9b33013f0d221c5862f365ee9be39c5c2bfae8a5a9e970478a6,flat-ragged,140-byte batch 1,140,1,32761975,36662925,4194400,0.8935995968679531,-0.11249748235979812
0,ba,1,gpt-2,8414cab924d8b9b33013f0d221c5862f365ee9be39c5c2bfae8a5a9e970478a6,flat-ragged,140-byte batch 1,140,1,33455839,35087661,4194400,0.9534929957286125,-0.047623199822223176
0,ba,2,gpt-2,8414cab924d8b9b33013f0d221c5862f365ee9be39c5c2bfae8a5a9e970478a6,flat-ragged,140-byte batch 1,140,1,39224424,42349246,4194400,0.9262130428485078,-0.07665100292655298
0,ba,3,gpt-2,8414cab924d8b9b33013f0d221c5862f365ee9be39c5c2bfae8a5a9e970478a6,flat-ragged,140-byte batch 1,140,1,35442391,37353897,4194400,0.94882713308333,-0.05252865388436383
0,ba,4,gpt-2,8414cab924d8b9b33013f0d221c5862f365ee9be39c5c2bfae8a5a9e970478a6,flat-ragged,140-byte batch 1,140,1,32838260,34524096,4194400,0.9511692934696973,-0.05006321601299325
0,ba,5,gpt-2,8414cab924d8b9b33013f0d221c5862f365ee9be39c5c2bfae8a5a9e970478a6,flat-ragged,140-byte batch 1,140,1,25155488,26449858,4194400,0.9510632533452542,-0.05017470619302453
0,ba,0,gpt-2,8414cab924d8b9b33013f0d221c5862f365ee9be39c5c2bfae8a5a9e970478a6,flat-ragged,140-byte batch 32,140,32,29896538,31383726,4197760,0.9526127649725211,-0.04854679056604292
0,ba,1,gpt-2,8414cab924d8b9b33013f0d221c5862f365ee9be39c5c2bfae8a5a9e970478a6,flat-ragged,140-byte batch 32,140,32,29694544,31610718,4197760,0.9393821424745873,-0.06253291507110968
0,ba,2,gpt-2,8414cab924d8b9b33013f0d221c5862f365ee9be39c5c2bfae8a5a9e970478a6,flat-ragged,140-byte batch 32,140,32,35847384,38399492,4197760,0.93353797492946,-0.06877363666766789
0,ba,3,gpt-2,8414cab924d8b9b33013f0d221c5862f365ee9be39c5c2bfae8a5a9e970478a6,flat-ragged,140-byte batch 32,140,32,31405343,34023981,4197760,0.9230355201526829,-0.08008756184739674
0,ba,4,gpt-2,8414cab924d8b9b33013f0d221c5862f365ee9be39c5c2bfae8a5a9e970478a6,flat-ragged,140-byte batch 32,140,32,29232060,30774655,4197760,0.9498744989992577,-0.051425409430929415
0,ba,5,gpt-2,8414cab924d8b9b33013f0d221c5862f365ee9be39c5c2bfae8a5a9e970478a6,flat-ragged,140-byte batch 32,140,32,21286487,22793233,4197760,0.933895029283472,-0.06839123541679837
0,ba,0,gpt-2,8414cab924d8b9b33013f0d221c5862f365ee9be39c5c2bfae8a5a9e970478a6,flat-ragged,140-byte batch 512,140,512,12534310,12518622,4229120,1.0012531730728829,0.0012523885069037975
0,ba,1,gpt-2,8414cab924d8b9b33013f0d221c5862f365ee9be39c5c2bfae8a5a9e970478a6,flat-ragged,140-byte batch 512,140,512,12865308,12457126,4229120,1.0327669480103197,0.03224155772442262
0,ba,2,gpt-2,8414cab924d8b9b33013f0d221c5862f365ee9be39c5c2bfae8a5a9e970478a6,flat-ragged,140-byte batch 512,140,512,12021103,11643762,4229120,1.0324071378305397,0.03189310266110612
0,ba,3,gpt-2,8414cab924d8b9b33013f0d221c5862f365ee9be39c5c2bfae8a5a9e970478a6,flat-ragged,140-byte batch 512,140,512,10746679,10896334,4229120,0.9862655641796589,-0.013829625775817575
0,ba,4,gpt-2,8414cab924d8b9b33013f0d221c5862f365ee9be39c5c2bfae8a5a9e970478a6,flat-ragged,140-byte batch 512,140,512,10468007,10118369,4229120,1.0345547785418776,0.03397116850952169
0,ba,5,gpt-2,8414cab924d8b9b33013f0d221c5862f365ee9be39c5c2bfae8a5a9e970478a6,flat-ragged,140-byte batch 512,140,512,10240410,10443734,4229120,0.9805314842373427,-0.01966052347131695
0,ba,0,gpt-2,8414cab924d8b9b33013f0d221c5862f365ee9be39c5c2bfae8a5a9e970478a6,flat-ragged,4 KiB single,4096,1,21841767,22916464,4194304,0.95310371617541,-0.048031550005753126
0,ba,1,gpt-2,8414cab924d8b9b33013f0d221c5862f365ee9be39c5c2bfae8a5a9e970478a6,flat-ragged,4 KiB single,4096,1,22324713,23361255,4194304,0.955629866631737,-0.04538460969517908
0,ba,2,gpt-2,8414cab924d8b9b33013f0d221c5862f365ee9be39c5c2bfae8a5a9e970478a6,flat-ragged,4 KiB single,4096,1,21980650,22945184,4194304,0.9579635534846876,-0.04294554611422271
0,ba,3,gpt-2,8414cab924d8b9b33013f0d221c5862f365ee9be39c5c2bfae8a5a9e970478a6,flat-ragged,4 KiB single,4096,1,26458256,28196283,4194304,0.9383597121648978,-0.06362191504009558
0,ba,4,gpt-2,8414cab924d8b9b33013f0d221c5862f365ee9be39c5c2bfae8a5a9e970478a6,flat-ragged,4 KiB single,4096,1,25526804,26601987,4194304,0.959582605615137,-0.041256874884580415
0,ba,5,gpt-2,8414cab924d8b9b33013f0d221c5862f365ee9be39c5c2bfae8a5a9e970478a6,flat-ragged,4 KiB single,4096,1,24197397,25774571,4194304,0.9388089136381746,-0.0631433203356279
0,ba,0,gpt-2,8414cab924d8b9b33013f0d221c5862f365ee9be39c5c2bfae8a5a9e970478a6,flat-ragged,64 KiB single,65536,1,20654273,21342017,4194304,0.967775117037907,-0.032755535804960184
0,ba,1,gpt-2,8414cab924d8b9b33013f0d221c5862f365ee9be39c5c2bfae8a5a9e970478a6,flat-ragged,64 KiB single,65536,1,21102568,22105566,4194304,0.9546269025638159,-0.046434692779565044
0,ba,2,gpt-2,8414cab924d8b9b33013f0d221c5862f365ee9be39c5c2bfae8a5a9e970478a6,flat-ragged,64 KiB single,65536,1,19393105,19984408,4194304,0.9704117830260471,-0.030034778983675122
0,ba,3,gpt-2,8414cab924d8b9b33013f0d221c5862f365ee9be39c5c2bfae8a5a9e970478a6,flat-ragged,64 KiB single,65536,1,23013299,23157890,4194304,0.9937562964501515,-0.006263276983201151
0,ba,4,gpt-2,8414cab924d8b9b33013f0d221c5862f365ee9be39c5c2bfae8a5a9e970478a6,flat-ragged,64 KiB single,65536,1,24307424,24931695,4194304,0.9749607477550163,-0.02535806750749741
0,ba,5,gpt-2,8414cab924d8b9b33013f0d221c5862f365ee9be39c5c2bfae8a5a9e970478a6,flat-ragged,64 KiB single,65536,1,22792919,23227059,4194304,0.9813088691082241,-0.018868017689444225
0,ba,0,gpt-2,8414cab924d8b9b33013f0d221c5862f365ee9be39c5c2bfae8a5a9e970478a6,nested,140-byte batch 1,140,1,35628177,35671473,4194400,0.9987862570183182,-0.001214480164255033
0,ba,1,gpt-2,8414cab924d8b9b33013f0d221c5862f365ee9be39c5c2bfae8a5a9e970478a6,nested,140-byte batch 1,140,1,33554419,32551439,4194400,1.030812155493341,0.030346992017329193
0,ba,2,gpt-2,8414cab924d8b9b33013f0d221c5862f365ee9be39c5c2bfae8a5a9e970478a6,nested,140-byte batch 1,140,1,39358897,39969422,4194400,0.984725198177747,-0.015392663355632065
0,ba,3,gpt-2,8414cab924d8b9b33013f0d221c5862f365ee9be39c5c2bfae8a5a9e970478a6,nested,140-byte batch 1,140,1,36222332,36395699,4194400,0.9952366074903521,-0.004774773619928339
0,ba,4,gpt-2,8414cab924d8b9b33013f0d221c5862f365ee9be39c5c2bfae8a5a9e970478a6,nested,140-byte batch 1,140,1,33090120,34667424,4194400,0.9545018401136467,-0.04656570798828553
0,ba,5,gpt-2,8414cab924d8b9b33013f0d221c5862f365ee9be39c5c2bfae8a5a9e970478a6,nested,140-byte batch 1,140,1,25505007,27121598,4194400,0.9403946994568683,-0.061455598809278734
0,ba,0,gpt-2,8414cab924d8b9b33013f0d221c5862f365ee9be39c5c2bfae8a5a9e970478a6,nested,140-byte batch 32,140,32,36936727,37288960,4197760,0.9905539602069888,-0.009490936581818163
0,ba,1,gpt-2,8414cab924d8b9b33013f0d221c5862f365ee9be39c5c2bfae8a5a9e970478a6,nested,140-byte batch 32,140,32,33932647,35867629,4197760,0.946052135199681,-0.05545760024408863
0,ba,2,gpt-2,8414cab924d8b9b33013f0d221c5862f365ee9be39c5c2bfae8a5a9e970478a6,nested,140-byte batch 32,140,32,39629765,42453532,4197760,0.9334856991404155,-0.06882963573161575
0,ba,3,gpt-2,8414cab924d8b9b33013f0d221c5862f365ee9be39c5c2bfae8a5a9e970478a6,nested,140-byte batch 32,140,32,36196109,37641738,4197760,0.961595051748142,-0.03916186106703165
0,ba,4,gpt-2,8414cab924d8b9b33013f0d221c5862f365ee9be39c5c2bfae8a5a9e970478a6,nested,140-byte batch 32,140,32,32923528,35415464,4197760,0.9296370647579261,-0.07296102195180122
0,ba,5,gpt-2,8414cab924d8b9b33013f0d221c5862f365ee9be39c5c2bfae8a5a9e970478a6,nested,140-byte batch 32,140,32,26327510,27469397,4197760,0.958430576397436,-0.042458148543220504
0,ba,0,gpt-2,8414cab924d8b9b33013f0d221c5862f365ee9be39c5c2bfae8a5a9e970478a6,nested,140-byte batch 512,140,512,15336074,14892313,4229120,1.0297979904129062,0.029362657193649725
0,ba,1,gpt-2,8414cab924d8b9b33013f0d221c5862f365ee9be39c5c2bfae8a5a9e970478a6,nested,140-byte batch 512,140,512,14984569,14304406,4229120,1.0475491956813865,0.04645333656230728
0,ba,2,gpt-2,8414cab924d8b9b33013f0d221c5862f365ee9be39c5c2bfae8a5a9e970478a6,nested,140-byte batch 512,140,512,14417611,13945543,4229120,1.0338508152748158,0.03329048644566853
0,ba,3,gpt-2,8414cab924d8b9b33013f0d221c5862f365ee9be39c5c2bfae8a5a9e970478a6,nested,140-byte batch 512,140,512,13749091,12667981,4229120,1.0853419341250985,0.08189508400322218
0,ba,4,gpt-2,8414cab924d8b9b33013f0d221c5862f365ee9be39c5c2bfae8a5a9e970478a6,nested,140-byte batch 512,140,512,13025897,12379906,4229120,1.05218060621785,0.050864778494685875
0,ba,5,gpt-2,8414cab924d8b9b33013f0d221c5862f365ee9be39c5c2bfae8a5a9e970478a6,nested,140-byte batch 512,140,512,13377133,12558972,4229120,1.0651455389820121,0.06311144614590214
0,ba,0,gpt-2,8414cab924d8b9b33013f0d221c5862f365ee9be39c5c2bfae8a5a9e970478a6,nested,4 KiB single,4096,1,23991482,24492680,4194304,0.9795368248799233,-0.020675446714729824
0,ba,1,gpt-2,8414cab924d8b9b33013f0d221c5862f365ee9be39c5c2bfae8a5a9e970478a6,nested,4 KiB single,4096,1,23692272,24147422,4194304,0.9811511970097677,-0.01902870590065208
0,ba,2,gpt-2,8414cab924d8b9b33013f0d221c5862f365ee9be39c5c2bfae8a5a9e970478a6,nested,4 KiB single,4096,1,24045269,23470015,4194304,1.0245101675478265,0.02421461304759676
0,ba,3,gpt-2,8414cab924d8b9b33013f0d221c5862f365ee9be39c5c2bfae8a5a9e970478a6,nested,4 KiB single,4096,1,28034499,28547098,4194304,0.9820437439910705,-0.018119425804052448
0,ba,4,gpt-2,8414cab924d8b9b33013f0d221c5862f365ee9be39c5c2bfae8a5a9e970478a6,nested,4 KiB single,4096,1,26136352,26232740,4194304,0.9963256602245896,-0.0036811067429805646
0,ba,5,gpt-2,8414cab924d8b9b33013f0d221c5862f365ee9be39c5c2bfae8a5a9e970478a6,nested,4 KiB single,4096,1,25068037,25639993,4194304,0.9776928176228441,-0.0225597506948519
0,ba,0,gpt-2,8414cab924d8b9b33013f0d221c5862f365ee9be39c5c2bfae8a5a9e970478a6,nested,64 KiB single,65536,1,23526915,24199575,4194304,0.9722036440722616,-0.028189986103519964
0,ba,1,gpt-2,8414cab924d8b9b33013f0d221c5862f365ee9be39c5c2bfae8a5a9e970478a6,nested,64 KiB single,65536,1,22068587,22157937,4194304,0.9959675848884307,-0.004040567219888575
0,ba,2,gpt-2,8414cab924d8b9b33013f0d221c5862f365ee9be39c5c2bfae8a5a9e970478a6,nested,64 KiB single,65536,1,22428213,22767279,4194304,0.9851073112425951,-0.015004698320215466
0,ba,3,gpt-2,8414cab924d8b9b33013f0d221c5862f365ee9be39c5c2bfae8a5a9e970478a6,nested,64 KiB single,65536,1,24630110,24570603,4194304,1.0024218778839087,0.002418949864250875
0,ba,4,gpt-2,8414cab924d8b9b33013f0d221c5862f365ee9be39c5c2bfae8a5a9e970478a6,nested,64 KiB single,65536,1,25067754,25236813,4194304,0.99330109550679,-0.006721442865240437
0,ba,5,gpt-2,8414cab924d8b9b33013f0d221c5862f365ee9be39c5c2bfae8a5a9e970478a6,nested,64 KiB single,65536,1,23422607,23232399,4194304,1.0081871872121342,0.008153854008108691
0,ba,0,gpt-oss,0614fe83cadab421296e664e1f48f4261fa8fef6e03e63bb75c20f38e37d07d3,flat-ragged,140-byte batch 1,140,1,54432343,58833548,4194400,0.9251922559557346,-0.0777537187898712
0,ba,1,gpt-oss,0614fe83cadab421296e664e1f48f4261fa8fef6e03e63bb75c20f38e37d07d3,flat-ragged,140-byte batch 1,140,1,57166190,56231481,4194400,1.0166225214662228,0.01648587949983624
0,ba,2,gpt-oss,0614fe83cadab421296e664e1f48f4261fa8fef6e03e63bb75c20f38e37d07d3,flat-ragged,140-byte batch 1,140,1,53052873,58777220,4194400,0.9026094292993102,-0.10246534482427119
0,ba,3,gpt-oss,0614fe83cadab421296e664e1f48f4261fa8fef6e03e63bb75c20f38e37d07d3,flat-ragged,140-byte batch 1,140,1,60362246,59836348,4194400,1.0087889387901816,0.00875054088817984
0,ba,4,gpt-oss,0614fe83cadab421296e664e1f48f4261fa8fef6e03e63bb75c20f38e37d07d3,flat-ragged,140-byte batch 1,140,1,50584597,51743876,4194400,0.9775958221606746,-0.02265896414116923
0,ba,5,gpt-oss,0614fe83cadab421296e664e1f48f4261fa8fef6e03e63bb75c20f38e37d07d3,flat-ragged,140-byte batch 1,140,1,44858742,45445516,4194400,0.9870884071379011,-0.01299567199165997
0,ba,0,gpt-oss,0614fe83cadab421296e664e1f48f4261fa8fef6e03e63bb75c20f38e37d07d3,flat-ragged,140-byte batch 32,140,32,52944340,59379986,4197760,0.8916192738745341,-0.1147160605276084
0,ba,1,gpt-oss,0614fe83cadab421296e664e1f48f4261fa8fef6e03e63bb75c20f38e37d07d3,flat-ragged,140-byte batch 32,140,32,49075455,53519134,4197760,0.9169702745937556,-0.08668022317937248
0,ba,2,gpt-oss,0614fe83cadab421296e664e1f48f4261fa8fef6e03e63bb75c20f38e37d07d3,flat-ragged,140-byte batch 32,140,32,49350095,54388161,4197760,0.9073683333400443,-0.09720681059790263
0,ba,3,gpt-oss,0614fe83cadab421296e664e1f48f4261fa8fef6e03e63bb75c20f38e37d07d3,flat-ragged,140-byte batch 32,140,32,53229186,59299369,4197760,0.8976349478524805,-0.10799181019838115
0,ba,4,gpt-oss,0614fe83cadab421296e664e1f48f4261fa8fef6e03e63bb75c20f38e37d07d3,flat-ragged,140-byte batch 32,140,32,49016275,49221088,4197760,0.995838917660658,-0.004169763733492706
0,ba,5,gpt-oss,0614fe83cadab421296e664e1f48f4261fa8fef6e03e63bb75c20f38e37d07d3,flat-ragged,140-byte batch 32,140,32,40118953,42056700,4197760,0.9539253674206488,-0.04716984180932446
0,ba,0,gpt-oss,0614fe83cadab421296e664e1f48f4261fa8fef6e03e63bb75c20f38e37d07d3,flat-ragged,140-byte batch 512,140,512,18168442,19738621,4229120,0.9204514337653071,-0.08289104041213592
0,ba,1,gpt-oss,0614fe83cadab421296e664e1f48f4261fa8fef6e03e63bb75c20f38e37d07d3,flat-ragged,140-byte batch 512,140,512,17847946,17968215,4229120,0.9933065694060317,-0.006715932064755416
0,ba,2,gpt-oss,0614fe83cadab421296e664e1f48f4261fa8fef6e03e63bb75c20f38e37d07d3,flat-ragged,140-byte batch 512,140,512,17134860,17148752,4229120,0.9991899118956294,-0.0008104164030515207
0,ba,3,gpt-oss,0614fe83cadab421296e664e1f48f4261fa8fef6e03e63bb75c20f38e37d07d3,flat-ragged,140-byte batch 512,140,512,14664382,14955100,4229120,0.9805606114302144,-0.019630818397355122
0,ba,4,gpt-oss,0614fe83cadab421296e664e1f48f4261fa8fef6e03e63bb75c20f38e37d07d3,flat-ragged,140-byte batch 512,140,512,14629598,14003721,4229120,1.0446936210739988,0.04372365685436043
0,ba,5,gpt-oss,0614fe83cadab421296e664e1f48f4261fa8fef6e03e63bb75c20f38e37d07d3,flat-ragged,140-byte batch 512,140,512,14229544,14321076,4229120,0.9936085808077549,-0.006411931761555095
0,ba,0,gpt-oss,0614fe83cadab421296e664e1f48f4261fa8fef6e03e63bb75c20f38e37d07d3,flat-ragged,4 KiB single,4096,1,38909722,40442970,4194304,0.962088639879811,-0.03864869131396979
0,ba,1,gpt-oss,0614fe83cadab421296e664e1f48f4261fa8fef6e03e63bb75c20f38e37d07d3,flat-ragged,4 KiB single,4096,1,40500367,41606450,4194304,0.9734155882080783,-0.026944167525598636
0,ba,2,gpt-oss,0614fe83cadab421296e664e1f48f4261fa8fef6e03e63bb75c20f38e37d07d3,flat-ragged,4 KiB single,4096,1,35810593,38873341,4194304,0.9212121232389056,-0.08206495085417648
0,ba,3,gpt-oss,0614fe83cadab421296e664e1f48f4261fa8fef6e03e63bb75c20f38e37d07d3,flat-ragged,4 KiB single,4096,1,37009489,39642249,4194304,0.9335870172249814,-0.0687211042493898
0,ba,4,gpt-oss,0614fe83cadab421296e664e1f48f4261fa8fef6e03e63bb75c20f38e37d07d3,flat-ragged,4 KiB single,4096,1,44589769,47782219,4194304,0.9331874896810464,-0.069149144753004
0,ba,5,gpt-oss,0614fe83cadab421296e664e1f48f4261fa8fef6e03e63bb75c20f38e37d07d3,flat-ragged,4 KiB single,4096,1,40412403,43285543,4194304,0.933623565724935,-0.06868195654929427
0,ba,0,gpt-oss,0614fe83cadab421296e664e1f48f4261fa8fef6e03e63bb75c20f38e37d07d3,flat-ragged,64 KiB single,65536,1,20088859,20674879,4194304,0.97165545684693,-0.028754005624898542
0,ba,1,gpt-oss,0614fe83cadab421296e664e1f48f4261fa8fef6e03e63bb75c20f38e37d07d3,flat-ragged,64 KiB single,65536,1,20195204,19985497,4194304,1.0104929589691964,0.010438289969075355
0,ba,2,gpt-oss,0614fe83cadab421296e664e1f48f4261fa8fef6e03e63bb75c20f38e37d07d3,flat-ragged,64 KiB single,65536,1,19368247,18746883,4194304,1.0331449233453902,0.03260747395204944
0,ba,3,gpt-oss,0614fe83cadab421296e664e1f48f4261fa8fef6e03e63bb75c20f38e37d07d3,flat-ragged,64 KiB single,65536,1,20403203,20228108,4194304,1.0086560245772862,0.00861877599198574
0,ba,4,gpt-oss,0614fe83cadab421296e664e1f48f4261fa8fef6e03e63bb75c20f38e37d07d3,flat-ragged,64 KiB single,65536,1,19064256,19600177,4194304,0.9726573387577061,-0.02772342865012889
0,ba,5,gpt-oss,0614fe83cadab421296e664e1f48f4261fa8fef6e03e63bb75c20f38e37d07d3,flat-ragged,64 KiB single,65536,1,19651061,18903927,4194304,1.0395226875347117,0.038761653507977376
0,ba,0,gpt-oss,0614fe83cadab421296e664e1f48f4261fa8fef6e03e63bb75c20f38e37d07d3,nested,140-byte batch 1,140,1,61834958,64726379,4194400,0.9553285531390533,-0.045699962967195244
0,ba,1,gpt-oss,0614fe83cadab421296e664e1f48f4261fa8fef6e03e63bb75c20f38e37d07d3,nested,140-byte batch 1,140,1,53808253,53644888,4194400,1.003045304149018,0.0030406766028147057
0,ba,2,gpt-oss,0614fe83cadab421296e664e1f48f4261fa8fef6e03e63bb75c20f38e37d07d3,nested,140-byte batch 1,140,1,56176105,55878432,4194400,1.005327153775539,0.005313014683714136
0,ba,3,gpt-oss,0614fe83cadab421296e664e1f48f4261fa8fef6e03e63bb75c20f38e37d07d3,nested,140-byte batch 1,140,1,58568394,60064497,4194400,0.9750917251500499,-0.025223735332286265
0,ba,4,gpt-oss,0614fe83cadab421296e664e1f48f4261fa8fef6e03e63bb75c20f38e37d07d3,nested,140-byte batch 1,140,1,51905053,53488594,4194400,0.9703947910838711,-0.03005228916980411
0,ba,5,gpt-oss,0614fe83cadab421296e664e1f48f4261fa8fef6e03e63bb75c20f38e37d07d3,nested,140-byte batch 1,140,1,45582134,46552993,4194400,0.9791450788137296,-0.021075456609831764
0,ba,0,gpt-oss,0614fe83cadab421296e664e1f48f4261fa8fef6e03e63bb75c20f38e37d07d3,nested,140-byte batch 32,140,32,64349670,64188573,4197760,1.0025097457767131,0.002506601624364556
0,ba,1,gpt-oss,0614fe83cadab421296e664e1f48f4261fa8fef6e03e63bb75c20f38e37d07d3,nested,140-byte batch 32,140,32,55671789,57716651,4197760,0.9645706747607375,-0.03607217326001321
0,ba,2,gpt-oss,0614fe83cadab421296e664e1f48f4261fa8fef6e03e63bb75c20f38e37d07d3,nested,140-byte batch 32,140,32,57714648,59242314,4197760,0.9742132625001785,-0.026125043967831475
0,ba,3,gpt-oss,0614fe83cadab421296e664e1f48f4261fa8fef6e03e63bb75c20f38e37d07d3,nested,140-byte batch 32,140,32,60546073,59938421,4197760,1.0101379380681383,0.010086893872705872
0,ba,4,gpt-oss,0614fe83cadab421296e664e1f48f4261fa8fef6e03e63bb75c20f38e37d07d3,nested,140-byte batch 32,140,32,53114256,55925824,4197760,0.9497268381776548,-0.0515808744951094
0,ba,5,gpt-oss,0614fe83cadab421296e664e1f48f4261fa8fef6e03e63bb75c20f38e37d07d3,nested,140-byte batch 32,140,32,48742367,49102467,4197760,0.9926663562545646,-0.007360667111615454
0,ba,0,gpt-oss,0614fe83cadab421296e664e1f48f4261fa8fef6e03e63bb75c20f38e37d07d3,nested,140-byte batch 512,140,512,22133610,21889792,4229120,1.0111384338416738,0.011076858302260593
0,ba,1,gpt-oss,0614fe83cadab421296e664e1f48f4261fa8fef6e03e63bb75c20f38e37d07d3,nested,140-byte batch 512,140,512,21083832,19699269,4229120,1.0702849938238825,0.06792496237723357
0,ba,2,gpt-oss,0614fe83cadab421296e664e1f48f4261fa8fef6e03e63bb75c20f38e37d07d3,nested,140-byte batch 512,140,512,19739213,19065254,4229120,1.0353501191224623,0.034739648859149035
0,ba,3,gpt-oss,0614fe83cadab421296e664e1f48f4261fa8fef6e03e63bb75c20f38e37d07d3,nested,140-byte batch 512,140,512,17655581,16792312,4229120,1.0514085850715493,0.050130774741330625
0,ba,4,gpt-oss,0614fe83cadab421296e664e1f48f4261fa8fef6e03e63bb75c20f38e37d07d3,nested,140-byte batch 512,140,512,16421964,16476398,4229120,0.9966962439241878,-0.0033092255277288817
0,ba,5,gpt-oss,0614fe83cadab421296e664e1f48f4261fa8fef6e03e63bb75c20f38e37d07d3,nested,140-byte batch 512,140,512,16985589,16157228,4229120,1.0512687572397938,0.049997774942314485
0,ba,0,gpt-oss,0614fe83cadab421296e664e1f48f4261fa8fef6e03e63bb75c20f38e37d07d3,nested,4 KiB single,4096,1,44360832,44492929,4194304,0.9970310563280741,-0.0029733597280366497
0,ba,1,gpt-oss,0614fe83cadab421296e664e1f48f4261fa8fef6e03e63bb75c20f38e37d07d3,nested,4 KiB single,4096,1,41695725,41134324,4194304,1.013647993826275,0.013555698771891903
0,ba,2,gpt-oss,0614fe83cadab421296e664e1f48f4261fa8fef6e03e63bb75c20f38e37d07d3,nested,4 KiB single,4096,1,38941807,39328337,4194304,0.9901717176599661,-0.009876898712807891
0,ba,3,gpt-oss,0614fe83cadab421296e664e1f48f4261fa8fef6e03e63bb75c20f38e37d07d3,nested,4 KiB single,4096,1,39505432,39927597,4194304,0.9894267366002517,-0.01062955750912106
0,ba,4,gpt-oss,0614fe83cadab421296e664e1f48f4261fa8fef6e03e63bb75c20f38e37d07d3,nested,4 KiB single,4096,1,47043963,47127435,4194304,0.9982288023950381,-0.001772768030069248
0,ba,5,gpt-oss,0614fe83cadab421296e664e1f48f4261fa8fef6e03e63bb75c20f38e37d07d3,nested,4 KiB single,4096,1,42561423,44584626,4194304,0.9546210615291468,-0.04644081145537764
0,ba,0,gpt-oss,0614fe83cadab421296e664e1f48f4261fa8fef6e03e63bb75c20f38e37d07d3,nested,64 KiB single,65536,1,43245386,43998274,4194304,0.9828882378431482,-0.017259860270098737
0,ba,1,gpt-oss,0614fe83cadab421296e664e1f48f4261fa8fef6e03e63bb75c20f38e37d07d3,nested,64 KiB single,65536,1,39333479,41204011,4194304,0.9546031574450361,-0.04645956680525569
0,ba,2,gpt-oss,0614fe83cadab421296e664e1f48f4261fa8fef6e03e63bb75c20f38e37d07d3,nested,64 KiB single,65536,1,37950582,37782890,4194304,1.0044383052752186,0.004428485044427127
0,ba,3,gpt-oss,0614fe83cadab421296e664e1f48f4261fa8fef6e03e63bb75c20f38e37d07d3,nested,64 KiB single,65536,1,36842343,37817420,4194304,0.9742161945473805,-0.026122034315938326
0,ba,4,gpt-oss,0614fe83cadab421296e664e1f48f4261fa8fef6e03e63bb75c20f38e37d07d3,nested,64 KiB single,65536,1,40930451,40557766,4194304,1.009188992312841,0.009147030385645785
0,ba,5,gpt-oss,0614fe83cadab421296e664e1f48f4261fa8fef6e03e63bb75c20f38e37d07d3,nested,64 KiB single,65536,1,40229022,39629915,4194304,1.0151175444105798,0.015004413089666649
0,ba,0,llama-3,e134af98b985517b4f068e3755ae90d4e9cd2d45d328325dc503f1c6b2d06cc7,flat-ragged,140-byte batch 1,140,1,54039174,52993426,4194400,1.019733542043498,0.019541359878131884
0,ba,1,llama-3,e134af98b985517b4f068e3755ae90d4e9cd2d45d328325dc503f1c6b2d06cc7,flat-ragged,140-byte batch 1,140,1,50582404,50118788,4194400,1.0092503434041542,0.009207821007634256
0,ba,2,llama-3,e134af98b985517b4f068e3755ae90d4e9cd2d45d328325dc503f1c6b2d06cc7,flat-ragged,140-byte batch 1,140,1,47539204,45116622,4194400,1.0536959970097053,0.05230398063131831
0,ba,3,llama-3,e134af98b985517b4f068e3755ae90d4e9cd2d45d328325dc503f1c6b2d06cc7,flat-ragged,140-byte batch 1,140,1,36227659,36512394,4194400,0.9922016891031576,-0.007828876734902403
0,ba,4,llama-3,e134af98b985517b4f068e3755ae90d4e9cd2d45d328325dc503f1c6b2d06cc7,flat-ragged,140-byte batch 1,140,1,52901174,51429751,4194400,1.02861034656769,0.028208713191706963
0,ba,5,llama-3,e134af98b985517b4f068e3755ae90d4e9cd2d45d328325dc503f1c6b2d06cc7,flat-ragged,140-byte batch 1,140,1,46525590,47016465,4194400,0.9895595085679028,-0.010495375709551277
0,ba,0,llama-3,e134af98b985517b4f068e3755ae90d4e9cd2d45d328325dc503f1c6b2d06cc7,flat-ragged,140-byte batch 32,140,32,50172193,49588768,4197760,1.0117652650697029,0.011696592448209997
0,ba,1,llama-3,e134af98b985517b4f068e3755ae90d4e9cd2d45d328325dc503f1c6b2d06cc7,flat-ragged,140-byte batch 32,140,32,47109278,48037208,4197760,0.9806830988178996,-0.019505910526696944
0,ba,2,llama-3,e134af98b985517b4f068e3755ae90d4e9cd2d45d328325dc503f1c6b2d06cc7,flat-ragged,140-byte batch 32,140,32,43803478,44712799,4197760,0.979663071417202,-0.020546571108221265
0,ba,3,llama-3,e134af98b985517b4f068e3755ae90d4e9cd2d45d328325dc503f1c6b2d06cc7,flat-ragged,140-byte batch 32,140,32,34949166,34530596,4197760,1.0121217137404752,0.012048834127898452
0,ba,4,llama-3,e134af98b985517b4f068e3755ae90d4e9cd2d45d328325dc503f1c6b2d06cc7,flat-ragged,140-byte batch 32,140,32,50910699,50215865,4197760,1.013836941771291,0.013742085306504755
0,ba,5,llama-3,e134af98b985517b4f068e3755ae90d4e9cd2d45d328325dc503f1c6b2d06cc7,flat-ragged,140-byte batch 32,140,32,44482782,44418275,4197760,1.0014522626103783,0.001451209096895738
0,ba,0,llama-3,e134af98b985517b4f068e3755ae90d4e9cd2d45d328325dc503f1c6b2d06cc7,flat-ragged,140-byte batch 512,140,512,16568787,16182885,4229120,1.0238463042899952,0.023566421885362895
0,ba,1,llama-3,e134af98b985517b4f068e3755ae90d4e9cd2d45d328325dc503f1c6b2d06cc7,flat-ragged,140-byte batch 512,140,512,16440835,16396790,4229120,1.0026861965055356,0.0026825951276000107
0,ba,2,llama-3,e134af98b985517b4f068e3755ae90d4e9cd2d45d328325dc503f1c6b2d06cc7,flat-ragged,140-byte batch 512,140,512,15920111,15207381,4229120,1.04686737315255,0.04580225065793799
0,ba,3,llama-3,e134af98b985517b4f068e3755ae90d4e9cd2d45d328325dc503f1c6b2d06cc7,flat-ragged,140-byte batch 512,140,512,13399986,12546894,4229120,1.067992285580798,0.06578051727296215
0,ba,4,llama-3,e134af98b985517b4f068e3755ae90d4e9cd2d45d328325dc503f1c6b2d06cc7,flat-ragged,140-byte batch 512,140,512,12851870,12280796,4229120,1.0465013831350998,0.045452584580157926
0,ba,5,llama-3,e134af98b985517b4f068e3755ae90d4e9cd2d45d328325dc503f1c6b2d06cc7,flat-ragged,140-byte batch 512,140,512,12780034,12410195,4229120,1.0298012239130812,0.02936579712510091
0,ba,0,llama-3,e134af98b985517b4f068e3755ae90d4e9cd2d45d328325dc503f1c6b2d06cc7,flat-ragged,4 KiB single,4096,1,35525454,36614198,4194304,0.9702644313006665,-0.030186635047634653
0,ba,1,llama-3,e134af98b985517b4f068e3755ae90d4e9cd2d45d328325dc503f1c6b2d06cc7,flat-ragged,4 KiB single,4096,1,39909361,39931796,4194304,0.9994381670185833,-0.0005619908687064524
0,ba,2,llama-3,e134af98b985517b4f068e3755ae90d4e9cd2d45d328325dc503f1c6b2d06cc7,flat-ragged,4 KiB single,4096,1,35911402,35239898,4194304,1.0190552197398528,0.01887594289978745
0,ba,3,llama-3,e134af98b985517b4f068e3755ae90d4e9cd2d45d328325dc503f1c6b2d06cc7,flat-ragged,4 KiB single,4096,1,34409806,34856684,4194304,0.987179560740775,-0.012903330319281491
0,ba,4,llama-3,e134af98b985517b4f068e3755ae90d4e9cd2d45d328325dc503f1c6b2d06cc7,flat-ragged,4 KiB single,4096,1,34684815,34784264,4194304,0.9971409773108898,-0.002863117501114587
0,ba,5,llama-3,e134af98b985517b4f068e3755ae90d4e9cd2d45d328325dc503f1c6b2d06cc7,flat-ragged,4 KiB single,4096,1,39934205,40410267,4194304,0.9882192810059879,-0.01185066152222575
0,ba,0,llama-3,e134af98b985517b4f068e3755ae90d4e9cd2d45d328325dc503f1c6b2d06cc7,flat-ragged,64 KiB single,65536,1,21951347,18175141,4194304,1.2077676316238757,0.18877372308220902
0,ba,1,llama-3,e134af98b985517b4f068e3755ae90d4e9cd2d45d328325dc503f1c6b2d06cc7,flat-ragged,64 KiB single,65536,1,18890229,17870523,4194304,1.057060781041495,0.05549220858536184
0,ba,2,llama-3,e134af98b985517b4f068e3755ae90d4e9cd2d45d328325dc503f1c6b2d06cc7,flat-ragged,64 KiB single,65536,1,17762983,16969789,4194304,1.0467415357963497,0.045682039709451894
0,ba,3,llama-3,e134af98b985517b4f068e3755ae90d4e9cd2d45d328325dc503f1c6b2d06cc7,flat-ragged,64 KiB single,65536,1,18661737,18302191,4194304,1.0196449703754047,0.01945449844695594
0,ba,4,llama-3,e134af98b985517b4f068e3755ae90d4e9cd2d45d328325dc503f1c6b2d06cc7,flat-ragged,64 KiB single,65536,1,17402737,17106463,4194304,1.0173194189821706,0.01717114738222785
0,ba,5,llama-3,e134af98b985517b4f068e3755ae90d4e9cd2d45d328325dc503f1c6b2d06cc7,flat-ragged,64 KiB single,65536,1,17234024,16648227,4194304,1.0351867499163725,0.03458184514275862
0,ba,0,llama-3,e134af98b985517b4f068e3755ae90d4e9cd2d45d328325dc503f1c6b2d06cc7,nested,140-byte batch 1,140,1,56286757,57024988,4194400,0.987054254180641,-0.013030272284670978
0,ba,1,llama-3,e134af98b985517b4f068e3755ae90d4e9cd2d45d328325dc503f1c6b2d06cc7,nested,140-byte batch 1,140,1,51767911,51262237,4194400,1.0098644544130995,0.009816118295679037
0,ba,2,llama-3,e134af98b985517b4f068e3755ae90d4e9cd2d45d328325dc503f1c6b2d06cc7,nested,140-byte batch 1,140,1,47445593,47456865,4194400,0.9997624790428108,-0.00023754916975923275
0,ba,3,llama-3,e134af98b985517b4f068e3755ae90d4e9cd2d45d328325dc503f1c6b2d06cc7,nested,140-byte batch 1,140,1,38225616,37899586,4194400,1.0086024686391033,0.008565678247323285
0,ba,4,llama-3,e134af98b985517b4f068e3755ae90d4e9cd2d45d328325dc503f1c6b2d06cc7,nested,140-byte batch 1,140,1,51819288,52575460,4194400,0.9856173964050909,-0.01448703578530412
0,ba,5,llama-3,e134af98b985517b4f068e3755ae90d4e9cd2d45d328325dc503f1c6b2d06cc7,nested,140-byte batch 1,140,1,49075784,48010018,4194400,1.0221988252535128,0.021956018117878347
0,ba,0,llama-3,e134af98b985517b4f068e3755ae90d4e9cd2d45d328325dc503f1c6b2d06cc7,nested,140-byte batch 32,140,32,59922103,59970720,4197760,0.9991893210553416,-0.0008110077225348941
0,ba,1,llama-3,e134af98b985517b4f068e3755ae90d4e9cd2d45d328325dc503f1c6b2d06cc7,nested,140-byte batch 32,140,32,53017714,53755514,4197760,0.9862748963762118,-0.013820163666685174
0,ba,2,llama-3,e134af98b985517b4f068e3755ae90d4e9cd2d45d328325dc503f1c6b2d06cc7,nested,140-byte batch 32,140,32,49378984,50769165,4197760,0.9726176114970573,-0.027764273529819698
0,ba,3,llama-3,e134af98b985517b4f068e3755ae90d4e9cd2d45d328325dc503f1c6b2d06cc7,nested,140-byte batch 32,140,32,38790560,40008049,4197760,0.9695688984983997,-0.030903740812741644
0,ba,4,llama-3,e134af98b985517b4f068e3755ae90d4e9cd2d45d328325dc503f1c6b2d06cc7,nested,140-byte batch 32,140,32,53777781,54218010,4197760,0.9918803917738773,-0.008152751775341093
0,ba,5,llama-3,e134af98b985517b4f068e3755ae90d4e9cd2d45d328325dc503f1c6b2d06cc7,nested,140-byte batch 32,140,32,49806175,50513160,4197760,0.9860039443186687,-0.014094924064309532
0,ba,0,llama-3,e134af98b985517b4f068e3755ae90d4e9cd2d45d328325dc503f1c6b2d06cc7,nested,140-byte batch 512,140,512,20045025,19496951,4229120,1.0281107543430765,0.02772289891750313
0,ba,1,llama-3,e134af98b985517b4f068e3755ae90d4e9cd2d45d328325dc503f1c6b2d06cc7,nested,140-byte batch 512,140,512,19030423,18634758,4229120,1.0212326341989524,0.021010362591148003
0,ba,2,llama-3,e134af98b985517b4f068e3755ae90d4e9cd2d45d328325dc503f1c6b2d06cc7,nested,140-byte batch 512,140,512,18440152,18073266,4229120,1.0202999280816207,0.020096631211636573
0,ba,3,llama-3,e134af98b985517b4f068e3755ae90d4e9cd2d45d328325dc503f1c6b2d06cc7,nested,140-byte batch 512,140,512,15857070,15877184,4229120,0.9987331506645007,-0.0012676524674884895
0,ba,4,llama-3,e134af98b985517b4f068e3755ae90d4e9cd2d45d328325dc503f1c6b2d06cc7,nested,140-byte batch 512,140,512,15139344,15026911,4229120,1.0074821099293128,0.007454257787063107
0,ba,5,llama-3,e134af98b985517b4f068e3755ae90d4e9cd2d45d328325dc503f1c6b2d06cc7,nested,140-byte batch 512,140,512,15500348,15260756,4229120,1.0156998775158976,0.01557790937248475
0,ba,0,llama-3,e134af98b985517b4f068e3755ae90d4e9cd2d45d328325dc503f1c6b2d06cc7,nested,4 KiB single,4096,1,39348521,39823997,4194304,0.9880605655931523,-0.012011281905467503
0,ba,1,llama-3,e134af98b985517b4f068e3755ae90d4e9cd2d45d328325dc503f1c6b2d06cc7,nested,4 KiB single,4096,1,41925335,40398176,4194304,1.0378026720810365,0.037105662703474186
0,ba,2,llama-3,e134af98b985517b4f068e3755ae90d4e9cd2d45d328325dc503f1c6b2d06cc7,nested,4 KiB single,4096,1,37386272,37932437,4194304,0.9856016369314737,-0.014503025356580596
0,ba,3,llama-3,e134af98b985517b4f068e3755ae90d4e9cd2d45d328325dc503f1c6b2d06cc7,nested,4 KiB single,4096,1,35376094,35203767,4194304,1.0048951295467896,0.0048831873566716226
0,ba,4,llama-3,e134af98b985517b4f068e3755ae90d4e9cd2d45d328325dc503f1c6b2d06cc7,nested,4 KiB single,4096,1,35415645,35681319,4194304,0.9925542550711199,-0.007473602855808554
0,ba,5,llama-3,e134af98b985517b4f068e3755ae90d4e9cd2d45d328325dc503f1c6b2d06cc7,nested,4 KiB single,4096,1,41631738,41565844,4194304,1.0015852920008073,0.0015840367518922807
0,ba,0,llama-3,e134af98b985517b4f068e3755ae90d4e9cd2d45d328325dc503f1c6b2d06cc7,nested,64 KiB single,65536,1,36577108,35942227,4194304,1.0176639305071442,0.017509736421151806
0,ba,1,llama-3,e134af98b985517b4f068e3755ae90d4e9cd2d45d328325dc503f1c6b2d06cc7,nested,64 KiB single,65536,1,37086511,36803841,4194304,1.0076804483532031,0.007651103866517728
0,ba,2,llama-3,e134af98b985517b4f068e3755ae90d4e9cd2d45d328325dc503f1c6b2d06cc7,nested,64 KiB single,65536,1,36280941,36257228,4194304,1.0006540213167978,0.0006538075380618904
0,ba,3,llama-3,e134af98b985517b4f068e3755ae90d4e9cd2d45d328325dc503f1c6b2d06cc7,nested,64 KiB single,65536,1,34718559,33392935,4194304,1.039697738458749,0.03893003481306887
0,ba,4,llama-3,e134af98b985517b4f068e3755ae90d4e9cd2d45d328325dc503f1c6b2d06cc7,nested,64 KiB single,65536,1,32339202,32333197,4194304,1.0001857224325823,0.00018570518830638666
0,ba,5,llama-3,e134af98b985517b4f068e3755ae90d4e9cd2d45d328325dc503f1c6b2d06cc7,nested,64 KiB single,65536,1,35643698,34830908,4194304,1.023335308973283,0.023067203521917257
0,ba,0,minimax-m2-1,757622126525aeeb131756849d93298070ff3f0319c455ec8c5bb0f6b1cebbe8,flat-ragged,140-byte batch 1,140,1,60343022,60779314,4194400,0.992821702462782,-0.007204185476933864
0,ba,1,minimax-m2-1,757622126525aeeb131756849d93298070ff3f0319c455ec8c5bb0f6b1cebbe8,flat-ragged,140-byte batch 1,140,1,57762692,58143794,4194400,0.9934455257598085,-0.006576049132867236
0,ba,2,minimax-m2-1,757622126525aeeb131756849d93298070ff3f0319c455ec8c5bb0f6b1cebbe8,flat-ragged,140-byte batch 1,140,1,57535745,60172969,4194400,0.9561726129884002,-0.04481682471003575
0,ba,3,minimax-m2-1,757622126525aeeb131756849d93298070ff3f0319c455ec8c5bb0f6b1cebbe8,flat-ragged,140-byte batch 1,140,1,60177702,61777468,4194400,0.9741043773435324,-0.026236817484154185
0,ba,4,minimax-m2-1,757622126525aeeb131756849d93298070ff3f0319c455ec8c5bb0f6b1cebbe8,flat-ragged,140-byte batch 1,140,1,56390577,57655299,4194400,0.978064080458589,-0.02218008915249086
0,ba,5,minimax-m2-1,757622126525aeeb131756849d93298070ff3f0319c455ec8c5bb0f6b1cebbe8,flat-ragged,140-byte batch 1,140,1,52881013,52639336,4194400,1.0045911863325936,0.00458067898514199
0,ba,0,minimax-m2-1,757622126525aeeb131756849d93298070ff3f0319c455ec8c5bb0f6b1cebbe8,flat-ragged,140-byte batch 32,140,32,54174550,57956246,4197760,0.9347491209144222,-0.06747710557529231
0,ba,1,minimax-m2-1,757622126525aeeb131756849d93298070ff3f0319c455ec8c5bb0f6b1cebbe8,flat-ragged,140-byte batch 32,140,32,55801572,55567048,4197760,1.0042205589183,0.004211677340886097
0,ba,2,minimax-m2-1,757622126525aeeb131756849d93298070ff3f0319c455ec8c5bb0f6b1cebbe8,flat-ragged,140-byte batch 32,140,32,56396200,55498186,4197760,1.0161809613020505,0.016051444814083198
0,ba,3,minimax-m2-1,757622126525aeeb131756849d93298070ff3f0319c455ec8c5bb0f6b1cebbe8,flat-ragged,140-byte batch 32,140,32,57519299,57443689,4197760,1.0013162455496198,0.001315380057829629
0,ba,4,minimax-m2-1,757622126525aeeb131756849d93298070ff3f0319c455ec8c5bb0f6b1cebbe8,flat-ragged,140-byte batch 32,140,32,54329862,53507209,4197760,1.0153746198946763,0.015257628039213654
0,ba,5,minimax-m2-1,757622126525aeeb131756849d93298070ff3f0319c455ec8c5bb0f6b1cebbe8,flat-ragged,140-byte batch 32,140,32,51075072,47863790,4197760,1.0670920961336325,0.06493728174727088
0,ba,0,minimax-m2-1,757622126525aeeb131756849d93298070ff3f0319c455ec8c5bb0f6b1cebbe8,flat-ragged,140-byte batch 512,140,512,19246886,17739347,4229120,1.084982778678381,0.08156411468063443
0,ba,1,minimax-m2-1,757622126525aeeb131756849d93298070ff3f0319c455ec8c5bb0f6b1cebbe8,flat-ragged,140-byte batch 512,140,512,18258818,17595600,4229120,1.0376922639750847,0.03699927062885347
0,ba,2,minimax-m2-1,757622126525aeeb131756849d93298070ff3f0319c455ec8c5bb0f6b1cebbe8,flat-ragged,140-byte batch 512,140,512,17942276,16931018,4229120,1.0597281273931667,0.05801239163508204
0,ba,3,minimax-m2-1,757622126525aeeb131756849d93298070ff3f0319c455ec8c5bb0f6b1cebbe8,flat-ragged,140-byte batch 512,140,512,15916066,15299195,4229120,1.0403204874504834,0.039528826691509866
0,ba,4,minimax-m2-1,757622126525aeeb131756849d93298070ff3f0319c455ec8c5bb0f6b1cebbe8,flat-ragged,140-byte batch 512,140,512,15994284,14989068,4229120,1.0670632757153413,0.06491027301241199
0,ba,5,minimax-m2-1,757622126525aeeb131756849d93298070ff3f0319c455ec8c5bb0f6b1cebbe8,flat-ragged,140-byte batch 512,140,512,16236678,14888751,4229120,1.0905332488937454,0.08666679578094345
0,ba,0,minimax-m2-1,757622126525aeeb131756849d93298070ff3f0319c455ec8c5bb0f6b1cebbe8,flat-ragged,4 KiB single,4096,1,46704392,43976925,4194304,1.0620204118409826,0.06017314282429079
0,ba,1,minimax-m2-1,757622126525aeeb131756849d93298070ff3f0319c455ec8c5bb0f6b1cebbe8,flat-ragged,4 KiB single,4096,1,44998243,44675296,4194304,1.0072287601631111,0.007202757910532035
0,ba,2,minimax-m2-1,757622126525aeeb131756849d93298070ff3f0319c455ec8c5bb0f6b1cebbe8,flat-ragged,4 KiB single,4096,1,43763464,42347448,4194304,1.03343804802594,0.03289115448806103
0,ba,3,minimax-m2-1,757622126525aeeb131756849d93298070ff3f0319c455ec8c5bb0f6b1cebbe8,flat-ragged,4 KiB single,4096,1,43269754,41965633,4194304,1.0310759282482407,0.03060284756877117
0,ba,4,minimax-m2-1,757622126525aeeb131756849d93298070ff3f0319c455ec8c5bb0f6b1cebbe8,flat-ragged,4 KiB single,4096,1,50086891,47915966,4194304,1.045306923374977,0.044310548872365955
0,ba,5,minimax-m2-1,757622126525aeeb131756849d93298070ff3f0319c455ec8c5bb0f6b1cebbe8,flat-ragged,4 KiB single,4096,1,46128526,44247601,4194304,1.042509084277812,0.0416303885884044
0,ba,0,minimax-m2-1,757622126525aeeb131756849d93298070ff3f0319c455ec8c5bb0f6b1cebbe8,flat-ragged,64 KiB single,65536,1,43293211,41335134,4194304,1.04737076696062,0.04628299237314515
0,ba,1,minimax-m2-1,757622126525aeeb131756849d93298070ff3f0319c455ec8c5bb0f6b1cebbe8,flat-ragged,64 KiB single,65536,1,42567256,40339224,4194304,1.0552323961412842,0.05376102337243721
0,ba,2,minimax-m2-1,757622126525aeeb131756849d93298070ff3f0319c455ec8c5bb0f6b1cebbe8,flat-ragged,64 KiB single,65536,1,37385271,37555615,4194304,0.9954642201971663,-0.0045460976635613255
0,ba,3,minimax-m2-1,757622126525aeeb131756849d93298070ff3f0319c455ec8c5bb0f6b1cebbe8,flat-ragged,64 KiB single,65536,1,41514083,40422326,4194304,1.027008762434898,0.02665046297905739
0,ba,4,minimax-m2-1,757622126525aeeb131756849d93298070ff3f0319c455ec8c5bb0f6b1cebbe8,flat-ragged,64 KiB single,65536,1,43804627,43473682,4194304,1.0076125367066908,0.007583707565293559
0,ba,5,minimax-m2-1,757622126525aeeb131756849d93298070ff3f0319c455ec8c5bb0f6b1cebbe8,flat-ragged,64 KiB single,65536,1,44541748,44118477,4194304,1.00959396218505,0.00954823238384859
0,ba,0,minimax-m2-1,757622126525aeeb131756849d93298070ff3f0319c455ec8c5bb0f6b1cebbe8,nested,140-byte batch 1,140,1,62216238,63389541,4194400,0.9814905900643767,-0.018682852612265783
0,ba,1,minimax-m2-1,757622126525aeeb131756849d93298070ff3f0319c455ec8c5bb0f6b1cebbe8,nested,140-byte batch 1,140,1,59281757,58502563,4194400,1.0133189720252085,0.013231054306047771
0,ba,2,minimax-m2-1,757622126525aeeb131756849d93298070ff3f0319c455ec8c5bb0f6b1cebbe8,nested,140-byte batch 1,140,1,59001277,60225642,4194400,0.9796703703050604,-0.020539120729737386
0,ba,3,minimax-m2-1,757622126525aeeb131756849d93298070ff3f0319c455ec8c5bb0f6b1cebbe8,nested,140-byte batch 1,140,1,60690255,59801452,4194400,1.0148625655443952,0.014753199921345387
0,ba,4,minimax-m2-1,757622126525aeeb131756849d93298070ff3f0319c455ec8c5bb0f6b1cebbe8,nested,140-byte batch 1,140,1,55975557,57611354,4194400,0.971606343430151,-0.02880455302595639
0,ba,5,minimax-m2-1,757622126525aeeb131756849d93298070ff3f0319c455ec8c5bb0f6b1cebbe8,nested,140-byte batch 1,140,1,53817209,52275822,4194400,1.0294856578247589,0.029059316183964547
0,ba,0,minimax-m2-1,757622126525aeeb131756849d93298070ff3f0319c455ec8c5bb0f6b1cebbe8,nested,140-byte batch 32,140,32,64565630,64746765,4197760,0.997202408490988,-0.0028015120819526425
0,ba,1,minimax-m2-1,757622126525aeeb131756849d93298070ff3f0319c455ec8c5bb0f6b1cebbe8,nested,140-byte batch 32,140,32,60693741,59758611,4197760,1.0156484560861028,0.015527281492514342
0,ba,2,minimax-m2-1,757622126525aeeb131756849d93298070ff3f0319c455ec8c5bb0f6b1cebbe8,nested,140-byte batch 32,140,32,61667345,62368388,4197760,0.9887596421443504,-0.011304008095129216
0,ba,3,minimax-m2-1,757622126525aeeb131756849d93298070ff3f0319c455ec8c5bb0f6b1cebbe8,nested,140-byte batch 32,140,32,62777623,62593171,4197760,1.0029468390409555,0.0029425056219603753
0,ba,4,minimax-m2-1,757622126525aeeb131756849d93298070ff3f0319c455ec8c5bb0f6b1cebbe8,nested,140-byte batch 32,140,32,58571067,56849129,4197760,1.0302896109454904,0.02983993839430599
0,ba,5,minimax-m2-1,757622126525aeeb131756849d93298070ff3f0319c455ec8c5bb0f6b1cebbe8,nested,140-byte batch 32,140,32,55204738,54659369,4197760,1.009977594143101,0.009928146590367526
0,ba,0,minimax-m2-1,757622126525aeeb131756849d93298070ff3f0319c455ec8c5bb0f6b1cebbe8,nested,140-byte batch 512,140,512,22208265,21005037,4229120,1.0572828317322174,0.05570225078493366
0,ba,1,minimax-m2-1,757622126525aeeb131756849d93298070ff3f0319c455ec8c5bb0f6b1cebbe8,nested,140-byte batch 512,140,512,21135469,20306901,4229120,1.0408022868678977,0.03999184543501443
0,ba,2,minimax-m2-1,757622126525aeeb131756849d93298070ff3f0319c455ec8c5bb0f6b1cebbe8,nested,140-byte batch 512,140,512,20833368,20245042,4229120,1.0290602508999487,0.028646008004571517
0,ba,3,minimax-m2-1,757622126525aeeb131756849d93298070ff3f0319c455ec8c5bb0f6b1cebbe8,nested,140-byte batch 512,140,512,19007443,18146699,4229120,1.0474325385570125,0.04634196840802883
0,ba,4,minimax-m2-1,757622126525aeeb131756849d93298070ff3f0319c455ec8c5bb0f6b1cebbe8,nested,140-byte batch 512,140,512,18952999,17865926,4229120,1.0608461604509052,0.059066854256591465
0,ba,5,minimax-m2-1,757622126525aeeb131756849d93298070ff3f0319c455ec8c5bb0f6b1cebbe8,nested,140-byte batch 512,140,512,18912752,18391805,4229120,1.0283249523361084,0.027931218577690736
0,ba,0,minimax-m2-1,757622126525aeeb131756849d93298070ff3f0319c455ec8c5bb0f6b1cebbe8,nested,4 KiB single,4096,1,48563321,47639086,4194304,1.0194007710391422,0.019214975289166835
0,ba,1,minimax-m2-1,757622126525aeeb131756849d93298070ff3f0319c455ec8c5bb0f6b1cebbe8,nested,4 KiB single,4096,1,45422104,45817169,4194304,0.9913773589983266,-0.00866003105978317
0,ba,2,minimax-m2-1,757622126525aeeb131756849d93298070ff3f0319c455ec8c5bb0f6b1cebbe8,nested,4 KiB single,4096,1,43804797,43450585,4194304,1.008152065156315,0.008119016561204324
0,ba,3,minimax-m2-1,757622126525aeeb131756849d93298070ff3f0319c455ec8c5bb0f6b1cebbe8,nested,4 KiB single,4096,1,44547185,44434537,4194304,1.002535145128214,0.002531937068590761
0,ba,4,minimax-m2-1,757622126525aeeb131756849d93298070ff3f0319c455ec8c5bb0f6b1cebbe8,nested,4 KiB single,4096,1,50011372,47318455,4194304,1.0569105014100735,0.05535003103269393
0,ba,5,minimax-m2-1,757622126525aeeb131756849d93298070ff3f0319c455ec8c5bb0f6b1cebbe8,nested,4 KiB single,4096,1,47110804,44895289,4194304,1.0493484962308628,0.04816949181205824
0,ba,0,minimax-m2-1,757622126525aeeb131756849d93298070ff3f0319c455ec8c5bb0f6b1cebbe8,nested,64 KiB single,65536,1,46264243,45968895,4194304,1.0064249532210856,0.006404401192714453
0,ba,1,minimax-m2-1,757622126525aeeb131756849d93298070ff3f0319c455ec8c5bb0f6b1cebbe8,nested,64 KiB single,65536,1,43797337,42619532,4194304,1.0276353339590871,0.027260370597327457
0,ba,2,minimax-m2-1,757622126525aeeb131756849d93298070ff3f0319c455ec8c5bb0f6b1cebbe8,nested,64 KiB single,65536,1,44986451,45007402,4194304,0.9995344987919987,-0.0004656095873236962
0,ba,3,minimax-m2-1,757622126525aeeb131756849d93298070ff3f0319c455ec8c5bb0f6b1cebbe8,nested,64 KiB single,65536,1,42698453,40898333,4194304,1.0440145078773748,0.043073385798159496
0,ba,4,minimax-m2-1,757622126525aeeb131756849d93298070ff3f0319c455ec8c5bb0f6b1cebbe8,nested,64 KiB single,65536,1,43332024,44236448,4194304,0.979554777996642,-0.020657118713432846
0,ba,5,minimax-m2-1,757622126525aeeb131756849d93298070ff3f0319c455ec8c5bb0f6b1cebbe8,nested,64 KiB single,65536,1,43137116,43064380,4194304,1.001689006088094,0.0016875813213787733
0,ba,0,mistral-nemo,e11c71726323d33da7b8d6f6f269f1988931c0a52b7122bcdd8c05042974e0db,flat-ragged,140-byte batch 1,140,1,72280642,67473464,4194400,1.0712454602893962,0.06882195315134795
0,ba,1,mistral-nemo,e11c71726323d33da7b8d6f6f269f1988931c0a52b7122bcdd8c05042974e0db,flat-ragged,140-byte batch 1,140,1,65927740,64008654,4194400,1.0299816646667808,0.02954100078871187
0,ba,2,mistral-nemo,e11c71726323d33da7b8d6f6f269f1988931c0a52b7122bcdd8c05042974e0db,flat-ragged,140-byte batch 1,140,1,59892539,59420290,4194400,1.0079476051025669,0.007916189233304644
0,ba,3,mistral-nemo,e11c71726323d33da7b8d6f6f269f1988931c0a52b7122bcdd8c05042974e0db,flat-ragged,140-byte batch 1,140,1,46924163,45886854,4194400,1.022605799037781,0.02235407452366626
0,ba,4,mistral-nemo,e11c71726323d33da7b8d6f6f269f1988931c0a52b7122bcdd8c05042974e0db,flat-ragged,140-byte batch 1,140,1,67485114,66159681,4194400,1.0200338481075808,0.019835811164785916
0,ba,5,mistral-nemo,e11c71726323d33da7b8d6f6f269f1988931c0a52b7122bcdd8c05042974e0db,flat-ragged,140-byte batch 1,140,1,61371346,60502540,4194400,1.0143598268766898,0.014257701074231225
0,ba,0,mistral-nemo,e11c71726323d33da7b8d6f6f269f1988931c0a52b7122bcdd8c05042974e0db,flat-ragged,140-byte batch 32,140,32,65614113,69452361,4197760,0.9447355288612866,-0.05685025429638077
0,ba,1,mistral-nemo,e11c71726323d33da7b8d6f6f269f1988931c0a52b7122bcdd8c05042974e0db,flat-ragged,140-byte batch 32,140,32,64636249,62631479,4197760,1.0320089838529918,0.03150737230538699
0,ba,2,mistral-nemo,e11c71726323d33da7b8d6f6f269f1988931c0a52b7122bcdd8c05042974e0db,flat-ragged,140-byte batch 32,140,32,55575846,56802161,4197760,0.9784107685621327,-0.02182568837157005
0,ba,3,mistral-nemo,e11c71726323d33da7b8d6f6f269f1988931c0a52b7122bcdd8c05042974e0db,flat-ragged,140-byte batch 32,140,32,42381243,43907231,4197760,0.9652451779525791,-0.03537313949639326
0,ba,4,mistral-nemo,e11c71726323d33da7b8d6f6f269f1988931c0a52b7122bcdd8c05042974e0db,flat-ragged,140-byte batch 32,140,32,64676280,66051562,4197760,0.9791786604531775,-0.02104116029939256
0,ba,5,mistral-nemo,e11c71726323d33da7b8d6f6f269f1988931c0a52b7122bcdd8c05042974e0db,flat-ragged,140-byte batch 32,140,32,58597107,58794364,4197760,0.9966449675346433,-0.0033606732068929323
0,ba,0,mistral-nemo,e11c71726323d33da7b8d6f6f269f1988931c0a52b7122bcdd8c05042974e0db,flat-ragged,140-byte batch 512,140,512,22530026,21229250,4229120,1.061272819341239,0.05946896073614855
0,ba,1,mistral-nemo,e11c71726323d33da7b8d6f6f269f1988931c0a52b7122bcdd8c05042974e0db,flat-ragged,140-byte batch 512,140,512,21173650,19769624,4229120,1.0710193577783775,0.06861086579188498
0,ba,2,mistral-nemo,e11c71726323d33da7b8d6f6f269f1988931c0a52b7122bcdd8c05042974e0db,flat-ragged,140-byte batch 512,140,512,19889793,18986273,4229120,1.0475880653354137,0.04649044119955937
0,ba,3,mistral-nemo,e11c71726323d33da7b8d6f6f269f1988931c0a52b7122bcdd8c05042974e0db,flat-ragged,140-byte batch 512,140,512,16979655,16098174,4229120,1.054756582951582,0.0533100132463348
0,ba,4,mistral-nemo,e11c71726323d33da7b8d6f6f269f1988931c0a52b7122bcdd8c05042974e0db,flat-ragged,140-byte batch 512,140,512,16407784,15586391,4229120,1.0526993708806611,0.05135769465043715
0,ba,5,mistral-nemo,e11c71726323d33da7b8d6f6f269f1988931c0a52b7122bcdd8c05042974e0db,flat-ragged,140-byte batch 512,140,512,16165495,15449169,4229120,1.0463666362896282,0.04532381693269321
0,ba,0,mistral-nemo,e11c71726323d33da7b8d6f6f269f1988931c0a52b7122bcdd8c05042974e0db,flat-ragged,4 KiB single,4096,1,48133030,47119206,4194304,1.0215161520336316,0.02128794722456987
0,ba,1,mistral-nemo,e11c71726323d33da7b8d6f6f269f1988931c0a52b7122bcdd8c05042974e0db,flat-ragged,4 KiB single,4096,1,51332079,50483699,4194304,1.0168050284904837,0.01666538628851419
0,ba,2,mistral-nemo,e11c71726323d33da7b8d6f6f269f1988931c0a52b7122bcdd8c05042974e0db,flat-ragged,4 KiB single,4096,1,46617624,45044092,4194304,1.0349331495016039,0.03433683477779515
0,ba,3,mistral-nemo,e11c71726323d33da7b8d6f6f269f1988931c0a52b7122bcdd8c05042974e0db,flat-ragged,4 KiB single,4096,1,43113572,44023793,4194304,0.9793243394543492,-0.020892394633527118
0,ba,4,mistral-nemo,e11c71726323d33da7b8d6f6f269f1988931c0a52b7122bcdd8c05042974e0db,flat-ragged,4 KiB single,4096,1,45677353,44634718,4194304,1.0233592827896885,0.02309063038443302
0,ba,5,mistral-nemo,e11c71726323d33da7b8d6f6f269f1988931c0a52b7122bcdd8c05042974e0db,flat-ragged,4 KiB single,4096,1,51598686,50934704,4194304,1.0130359450012707,0.012951708350015953
0,ba,0,mistral-nemo,e11c71726323d33da7b8d6f6f269f1988931c0a52b7122bcdd8c05042974e0db,flat-ragged,64 KiB single,65536,1,21216682,21159861,4194304,1.0026853200973296,0.002681721066909758
0,ba,1,mistral-nemo,e11c71726323d33da7b8d6f6f269f1988931c0a52b7122bcdd8c05042974e0db,flat-ragged,64 KiB single,65536,1,20572473,20014004,4194304,1.027903911681041,0.027521691536883178
0,ba,2,mistral-nemo,e11c71726323d33da7b8d6f6f269f1988931c0a52b7122bcdd8c05042974e0db,flat-ragged,64 KiB single,65536,1,19519228,18915524,4194304,1.0319157957241893,0.031417070439943184
0,ba,3,mistral-nemo,e11c71726323d33da7b8d6f6f269f1988931c0a52b7122bcdd8c05042974e0db,flat-ragged,64 KiB single,65536,1,20101452,19598682,4194304,1.0256532556628042,0.0253297321844304
0,ba,4,mistral-nemo,e11c71726323d33da7b8d6f6f269f1988931c0a52b7122bcdd8c05042974e0db,flat-ragged,64 KiB single,65536,1,19020583,19100036,4194304,0.9958401649085897,-0.004168511274758135
0,ba,5,mistral-nemo,e11c71726323d33da7b8d6f6f269f1988931c0a52b7122bcdd8c05042974e0db,flat-ragged,64 KiB single,65536,1,19046281,18800143,4194304,1.0130923472231035,0.013007383227133861
0,ba,0,mistral-nemo,e11c71726323d33da7b8d6f6f269f1988931c0a52b7122bcdd8c05042974e0db,nested,140-byte batch 1,140,1,78626403,77172042,4194400,1.0188456980314191,0.018670317879115616
0,ba,1,mistral-nemo,e11c71726323d33da7b8d6f6f269f1988931c0a52b7122bcdd8c05042974e0db,nested,140-byte batch 1,140,1,67733148,65832999,4194400,1.0288631693658676,0.028454473632842477
0,ba,2,mistral-nemo,e11c71726323d33da7b8d6f6f269f1988931c0a52b7122bcdd8c05042974e0db,nested,140-byte batch 1,140,1,63984478,59546995,4194400,1.0745206873999267,0.07187468996295159
0,ba,3,mistral-nemo,e11c71726323d33da7b8d6f6f269f1988931c0a52b7122bcdd8c05042974e0db,nested,140-byte batch 1,140,1,49089329,47187221,4194400,1.0403098118450331,0.03951856479591599
0,ba,4,mistral-nemo,e11c71726323d33da7b8d6f6f269f1988931c0a52b7122bcdd8c05042974e0db,nested,140-byte batch 1,140,1,71134562,67110741,4194400,1.059957928344138,0.0582292170949181
0,ba,5,mistral-nemo,e11c71726323d33da7b8d6f6f269f1988931c0a52b7122bcdd8c05042974e0db,nested,140-byte batch 1,140,1,63576405,60525756,4194400,1.0504024931138407,0.049173417493580014
0,ba,0,mistral-nemo,e11c71726323d33da7b8d6f6f269f1988931c0a52b7122bcdd8c05042974e0db,nested,140-byte batch 32,140,32,77527352,75373196,4197760,1.028579868100591,0.028179082030831592
0,ba,1,mistral-nemo,e11c71726323d33da7b8d6f6f269f1988931c0a52b7122bcdd8c05042974e0db,nested,140-byte batch 32,140,32,67672176,68304420,4197760,0.9907437322504166,-0.009299373199161926
0,ba,2,mistral-nemo,e11c71726323d33da7b8d6f6f269f1988931c0a52b7122bcdd8c05042974e0db,nested,140-byte batch 32,140,32,64529610,62070297,4197760,1.0396214150546115,0.038856622894515865
0,ba,3,mistral-nemo,e11c71726323d33da7b8d6f6f269f1988931c0a52b7122bcdd8c05042974e0db,nested,140-byte batch 32,140,32,50346191,48269155,4197760,1.0430302954340096,0.0421302220340054
0,ba,4,mistral-nemo,e11c71726323d33da7b8d6f6f269f1988931c0a52b7122bcdd8c05042974e0db,nested,140-byte batch 32,140,32,69349736,67613434,4197760,1.025679837530512,0.025355648860564146
0,ba,5,mistral-nemo,e11c71726323d33da7b8d6f6f269f1988931c0a52b7122bcdd8c05042974e0db,nested,140-byte batch 32,140,32,64636109,60880875,4197760,1.0616816693255475,0.05985413148902686
0,ba,0,mistral-nemo,e11c71726323d33da7b8d6f6f269f1988931c0a52b7122bcdd8c05042974e0db,nested,140-byte batch 512,140,512,24698805,23746894,4229120,1.0400857055242678,0.03930311891578301
0,ba,1,mistral-nemo,e11c71726323d33da7b8d6f6f269f1988931c0a52b7122bcdd8c05042974e0db,nested,140-byte batch 512,140,512,23393243,22061025,4229120,1.060387855958642,0.05863474304599509
0,ba,2,mistral-nemo,e11c71726323d33da7b8d6f6f269f1988931c0a52b7122bcdd8c05042974e0db,nested,140-byte batch 512,140,512,22354401,21007692,4229120,1.06410551906416,0.06213455805501163
0,ba,3,mistral-nemo,e11c71726323d33da7b8d6f6f269f1988931c0a52b7122bcdd8c05042974e0db,nested,140-byte batch 512,140,512,20215012,18029014,4229120,1.1212488935889673,0.11444314762468948
0,ba,4,mistral-nemo,e11c71726323d33da7b8d6f6f269f1988931c0a52b7122bcdd8c05042974e0db,nested,140-byte batch 512,140,512,18980413,17290268,4229120,1.097751232080382,0.09326375282788883
0,ba,5,mistral-nemo,e11c71726323d33da7b8d6f6f269f1988931c0a52b7122bcdd8c05042974e0db,nested,140-byte batch 512,140,512,18604228,17364893,4229120,1.0713701489551362,0.06893834235839262
0,ba,0,mistral-nemo,e11c71726323d33da7b8d6f6f269f1988931c0a52b7122bcdd8c05042974e0db,nested,4 KiB single,4096,1,51753315,49402750,4194304,1.0475796387852903,0.04648239740420406
0,ba,1,mistral-nemo,e11c71726323d33da7b8d6f6f269f1988931c0a52b7122bcdd8c05042974e0db,nested,4 KiB single,4096,1,50879348,49185762,4194304,1.0344324440881896,0.033852913111428816
0,ba,2,mistral-nemo,e11c71726323d33da7b8d6f6f269f1988931c0a52b7122bcdd8c05042974e0db,nested,4 KiB single,4096,1,47396822,45403192,4194304,1.0439094678629643,0.0429727690939887
0,ba,3,mistral-nemo,e11c71726323d33da7b8d6f6f269f1988931c0a52b7122bcdd8c05042974e0db,nested,4 KiB single,4096,1,45039817,43108468,4194304,1.0448020792573747,0.043827469638905624
0,ba,4,mistral-nemo,e11c71726323d33da7b8d6f6f269f1988931c0a52b7122bcdd8c05042974e0db,nested,4 KiB single,4096,1,46069324,44282227,4194304,1.0403569811427957,0.03956390535494222
0,ba,5,mistral-nemo,e11c71726323d33da7b8d6f6f269f1988931c0a52b7122bcdd8c05042974e0db,nested,4 KiB single,4096,1,53931513,49975742,4194304,1.0791538222684118,0.07617723614161435
0,ba,0,mistral-nemo,e11c71726323d33da7b8d6f6f269f1988931c0a52b7122bcdd8c05042974e0db,nested,64 KiB single,65536,1,48432377,46513384,4194304,1.0412567918085684,0.040428437222966226
0,ba,1,mistral-nemo,e11c71726323d33da7b8d6f6f269f1988931c0a52b7122bcdd8c05042974e0db,nested,64 KiB single,65536,1,47144326,44812230,4194304,1.0520415074188452,0.050732569258497326
0,ba,2,mistral-nemo,e11c71726323d33da7b8d6f6f269f1988931c0a52b7122bcdd8c05042974e0db,nested,64 KiB single,65536,1,46717930,44669471,4194304,1.0458581432495586,0.0448377381374755
0,ba,3,mistral-nemo,e11c71726323d33da7b8d6f6f269f1988931c0a52b7122bcdd8c05042974e0db,nested,64 KiB single,65536,1,43103318,42465487,4194304,1.0150199855237736,0.014908302471107289
0,ba,4,mistral-nemo,e11c71726323d33da7b8d6f6f269f1988931c0a52b7122bcdd8c05042974e0db,nested,64 KiB single,65536,1,40662366,40535403,4194304,1.0031321509249582,0.003127255958768373
0,ba,5,mistral-nemo,e11c71726323d33da7b8d6f6f269f1988931c0a52b7122bcdd8c05042974e0db,nested,64 KiB single,65536,1,44551757,43544754,4194304,1.023125701892816,0.022862355171435953
0,ba,0,nemotron-3,c6021eb6847e682f89aa52d5eb6e8c7d902a23acfc8137e25211cf84828f1592,flat-ragged,140-byte batch 1,140,1,75684373,72692347,4194400,1.0411601237747903,0.04033559507101845
0,ba,1,nemotron-3,c6021eb6847e682f89aa52d5eb6e8c7d902a23acfc8137e25211cf84828f1592,flat-ragged,140-byte batch 1,140,1,68673804,65298811,4194400,1.0516853668285018,0.0503939886203876
0,ba,2,nemotron-3,c6021eb6847e682f89aa52d5eb6e8c7d902a23acfc8137e25211cf84828f1592,flat-ragged,140-byte batch 1,140,1,61103418,59574080,4194400,1.0256711979438038,0.025347225546797837
0,ba,3,nemotron-3,c6021eb6847e682f89aa52d5eb6e8c7d902a23acfc8137e25211cf84828f1592,flat-ragged,140-byte batch 1,140,1,48972512,45171901,4194400,1.0841366184699643,0.08078392687497463
0,ba,4,nemotron-3,c6021eb6847e682f89aa52d5eb6e8c7d902a23acfc8137e25211cf84828f1592,flat-ragged,140-byte batch 1,140,1,68152669,66705544,4194400,1.0216942237964508,0.0214622530771405
0,ba,5,nemotron-3,c6021eb6847e682f89aa52d5eb6e8c7d902a23acfc8137e25211cf84828f1592,flat-ragged,140-byte batch 1,140,1,63555070,59516776,4194400,1.067851356733436,0.06564855176315193
0,ba,0,nemotron-3,c6021eb6847e682f89aa52d5eb6e8c7d902a23acfc8137e25211cf84828f1592,flat-ragged,140-byte batch 32,140,32,67563054,61875468,4197760,1.0919198865695852,0.08793751068418096
0,ba,1,nemotron-3,c6021eb6847e682f89aa52d5eb6e8c7d902a23acfc8137e25211cf84828f1592,flat-ragged,140-byte batch 32,140,32,60356994,59077034,4197760,1.0216659489032573,0.02143457817814518
0,ba,2,nemotron-3,c6021eb6847e682f89aa52d5eb6e8c7d902a23acfc8137e25211cf84828f1592,flat-ragged,140-byte batch 32,140,32,56571027,54750749,4197760,1.0332466319319211,0.032705914720792706
0,ba,3,nemotron-3,c6021eb6847e682f89aa52d5eb6e8c7d902a23acfc8137e25211cf84828f1592,flat-ragged,140-byte batch 32,140,32,41914417,41195407,4197760,1.0174536447716125,0.017303079332800227
0,ba,4,nemotron-3,c6021eb6847e682f89aa52d5eb6e8c7d902a23acfc8137e25211cf84828f1592,flat-ragged,140-byte batch 32,140,32,64012602,60851057,4197760,1.051955465621575,0.05065078036010957
0,ba,5,nemotron-3,c6021eb6847e682f89aa52d5eb6e8c7d902a23acfc8137e25211cf84828f1592,flat-ragged,140-byte batch 32,140,32,58832498,55244124,4197760,1.064954853841107,0.06293240750335095
0,ba,0,nemotron-3,c6021eb6847e682f89aa52d5eb6e8c7d902a23acfc8137e25211cf84828f1592,flat-ragged,140-byte batch 512,140,512,22108818,21798680,4229120,1.0142273752355648,0.014127115964382096
0,ba,1,nemotron-3,c6021eb6847e682f89aa52d5eb6e8c7d902a23acfc8137e25211cf84828f1592,flat-ragged,140-byte batch 512,140,512,21159639,20270976,4229120,1.04383918169505,0.042905437073004565
0,ba,2,nemotron-3,c6021eb6847e682f89aa52d5eb6e8c7d902a23acfc8137e25211cf84828f1592,flat-ragged,140-byte batch 512,140,512,19922524,19268916,4229120,1.0339203305468767,0.03335772335651096
0,ba,3,nemotron-3,c6021eb6847e682f89aa52d5eb6e8c7d902a23acfc8137e25211cf84828f1592,flat-ragged,140-byte batch 512,140,512,17272229,16581003,4229120,1.0416878279317603,0.040842309128401956
0,ba,4,nemotron-3,c6021eb6847e682f89aa52d5eb6e8c7d902a23acfc8137e25211cf84828f1592,flat-ragged,140-byte batch 512,140,512,16202999,15869849,4229120,1.020992638304246,0.020775328876657742
0,ba,5,nemotron-3,c6021eb6847e682f89aa52d5eb6e8c7d902a23acfc8137e25211cf84828f1592,flat-ragged,140-byte batch 512,140,512,16052393,15797245,4229120,1.016151423871694,0.01602237729483875
0,ba,0,nemotron-3,c6021eb6847e682f89aa52d5eb6e8c7d902a23acfc8137e25211cf84828f1592,flat-ragged,4 KiB single,4096,1,49890257,47744739,4194304,1.0449372652346052,0.04395685034638514
0,ba,1,nemotron-3,c6021eb6847e682f89aa52d5eb6e8c7d902a23acfc8137e25211cf84828f1592,flat-ragged,4 KiB single,4096,1,52750902,50305697,4194304,1.048606920206274,0.04746254060645676
0,ba,2,nemotron-3,c6021eb6847e682f89aa52d5eb6e8c7d902a23acfc8137e25211cf84828f1592,flat-ragged,4 KiB single,4096,1,47609538,46501689,4194304,1.0238238443339123,0.02354448480130767
0,ba,3,nemotron-3,c6021eb6847e682f89aa52d5eb6e8c7d902a23acfc8137e25211cf84828f1592,flat-ragged,4 KiB single,4096,1,45678942,44670141,4194304,1.0225833404018134,0.022332112118786024
0,ba,4,nemotron-3,c6021eb6847e682f89aa52d5eb6e8c7d902a23acfc8137e25211cf84828f1592,flat-ragged,4 KiB single,4096,1,45305938,45630043,4194304,0.9928971138598314,-0.00712823172510784
0,ba,5,nemotron-3,c6021eb6847e682f89aa52d5eb6e8c7d902a23acfc8137e25211cf84828f1592,flat-ragged,4 KiB single,4096,1,53637685,51275265,4194304,1.046073286993251,0.045043427235445514
0,ba,0,nemotron-3,c6021eb6847e682f89aa52d5eb6e8c7d902a23acfc8137e25211cf84828f1592,flat-ragged,64 KiB single,65536,1,21807348,21328484,4194304,1.0224518535869684,0.022203520869684138
0,ba,1,nemotron-3,c6021eb6847e682f89aa52d5eb6e8c7d902a23acfc8137e25211cf84828f1592,flat-ragged,64 KiB single,65536,1,20774270,20545805,4194304,1.0111197882000729,0.011058417886097887
0,ba,2,nemotron-3,c6021eb6847e682f89aa52d5eb6e8c7d902a23acfc8137e25211cf84828f1592,flat-ragged,64 KiB single,65536,1,19303058,19038313,4194304,1.0139059064739613,0.013810106458946883
0,ba,3,nemotron-3,c6021eb6847e682f89aa52d5eb6e8c7d902a23acfc8137e25211cf84828f1592,flat-ragged,64 KiB single,65536,1,19769000,20279295,4194304,0.9748366498934011,-0.025485360591314628
0,ba,4,nemotron-3,c6021eb6847e682f89aa52d5eb6e8c7d902a23acfc8137e25211cf84828f1592,flat-ragged,64 KiB single,65536,1,18985169,18672063,4194304,1.0167686880662303,0.016629645834198344
0,ba,5,nemotron-3,c6021eb6847e682f89aa52d5eb6e8c7d902a23acfc8137e25211cf84828f1592,flat-ragged,64 KiB single,65536,1,19797164,19197695,4194304,1.03122609250746,0.030748475374954058
0,ba,0,nemotron-3,c6021eb6847e682f89aa52d5eb6e8c7d902a23acfc8137e25211cf84828f1592,nested,140-byte batch 1,140,1,75468982,77781366,4194400,0.9702707201105211,-0.03018015352644192
0,ba,1,nemotron-3,c6021eb6847e682f89aa52d5eb6e8c7d902a23acfc8137e25211cf84828f1592,nested,140-byte batch 1,140,1,65578499,64881281,4194400,1.0107460578652878,0.010688729323655615
0,ba,2,nemotron-3,c6021eb6847e682f89aa52d5eb6e8c7d902a23acfc8137e25211cf84828f1592,nested,140-byte batch 1,140,1,61519556,60360925,4194400,1.0191950504403304,0.01901314950561278
0,ba,3,nemotron-3,c6021eb6847e682f89aa52d5eb6e8c7d902a23acfc8137e25211cf84828f1592,nested,140-byte batch 1,140,1,47720190,47274913,4194400,1.0094188856571773,0.00937480453419556
0,ba,4,nemotron-3,c6021eb6847e682f89aa52d5eb6e8c7d902a23acfc8137e25211cf84828f1592,nested,140-byte batch 1,140,1,70270508,66504653,4194400,1.056625436418712,0.05508027929771002
0,ba,5,nemotron-3,c6021eb6847e682f89aa52d5eb6e8c7d902a23acfc8137e25211cf84828f1592,nested,140-byte batch 1,140,1,61851197,64206586,4194400,0.9633154611273055,-0.03737433917887266
0,ba,0,nemotron-3,c6021eb6847e682f89aa52d5eb6e8c7d902a23acfc8137e25211cf84828f1592,nested,140-byte batch 32,140,32,77333326,74357486,4197760,1.0400207182905565,0.03924063438807962
0,ba,1,nemotron-3,c6021eb6847e682f89aa52d5eb6e8c7d902a23acfc8137e25211cf84828f1592,nested,140-byte batch 32,140,32,65518571,65558375,4197760,0.999392846451731,-0.0006073379406246934
0,ba,2,nemotron-3,c6021eb6847e682f89aa52d5eb6e8c7d902a23acfc8137e25211cf84828f1592,nested,140-byte batch 32,140,32,62297116,60356347,4197760,1.0321551766544121,0.031649020730896774
0,ba,3,nemotron-3,c6021eb6847e682f89aa52d5eb6e8c7d902a23acfc8137e25211cf84828f1592,nested,140-byte batch 32,140,32,48307098,48003206,4197760,1.0063306604979676,0.00631070603912076
0,ba,4,nemotron-3,c6021eb6847e682f89aa52d5eb6e8c7d902a23acfc8137e25211cf84828f1592,nested,140-byte batch 32,140,32,66086513,65745211,4197760,1.005191283057864,0.005177854801175671
0,ba,5,nemotron-3,c6021eb6847e682f89aa52d5eb6e8c7d902a23acfc8137e25211cf84828f1592,nested,140-byte batch 32,140,32,61730816,61329723,4197760,1.0065399447507695,0.006518652096865642
0,ba,0,nemotron-3,c6021eb6847e682f89aa52d5eb6e8c7d902a23acfc8137e25211cf84828f1592,nested,140-byte batch 512,140,512,24130132,23816684,4229120,1.0131608581614469,0.013075006501646067
0,ba,1,nemotron-3,c6021eb6847e682f89aa52d5eb6e8c7d902a23acfc8137e25211cf84828f1592,nested,140-byte batch 512,140,512,22919972,22153127,4229120,1.0346156549366596,0.034030009863346034
0,ba,2,nemotron-3,c6021eb6847e682f89aa52d5eb6e8c7d902a23acfc8137e25211cf84828f1592,nested,140-byte batch 512,140,512,21872029,21091989,4229120,1.036982761559377,0.03631530573349909
0,ba,3,nemotron-3,c6021eb6847e682f89aa52d5eb6e8c7d902a23acfc8137e25211cf84828f1592,nested,140-byte batch 512,140,512,19116834,18268945,4229120,1.0464114922892374,0.04536668435280187
0,ba,4,nemotron-3,c6021eb6847e682f89aa52d5eb6e8c7d902a23acfc8137e25211cf84828f1592,nested,140-byte batch 512,140,512,18100772,17643800,4229120,1.025899862841338,0.025570142415583898
0,ba,5,nemotron-3,c6021eb6847e682f89aa52d5eb6e8c7d902a23acfc8137e25211cf84828f1592,nested,140-byte batch 512,140,512,18917793,17463714,4229120,1.0832628729490188,0.07997766520356896
0,ba,0,nemotron-3,c6021eb6847e682f89aa52d5eb6e8c7d902a23acfc8137e25211cf84828f1592,nested,4 KiB single,4096,1,53539819,50155272,4194304,1.0674813806213632,0.06530202392765086
0,ba,1,nemotron-3,c6021eb6847e682f89aa52d5eb6e8c7d902a23acfc8137e25211cf84828f1592,nested,4 KiB single,4096,1,51105276,49133064,4194304,1.0401402200359415,0.03935553102258003
0,ba,2,nemotron-3,c6021eb6847e682f89aa52d5eb6e8c7d902a23acfc8137e25211cf84828f1592,nested,4 KiB single,4096,1,47850624,46313934,4194304,1.033179863321479,0.032641292426587046
0,ba,3,nemotron-3,c6021eb6847e682f89aa52d5eb6e8c7d902a23acfc8137e25211cf84828f1592,nested,4 KiB single,4096,1,45403628,44337937,4194304,1.0240356469449627,0.02375133748110107
0,ba,4,nemotron-3,c6021eb6847e682f89aa52d5eb6e8c7d902a23acfc8137e25211cf84828f1592,nested,4 KiB single,4096,1,46022363,44473866,4194304,1.0348181334179494,0.034225694772981964
0,ba,5,nemotron-3,c6021eb6847e682f89aa52d5eb6e8c7d902a23acfc8137e25211cf84828f1592,nested,4 KiB single,4096,1,53077160,50615718,4194304,1.0486299927623273,0.0474845434196931
0,ba,0,nemotron-3,c6021eb6847e682f89aa52d5eb6e8c7d902a23acfc8137e25211cf84828f1592,nested,64 KiB single,65536,1,47502967,46319266,4194304,1.0255552624689692,0.025234185395263623
0,ba,1,nemotron-3,c6021eb6847e682f89aa52d5eb6e8c7d902a23acfc8137e25211cf84828f1592,nested,64 KiB single,65536,1,45911018,45944189,4194304,0.9992780153329075,-0.0007222454235379174
0,ba,2,nemotron-3,c6021eb6847e682f89aa52d5eb6e8c7d902a23acfc8137e25211cf84828f1592,nested,64 KiB single,65536,1,45978603,44896943,4194304,1.0240920634618709,0.02380642830052189
0,ba,3,nemotron-3,c6021eb6847e682f89aa52d5eb6e8c7d902a23acfc8137e25211cf84828f1592,nested,64 KiB single,65536,1,42469042,41948745,4194304,1.0124031600945391,0.012326871073272069
0,ba,4,nemotron-3,c6021eb6847e682f89aa52d5eb6e8c7d902a23acfc8137e25211cf84828f1592,nested,64 KiB single,65536,1,42099420,39879854,4194304,1.0556563221119115,0.054162679767358314
0,ba,5,nemotron-3,c6021eb6847e682f89aa52d5eb6e8c7d902a23acfc8137e25211cf84828f1592,nested,64 KiB single,65536,1,44057534,43577924,4194304,1.0110058019285177,0.010945678823566559
0,ba,0,phi-4-mini,382cc235b56c725945e149cc25f191da667c836655efd0857b004320e90e91ea,flat-ragged,140-byte batch 1,140,1,48080983,45084274,4194400,1.0664690530449707,0.06435324120396436
0,ba,1,phi-4-mini,382cc235b56c725945e149cc25f191da667c836655efd0857b004320e90e91ea,flat-ragged,140-byte batch 1,140,1,46197507,43563686,4194400,1.0604590943016163,0.05870192219156469
0,ba,2,phi-4-mini,382cc235b56c725945e149cc25f191da667c836655efd0857b004320e90e91ea,flat-ragged,140-byte batch 1,140,1,45107616,44493106,4194400,1.013811353156599,0.013716845609110304
0,ba,3,phi-4-mini,382cc235b56c725945e149cc25f191da667c836655efd0857b004320e90e91ea,flat-ragged,140-byte batch 1,140,1,48725850,45437962,4194400,1.0723599355094315,0.06986176702999838
0,ba,4,phi-4-mini,382cc235b56c725945e149cc25f191da667c836655efd0857b004320e90e91ea,flat-ragged,140-byte batch 1,140,1,42703298,41260988,4194400,1.0349557795368352,0.03435870071940652
0,ba,5,phi-4-mini,382cc235b56c725945e149cc25f191da667c836655efd0857b004320e90e91ea,flat-ragged,140-byte batch 1,140,1,40073074,37901109,4194400,1.0573061067949225,0.05572426457899268
0,ba,0,phi-4-mini,382cc235b56c725945e149cc25f191da667c836655efd0857b004320e90e91ea,flat-ragged,140-byte batch 32,140,32,41097004,39110881,4197760,1.0507818527534576,0.049534508746220444
0,ba,1,phi-4-mini,382cc235b56c725945e149cc25f191da667c836655efd0857b004320e90e91ea,flat-ragged,140-byte batch 32,140,32,38223295,38981432,4197760,0.980551330182021,-0.01964028368895482
0,ba,2,phi-4-mini,382cc235b56c725945e149cc25f191da667c836655efd0857b004320e90e91ea,flat-ragged,140-byte batch 32,140,32,40301041,40777175,4197760,0.988323516771331,-0.011745188708222453
0,ba,3,phi-4-mini,382cc235b56c725945e149cc25f191da667c836655efd0857b004320e90e91ea,flat-ragged,140-byte batch 32,140,32,42233956,42419154,4197760,0.995634094918536,-0.004375463475894849
0,ba,4,phi-4-mini,382cc235b56c725945e149cc25f191da667c836655efd0857b004320e90e91ea,flat-ragged,140-byte batch 32,140,32,39731325,39149202,4197760,1.0148693452295656,0.014759880296358871
0,ba,5,phi-4-mini,382cc235b56c725945e149cc25f191da667c836655efd0857b004320e90e91ea,flat-ragged,140-byte batch 32,140,32,35331771,34330876,4197760,1.0291543682136162,0.02873746330068988
0,ba,0,phi-4-mini,382cc235b56c725945e149cc25f191da667c836655efd0857b004320e90e91ea,flat-ragged,140-byte batch 512,140,512,15189777,14564073,4229120,1.0429621576326897,0.042064893129057604
0,ba,1,phi-4-mini,382cc235b56c725945e149cc25f191da667c836655efd0857b004320e90e91ea,flat-ragged,140-byte batch 512,140,512,15226746,14446245,4229120,1.0540279498236393,0.05261896762681873
0,ba,2,phi-4-mini,382cc235b56c725945e149cc25f191da667c836655efd0857b004320e90e91ea,flat-ragged,140-byte batch 512,140,512,14761252,14083688,4229120,1.0481098416835135,0.04698839117329714
0,ba,3,phi-4-mini,382cc235b56c725945e149cc25f191da667c836655efd0857b004320e90e91ea,flat-ragged,140-byte batch 512,140,512,12765918,11961084,4229120,1.0672877140566859,0.06512058363446743
0,ba,4,phi-4-mini,382cc235b56c725945e149cc25f191da667c836655efd0857b004320e90e91ea,flat-ragged,140-byte batch 512,140,512,12097018,11126468,4229120,1.0872289391386376,0.08363220154564752
0,ba,5,phi-4-mini,382cc235b56c725945e149cc25f191da667c836655efd0857b004320e90e91ea,flat-ragged,140-byte batch 512,140,512,12299052,11279708,4229120,1.0903697152444016,0.0865168270273223
0,ba,0,phi-4-mini,382cc235b56c725945e149cc25f191da667c836655efd0857b004320e90e91ea,flat-ragged,4 KiB single,4096,1,30416097,30486775,4194304,0.9976816832872615,-0.0023210081694995635
0,ba,1,phi-4-mini,382cc235b56c725945e149cc25f191da667c836655efd0857b004320e90e91ea,flat-ragged,4 KiB single,4096,1,33029850,31602405,4194304,1.0451688724323354,0.044178472774552065
0,ba,2,phi-4-mini,382cc235b56c725945e149cc25f191da667c836655efd0857b004320e90e91ea,flat-ragged,4 KiB single,4096,1,31369375,29638153,4194304,1.058411939502438,0.056769614464012824
0,ba,3,phi-4-mini,382cc235b56c725945e149cc25f191da667c836655efd0857b004320e90e91ea,flat-ragged,4 KiB single,4096,1,30755452,29971723,4194304,1.0261489471259293,0.025812908849408196
0,ba,4,phi-4-mini,382cc235b56c725945e149cc25f191da667c836655efd0857b004320e90e91ea,flat-ragged,4 KiB single,4096,1,34454891,35008284,4194304,0.9841925128349621,-0.015933757940542505
0,ba,5,phi-4-mini,382cc235b56c725945e149cc25f191da667c836655efd0857b004320e90e91ea,flat-ragged,4 KiB single,4096,1,32530626,32946092,4194304,0.9873895210393998,-0.01269066589406232
0,ba,0,phi-4-mini,382cc235b56c725945e149cc25f191da667c836655efd0857b004320e90e91ea,flat-ragged,64 KiB single,65536,1,17675628,16875905,4194304,1.0473884511675078,0.046299876611424304
0,ba,1,phi-4-mini,382cc235b56c725945e149cc25f191da667c836655efd0857b004320e90e91ea,flat-ragged,64 KiB single,65536,1,17725841,16762093,4194304,1.0574956838623912,0.055903550475963265
0,ba,2,phi-4-mini,382cc235b56c725945e149cc25f191da667c836655efd0857b004320e90e91ea,flat-ragged,64 KiB single,65536,1,16993429,16043516,4194304,1.0592085301002598,0.05752195951056906
0,ba,3,phi-4-mini,382cc235b56c725945e149cc25f191da667c836655efd0857b004320e90e91ea,flat-ragged,64 KiB single,65536,1,17919972,16940524,4194304,1.0578168656412281,0.05620722359640163
0,ba,4,phi-4-mini,382cc235b56c725945e149cc25f191da667c836655efd0857b004320e90e91ea,flat-ragged,64 KiB single,65536,1,17506101,16156973,4194304,1.0835012845537342,0.08019772755308861
0,ba,5,phi-4-mini,382cc235b56c725945e149cc25f191da667c836655efd0857b004320e90e91ea,flat-ragged,64 KiB single,65536,1,16988989,16518552,4194304,1.028479312230273,0.028081315402277787
0,ba,0,phi-4-mini,382cc235b56c725945e149cc25f191da667c836655efd0857b004320e90e91ea,nested,140-byte batch 1,140,1,49897699,49605920,4194400,1.0058819390911407,0.005864708022453272
0,ba,1,phi-4-mini,382cc235b56c725945e149cc25f191da667c836655efd0857b004320e90e91ea,nested,140-byte batch 1,140,1,43737348,44705585,4194400,0.978341923050554,-0.0218960554771345
0,ba,2,phi-4-mini,382cc235b56c725945e149cc25f191da667c836655efd0857b004320e90e91ea,nested,140-byte batch 1,140,1,45415728,44324757,4194400,1.024613129858783,0.02431510706001025
0,ba,3,phi-4-mini,382cc235b56c725945e149cc25f191da667c836655efd0857b004320e90e91ea,nested,140-byte batch 1,140,1,47706470,48055741,4194400,0.9927319609950453,-0.007294579878706398
0,ba,4,phi-4-mini,382cc235b56c725945e149cc25f191da667c836655efd0857b004320e90e91ea,nested,140-byte batch 1,140,1,42196979,41269118,4194400,1.022483179795604,0.02223415872186684
0,ba,5,phi-4-mini,382cc235b56c725945e149cc25f191da667c836655efd0857b004320e90e91ea,nested,140-byte batch 1,140,1,37868883,37927618,4194400,0.9984513923336815,-0.0015498079985597664
0,ba,0,phi-4-mini,382cc235b56c725945e149cc25f191da667c836655efd0857b004320e90e91ea,nested,140-byte batch 32,140,32,49235329,49056730,4197760,1.0036406625553722,0.0036340513846202832
0,ba,1,phi-4-mini,382cc235b56c725945e149cc25f191da667c836655efd0857b004320e90e91ea,nested,140-byte batch 32,140,32,45980556,46272870,4197760,0.9936828210569174,-0.006337216750835129
0,ba,2,phi-4-mini,382cc235b56c725945e149cc25f191da667c836655efd0857b004320e90e91ea,nested,140-byte batch 32,140,32,45343232,45999915,4197760,0.9857242562296039,-0.01437862248771583
0,ba,3,phi-4-mini,382cc235b56c725945e149cc25f191da667c836655efd0857b004320e90e91ea,nested,140-byte batch 32,140,32,48215064,48456860,4197760,0.9950100770045769,-0.005002414232037669
0,ba,4,phi-4-mini,382cc235b56c725945e149cc25f191da667c836655efd0857b004320e90e91ea,nested,140-byte batch 32,140,32,43212168,43048129,4197760,1.0038105953455028,0.0038033534185975865
0,ba,5,phi-4-mini,382cc235b56c725945e149cc25f191da667c836655efd0857b004320e90e91ea,nested,140-byte batch 32,140,32,40602417,40051075,4197760,1.0137659725737698,0.013672082253098168
0,ba,0,phi-4-mini,382cc235b56c725945e149cc25f191da667c836655efd0857b004320e90e91ea,nested,140-byte batch 512,140,512,18080484,17574998,4229120,1.0287616533441426,0.02835580061851356
0,ba,1,phi-4-mini,382cc235b56c725945e149cc25f191da667c836655efd0857b004320e90e91ea,nested,140-byte batch 512,140,512,17329439,16773962,4229120,1.0331154321203304,0.03257892844471897
0,ba,2,phi-4-mini,382cc235b56c725945e149cc25f191da667c836655efd0857b004320e90e91ea,nested,140-byte batch 512,140,512,16664843,15942392,4229120,1.045316349014627,0.04431956593419117
0,ba,3,phi-4-mini,382cc235b56c725945e149cc25f191da667c836655efd0857b004320e90e91ea,nested,140-byte batch 512,140,512,15723442,14532202,4229120,1.0819724361111964,0.07878570515635651
0,ba,4,phi-4-mini,382cc235b56c725945e149cc25f191da667c836655efd0857b004320e90e91ea,nested,140-byte batch 512,140,512,15140965,14326376,4229120,1.056859389981109,0.0553016705851517
0,ba,5,phi-4-mini,382cc235b56c725945e149cc25f191da667c836655efd0857b004320e90e91ea,nested,140-byte batch 512,140,512,14907393,14351041,4229120,1.0387673618938167,0.03803478126571398
0,ba,0,phi-4-mini,382cc235b56c725945e149cc25f191da667c836655efd0857b004320e90e91ea,nested,4 KiB single,4096,1,35500514,34483155,4194304,1.029503071862189,0.029076231320195635
0,ba,1,phi-4-mini,382cc235b56c725945e149cc25f191da667c836655efd0857b004320e90e91ea,nested,4 KiB single,4096,1,32709989,32801769,4194304,0.9972019801736912,-0.0028019416009600973
0,ba,2,phi-4-mini,382cc235b56c725945e149cc25f191da667c836655efd0857b004320e90e91ea,nested,4 KiB single,4096,1,31082754,31881985,4194304,0.9749315796993192,-0.025387985114011958
0,ba,3,phi-4-mini,382cc235b56c725945e149cc25f191da667c836655efd0857b004320e90e91ea,nested,4 KiB single,4096,1,30988007,31943037,4194304,0.9701020914197983,-0.030353964136593987
0,ba,4,phi-4-mini,382cc235b56c725945e149cc25f191da667c836655efd0857b004320e90e91ea,nested,4 KiB single,4096,1,34368087,35842683,4194304,0.9588592182119848,-0.042011015488118
0,ba,5,phi-4-mini,382cc235b56c725945e149cc25f191da667c836655efd0857b004320e90e91ea,nested,4 KiB single,4096,1,33714803,33710361,4194304,1.0001317695767185,0.00013176089587035305
0,ba,0,phi-4-mini,382cc235b56c725945e149cc25f191da667c836655efd0857b004320e90e91ea,nested,64 KiB single,65536,1,33686851,33241985,4194304,1.0133826544955122,0.013293897765086223
0,ba,1,phi-4-mini,382cc235b56c725945e149cc25f191da667c836655efd0857b004320e90e91ea,nested,64 KiB single,65536,1,31427793,30557304,4194304,1.0284871008253869,0.028088888297065535
0,ba,2,phi-4-mini,382cc235b56c725945e149cc25f191da667c836655efd0857b004320e90e91ea,nested,64 KiB single,65536,1,30703509,30402153,4194304,1.0099123243015058,0.009863519462896885
0,ba,3,phi-4-mini,382cc235b56c725945e149cc25f191da667c836655efd0857b004320e90e91ea,nested,64 KiB single,65536,1,28737473,28618102,4194304,1.004171171100026,0.004162495881367331
0,ba,4,phi-4-mini,382cc235b56c725945e149cc25f191da667c836655efd0857b004320e90e91ea,nested,64 KiB single,65536,1,31451479,32386316,4194304,0.9711348150867175,-0.029289978838474406
0,ba,5,phi-4-mini,382cc235b56c725945e149cc25f191da667c836655efd0857b004320e90e91ea,nested,64 KiB single,65536,1,31517946,31143180,4194304,1.012033645889726,0.011961817239213813
0,ba,0,qwen-2-5,c0382117ea329cdf097041132f6d735924b697924d6f6fc3945713e96ce87539,flat-ragged,140-byte batch 1,140,1,44640195,45360728,4194400,0.9841154886226694,-0.016012022330338202
0,ba,1,qwen-2-5,c0382117ea329cdf097041132f6d735924b697924d6f6fc3945713e96ce87539,flat-ragged,140-byte batch 1,140,1,42587425,42613020,4194400,0.9993993619790383,-0.0006008184762402615
0,ba,2,qwen-2-5,c0382117ea329cdf097041132f6d735924b697924d6f6fc3945713e96ce87539,flat-ragged,140-byte batch 1,140,1,39923356,40136169,4194400,0.9946977251366467,-0.005316381810754439
0,ba,3,qwen-2-5,c0382117ea329cdf097041132f6d735924b697924d6f6fc3945713e96ce87539,flat-ragged,140-byte batch 1,140,1,43055410,44270040,4194400,0.9725631600965348,-0.02782025948375459
0,ba,4,qwen-2-5,c0382117ea329cdf097041132f6d735924b697924d6f6fc3945713e96ce87539,flat-ragged,140-byte batch 1,140,1,40658195,40736378,4194400,0.9980807572042856,-0.0019210869020718667
0,ba,5,qwen-2-5,c0382117ea329cdf097041132f6d735924b697924d6f6fc3945713e96ce87539,flat-ragged,140-byte batch 1,140,1,38951134,37568122,4194400,1.0368134451863205,0.036152014496990924
0,ba,0,qwen-2-5,c0382117ea329cdf097041132f6d735924b697924d6f6fc3945713e96ce87539,flat-ragged,140-byte batch 32,140,32,39968755,39122777,4197760,1.0216236695058738,0.02139319452209499
0,ba,1,qwen-2-5,c0382117ea329cdf097041132f6d735924b697924d6f6fc3945713e96ce87539,flat-ragged,140-byte batch 32,140,32,39750036,39227200,4197760,1.0133284047803566,0.013240363034597306
0,ba,2,qwen-2-5,c0382117ea329cdf097041132f6d735924b697924d6f6fc3945713e96ce87539,flat-ragged,140-byte batch 32,140,32,38670201,37638138,4197760,1.0274206710225675,0.027051458590277543
0,ba,3,qwen-2-5,c0382117ea329cdf097041132f6d735924b697924d6f6fc3945713e96ce87539,flat-ragged,140-byte batch 32,140,32,41429898,41073963,4197760,1.0086657087362132,0.008628376997880978
0,ba,4,qwen-2-5,c0382117ea329cdf097041132f6d735924b697924d6f6fc3945713e96ce87539,flat-ragged,140-byte batch 32,140,32,37709440,38045132,4197760,0.9911764795559127,-0.008862678210337024
0,ba,5,qwen-2-5,c0382117ea329cdf097041132f6d735924b697924d6f6fc3945713e96ce87539,flat-ragged,140-byte batch 32,140,32,36137767,35493521,4197760,1.018151087349153,0.01798832297939443
0,ba,0,qwen-2-5,c0382117ea329cdf097041132f6d735924b697924d6f6fc3945713e96ce87539,flat-ragged,140-byte batch 512,140,512,14173079,13506586,4229120,1.0493457784224673,0.04816690181271601
0,ba,1,qwen-2-5,c0382117ea329cdf097041132f6d735924b697924d6f6fc3945713e96ce87539,flat-ragged,140-byte batch 512,140,512,13859437,13458878,4229120,1.0297616933595801,0.029327409802068084
0,ba,2,qwen-2-5,c0382117ea329cdf097041132f6d735924b697924d6f6fc3945713e96ce87539,flat-ragged,140-byte batch 512,140,512,13402394,12924142,4229120,1.037004545446808,0.03633631250375099
0,ba,3,qwen-2-5,c0382117ea329cdf097041132f6d735924b697924d6f6fc3945713e96ce87539,flat-ragged,140-byte batch 512,140,512,12577277,11949449,4229120,1.0525403305206793,0.05120660462474696
0,ba,4,qwen-2-5,c0382117ea329cdf097041132f6d735924b697924d6f6fc3945713e96ce87539,flat-ragged,140-byte batch 512,140,512,11810888,10934153,4229120,1.0801831655364618,0.07713062447500713
0,ba,5,qwen-2-5,c0382117ea329cdf097041132f6d735924b697924d6f6fc3945713e96ce87539,flat-ragged,140-byte batch 512,140,512,11623804,11083221,4229120,1.0487749003651556,0.04762272141625804
0,ba,0,qwen-2-5,c0382117ea329cdf097041132f6d735924b697924d6f6fc3945713e96ce87539,flat-ragged,4 KiB single,4096,1,31789844,32424714,4194304,0.9804201819636713,-0.019774042101795536
0,ba,1,qwen-2-5,c0382117ea329cdf097041132f6d735924b697924d6f6fc3945713e96ce87539,flat-ragged,4 KiB single,4096,1,32544261,32058898,4194304,1.015139728134136,0.015026266205384749
0,ba,2,qwen-2-5,c0382117ea329cdf097041132f6d735924b697924d6f6fc3945713e96ce87539,flat-ragged,4 KiB single,4096,1,29207622,29240455,4194304,0.9988771378557549,-0.0011234930262491154
0,ba,3,qwen-2-5,c0382117ea329cdf097041132f6d735924b697924d6f6fc3945713e96ce87539,flat-ragged,4 KiB single,4096,1,30578987,29047276,4194304,1.0527316571784562,0.051388364187807234
0,ba,4,qwen-2-5,c0382117ea329cdf097041132f6d735924b697924d6f6fc3945713e96ce87539,flat-ragged,4 KiB single,4096,1,32865712,32065501,4194304,1.0249555121561955,0.02464920887400043
0,ba,5,qwen-2-5,c0382117ea329cdf097041132f6d735924b697924d6f6fc3945713e96ce87539,flat-ragged,4 KiB single,4096,1,32485449,32986854,4194304,0.9847998539054376,-0.015316852461378752
0,ba,0,qwen-2-5,c0382117ea329cdf097041132f6d735924b697924d6f6fc3945713e96ce87539,flat-ragged,64 KiB single,65536,1,28958004,29291901,4194304,0.9886010470948949,-0.011464418940412655
0,ba,1,qwen-2-5,c0382117ea329cdf097041132f6d735924b697924d6f6fc3945713e96ce87539,flat-ragged,64 KiB single,65536,1,29679152,30419003,4194304,0.9756779997030146,-0.024622665341147404
0,ba,2,qwen-2-5,c0382117ea329cdf097041132f6d735924b697924d6f6fc3945713e96ce87539,flat-ragged,64 KiB single,65536,1,27543121,27512649,4194304,1.001107563288435,0.0011069503927214823
0,ba,3,qwen-2-5,c0382117ea329cdf097041132f6d735924b697924d6f6fc3945713e96ce87539,flat-ragged,64 KiB single,65536,1,28013466,28416290,4194304,0.985824187464303,-0.0142772491381496
0,ba,4,qwen-2-5,c0382117ea329cdf097041132f6d735924b697924d6f6fc3945713e96ce87539,flat-ragged,64 KiB single,65536,1,28009796,28428278,4194304,0.9852793756976768,-0.014830047875549472
0,ba,5,qwen-2-5,c0382117ea329cdf097041132f6d735924b697924d6f6fc3945713e96ce87539,flat-ragged,64 KiB single,65536,1,30937075,30824559,4194304,1.0036502063176314,0.0036435604820881312
0,ba,0,qwen-2-5,c0382117ea329cdf097041132f6d735924b697924d6f6fc3945713e96ce87539,nested,140-byte batch 1,140,1,45646625,46547733,4194400,0.9806412054481795,-0.0195486299990814
0,ba,1,qwen-2-5,c0382117ea329cdf097041132f6d735924b697924d6f6fc3945713e96ce87539,nested,140-byte batch 1,140,1,41752747,43097487,4194400,0.9687977166742924,-0.03169944360576319
0,ba,2,qwen-2-5,c0382117ea329cdf097041132f6d735924b697924d6f6fc3945713e96ce87539,nested,140-byte batch 1,140,1,41109087,40959162,4194400,1.0036603532074215,0.003653670417237042
0,ba,3,qwen-2-5,c0382117ea329cdf097041132f6d735924b697924d6f6fc3945713e96ce87539,nested,140-byte batch 1,140,1,44520680,45041857,4194400,0.9884290516707603,-0.011638412674423981
0,ba,4,qwen-2-5,c0382117ea329cdf097041132f6d735924b697924d6f6fc3945713e96ce87539,nested,140-byte batch 1,140,1,40412597,40878826,4194400,0.9885948534823382,-0.011470683987345968
0,ba,5,qwen-2-5,c0382117ea329cdf097041132f6d735924b697924d6f6fc3945713e96ce87539,nested,140-byte batch 1,140,1,39083382,39539438,4194400,0.9884657945821081,-0.011601240326666908
0,ba,0,qwen-2-5,c0382117ea329cdf097041132f6d735924b697924d6f6fc3945713e96ce87539,nested,140-byte batch 32,140,32,48501381,47762178,4197760,1.0154767439625554,0.015358200705222301
0,ba,1,qwen-2-5,c0382117ea329cdf097041132f6d735924b697924d6f6fc3945713e96ce87539,nested,140-byte batch 32,140,32,44108930,44789625,4197760,0.9848023956440806,-0.015314271494949022
0,ba,2,qwen-2-5,c0382117ea329cdf097041132f6d735924b697924d6f6fc3945713e96ce87539,nested,140-byte batch 32,140,32,43179083,43822539,4197760,0.9853167795686142,-0.014792085890449726
0,ba,3,qwen-2-5,c0382117ea329cdf097041132f6d735924b697924d6f6fc3945713e96ce87539,nested,140-byte batch 32,140,32,45696209,46914372,4197760,0.9740343321658446,-0.026308727330589764
0,ba,4,qwen-2-5,c0382117ea329cdf097041132f6d735924b697924d6f6fc3945713e96ce87539,nested,140-byte batch 32,140,32,41665328,42770276,4197760,0.9741655162571314,-0.026174055221266552
0,ba,5,qwen-2-5,c0382117ea329cdf097041132f6d735924b697924d6f6fc3945713e96ce87539,nested,140-byte batch 32,140,32,40433977,40804309,4197760,0.9909241938149228,-0.009117242214821474
0,ba,0,qwen-2-5,c0382117ea329cdf097041132f6d735924b697924d6f6fc3945713e96ce87539,nested,140-byte batch 512,140,512,17784162,17112281,4229120,1.0392630883048262,0.03851189306199766
0,ba,1,qwen-2-5,c0382117ea329cdf097041132f6d735924b697924d6f6fc3945713e96ce87539,nested,140-byte batch 512,140,512,16736496,16274869,4229120,1.0283644064969124,0.027969585247542332
0,ba,2,qwen-2-5,c0382117ea329cdf097041132f6d735924b697924d6f6fc3945713e96ce87539,nested,140-byte batch 512,140,512,16371886,16007247,4229120,1.0227796197559769,0.022524038303614175
0,ba,3,qwen-2-5,c0382117ea329cdf097041132f6d735924b697924d6f6fc3945713e96ce87539,nested,140-byte batch 512,140,512,15305916,14739118,4229120,1.0384553539770833,0.03773437253563808
0,ba,4,qwen-2-5,c0382117ea329cdf097041132f6d735924b697924d6f6fc3945713e96ce87539,nested,140-byte batch 512,140,512,14413614,13892541,4229120,1.0375073933559023,0.03682109922349644
0,ba,5,qwen-2-5,c0382117ea329cdf097041132f6d735924b697924d6f6fc3945713e96ce87539,nested,140-byte batch 512,140,512,14679582,14088430,4229120,1.0419601048519955,0.0411036555079904
0,ba,0,qwen-2-5,c0382117ea329cdf097041132f6d735924b697924d6f6fc3945713e96ce87539,nested,4 KiB single,4096,1,33849797,35378582,4194304,0.9567878384724408,-0.044173606493180105
0,ba,1,qwen-2-5,c0382117ea329cdf097041132f6d735924b697924d6f6fc3945713e96ce87539,nested,4 KiB single,4096,1,32670501,33348670,4194304,0.9796642864617989,-0.02054533084115507
0,ba,2,qwen-2-5,c0382117ea329cdf097041132f6d735924b697924d6f6fc3945713e96ce87539,nested,4 KiB single,4096,1,31243366,31692024,4194304,0.9858431888099037,-0.014257974745490908
0,ba,3,qwen-2-5,c0382117ea329cdf097041132f6d735924b697924d6f6fc3945713e96ce87539,nested,4 KiB single,4096,1,30506363,31033478,4194304,0.983014633422654,-0.017131272452737583
0,ba,4,qwen-2-5,c0382117ea329cdf097041132f6d735924b697924d6f6fc3945713e96ce87539,nested,4 KiB single,4096,1,32971935,34254701,4194304,0.962552118028997,-0.03816706568462506
0,ba,5,qwen-2-5,c0382117ea329cdf097041132f6d735924b697924d6f6fc3945713e96ce87539,nested,4 KiB single,4096,1,32908424,33867026,4194304,0.9716951231560752,-0.02871318302751557
0,ba,0,qwen-2-5,c0382117ea329cdf097041132f6d735924b697924d6f6fc3945713e96ce87539,nested,64 KiB single,65536,1,33263169,34051729,4194304,0.9768422919141639,-0.023430060732482064
0,ba,1,qwen-2-5,c0382117ea329cdf097041132f6d735924b697924d6f6fc3945713e96ce87539,nested,64 KiB single,65536,1,31167395,31642572,4194304,0.9849829843161928,-0.015130912765154983
0,ba,2,qwen-2-5,c0382117ea329cdf097041132f6d735924b697924d6f6fc3945713e96ce87539,nested,64 KiB single,65536,1,30476931,31173632,4194304,0.9776509519327103,-0.02260257251553837
0,ba,3,qwen-2-5,c0382117ea329cdf097041132f6d735924b697924d6f6fc3945713e96ce87539,nested,64 KiB single,65536,1,30142540,30185573,4194304,0.9985743851872548,-0.0014266319683720143
0,ba,4,qwen-2-5,c0382117ea329cdf097041132f6d735924b697924d6f6fc3945713e96ce87539,nested,64 KiB single,65536,1,30893667,31237791,4194304,0.9889837280747541,-0.011077400402000882
0,ba,5,qwen-2-5,c0382117ea329cdf097041132f6d735924b697924d6f6fc3945713e96ce87539,nested,64 KiB single,65536,1,31362841,31725739,4194304,0.9885614012017183,-0.011504522770238161
0,ba,0,qwen-3,aeb13307a71acd8fe81861d94ad54ab689df773318809eed3cbe794b4492dae4,flat-ragged,140-byte batch 1,140,1,46360051,41613564,4194400,1.1140610547080274,0.10801194674295923
0,ba,1,qwen-3,aeb13307a71acd8fe81861d94ad54ab689df773318809eed3cbe794b4492dae4,flat-ragged,140-byte batch 1,140,1,44653791,43073438,4194400,1.0366897344019765,0.03603268911016873
0,ba,2,qwen-3,aeb13307a71acd8fe81861d94ad54ab689df773318809eed3cbe794b4492dae4,flat-ragged,140-byte batch 1,140,1,40788508,40122310,4194400,1.0166041785729685,0.016467836363520498
0,ba,3,qwen-3,aeb13307a71acd8fe81861d94ad54ab689df773318809eed3cbe794b4492dae4,flat-ragged,140-byte batch 1,140,1,47515260,42937422,4194400,1.106616508089377,0.10130716921750012
0,ba,4,qwen-3,aeb13307a71acd8fe81861d94ad54ab689df773318809eed3cbe794b4492dae4,flat-ragged,140-byte batch 1,140,1,41034027,40891502,4194400,1.0034854430145412,0.003479382935328866
0,ba,5,qwen-3,aeb13307a71acd8fe81861d94ad54ab689df773318809eed3cbe794b4492dae4,flat-ragged,140-byte batch 1,140,1,39941417,40039493,4194400,0.9975505184343868,-0.0024524864535313126
0,ba,0,qwen-3,aeb13307a71acd8fe81861d94ad54ab689df773318809eed3cbe794b4492dae4,flat-ragged,140-byte batch 32,140,32,41347348,39657895,4197760,1.0426006725773014,0.04171823844786355
0,ba,1,qwen-3,aeb13307a71acd8fe81861d94ad54ab689df773318809eed3cbe794b4492dae4,flat-ragged,140-byte batch 32,140,32,39490407,39505703,4197760,0.9996128153952861,-0.00038725958002642103
0,ba,2,qwen-3,aeb13307a71acd8fe81861d94ad54ab689df773318809eed3cbe794b4492dae4,flat-ragged,140-byte batch 32,140,32,38654610,38182232,4197760,1.0123716706765598,0.012295766954924335
0,ba,3,qwen-3,aeb13307a71acd8fe81861d94ad54ab689df773318809eed3cbe794b4492dae4,flat-ragged,140-byte batch 32,140,32,40920894,40823379,4197760,1.0023887047664526,0.002385856346343292
0,ba,4,qwen-3,aeb13307a71acd8fe81861d94ad54ab689df773318809eed3cbe794b4492dae4,flat-ragged,140-byte batch 32,140,32,38795927,37567190,4197760,1.0327077164941003,0.03218420382194831
0,ba,5,qwen-3,aeb13307a71acd8fe81861d94ad54ab689df773318809eed3cbe794b4492dae4,flat-ragged,140-byte batch 32,140,32,35335750,35938552,4197760,0.9832268701309947,-0.016915391841142945
0,ba,0,qwen-3,aeb13307a71acd8fe81861d94ad54ab689df773318809eed3cbe794b4492dae4,flat-ragged,140-byte batch 512,140,512,14369558,13767511,4229120,1.0437295455946975,0.04280039995588347
0,ba,1,qwen-3,aeb13307a71acd8fe81861d94ad54ab689df773318809eed3cbe794b4492dae4,flat-ragged,140-byte batch 512,140,512,14433977,14143393,4229120,1.0205455649857145,0.0203373519385258
0,ba,2,qwen-3,aeb13307a71acd8fe81861d94ad54ab689df773318809eed3cbe794b4492dae4,flat-ragged,140-byte batch 512,140,512,13670007,13502470,4229120,1.0124078779660315,0.012331531134288818
0,ba,3,qwen-3,aeb13307a71acd8fe81861d94ad54ab689df773318809eed3cbe794b4492dae4,flat-ragged,140-byte batch 512,140,512,12500821,12117635,4229120,1.0316221770997394,0.031132492564179916
0,ba,4,qwen-3,aeb13307a71acd8fe81861d94ad54ab689df773318809eed3cbe794b4492dae4,flat-ragged,140-byte batch 512,140,512,11682988,11398206,4229120,1.0249848090129272,0.02467779200535421
0,ba,5,qwen-3,aeb13307a71acd8fe81861d94ad54ab689df773318809eed3cbe794b4492dae4,flat-ragged,140-byte batch 512,140,512,11420886,11751017,4229120,0.9719061762909542,-0.02849600563031111
0,ba,0,qwen-3,aeb13307a71acd8fe81861d94ad54ab689df773318809eed3cbe794b4492dae4,flat-ragged,4 KiB single,4096,1,32668245,30168049,4194304,1.082875627787531,0.07962012096945706
0,ba,1,qwen-3,aeb13307a71acd8fe81861d94ad54ab689df773318809eed3cbe794b4492dae4,flat-ragged,4 KiB single,4096,1,32298249,33234690,4194304,0.9718233869489982,-0.028581191701019536
0,ba,2,qwen-3,aeb13307a71acd8fe81861d94ad54ab689df773318809eed3cbe794b4492dae4,flat-ragged,4 KiB single,4096,1,29473424,30243208,4194304,0.974546880079653,-0.02578265438848385
0,ba,3,qwen-3,aeb13307a71acd8fe81861d94ad54ab689df773318809eed3cbe794b4492dae4,flat-ragged,4 KiB single,4096,1,28925373,29237568,4194304,0.9893221282974015,-0.010735289272058102
0,ba,4,qwen-3,aeb13307a71acd8fe81861d94ad54ab689df773318809eed3cbe794b4492dae4,flat-ragged,4 KiB single,4096,1,32373645,31945761,4194304,1.0133940775428703,0.013305169897016264
0,ba,5,qwen-3,aeb13307a71acd8fe81861d94ad54ab689df773318809eed3cbe794b4492dae4,flat-ragged,4 KiB single,4096,1,31807860,32036230,4194304,0.9928715082892088,-0.007154020802786282
0,ba,0,qwen-3,aeb13307a71acd8fe81861d94ad54ab689df773318809eed3cbe794b4492dae4,flat-ragged,64 KiB single,65536,1,31215770,29057947,4194304,1.0742593067569433,0.07163140712805609
0,ba,1,qwen-3,aeb13307a71acd8fe81861d94ad54ab689df773318809eed3cbe794b4492dae4,flat-ragged,64 KiB single,65536,1,29852356,29675652,4194304,1.0059545111258212,0.005936853086436217
0,ba,2,qwen-3,aeb13307a71acd8fe81861d94ad54ab689df773318809eed3cbe794b4492dae4,flat-ragged,64 KiB single,65536,1,27669533,27498749,4194304,1.0062106097990131,0.006191403443075945
0,ba,3,qwen-3,aeb13307a71acd8fe81861d94ad54ab689df773318809eed3cbe794b4492dae4,flat-ragged,64 KiB single,65536,1,30013439,27825307,4194304,1.0786381979541142,0.07569931767748103
0,ba,4,qwen-3,aeb13307a71acd8fe81861d94ad54ab689df773318809eed3cbe794b4492dae4,flat-ragged,64 KiB single,65536,1,28772080,28234123,4194304,1.019053434030871,0.018874190580078203
0,ba,5,qwen-3,aeb13307a71acd8fe81861d94ad54ab689df773318809eed3cbe794b4492dae4,flat-ragged,64 KiB single,65536,1,32603154,31210908,4194304,1.044607673701771,0.043641383060254176
0,ba,0,qwen-3,aeb13307a71acd8fe81861d94ad54ab689df773318809eed3cbe794b4492dae4,nested,140-byte batch 1,140,1,48486563,47474184,4194400,1.0213248320392405,0.02110063945422256
0,ba,1,qwen-3,aeb13307a71acd8fe81861d94ad54ab689df773318809eed3cbe794b4492dae4,nested,140-byte batch 1,140,1,43484848,44556190,4194400,0.9759552600884411,-0.024338533693051344
0,ba,2,qwen-3,aeb13307a71acd8fe81861d94ad54ab689df773318809eed3cbe794b4492dae4,nested,140-byte batch 1,140,1,42076257,41975124,4194400,1.00240935559833,0.0024064577548206967
0,ba,3,qwen-3,aeb13307a71acd8fe81861d94ad54ab689df773318809eed3cbe794b4492dae4,nested,140-byte batch 1,140,1,46529146,45781724,4194400,1.01632577226668,0.016193939756395506
0,ba,4,qwen-3,aeb13307a71acd8fe81861d94ad54ab689df773318809eed3cbe794b4492dae4,nested,140-byte batch 1,140,1,41147017,40752322,4194400,1.0096852149921667,0.009638613949914478
0,ba,5,qwen-3,aeb13307a71acd8fe81861d94ad54ab689df773318809eed3cbe794b4492dae4,nested,140-byte batch 1,140,1,40979427,39506905,4194400,1.0372725223603316,0.03659469352639596
0,ba,0,qwen-3,aeb13307a71acd8fe81861d94ad54ab689df773318809eed3cbe794b4492dae4,nested,140-byte batch 32,140,32,49486030,49303154,4197760,1.0037092150331803,0.0037023528587181906
0,ba,1,qwen-3,aeb13307a71acd8fe81861d94ad54ab689df773318809eed3cbe794b4492dae4,nested,140-byte batch 32,140,32,45711568,44992097,4197760,1.015991052828678,0.015864542846528464
0,ba,2,qwen-3,aeb13307a71acd8fe81861d94ad54ab689df773318809eed3cbe794b4492dae4,nested,140-byte batch 32,140,32,43436133,43817887,4197760,0.9912877131660868,-0.008750460687620443
0,ba,3,qwen-3,aeb13307a71acd8fe81861d94ad54ab689df773318809eed3cbe794b4492dae4,nested,140-byte batch 32,140,32,47623837,46531441,4197760,1.0234765134395902,0.023205178557027927
0,ba,4,qwen-3,aeb13307a71acd8fe81861d94ad54ab689df773318809eed3cbe794b4492dae4,nested,140-byte batch 32,140,32,42361825,42023680,4197760,1.008046534715665,0.008014333976112814
0,ba,5,qwen-3,aeb13307a71acd8fe81861d94ad54ab689df773318809eed3cbe794b4492dae4,nested,140-byte batch 32,140,32,40741939,40911031,4197760,0.9958668360130059,-0.004141729118140346
0,ba,0,qwen-3,aeb13307a71acd8fe81861d94ad54ab689df773318809eed3cbe794b4492dae4,nested,140-byte batch 512,140,512,17525484,17104290,4229120,1.0246250502067025,0.024326740991132075
0,ba,1,qwen-3,aeb13307a71acd8fe81861d94ad54ab689df773318809eed3cbe794b4492dae4,nested,140-byte batch 512,140,512,16899839,16371286,4229120,1.032285368418828,0.03177514862050751
0,ba,2,qwen-3,aeb13307a71acd8fe81861d94ad54ab689df773318809eed3cbe794b4492dae4,nested,140-byte batch 512,140,512,16774341,15774111,4229120,1.0634095956342642,0.06148034558910833
0,ba,3,qwen-3,aeb13307a71acd8fe81861d94ad54ab689df773318809eed3cbe794b4492dae4,nested,140-byte batch 512,140,512,15110253,14552543,4229120,1.0383238860726953,0.03760776504454964
0,ba,4,qwen-3,aeb13307a71acd8fe81861d94ad54ab689df773318809eed3cbe794b4492dae4,nested,140-byte batch 512,140,512,14561539,13596386,4229120,1.0709859958374233,0.06857971559807183
0,ba,5,qwen-3,aeb13307a71acd8fe81861d94ad54ab689df773318809eed3cbe794b4492dae4,nested,140-byte batch 512,140,512,14992343,13966918,4229120,1.073418129898092,0.07084807077827852
0,ba,0,qwen-3,aeb13307a71acd8fe81861d94ad54ab689df773318809eed3cbe794b4492dae4,nested,4 KiB single,4096,1,34357159,34784275,4194304,0.9877210032406885,-0.012355006496447865
0,ba,1,qwen-3,aeb13307a71acd8fe81861d94ad54ab689df773318809eed3cbe794b4492dae4,nested,4 KiB single,4096,1,33010587,32379169,4194304,1.0195007475330822,0.019313044267103677
0,ba,2,qwen-3,aeb13307a71acd8fe81861d94ad54ab689df773318809eed3cbe794b4492dae4,nested,4 KiB single,4096,1,32036145,31411087,4194304,1.0198992795123583,0.019703876844394987
0,ba,3,qwen-3,aeb13307a71acd8fe81861d94ad54ab689df773318809eed3cbe794b4492dae4,nested,4 KiB single,4096,1,30557482,30660488,4194304,0.9966404318156972,-0.0033652242049061454
0,ba,4,qwen-3,aeb13307a71acd8fe81861d94ad54ab689df773318809eed3cbe794b4492dae4,nested,4 KiB single,4096,1,33577693,33298506,4194304,1.008384370157628,0.008349416566155964
0,ba,5,qwen-3,aeb13307a71acd8fe81861d94ad54ab689df773318809eed3cbe794b4492dae4,nested,4 KiB single,4096,1,33348132,33717182,4194304,0.9890545419839654,-0.011005800261282254
0,ba,0,qwen-3,aeb13307a71acd8fe81861d94ad54ab689df773318809eed3cbe794b4492dae4,nested,64 KiB single,65536,1,34492135,33508417,4194304,1.0293573402766236,0.028934666030048267
0,ba,1,qwen-3,aeb13307a71acd8fe81861d94ad54ab689df773318809eed3cbe794b4492dae4,nested,64 KiB single,65536,1,30252830,30869348,4194304,0.9800281496065287,-0.02017398364175355
0,ba,2,qwen-3,aeb13307a71acd8fe81861d94ad54ab689df773318809eed3cbe794b4492dae4,nested,64 KiB single,65536,1,30885288,30887770,4194304,0.999919644571298,-8.035865737241764e-05
0,ba,3,qwen-3,aeb13307a71acd8fe81861d94ad54ab689df773318809eed3cbe794b4492dae4,nested,64 KiB single,65536,1,29411415,29588562,4194304,0.9940129905603389,-0.00600500343677734
0,ba,4,qwen-3,aeb13307a71acd8fe81861d94ad54ab689df773318809eed3cbe794b4492dae4,nested,64 KiB single,65536,1,30842282,30779215,4194304,1.002049012621017,0.0020469162578178757
0,ba,5,qwen-3,aeb13307a71acd8fe81861d94ad54ab689df773318809eed3cbe794b4492dae4,nested,64 KiB single,65536,1,30984838,31607057,4194304,0.9803139216662912,-0.019882430380744175
1,ab,0,deepseek-r1,ecb6f9fc369894346f0511f4074ca75cee5cd5f3b06d02f1ba35fcd39f8e121d,flat-ragged,140-byte batch 1,140,1,53814543,52574673,4194400,1.0235830282767522,0.02330924474082713
1,ab,1,deepseek-r1,ecb6f9fc369894346f0511f4074ca75cee5cd5f3b06d02f1ba35fcd39f8e121d,flat-ragged,140-byte batch 1,140,1,53616294,51686107,4194400,1.037344406689403,0.036663992420175984
1,ab,2,deepseek-r1,ecb6f9fc369894346f0511f4074ca75cee5cd5f3b06d02f1ba35fcd39f8e121d,flat-ragged,140-byte batch 1,140,1,49096682,48012548,4194400,1.022580222153592,0.022329062731168813
1,ab,3,deepseek-r1,ecb6f9fc369894346f0511f4074ca75cee5cd5f3b06d02f1ba35fcd39f8e121d,flat-ragged,140-byte batch 1,140,1,43027657,41029460,4194400,1.0487015183724084,0.04755274971872515
1,ab,4,deepseek-r1,ecb6f9fc369894346f0511f4074ca75cee5cd5f3b06d02f1ba35fcd39f8e121d,flat-ragged,140-byte batch 1,140,1,53983419,50761448,4194400,1.0634727953386989,0.06153977501945345
1,ab,5,deepseek-r1,ecb6f9fc369894346f0511f4074ca75cee5cd5f3b06d02f1ba35fcd39f8e121d,flat-ragged,140-byte batch 1,140,1,49568405,48084118,4194400,1.0308685499856731,0.03040169931724851
1,ab,0,deepseek-r1,ecb6f9fc369894346f0511f4074ca75cee5cd5f3b06d02f1ba35fcd39f8e121d,flat-ragged,140-byte batch 32,140,32,55906562,47435452,4197760,1.1785818336884404,0.16431187983643583
1,ab,1,deepseek-r1,ecb6f9fc369894346f0511f4074ca75cee5cd5f3b06d02f1ba35fcd39f8e121d,flat-ragged,140-byte batch 32,140,32,52658701,47145853,4197760,1.116931769163239,0.11058543421351634
1,ab,2,deepseek-r1,ecb6f9fc369894346f0511f4074ca75cee5cd5f3b06d02f1ba35fcd39f8e121d,flat-ragged,140-byte batch 32,140,32,47979157,44527307,4197760,1.077522092229831,0.07466404601511897
1,ab,3,deepseek-r1,ecb6f9fc369894346f0511f4074ca75cee5cd5f3b06d02f1ba35fcd39f8e121d,flat-ragged,140-byte batch 32,140,32,40424567,37157920,4197760,1.0879125365467173,0.08426075599898084
1,ab,4,deepseek-r1,ecb6f9fc369894346f0511f4074ca75cee5cd5f3b06d02f1ba35fcd39f8e121d,flat-ragged,140-byte batch 32,140,32,50621836,48134397,4197760,1.0516769535930823,0.05038598882374029
1,ab,5,deepseek-r1,ecb6f9fc369894346f0511f4074ca75cee5cd5f3b06d02f1ba35fcd39f8e121d,flat-ragged,140-byte batch 32,140,32,46318643,43954530,4197760,1.0537854232544404,0.05238884614323113
1,ab,0,deepseek-r1,ecb6f9fc369894346f0511f4074ca75cee5cd5f3b06d02f1ba35fcd39f8e121d,flat-ragged,140-byte batch 512,140,512,16484191,16665572,4229120,0.989116425166805,-0.010943234200120274
1,ab,1,deepseek-r1,ecb6f9fc369894346f0511f4074ca75cee5cd5f3b06d02f1ba35fcd39f8e121d,flat-ragged,140-byte batch 512,140,512,16787434,16642218,4229120,1.0087257599918473,0.008687910565443576
1,ab,2,deepseek-r1,ecb6f9fc369894346f0511f4074ca75cee5cd5f3b06d02f1ba35fcd39f8e121d,flat-ragged,140-byte batch 512,140,512,15814477,15765296,4229120,1.003119573524024,0.003114717750545356
1,ab,3,deepseek-r1,ecb6f9fc369894346f0511f4074ca75cee5cd5f3b06d02f1ba35fcd39f8e121d,flat-ragged,140-byte batch 512,140,512,14331082,14711044,4229120,0.9741716495443831,-0.026167759301485
1,ab,4,deepseek-r1,ecb6f9fc369894346f0511f4074ca75cee5cd5f3b06d02f1ba35fcd39f8e121d,flat-ragged,140-byte batch 512,140,512,14037637,13707817,4229120,1.0240607238920683,0.02377582553494838
1,ab,5,deepseek-r1,ecb6f9fc369894346f0511f4074ca75cee5cd5f3b06d02f1ba35fcd39f8e121d,flat-ragged,140-byte batch 512,140,512,14541866,14382892,4229120,1.0110529926804706,0.010992354767992301
1,ab,0,deepseek-r1,ecb6f9fc369894346f0511f4074ca75cee5cd5f3b06d02f1ba35fcd39f8e121d,flat-ragged,4 KiB single,4096,1,41841291,37766049,4194304,1.1079075547457982,0.10247315049930598
1,ab,1,deepseek-r1,ecb6f9fc369894346f0511f4074ca75cee5cd5f3b06d02f1ba35fcd39f8e121d,flat-ragged,4 KiB single,4096,1,43220845,42482202,4194304,1.017387116609445,0.017237690272925085
1,ab,2,deepseek-r1,ecb6f9fc369894346f0511f4074ca75cee5cd5f3b06d02f1ba35fcd39f8e121d,flat-ragged,4 KiB single,4096,1,40679838,38204063,4194304,1.0648039712425352,0.06279071765842836
1,ab,3,deepseek-r1,ecb6f9fc369894346f0511f4074ca75cee5cd5f3b06d02f1ba35fcd39f8e121d,flat-ragged,4 KiB single,4096,1,39773215,37715375,4194304,1.0545623634923422,0.05312585953158626
1,ab,4,deepseek-r1,ecb6f9fc369894346f0511f4074ca75cee5cd5f3b06d02f1ba35fcd39f8e121d,flat-ragged,4 KiB single,4096,1,39988074,38253944,4194304,1.0453320577872964,0.04433459359031786
1,ab,5,deepseek-r1,ecb6f9fc369894346f0511f4074ca75cee5cd5f3b06d02f1ba35fcd39f8e121d,flat-ragged,4 KiB single,4096,1,43444864,42259719,4194304,1.0280443180419634,0.027658277039485733
1,ab,0,deepseek-r1,ecb6f9fc369894346f0511f4074ca75cee5cd5f3b06d02f1ba35fcd39f8e121d,flat-ragged,64 KiB single,65536,1,39565144,34731628,4194304,1.1391675622000788,0.13029778707783016
1,ab,1,deepseek-r1,ecb6f9fc369894346f0511f4074ca75cee5cd5f3b06d02f1ba35fcd39f8e121d,flat-ragged,64 KiB single,65536,1,39894824,36902679,4194304,1.081082053690465,0.07796244113298734
1,ab,2,deepseek-r1,ecb6f9fc369894346f0511f4074ca75cee5cd5f3b06d02f1ba35fcd39f8e121d,flat-ragged,64 KiB single,65536,1,36837562,33878218,4194304,1.087352410330437,0.08374576013195865
1,ab,3,deepseek-r1,ecb6f9fc369894346f0511f4074ca75cee5cd5f3b06d02f1ba35fcd39f8e121d,flat-ragged,64 KiB single,65536,1,38184108,34660987,4194304,1.1016451435730898,0.096804647597271
1,ab,4,deepseek-r1,ecb6f9fc369894346f0511f4074ca75cee5cd5f3b06d02f1ba35fcd39f8e121d,flat-ragged,64 KiB single,65536,1,35918115,33990875,4194304,1.0566987463547202,0.055149658086478134
1,ab,5,deepseek-r1,ecb6f9fc369894346f0511f4074ca75cee5cd5f3b06d02f1ba35fcd39f8e121d,flat-ragged,64 KiB single,65536,1,39971772,36280013,4194304,1.1017573780913474,0.09690652141946295
1,ab,0,deepseek-r1,ecb6f9fc369894346f0511f4074ca75cee5cd5f3b06d02f1ba35fcd39f8e121d,nested,140-byte batch 1,140,1,57984020,55539819,4194400,1.0440080836417562,0.04306723238234427
1,ab,1,deepseek-r1,ecb6f9fc369894346f0511f4074ca75cee5cd5f3b06d02f1ba35fcd39f8e121d,nested,140-byte batch 1,140,1,50569515,52645816,4194400,0.9605609494209378,-0.04023784285658814
1,ab,2,deepseek-r1,ecb6f9fc369894346f0511f4074ca75cee5cd5f3b06d02f1ba35fcd39f8e121d,nested,140-byte batch 1,140,1,49226876,50266509,4194400,0.9793175810160201,-0.02089929578095839
1,ab,3,deepseek-r1,ecb6f9fc369894346f0511f4074ca75cee5cd5f3b06d02f1ba35fcd39f8e121d,nested,140-byte batch 1,140,1,43077373,42448194,4194400,1.0148222796003994,0.014713503173254162
1,ab,4,deepseek-r1,ecb6f9fc369894346f0511f4074ca75cee5cd5f3b06d02f1ba35fcd39f8e121d,nested,140-byte batch 1,140,1,51325025,51654898,4194400,0.993613906661862,-0.006406571663085338
1,ab,5,deepseek-r1,ecb6f9fc369894346f0511f4074ca75cee5cd5f3b06d02f1ba35fcd39f8e121d,nested,140-byte batch 1,140,1,49873174,49263433,4194400,1.0123771520348572,0.012301181313718875
1,ab,0,deepseek-r1,ecb6f9fc369894346f0511f4074ca75cee5cd5f3b06d02f1ba35fcd39f8e121d,nested,140-byte batch 32,140,32,57048483,56361008,4197760,1.0121977059033436,0.012123913349257127
1,ab,1,deepseek-r1,ecb6f9fc369894346f0511f4074ca75cee5cd5f3b06d02f1ba35fcd39f8e121d,nested,140-byte batch 32,140,32,54080363,53119279,4197760,1.0180929413593887,0.017931211956392856
1,ab,2,deepseek-r1,ecb6f9fc369894346f0511f4074ca75cee5cd5f3b06d02f1ba35fcd39f8e121d,nested,140-byte batch 32,140,32,51611988,51016754,4197760,1.0116674220394344,0.011599882504787523
1,ab,3,deepseek-r1,ecb6f9fc369894346f0511f4074ca75cee5cd5f3b06d02f1ba35fcd39f8e121d,nested,140-byte batch 32,140,32,43000463,41915700,4197760,1.0258796345999233,0.025550424661857758
1,ab,4,deepseek-r1,ecb6f9fc369894346f0511f4074ca75cee5cd5f3b06d02f1ba35fcd39f8e121d,nested,140-byte batch 32,140,32,53313155,52857527,4197760,1.0086199265432907,0.00858298710154731
1,ab,5,deepseek-r1,ecb6f9fc369894346f0511f4074ca75cee5cd5f3b06d02f1ba35fcd39f8e121d,nested,140-byte batch 32,140,32,51824514,49850583,4197760,1.039596949147014,0.03883308913969744
1,ab,0,deepseek-r1,ecb6f9fc369894346f0511f4074ca75cee5cd5f3b06d02f1ba35fcd39f8e121d,nested,140-byte batch 512,140,512,20276651,19894027,4229120,1.0192331095157356,0.019050491096704675
1,ab,1,deepseek-r1,ecb6f9fc369894346f0511f4074ca75cee5cd5f3b06d02f1ba35fcd39f8e121d,nested,140-byte batch 512,140,512,19151251,19007924,4229120,1.0075403815798085,0.007512095007994938
1,ab,2,deepseek-r1,ecb6f9fc369894346f0511f4074ca75cee5cd5f3b06d02f1ba35fcd39f8e121d,nested,140-byte batch 512,140,512,18475706,18956750,4229120,0.974624131246126,-0.025703388725220204
1,ab,3,deepseek-r1,ecb6f9fc369894346f0511f4074ca75cee5cd5f3b06d02f1ba35fcd39f8e121d,nested,140-byte batch 512,140,512,17248514,17180892,4229120,1.0039358841205683,0.003928158792691945
1,ab,4,deepseek-r1,ecb6f9fc369894346f0511f4074ca75cee5cd5f3b06d02f1ba35fcd39f8e121d,nested,140-byte batch 512,140,512,16532602,16621395,4229120,0.9946579092789745,-0.005356410709548316
1,ab,5,deepseek-r1,ecb6f9fc369894346f0511f4074ca75cee5cd5f3b06d02f1ba35fcd39f8e121d,nested,140-byte batch 512,140,512,16678307,16707236,4229120,0.9982684748093581,-0.0017330260131096392
1,ab,0,deepseek-r1,ecb6f9fc369894346f0511f4074ca75cee5cd5f3b06d02f1ba35fcd39f8e121d,nested,4 KiB single,4096,1,40182145,42003222,4194304,0.95664434980726,-0.044323586896278425
1,ab,1,deepseek-r1,ecb6f9fc369894346f0511f4074ca75cee5cd5f3b06d02f1ba35fcd39f8e121d,nested,4 KiB single,4096,1,42696671,42327871,4194304,1.0087129352666946,0.008675196696929949
1,ab,2,deepseek-r1,ecb6f9fc369894346f0511f4074ca75cee5cd5f3b06d02f1ba35fcd39f8e121d,nested,4 KiB single,4096,1,39349253,39422837,4194304,0.9981334676649476,-0.0018682764772010355
1,ab,3,deepseek-r1,ecb6f9fc369894346f0511f4074ca75cee5cd5f3b06d02f1ba35fcd39f8e121d,nested,4 KiB single,4096,1,38328639,38276414,4194304,1.0013644172622858,0.0013634872908695347
1,ab,4,deepseek-r1,ecb6f9fc369894346f0511f4074ca75cee5cd5f3b06d02f1ba35fcd39f8e121d,nested,4 KiB single,4096,1,39199272,38501991,4194304,1.0181102582461254,0.017948220953079
1,ab,5,deepseek-r1,ecb6f9fc369894346f0511f4074ca75cee5cd5f3b06d02f1ba35fcd39f8e121d,nested,4 KiB single,4096,1,42578103,41800203,4194304,1.0186099574683884,0.01843891106204326
1,ab,0,deepseek-r1,ecb6f9fc369894346f0511f4074ca75cee5cd5f3b06d02f1ba35fcd39f8e121d,nested,64 KiB single,65536,1,39128685,37481642,4194304,1.0439426586487326,0.043004563286067325
1,ab,1,deepseek-r1,ecb6f9fc369894346f0511f4074ca75cee5cd5f3b06d02f1ba35fcd39f8e121d,nested,64 KiB single,65536,1,39581813,38728389,4194304,1.022036134784744,0.021796848088705908
1,ab,2,deepseek-r1,ecb6f9fc369894346f0511f4074ca75cee5cd5f3b06d02f1ba35fcd39f8e121d,nested,64 KiB single,65536,1,39287346,37983882,4194304,1.034316239714519,0.033740570442932924
1,ab,3,deepseek-r1,ecb6f9fc369894346f0511f4074ca75cee5cd5f3b06d02f1ba35fcd39f8e121d,nested,64 KiB single,65536,1,38860130,37244563,4194304,1.0433772575073574,0.042462814845085906
1,ab,4,deepseek-r1,ecb6f9fc369894346f0511f4074ca75cee5cd5f3b06d02f1ba35fcd39f8e121d,nested,64 KiB single,65536,1,36839242,35897012,4194304,1.0262481456673886,0.02590957488142014
1,ab,5,deepseek-r1,ecb6f9fc369894346f0511f4074ca75cee5cd5f3b06d02f1ba35fcd39f8e121d,nested,64 KiB single,65536,1,38511611,36415436,4194304,1.0575628148458802,0.055967029555669595
1,ab,0,gemma-3,4667f2089529e8e7657cfb6d1c19910ae71ff5f28aa7ab2ff2763330affad795,flat-ragged,140-byte batch 1,140,1,278713244,252042800,4194400,1.105817123123533,0.1005845396304675
1,ab,1,gemma-3,4667f2089529e8e7657cfb6d1c19910ae71ff5f28aa7ab2ff2763330affad795,flat-ragged,140-byte batch 1,140,1,237065647,224637320,4194400,1.0553261897889452,0.053849903774382035
1,ab,2,gemma-3,4667f2089529e8e7657cfb6d1c19910ae71ff5f28aa7ab2ff2763330affad795,flat-ragged,140-byte batch 1,140,1,228910992,222099689,4194400,1.0306677736950816,0.030206916146154162
1,ab,3,gemma-3,4667f2089529e8e7657cfb6d1c19910ae71ff5f28aa7ab2ff2763330affad795,flat-ragged,140-byte batch 1,140,1,187297840,183671829,4194400,1.0197417917583866,0.019549449914575932
1,ab,4,gemma-3,4667f2089529e8e7657cfb6d1c19910ae71ff5f28aa7ab2ff2763330affad795,flat-ragged,140-byte batch 1,140,1,185702851,177191367,4194400,1.048035545659513,0.04691750293770024
1,ab,5,gemma-3,4667f2089529e8e7657cfb6d1c19910ae71ff5f28aa7ab2ff2763330affad795,flat-ragged,140-byte batch 1,140,1,185939803,187690396,4194400,0.9906729750839249,-0.009370793982341755
1,ab,0,gemma-3,4667f2089529e8e7657cfb6d1c19910ae71ff5f28aa7ab2ff2763330affad795,flat-ragged,140-byte batch 32,140,32,92736992,93237021,4197760,0.9946370122657608,-0.005377420176760104
1,ab,1,gemma-3,4667f2089529e8e7657cfb6d1c19910ae71ff5f28aa7ab2ff2763330affad795,flat-ragged,140-byte batch 32,140,32,85690027,84329628,4197760,1.0161319222231124,0.016003185434983552
1,ab,2,gemma-3,4667f2089529e8e7657cfb6d1c19910ae71ff5f28aa7ab2ff2763330affad795,flat-ragged,140-byte batch 32,140,32,82509533,80575752,4197760,1.0239995402090694,0.02371607760263453
1,ab,3,gemma-3,4667f2089529e8e7657cfb6d1c19910ae71ff5f28aa7ab2ff2763330affad795,flat-ragged,140-byte batch 32,140,32,69955070,68530729,4197760,1.0207839756089563,0.0205709356099367
1,ab,4,gemma-3,4667f2089529e8e7657cfb6d1c19910ae71ff5f28aa7ab2ff2763330affad795,flat-ragged,140-byte batch 32,140,32,72686903,73993395,4197760,0.9823431267074582,-0.0178146154602538
1,ab,5,gemma-3,4667f2089529e8e7657cfb6d1c19910ae71ff5f28aa7ab2ff2763330affad795,flat-ragged,140-byte batch 32,140,32,75113048,74932548,4197760,1.002408833074781,0.0024059364870548236
1,ab,0,gemma-3,4667f2089529e8e7657cfb6d1c19910ae71ff5f28aa7ab2ff2763330affad795,flat-ragged,140-byte batch 512,140,512,72919668,73923470,4229120,0.986421064920248,-0.013671972006975395
1,ab,1,gemma-3,4667f2089529e8e7657cfb6d1c19910ae71ff5f28aa7ab2ff2763330affad795,flat-ragged,140-byte batch 512,140,512,67700439,67980033,4229120,0.9958871158535625,-0.0041213653171414
1,ab,2,gemma-3,4667f2089529e8e7657cfb6d1c19910ae71ff5f28aa7ab2ff2763330affad795,flat-ragged,140-byte batch 512,140,512,65788436,65510180,4229120,1.0042475230567218,0.004238527793393117
1,ab,3,gemma-3,4667f2089529e8e7657cfb6d1c19910ae71ff5f28aa7ab2ff2763330affad795,flat-ragged,140-byte batch 512,140,512,53523517,53019265,4229120,1.009510731618026,0.009465789341319334
1,ab,4,gemma-3,4667f2089529e8e7657cfb6d1c19910ae71ff5f28aa7ab2ff2763330affad795,flat-ragged,140-byte batch 512,140,512,53225488,54023591,4229120,0.9852267688017999,-0.014883442173289851
1,ab,5,gemma-3,4667f2089529e8e7657cfb6d1c19910ae71ff5f28aa7ab2ff2763330affad795,flat-ragged,140-byte batch 512,140,512,55149263,54924046,4229120,1.0041005172852706,0.004092133076181924
1,ab,0,gemma-3,4667f2089529e8e7657cfb6d1c19910ae71ff5f28aa7ab2ff2763330affad795,flat-ragged,4 KiB single,4096,1,185494139,186701116,4194304,0.9935352448562761,-0.006485742172824784
1,ab,1,gemma-3,4667f2089529e8e7657cfb6d1c19910ae71ff5f28aa7ab2ff2763330affad795,flat-ragged,4 KiB single,4096,1,191378172,185643733,4194304,1.0308894833525029,0.030422005644656445
1,ab,2,gemma-3,4667f2089529e8e7657cfb6d1c19910ae71ff5f28aa7ab2ff2763330affad795,flat-ragged,4 KiB single,4096,1,176169404,176263206,4194304,0.9994678299451787,-0.000532311707562731
1,ab,3,gemma-3,4667f2089529e8e7657cfb6d1c19910ae71ff5f28aa7ab2ff2763330affad795,flat-ragged,4 KiB single,4096,1,175040320,174911533,4194304,1.0007362979318237,0.0007360269974856272
1,ab,4,gemma-3,4667f2089529e8e7657cfb6d1c19910ae71ff5f28aa7ab2ff2763330affad795,flat-ragged,4 KiB single,4096,1,187982718,194657477,4194304,0.9657102357285767,-0.03489145278141833
1,ab,5,gemma-3,4667f2089529e8e7657cfb6d1c19910ae71ff5f28aa7ab2ff2763330affad795,flat-ragged,4 KiB single,4096,1,168400298,176096720,4194304,0.9562943477879656,-0.04468951814503193
1,ab,0,gemma-3,4667f2089529e8e7657cfb6d1c19910ae71ff5f28aa7ab2ff2763330affad795,flat-ragged,64 KiB single,65536,1,101416799,100378335,4194304,1.0103454993550152,0.010292350926955898
1,ab,1,gemma-3,4667f2089529e8e7657cfb6d1c19910ae71ff5f28aa7ab2ff2763330affad795,flat-ragged,64 KiB single,65536,1,99564842,99878121,4194304,0.9968633871275973,-0.0031415423531724745
1,ab,2,gemma-3,4667f2089529e8e7657cfb6d1c19910ae71ff5f28aa7ab2ff2763330affad795,flat-ragged,64 KiB single,65536,1,91247929,91323293,4194304,0.9991747559957129,-0.0008255847055744052
1,ab,3,gemma-3,4667f2089529e8e7657cfb6d1c19910ae71ff5f28aa7ab2ff2763330affad795,flat-ragged,64 KiB single,65536,1,94522715,93847733,4194304,1.007192310122185,0.007166568812365937
1,ab,4,gemma-3,4667f2089529e8e7657cfb6d1c19910ae71ff5f28aa7ab2ff2763330affad795,flat-ragged,64 KiB single,65536,1,96080386,94636493,4194304,1.0152572538798537,0.015142032478571611
1,ab,5,gemma-3,4667f2089529e8e7657cfb6d1c19910ae71ff5f28aa7ab2ff2763330affad795,flat-ragged,64 KiB single,65536,1,105126380,104558087,4194304,1.0054351893412128,0.005420472003220364
1,ab,0,gemma-3,4667f2089529e8e7657cfb6d1c19910ae71ff5f28aa7ab2ff2763330affad795,nested,140-byte batch 1,140,1,270219700,252691201,4194400,1.069367270924483,0.06706713798137648
1,ab,1,gemma-3,4667f2089529e8e7657cfb6d1c19910ae71ff5f28aa7ab2ff2763330affad795,nested,140-byte batch 1,140,1,236817038,228498387,4194400,1.0364057318268947,0.035758700206632923
1,ab,2,gemma-3,4667f2089529e8e7657cfb6d1c19910ae71ff5f28aa7ab2ff2763330affad795,nested,140-byte batch 1,140,1,238773464,222216999,4194400,1.0745058437226038,0.07186087563622447
1,ab,3,gemma-3,4667f2089529e8e7657cfb6d1c19910ae71ff5f28aa7ab2ff2763330affad795,nested,140-byte batch 1,140,1,182821186,174285816,4194400,1.0489734058450286,0.047811977181478144
1,ab,4,gemma-3,4667f2089529e8e7657cfb6d1c19910ae71ff5f28aa7ab2ff2763330affad795,nested,140-byte batch 1,140,1,187285754,180127573,4194400,1.039739507287982,0.03897020801793396
1,ab,5,gemma-3,4667f2089529e8e7657cfb6d1c19910ae71ff5f28aa7ab2ff2763330affad795,nested,140-byte batch 1,140,1,191339584,182070894,4194400,1.05090703844185,0.049653637404191535
1,ab,0,gemma-3,4667f2089529e8e7657cfb6d1c19910ae71ff5f28aa7ab2ff2763330affad795,nested,140-byte batch 32,140,32,58813364,59485404,4197760,0.9887024386688203,-0.011361863541361083
1,ab,1,gemma-3,4667f2089529e8e7657cfb6d1c19910ae71ff5f28aa7ab2ff2763330affad795,nested,140-byte batch 32,140,32,58698970,58469991,4197760,1.003916179840014,0.003908531569243943
1,ab,2,gemma-3,4667f2089529e8e7657cfb6d1c19910ae71ff5f28aa7ab2ff2763330affad795,nested,140-byte batch 32,140,32,57369394,57152461,4197760,1.0037956895679436,0.0037885041150549307
1,ab,3,gemma-3,4667f2089529e8e7657cfb6d1c19910ae71ff5f28aa7ab2ff2763330affad795,nested,140-byte batch 32,140,32,57148066,57175914,4197760,0.9995129417607561,-0.00048717689063641783
1,ab,4,gemma-3,4667f2089529e8e7657cfb6d1c19910ae71ff5f28aa7ab2ff2763330affad795,nested,140-byte batch 32,140,32,56352554,56893635,4197760,0.9904896039776682,-0.009555908630395791
1,ab,5,gemma-3,4667f2089529e8e7657cfb6d1c19910ae71ff5f28aa7ab2ff2763330affad795,nested,140-byte batch 32,140,32,56980817,57127483,4197760,0.9974326542620475,-0.002570647021589744
1,ab,0,gemma-3,4667f2089529e8e7657cfb6d1c19910ae71ff5f28aa7ab2ff2763330affad795,nested,140-byte batch 512,140,512,45497871,46174129,4229120,0.9853541796099716,-0.014754129232908563
1,ab,1,gemma-3,4667f2089529e8e7657cfb6d1c19910ae71ff5f28aa7ab2ff2763330affad795,nested,140-byte batch 512,140,512,45281484,45009882,4229120,1.0060342748732378,0.00601614154769746
1,ab,2,gemma-3,4667f2089529e8e7657cfb6d1c19910ae71ff5f28aa7ab2ff2763330affad795,nested,140-byte batch 512,140,512,43969857,44633775,4229120,0.9851252106728593,-0.014986528454409686
1,ab,3,gemma-3,4667f2089529e8e7657cfb6d1c19910ae71ff5f28aa7ab2ff2763330affad795,nested,140-byte batch 512,140,512,44780559,43637996,4229120,1.026182755963404,0.025845855606920046
1,ab,4,gemma-3,4667f2089529e8e7657cfb6d1c19910ae71ff5f28aa7ab2ff2763330affad795,nested,140-byte batch 512,140,512,42443844,42765141,4229120,0.9924869416424934,-0.007541423542617252
1,ab,5,gemma-3,4667f2089529e8e7657cfb6d1c19910ae71ff5f28aa7ab2ff2763330affad795,nested,140-byte batch 512,140,512,44183535,43929700,4229120,1.0057782092752738,0.005761579453700757
1,ab,0,gemma-3,4667f2089529e8e7657cfb6d1c19910ae71ff5f28aa7ab2ff2763330affad795,nested,4 KiB single,4096,1,152811191,156185261,4194304,0.9783970012381642,-0.02183975957895303
1,ab,1,gemma-3,4667f2089529e8e7657cfb6d1c19910ae71ff5f28aa7ab2ff2763330affad795,nested,4 KiB single,4096,1,154511108,162272359,4194304,0.9521714539196413,-0.049010161751502176
1,ab,2,gemma-3,4667f2089529e8e7657cfb6d1c19910ae71ff5f28aa7ab2ff2763330affad795,nested,4 KiB single,4096,1,153248660,160796908,4194304,0.9530572565487391,-0.04808029680871987
1,ab,3,gemma-3,4667f2089529e8e7657cfb6d1c19910ae71ff5f28aa7ab2ff2763330affad795,nested,4 KiB single,4096,1,154205318,162659257,4194304,0.9480266960766949,-0.05337261670515788
1,ab,4,gemma-3,4667f2089529e8e7657cfb6d1c19910ae71ff5f28aa7ab2ff2763330affad795,nested,4 KiB single,4096,1,157689851,169063251,4194304,0.932726953180381,-0.06964277564993918
1,ab,5,gemma-3,4667f2089529e8e7657cfb6d1c19910ae71ff5f28aa7ab2ff2763330affad795,nested,4 KiB single,4096,1,152913219,152973211,4194304,0.9996078267586342,-0.00039225016140268887
1,ab,0,gemma-3,4667f2089529e8e7657cfb6d1c19910ae71ff5f28aa7ab2ff2763330affad795,nested,64 KiB single,65536,1,88814087,88290428,4194304,1.005931095950741,0.00591357624107394
1,ab,1,gemma-3,4667f2089529e8e7657cfb6d1c19910ae71ff5f28aa7ab2ff2763330affad795,nested,64 KiB single,65536,1,87121841,84766528,4194304,1.027785885013481,0.02740686227822803
1,ab,2,gemma-3,4667f2089529e8e7657cfb6d1c19910ae71ff5f28aa7ab2ff2763330affad795,nested,64 KiB single,65536,1,90574809,89034986,4194304,1.017294583502265,0.01714673441753144
1,ab,3,gemma-3,4667f2089529e8e7657cfb6d1c19910ae71ff5f28aa7ab2ff2763330affad795,nested,64 KiB single,65536,1,104708596,103505433,4194304,1.0116241531012193,0.011557111666660909
1,ab,4,gemma-3,4667f2089529e8e7657cfb6d1c19910ae71ff5f28aa7ab2ff2763330affad795,nested,64 KiB single,65536,1,109286720,109886355,4194304,0.9945431350416528,-0.0054718080322842
1,ab,5,gemma-3,4667f2089529e8e7657cfb6d1c19910ae71ff5f28aa7ab2ff2763330affad795,nested,64 KiB single,65536,1,93471897,90447487,4194304,1.0334382977384435,0.032891396120807055
1,ab,0,glm-4-7,9340665016419c825c4bdabbcc9acc43b7ca2c68ce142724afa829abb1be5efd,flat-ragged,140-byte batch 1,140,1,66572875,62114654,4194400,1.071774061560417,0.0693152769651086
1,ab,1,glm-4-7,9340665016419c825c4bdabbcc9acc43b7ca2c68ce142724afa829abb1be5efd,flat-ragged,140-byte batch 1,140,1,57951591,66451163,4194400,0.8720929534370978,-0.136859262775995
1,ab,2,glm-4-7,9340665016419c825c4bdabbcc9acc43b7ca2c68ce142724afa829abb1be5efd,flat-ragged,140-byte batch 1,140,1,56572981,63193562,4194400,0.8952332992401979,-0.11067092513356333
1,ab,3,glm-4-7,9340665016419c825c4bdabbcc9acc43b7ca2c68ce142724afa829abb1be5efd,flat-ragged,140-byte batch 1,140,1,64154650,69145808,4194400,0.9278169111857077,-0.07492085964187256
1,ab,4,glm-4-7,9340665016419c825c4bdabbcc9acc43b7ca2c68ce142724afa829abb1be5efd,flat-ragged,140-byte batch 1,140,1,57994672,57225698,4194400,1.0134375643613818,0.013348081027491151
1,ab,5,glm-4-7,9340665016419c825c4bdabbcc9acc43b7ca2c68ce142724afa829abb1be5efd,flat-ragged,140-byte batch 1,140,1,56022997,60312716,4194400,0.9288753801105558,-0.07378069328854028
1,ab,0,glm-4-7,9340665016419c825c4bdabbcc9acc43b7ca2c68ce142724afa829abb1be5efd,flat-ragged,140-byte batch 32,140,32,65407320,61362484,4197760,1.0659170837999323,0.06383554016677502
1,ab,1,glm-4-7,9340665016419c825c4bdabbcc9acc43b7ca2c68ce142724afa829abb1be5efd,flat-ragged,140-byte batch 32,140,32,57894299,60557726,4197760,0.9560183782330268,-0.04497814202239198
1,ab,2,glm-4-7,9340665016419c825c4bdabbcc9acc43b7ca2c68ce142724afa829abb1be5efd,flat-ragged,140-byte batch 32,140,32,55799417,54929735,4197760,1.0158326269005302,0.015708598282982558
1,ab,3,glm-4-7,9340665016419c825c4bdabbcc9acc43b7ca2c68ce142724afa829abb1be5efd,flat-ragged,140-byte batch 32,140,32,57357378,62127223,4197760,0.9232245580975026,-0.07988278252328386
1,ab,4,glm-4-7,9340665016419c825c4bdabbcc9acc43b7ca2c68ce142724afa829abb1be5efd,flat-ragged,140-byte batch 32,140,32,55165285,56801240,4197760,0.9711986041149806,-0.02922429595658048
1,ab,5,glm-4-7,9340665016419c825c4bdabbcc9acc43b7ca2c68ce142724afa829abb1be5efd,flat-ragged,140-byte batch 32,140,32,53307844,50979930,4197760,1.0456633424173003,0.04465146146362198
1,ab,0,glm-4-7,9340665016419c825c4bdabbcc9acc43b7ca2c68ce142724afa829abb1be5efd,flat-ragged,140-byte batch 512,140,512,20716307,20100356,4229120,1.0306437856125534,0.03018364156408442
1,ab,1,glm-4-7,9340665016419c825c4bdabbcc9acc43b7ca2c68ce142724afa829abb1be5efd,flat-ragged,140-byte batch 512,140,512,20039904,20032921,4229120,1.000348576226103,0.00034851548752464097
1,ab,2,glm-4-7,9340665016419c825c4bdabbcc9acc43b7ca2c68ce142724afa829abb1be5efd,flat-ragged,140-byte batch 512,140,512,18889309,18343068,4229120,1.0297791514483836,0.02934436318160209
1,ab,3,glm-4-7,9340665016419c825c4bdabbcc9acc43b7ca2c68ce142724afa829abb1be5efd,flat-ragged,140-byte batch 512,140,512,16250541,15882519,4229120,1.0231715132845112,0.022907130086206994
1,ab,4,glm-4-7,9340665016419c825c4bdabbcc9acc43b7ca2c68ce142724afa829abb1be5efd,flat-ragged,140-byte batch 512,140,512,15291586,16071097,4229120,0.9514960926438314,-0.049719698776875015
1,ab,5,glm-4-7,9340665016419c825c4bdabbcc9acc43b7ca2c68ce142724afa829abb1be5efd,flat-ragged,140-byte batch 512,140,512,15598261,15788455,4229120,0.9879536028066077,-0.01211954305901544
1,ab,0,glm-4-7,9340665016419c825c4bdabbcc9acc43b7ca2c68ce142724afa829abb1be5efd,flat-ragged,4 KiB single,4096,1,45870705,51235697,4194304,0.8952880059385159,-0.11060981812726658
1,ab,1,glm-4-7,9340665016419c825c4bdabbcc9acc43b7ca2c68ce142724afa829abb1be5efd,flat-ragged,4 KiB single,4096,1,45192885,48362431,4194304,0.9344626410529281,-0.06778363035709195
1,ab,2,glm-4-7,9340665016419c825c4bdabbcc9acc43b7ca2c68ce142724afa829abb1be5efd,flat-ragged,4 KiB single,4096,1,42169059,43854526,4194304,0.9615668631328953,-0.03919117593129822
1,ab,3,glm-4-7,9340665016419c825c4bdabbcc9acc43b7ca2c68ce142724afa829abb1be5efd,flat-ragged,4 KiB single,4096,1,41101260,42121506,4194304,0.9757785013669739,-0.024519663645754242
1,ab,4,glm-4-7,9340665016419c825c4bdabbcc9acc43b7ca2c68ce142724afa829abb1be5efd,flat-ragged,4 KiB single,4096,1,47110828,47733623,4194304,0.9869526978917984,-0.013133165832057467
1,ab,5,glm-4-7,9340665016419c825c4bdabbcc9acc43b7ca2c68ce142724afa829abb1be5efd,flat-ragged,4 KiB single,4096,1,45899540,49296340,4194304,0.9310942759645037,-0.07139474371206596
1,ab,0,glm-4-7,9340665016419c825c4bdabbcc9acc43b7ca2c68ce142724afa829abb1be5efd,flat-ragged,64 KiB single,65536,1,19153794,19438595,4194304,0.9853486838940777,-0.014759706649977075
1,ab,1,glm-4-7,9340665016419c825c4bdabbcc9acc43b7ca2c68ce142724afa829abb1be5efd,flat-ragged,64 KiB single,65536,1,18428468,20240695,4194304,0.9104661672931685,-0.09379853888688666
1,ab,2,glm-4-7,9340665016419c825c4bdabbcc9acc43b7ca2c68ce142724afa829abb1be5efd,flat-ragged,64 KiB single,65536,1,17952852,18681501,4194304,0.9609962283009272,-0.03978479478445049
1,ab,3,glm-4-7,9340665016419c825c4bdabbcc9acc43b7ca2c68ce142724afa829abb1be5efd,flat-ragged,64 KiB single,65536,1,18473681,19126489,4194304,0.9658689056836307,-0.03472716238087604
1,ab,4,glm-4-7,9340665016419c825c4bdabbcc9acc43b7ca2c68ce142724afa829abb1be5efd,flat-ragged,64 KiB single,65536,1,17819627,17930223,4194304,0.993831867010243,-0.006187234509697696
1,ab,5,glm-4-7,9340665016419c825c4bdabbcc9acc43b7ca2c68ce142724afa829abb1be5efd,flat-ragged,64 KiB single,65536,1,18085076,18074820,4194304,1.0005674192052811,0.000567258283874265
1,ab,0,glm-4-7,9340665016419c825c4bdabbcc9acc43b7ca2c68ce142724afa829abb1be5efd,nested,140-byte batch 1,140,1,68010562,65811654,4194400,1.0334121370054004,0.03286608153335088
1,ab,1,glm-4-7,9340665016419c825c4bdabbcc9acc43b7ca2c68ce142724afa829abb1be5efd,nested,140-byte batch 1,140,1,60148111,58795696,4194400,1.0230019387813694,0.022741382159647962
1,ab,2,glm-4-7,9340665016419c825c4bdabbcc9acc43b7ca2c68ce142724afa829abb1be5efd,nested,140-byte batch 1,140,1,59229343,57532715,4194400,1.029489795501568,0.02906333534485595
1,ab,3,glm-4-7,9340665016419c825c4bdabbcc9acc43b7ca2c68ce142724afa829abb1be5efd,nested,140-byte batch 1,140,1,65350132,64099945,4194400,1.01950371408275,0.019315954069140665
1,ab,4,glm-4-7,9340665016419c825c4bdabbcc9acc43b7ca2c68ce142724afa829abb1be5efd,nested,140-byte batch 1,140,1,57852318,56796922,4194400,1.0185819224499524,0.018411387863355704
1,ab,5,glm-4-7,9340665016419c825c4bdabbcc9acc43b7ca2c68ce142724afa829abb1be5efd,nested,140-byte batch 1,140,1,55058425,56628356,4194400,0.9722765923135752,-0.028114955007823704
1,ab,0,glm-4-7,9340665016419c825c4bdabbcc9acc43b7ca2c68ce142724afa829abb1be5efd,nested,140-byte batch 32,140,32,68277084,67512062,4197760,1.011331634338172,0.011267912301155847
1,ab,1,glm-4-7,9340665016419c825c4bdabbcc9acc43b7ca2c68ce142724afa829abb1be5efd,nested,140-byte batch 32,140,32,62382940,62264277,4197760,1.0019057958385993,0.001903982113737337
1,ab,2,glm-4-7,9340665016419c825c4bdabbcc9acc43b7ca2c68ce142724afa829abb1be5efd,nested,140-byte batch 32,140,32,59457633,61227518,4197760,0.971093308077587,-0.029332720480037315
1,ab,3,glm-4-7,9340665016419c825c4bdabbcc9acc43b7ca2c68ce142724afa829abb1be5efd,nested,140-byte batch 32,140,32,66342681,65196357,4197760,1.0175826388581803,0.017429852587683464
1,ab,4,glm-4-7,9340665016419c825c4bdabbcc9acc43b7ca2c68ce142724afa829abb1be5efd,nested,140-byte batch 32,140,32,60219445,58675853,4197760,1.026307107968247,0.025967027464750332
1,ab,5,glm-4-7,9340665016419c825c4bdabbcc9acc43b7ca2c68ce142724afa829abb1be5efd,nested,140-byte batch 32,140,32,57452880,56394562,4197760,1.0187663129647146,0.01859239817083335
1,ab,0,glm-4-7,9340665016419c825c4bdabbcc9acc43b7ca2c68ce142724afa829abb1be5efd,nested,140-byte batch 512,140,512,23130453,22665681,4229120,1.020505538748207,0.02029813073780285
1,ab,1,glm-4-7,9340665016419c825c4bdabbcc9acc43b7ca2c68ce142724afa829abb1be5efd,nested,140-byte batch 512,140,512,21716075,21776780,4229120,0.9972123977925111,-0.002791494806216627
1,ab,2,glm-4-7,9340665016419c825c4bdabbcc9acc43b7ca2c68ce142724afa829abb1be5efd,nested,140-byte batch 512,140,512,21034255,20935812,4229120,1.0047021343141598,0.00469111381368483
1,ab,3,glm-4-7,9340665016419c825c4bdabbcc9acc43b7ca2c68ce142724afa829abb1be5efd,nested,140-byte batch 512,140,512,18551035,18403314,4229120,1.008026869508394,0.007994825552232555
1,ab,4,glm-4-7,9340665016419c825c4bdabbcc9acc43b7ca2c68ce142724afa829abb1be5efd,nested,140-byte batch 512,140,512,17802028,17894387,4229120,0.9948386608605257,-0.0051747048601776535
1,ab,5,glm-4-7,9340665016419c825c4bdabbcc9acc43b7ca2c68ce142724afa829abb1be5efd,nested,140-byte batch 512,140,512,17686854,18111979,4229120,0.9765279652764615,-0.023751890799524826
1,ab,0,glm-4-7,9340665016419c825c4bdabbcc9acc43b7ca2c68ce142724afa829abb1be5efd,nested,4 KiB single,4096,1,51059557,51034632,4194304,1.0004883938420484,0.00048827461659361505
1,ab,1,glm-4-7,9340665016419c825c4bdabbcc9acc43b7ca2c68ce142724afa829abb1be5efd,nested,4 KiB single,4096,1,49038220,49830050,4194304,0.9841093878091633,-0.016018221635691082
1,ab,2,glm-4-7,9340665016419c825c4bdabbcc9acc43b7ca2c68ce142724afa829abb1be5efd,nested,4 KiB single,4096,1,46485496,45583869,4194304,1.0197795189346477,0.01958644602348399
1,ab,3,glm-4-7,9340665016419c825c4bdabbcc9acc43b7ca2c68ce142724afa829abb1be5efd,nested,4 KiB single,4096,1,45719546,44066210,4194304,1.0375193600720372,0.03683263325901214
1,ab,4,glm-4-7,9340665016419c825c4bdabbcc9acc43b7ca2c68ce142724afa829abb1be5efd,nested,4 KiB single,4096,1,49640198,49778597,4194304,0.9972197087033208,-0.0027841634854001867
1,ab,5,glm-4-7,9340665016419c825c4bdabbcc9acc43b7ca2c68ce142724afa829abb1be5efd,nested,4 KiB single,4096,1,47089152,50676730,4194304,0.9292066003469442,-0.07342417485353
1,ab,0,glm-4-7,9340665016419c825c4bdabbcc9acc43b7ca2c68ce142724afa829abb1be5efd,nested,64 KiB single,65536,1,48103234,47187378,4194304,1.0194089190545828,0.01922296820334633
1,ab,1,glm-4-7,9340665016419c825c4bdabbcc9acc43b7ca2c68ce142724afa829abb1be5efd,nested,64 KiB single,65536,1,43389700,43033624,4194304,1.008274367039132,0.008240322135277717
1,ab,2,glm-4-7,9340665016419c825c4bdabbcc9acc43b7ca2c68ce142724afa829abb1be5efd,nested,64 KiB single,65536,1,44556061,44413339,4194304,1.0032134940361048,0.00320834179898286
1,ab,3,glm-4-7,9340665016419c825c4bdabbcc9acc43b7ca2c68ce142724afa829abb1be5efd,nested,64 KiB single,65536,1,41065577,40560277,4194304,1.0124580017044755,0.01238103934019768
1,ab,4,glm-4-7,9340665016419c825c4bdabbcc9acc43b7ca2c68ce142724afa829abb1be5efd,nested,64 KiB single,65536,1,43245003,42077614,4194304,1.0277437071408089,0.027365823829704664
1,ab,5,glm-4-7,9340665016419c825c4bdabbcc9acc43b7ca2c68ce142724afa829abb1be5efd,nested,64 KiB single,65536,1,43867818,43801631,4194304,1.0015110624533594,0.0015099219472631726
1,ab,0,gpt-2,8414cab924d8b9b33013f0d221c5862f365ee9be39c5c2bfae8a5a9e970478a6,flat-ragged,140-byte batch 1,140,1,33753825,32972105,4194400,1.0237085257371346,0.023431843264025753
1,ab,1,gpt-2,8414cab924d8b9b33013f0d221c5862f365ee9be39c5c2bfae8a5a9e970478a6,flat-ragged,140-byte batch 1,140,1,32568682,33270787,4194400,0.9788972530165878,-0.021328592912797657
1,ab,2,gpt-2,8414cab924d8b9b33013f0d221c5862f365ee9be39c5c2bfae8a5a9e970478a6,flat-ragged,140-byte batch 1,140,1,38607972,38595857,4194400,1.000313893794352,0.0003138445400018476
1,ab,3,gpt-2,8414cab924d8b9b33013f0d221c5862f365ee9be39c5c2bfae8a5a9e970478a6,flat-ragged,140-byte batch 1,140,1,34760653,34482322,4194400,1.0080717012038807,0.008039299266112711
1,ab,4,gpt-2,8414cab924d8b9b33013f0d221c5862f365ee9be39c5c2bfae8a5a9e970478a6,flat-ragged,140-byte batch 1,140,1,32746433,32586195,4194400,1.0049173584089828,0.004905307691108075
1,ab,5,gpt-2,8414cab924d8b9b33013f0d221c5862f365ee9be39c5c2bfae8a5a9e970478a6,flat-ragged,140-byte batch 1,140,1,24770190,24712650,4194400,1.00232836219507,0.0023256557600408803
1,ab,0,gpt-2,8414cab924d8b9b33013f0d221c5862f365ee9be39c5c2bfae8a5a9e970478a6,flat-ragged,140-byte batch 32,140,32,28245614,28790181,4197760,0.9810849747696967,-0.019096202607774865
1,ab,1,gpt-2,8414cab924d8b9b33013f0d221c5862f365ee9be39c5c2bfae8a5a9e970478a6,flat-ragged,140-byte batch 32,140,32,28608785,28956076,4197760,0.9880062823429528,-0.012066222607771938
1,ab,2,gpt-2,8414cab924d8b9b33013f0d221c5862f365ee9be39c5c2bfae8a5a9e970478a6,flat-ragged,140-byte batch 32,140,32,34562680,34704802,4197760,0.9959048318443079,-0.0041035763198855905
1,ab,3,gpt-2,8414cab924d8b9b33013f0d221c5862f365ee9be39c5c2bfae8a5a9e970478a6,flat-ragged,140-byte batch 32,140,32,30502015,31349391,4197760,0.9729699374383382,-0.027402094048022546
1,ab,4,gpt-2,8414cab924d8b9b33013f0d221c5862f365ee9be39c5c2bfae8a5a9e970478a6,flat-ragged,140-byte batch 32,140,32,29756927,28761230,4197760,1.0346194164853173,0.03403364555337432
1,ab,5,gpt-2,8414cab924d8b9b33013f0d221c5862f365ee9be39c5c2bfae8a5a9e970478a6,flat-ragged,140-byte batch 32,140,32,21071864,21248157,4197760,0.9917031392416763,-0.008331471279613313
1,ab,0,gpt-2,8414cab924d8b9b33013f0d221c5862f365ee9be39c5c2bfae8a5a9e970478a6,flat-ragged,140-byte batch 512,140,512,12387381,12442348,4229120,0.9955822646979493,-0.004427522329618242
1,ab,1,gpt-2,8414cab924d8b9b33013f0d221c5862f365ee9be39c5c2bfae8a5a9e970478a6,flat-ragged,140-byte batch 512,140,512,12295097,12030134,4229120,1.0220249417005662,0.02178589627879512
1,ab,2,gpt-2,8414cab924d8b9b33013f0d221c5862f365ee9be39c5c2bfae8a5a9e970478a6,flat-ragged,140-byte batch 512,140,512,11409790,11089957,4229120,1.0288398773773424,0.028431834808875043
1,ab,3,gpt-2,8414cab924d8b9b33013f0d221c5862f365ee9be39c5c2bfae8a5a9e970478a6,flat-ragged,140-byte batch 512,140,512,10457282,10254710,4229120,1.0197540447267646,0.019561465598215852
1,ab,4,gpt-2,8414cab924d8b9b33013f0d221c5862f365ee9be39c5c2bfae8a5a9e970478a6,flat-ragged,140-byte batch 512,140,512,9557653,9951429,4229120,0.9604302055513836,-0.040373964118175114
1,ab,5,gpt-2,8414cab924d8b9b33013f0d221c5862f365ee9be39c5c2bfae8a5a9e970478a6,flat-ragged,140-byte batch 512,140,512,9542297,9797964,4229120,0.9739061094733559,-0.026440376830680207
1,ab,0,gpt-2,8414cab924d8b9b33013f0d221c5862f365ee9be39c5c2bfae8a5a9e970478a6,flat-ragged,4 KiB single,4096,1,21275136,20986279,4194304,1.013764088431303,0.01367022369375747
1,ab,1,gpt-2,8414cab924d8b9b33013f0d221c5862f365ee9be39c5c2bfae8a5a9e970478a6,flat-ragged,4 KiB single,4096,1,22989583,22521242,4194304,1.020795522733604,0.020582247561939833
1,ab,2,gpt-2,8414cab924d8b9b33013f0d221c5862f365ee9be39c5c2bfae8a5a9e970478a6,flat-ragged,4 KiB single,4096,1,21904997,22530945,4194304,0.9722182979897204,-0.028174913328272894
1,ab,3,gpt-2,8414cab924d8b9b33013f0d221c5862f365ee9be39c5c2bfae8a5a9e970478a6,flat-ragged,4 KiB single,4096,1,26534512,26721831,4194304,0.9929900387439767,-0.007034646463637827
1,ab,4,gpt-2,8414cab924d8b9b33013f0d221c5862f365ee9be39c5c2bfae8a5a9e970478a6,flat-ragged,4 KiB single,4096,1,26055432,26136351,4194304,0.9969039671987876,-0.003100835426049919
1,ab,5,gpt-2,8414cab924d8b9b33013f0d221c5862f365ee9be39c5c2bfae8a5a9e970478a6,flat-ragged,4 KiB single,4096,1,23707568,24626404,4194304,0.9626889902399067,-0.03802487859901539
1,ab,0,gpt-2,8414cab924d8b9b33013f0d221c5862f365ee9be39c5c2bfae8a5a9e970478a6,flat-ragged,64 KiB single,65536,1,20955538,20563764,4194304,1.0190516677783308,0.018872457349992416
1,ab,1,gpt-2,8414cab924d8b9b33013f0d221c5862f365ee9be39c5c2bfae8a5a9e970478a6,flat-ragged,64 KiB single,65536,1,21590055,21477480,4194304,1.005241536716598,0.005227847676590654
1,ab,2,gpt-2,8414cab924d8b9b33013f0d221c5862f365ee9be39c5c2bfae8a5a9e970478a6,flat-ragged,64 KiB single,65536,1,19660354,19495186,4194304,1.0084722454045836,0.008436557363705062
1,ab,3,gpt-2,8414cab924d8b9b33013f0d221c5862f365ee9be39c5c2bfae8a5a9e970478a6,flat-ragged,64 KiB single,65536,1,23223339,23912629,4194304,0.9711746458325431,-0.029248965038528935
1,ab,4,gpt-2,8414cab924d8b9b33013f0d221c5862f365ee9be39c5c2bfae8a5a9e970478a6,flat-ragged,64 KiB single,65536,1,24257924,23950367,4194304,1.0128414316156409,0.012759679564391857
1,ab,5,gpt-2,8414cab924d8b9b33013f0d221c5862f365ee9be39c5c2bfae8a5a9e970478a6,flat-ragged,64 KiB single,65536,1,23270510,22277412,4194304,1.044578697022796,0.043613643381896064
1,ab,0,gpt-2,8414cab924d8b9b33013f0d221c5862f365ee9be39c5c2bfae8a5a9e970478a6,nested,140-byte batch 1,140,1,35519778,36236874,4194400,0.9802108758056779,-0.019987551071735724
1,ab,1,gpt-2,8414cab924d8b9b33013f0d221c5862f365ee9be39c5c2bfae8a5a9e970478a6,nested,140-byte batch 1,140,1,34928355,33227698,4194400,1.0511819085390748,0.049915158306231576
1,ab,2,gpt-2,8414cab924d8b9b33013f0d221c5862f365ee9be39c5c2bfae8a5a9e970478a6,nested,140-byte batch 1,140,1,38579420,39647156,4194400,0.9730690393025921,-0.027300244223302562
1,ab,3,gpt-2,8414cab924d8b9b33013f0d221c5862f365ee9be39c5c2bfae8a5a9e970478a6,nested,140-byte batch 1,140,1,34953715,35280084,4194400,0.9907492000302494,-0.009293854350475939
1,ab,4,gpt-2,8414cab924d8b9b33013f0d221c5862f365ee9be39c5c2bfae8a5a9e970478a6,nested,140-byte batch 1,140,1,32748153,33157009,4194400,0.9876690928304178,-0.012407563619606307
1,ab,5,gpt-2,8414cab924d8b9b33013f0d221c5862f365ee9be39c5c2bfae8a5a9e970478a6,nested,140-byte batch 1,140,1,24882137,25387350,4194400,0.9800998134897893,-0.020100862004144494
1,ab,0,gpt-2,8414cab924d8b9b33013f0d221c5862f365ee9be39c5c2bfae8a5a9e970478a6,nested,140-byte batch 32,140,32,36982136,35893046,4197760,1.0303426463165037,0.029891413247073256
1,ab,1,gpt-2,8414cab924d8b9b33013f0d221c5862f365ee9be39c5c2bfae8a5a9e970478a6,nested,140-byte batch 32,140,32,33792725,33914585,4197760,0.9964068556345301,-0.003599615213797092
1,ab,2,gpt-2,8414cab924d8b9b33013f0d221c5862f365ee9be39c5c2bfae8a5a9e970478a6,nested,140-byte batch 32,140,32,39337283,39977733,4197760,0.9839798319729636,-0.016149878102364134
1,ab,3,gpt-2,8414cab924d8b9b33013f0d221c5862f365ee9be39c5c2bfae8a5a9e970478a6,nested,140-byte batch 32,140,32,35881041,36075329,4197760,0.9946143803705851,-0.005400174359826619
1,ab,4,gpt-2,8414cab924d8b9b33013f0d221c5862f365ee9be39c5c2bfae8a5a9e970478a6,nested,140-byte batch 32,140,32,32935071,33483331,4197760,0.9836258823830879,-0.0165096550547394
1,ab,5,gpt-2,8414cab924d8b9b33013f0d221c5862f365ee9be39c5c2bfae8a5a9e970478a6,nested,140-byte batch 32,140,32,26064479,26638179,4197760,0.978463242551227,-0.021772057949980494
1,ab,0,gpt-2,8414cab924d8b9b33013f0d221c5862f365ee9be39c5c2bfae8a5a9e970478a6,nested,140-byte batch 512,140,512,15199352,15068112,4229120,1.0087097839463897,0.00867207259182801
1,ab,1,gpt-2,8414cab924d8b9b33013f0d221c5862f365ee9be39c5c2bfae8a5a9e970478a6,nested,140-byte batch 512,140,512,14573178,14789386,4229120,0.9853808670623648,-0.014727045478103575
1,ab,2,gpt-2,8414cab924d8b9b33013f0d221c5862f365ee9be39c5c2bfae8a5a9e970478a6,nested,140-byte batch 512,140,512,13910334,14034621,4229120,0.9911442567633283,-0.008895188380862791
1,ab,3,gpt-2,8414cab924d8b9b33013f0d221c5862f365ee9be39c5c2bfae8a5a9e970478a6,nested,140-byte batch 512,140,512,12953256,13023252,4229120,0.9946253055688394,-0.005389190064337614
1,ab,4,gpt-2,8414cab924d8b9b33013f0d221c5862f365ee9be39c5c2bfae8a5a9e970478a6,nested,140-byte batch 512,140,512,12428551,12635026,4229120,0.98365852195318,-0.01647647269430062
1,ab,5,gpt-2,8414cab924d8b9b33013f0d221c5862f365ee9be39c5c2bfae8a5a9e970478a6,nested,140-byte batch 512,140,512,12676910,12457156,4229120,1.017640784140457,0.017486991554968852
1,ab,0,gpt-2,8414cab924d8b9b33013f0d221c5862f365ee9be39c5c2bfae8a5a9e970478a6,nested,4 KiB single,4096,1,23939843,24008948,4194304,0.9971216981268817,-0.0028824521497004298
1,ab,1,gpt-2,8414cab924d8b9b33013f0d221c5862f365ee9be39c5c2bfae8a5a9e970478a6,nested,4 KiB single,4096,1,24026484,23977841,4194304,1.0020286647158934,0.002026609754377881
1,ab,2,gpt-2,8414cab924d8b9b33013f0d221c5862f365ee9be39c5c2bfae8a5a9e970478a6,nested,4 KiB single,4096,1,23564995,23272011,4194304,1.0125895437227148,0.012510954332782752
1,ab,3,gpt-2,8414cab924d8b9b33013f0d221c5862f365ee9be39c5c2bfae8a5a9e970478a6,nested,4 KiB single,4096,1,27813874,28335566,4194304,0.9815887919796626,-0.01858280376425064
1,ab,4,gpt-2,8414cab924d8b9b33013f0d221c5862f365ee9be39c5c2bfae8a5a9e970478a6,nested,4 KiB single,4096,1,26460862,26069912,4194304,1.0149962147935137,0.014884883219322685
1,ab,5,gpt-2,8414cab924d8b9b33013f0d221c5862f365ee9be39c5c2bfae8a5a9e970478a6,nested,4 KiB single,4096,1,24804892,24752460,4194304,1.0021182541048446,0.002116013767795815
1,ab,0,gpt-2,8414cab924d8b9b33013f0d221c5862f365ee9be39c5c2bfae8a5a9e970478a6,nested,64 KiB single,65536,1,23653368,24355104,4194304,0.9711873125238965,-0.029235922473214018
1,ab,1,gpt-2,8414cab924d8b9b33013f0d221c5862f365ee9be39c5c2bfae8a5a9e970478a6,nested,64 KiB single,65536,1,22025942,22566099,4194304,0.9760633417410781,-0.024227795350039518
1,ab,2,gpt-2,8414cab924d8b9b33013f0d221c5862f365ee9be39c5c2bfae8a5a9e970478a6,nested,64 KiB single,65536,1,22561215,22669213,4194304,0.9952359175415574,-0.004775466871190123
1,ab,3,gpt-2,8414cab924d8b9b33013f0d221c5862f365ee9be39c5c2bfae8a5a9e970478a6,nested,64 KiB single,65536,1,24936413,24803663,4194304,1.0053520320768752,0.005337760850593913
1,ab,4,gpt-2,8414cab924d8b9b33013f0d221c5862f365ee9be39c5c2bfae8a5a9e970478a6,nested,64 KiB single,65536,1,25271558,25034685,4194304,1.0094617927087959,0.00941731031681543
1,ab,5,gpt-2,8414cab924d8b9b33013f0d221c5862f365ee9be39c5c2bfae8a5a9e970478a6,nested,64 KiB single,65536,1,23280299,23135253,4194304,1.0062694797415874,0.006249908312661555
1,ab,0,gpt-oss,0614fe83cadab421296e664e1f48f4261fa8fef6e03e63bb75c20f38e37d07d3,flat-ragged,140-byte batch 1,140,1,57904886,58476765,4194400,0.9902204063442976,-0.009827727961469149
1,ab,1,gpt-oss,0614fe83cadab421296e664e1f48f4261fa8fef6e03e63bb75c20f38e37d07d3,flat-ragged,140-byte batch 1,140,1,54584814,57336197,4194400,0.9520131584590447,-0.04917642237553227
1,ab,2,gpt-oss,0614fe83cadab421296e664e1f48f4261fa8fef6e03e63bb75c20f38e37d07d3,flat-ragged,140-byte batch 1,140,1,53451280,54547730,4194400,0.9798992552027371,-0.020305513415418783
1,ab,3,gpt-oss,0614fe83cadab421296e664e1f48f4261fa8fef6e03e63bb75c20f38e37d07d3,flat-ragged,140-byte batch 1,140,1,58116708,56752984,4194400,1.0240291153677488,0.023744959189423785
1,ab,4,gpt-oss,0614fe83cadab421296e664e1f48f4261fa8fef6e03e63bb75c20f38e37d07d3,flat-ragged,140-byte batch 1,140,1,49572257,50176778,4194400,0.9879521758053098,-0.012120987461186183
1,ab,5,gpt-oss,0614fe83cadab421296e664e1f48f4261fa8fef6e03e63bb75c20f38e37d07d3,flat-ragged,140-byte batch 1,140,1,46090259,44616750,4194400,1.0330259151551828,0.03249227709792545
1,ab,0,gpt-oss,0614fe83cadab421296e664e1f48f4261fa8fef6e03e63bb75c20f38e37d07d3,flat-ragged,140-byte batch 32,140,32,51779576,51510002,4197760,1.0052334301986632,0.005219783395196087
1,ab,1,gpt-oss,0614fe83cadab421296e664e1f48f4261fa8fef6e03e63bb75c20f38e37d07d3,flat-ragged,140-byte batch 32,140,32,48897787,49399645,4197760,0.9898408581681103,-0.010211098100200098
1,ab,2,gpt-oss,0614fe83cadab421296e664e1f48f4261fa8fef6e03e63bb75c20f38e37d07d3,flat-ragged,140-byte batch 32,140,32,49607784,49452085,4197760,1.0031484820104146,0.0031435359199948015
1,ab,3,gpt-oss,0614fe83cadab421296e664e1f48f4261fa8fef6e03e63bb75c20f38e37d07d3,flat-ragged,140-byte batch 32,140,32,51728882,51874505,4197760,0.9971927828516147,-0.0028111647720665102
1,ab,4,gpt-oss,0614fe83cadab421296e664e1f48f4261fa8fef6e03e63bb75c20f38e37d07d3,flat-ragged,140-byte batch 32,140,32,48184000,46575667,4197760,1.0345316149739734,0.033948778368657805
1,ab,5,gpt-oss,0614fe83cadab421296e664e1f48f4261fa8fef6e03e63bb75c20f38e37d07d3,flat-ragged,140-byte batch 32,140,32,42608151,40960105,4197760,1.0402353949043832,0.03944702879617877
1,ab,0,gpt-oss,0614fe83cadab421296e664e1f48f4261fa8fef6e03e63bb75c20f38e37d07d3,flat-ragged,140-byte batch 512,140,512,18350757,18861824,4229120,0.9729046883270674,-0.027469158092572173
1,ab,1,gpt-oss,0614fe83cadab421296e664e1f48f4261fa8fef6e03e63bb75c20f38e37d07d3,flat-ragged,140-byte batch 512,140,512,18026499,18519515,4229120,0.9733785684992291,-0.0269821989823154
1,ab,2,gpt-oss,0614fe83cadab421296e664e1f48f4261fa8fef6e03e63bb75c20f38e37d07d3,flat-ragged,140-byte batch 512,140,512,16852332,17347652,4229120,0.9714474327707289,-0.028968120974227064
1,ab,3,gpt-oss,0614fe83cadab421296e664e1f48f4261fa8fef6e03e63bb75c20f38e37d07d3,flat-ragged,140-byte batch 512,140,512,14774051,15023849,4229120,0.983373235447188,-0.01676654071879391
1,ab,4,gpt-oss,0614fe83cadab421296e664e1f48f4261fa8fef6e03e63bb75c20f38e37d07d3,flat-ragged,140-byte batch 512,140,512,13820149,14091032,4229120,0.9807762128423241,-0.019410966905954077
1,ab,5,gpt-oss,0614fe83cadab421296e664e1f48f4261fa8fef6e03e63bb75c20f38e37d07d3,flat-ragged,140-byte batch 512,140,512,14009430,14210623,4229120,0.9858420704004321,-0.014259109216082871
1,ab,0,gpt-oss,0614fe83cadab421296e664e1f48f4261fa8fef6e03e63bb75c20f38e37d07d3,flat-ragged,4 KiB single,4096,1,40884822,37991706,4194304,1.0761512525918158,0.07339102118389998
1,ab,1,gpt-oss,0614fe83cadab421296e664e1f48f4261fa8fef6e03e63bb75c20f38e37d07d3,flat-ragged,4 KiB single,4096,1,41052145,40016337,4194304,1.0258846280707803,0.02555529215170334
1,ab,2,gpt-oss,0614fe83cadab421296e664e1f48f4261fa8fef6e03e63bb75c20f38e37d07d3,flat-ragged,4 KiB single,4096,1,36529049,35636567,4194304,1.0250439948382233,0.02473553346264625
1,ab,3,gpt-oss,0614fe83cadab421296e664e1f48f4261fa8fef6e03e63bb75c20f38e37d07d3,flat-ragged,4 KiB single,4096,1,37310844,35588131,4194304,1.0484069534306255,0.04727182486654819
1,ab,4,gpt-oss,0614fe83cadab421296e664e1f48f4261fa8fef6e03e63bb75c20f38e37d07d3,flat-ragged,4 KiB single,4096,1,45709022,44474562,4194304,1.027756540918829,0.02737831108484595
1,ab,5,gpt-oss,0614fe83cadab421296e664e1f48f4261fa8fef6e03e63bb75c20f38e37d07d3,flat-ragged,4 KiB single,4096,1,40399254,39677533,4194304,1.0181896641608237,0.01802621134522578
1,ab,0,gpt-oss,0614fe83cadab421296e664e1f48f4261fa8fef6e03e63bb75c20f38e37d07d3,flat-ragged,64 KiB single,65536,1,20657685,20170140,4194304,1.0241716220115478,0.02388411219472081
1,ab,1,gpt-oss,0614fe83cadab421296e664e1f48f4261fa8fef6e03e63bb75c20f38e37d07d3,flat-ragged,64 KiB single,65536,1,19812192,19937763,4194304,0.9937018511053622,-0.006318065905292266
1,ab,2,gpt-oss,0614fe83cadab421296e664e1f48f4261fa8fef6e03e63bb75c20f38e37d07d3,flat-ragged,64 KiB single,65536,1,19074531,18657840,4194304,1.0223332925997866,0.022087556620299945
1,ab,3,gpt-oss,0614fe83cadab421296e664e1f48f4261fa8fef6e03e63bb75c20f38e37d07d3,flat-ragged,64 KiB single,65536,1,19918284,20147434,4194304,0.9886263431859362,-0.011438831503007105
1,ab,4,gpt-oss,0614fe83cadab421296e664e1f48f4261fa8fef6e03e63bb75c20f38e37d07d3,flat-ragged,64 KiB single,65536,1,19179369,19135280,4194304,1.00230406871496,0.0023014184188339675
1,ab,5,gpt-oss,0614fe83cadab421296e664e1f48f4261fa8fef6e03e63bb75c20f38e37d07d3,flat-ragged,64 KiB single,65536,1,19098011,18731959,4194304,1.0195415759771842,0.019353090953370785
1,ab,0,gpt-oss,0614fe83cadab421296e664e1f48f4261fa8fef6e03e63bb75c20f38e37d07d3,nested,140-byte batch 1,140,1,59437383,59676022,4194400,0.9960010906893224,-0.004006926328537593
1,ab,1,gpt-oss,0614fe83cadab421296e664e1f48f4261fa8fef6e03e63bb75c20f38e37d07d3,nested,140-byte batch 1,140,1,53550579,53584955,4194400,0.9993584766470365,-0.0006417292171188738
1,ab,2,gpt-oss,0614fe83cadab421296e664e1f48f4261fa8fef6e03e63bb75c20f38e37d07d3,nested,140-byte batch 1,140,1,55501393,56046738,4194400,0.990269817308547,-0.009777830250620073
1,ab,3,gpt-oss,0614fe83cadab421296e664e1f48f4261fa8fef6e03e63bb75c20f38e37d07d3,nested,140-byte batch 1,140,1,58482444,58093846,4194400,1.0066891422544137,0.006666869212225681
1,ab,4,gpt-oss,0614fe83cadab421296e664e1f48f4261fa8fef6e03e63bb75c20f38e37d07d3,nested,140-byte batch 1,140,1,50013052,51588729,4194400,0.9694569525060406,-0.031019207032467876
1,ab,5,gpt-oss,0614fe83cadab421296e664e1f48f4261fa8fef6e03e63bb75c20f38e37d07d3,nested,140-byte batch 1,140,1,45979008,45793444,4194400,1.0040521957684598,0.004044007735408787
1,ab,0,gpt-oss,0614fe83cadab421296e664e1f48f4261fa8fef6e03e63bb75c20f38e37d07d3,nested,140-byte batch 32,140,32,64100904,63305400,4197760,1.012566131799183,0.012487833222819841
1,ab,1,gpt-oss,0614fe83cadab421296e664e1f48f4261fa8fef6e03e63bb75c20f38e37d07d3,nested,140-byte batch 32,140,32,55947715,55947857,4197760,0.9999974619224469,-2.5380807740512436e-06
1,ab,2,gpt-oss,0614fe83cadab421296e664e1f48f4261fa8fef6e03e63bb75c20f38e37d07d3,nested,140-byte batch 32,140,32,57843919,59111247,4197760,0.9785602898886568,-0.02167287944149477
1,ab,3,gpt-oss,0614fe83cadab421296e664e1f48f4261fa8fef6e03e63bb75c20f38e37d07d3,nested,140-byte batch 32,140,32,60081215,59799011,4197760,1.0047192084832306,0.004708107929062802
1,ab,4,gpt-oss,0614fe83cadab421296e664e1f48f4261fa8fef6e03e63bb75c20f38e37d07d3,nested,140-byte batch 32,140,32,51028517,52454335,4197760,0.9728179186715454,-0.02755834825284212
1,ab,5,gpt-oss,0614fe83cadab421296e664e1f48f4261fa8fef6e03e63bb75c20f38e37d07d3,nested,140-byte batch 32,140,32,46853694,46957574,4197760,0.9977877903147211,-0.002214660235879627
1,ab,0,gpt-oss,0614fe83cadab421296e664e1f48f4261fa8fef6e03e63bb75c20f38e37d07d3,nested,140-byte batch 512,140,512,21576028,21755038,4229120,0.9917715611436763,-0.008262479321194274
1,ab,1,gpt-oss,0614fe83cadab421296e664e1f48f4261fa8fef6e03e63bb75c20f38e37d07d3,nested,140-byte batch 512,140,512,20472591,20514352,4229120,0.9979643032351204,-0.0020377716118565718
1,ab,2,gpt-oss,0614fe83cadab421296e664e1f48f4261fa8fef6e03e63bb75c20f38e37d07d3,nested,140-byte batch 512,140,512,19698022,19816250,4229120,0.9940337854033937,-0.005984083563757233
1,ab,3,gpt-oss,0614fe83cadab421296e664e1f48f4261fa8fef6e03e63bb75c20f38e37d07d3,nested,140-byte batch 512,140,512,17147167,17177288,4229120,0.9982464635861028,-0.0017550756585521853
1,ab,4,gpt-oss,0614fe83cadab421296e664e1f48f4261fa8fef6e03e63bb75c20f38e37d07d3,nested,140-byte batch 512,140,512,16048046,16270400,4229120,0.9863338332186056,-0.013760408438466733
1,ab,5,gpt-oss,0614fe83cadab421296e664e1f48f4261fa8fef6e03e63bb75c20f38e37d07d3,nested,140-byte batch 512,140,512,16837666,16981278,4229120,0.991542921563383,-0.008493042434910942
1,ab,0,gpt-oss,0614fe83cadab421296e664e1f48f4261fa8fef6e03e63bb75c20f38e37d07d3,nested,4 KiB single,4096,1,45676974,44494189,4194304,1.0265829095120713,0.026235723345323703
1,ab,1,gpt-oss,0614fe83cadab421296e664e1f48f4261fa8fef6e03e63bb75c20f38e37d07d3,nested,4 KiB single,4096,1,41334615,41291468,4194304,1.0010449374190329,0.0010443918519506031
1,ab,2,gpt-oss,0614fe83cadab421296e664e1f48f4261fa8fef6e03e63bb75c20f38e37d07d3,nested,4 KiB single,4096,1,38487037,39414233,4194304,0.976475604637543,-0.023805511427502785
1,ab,3,gpt-oss,0614fe83cadab421296e664e1f48f4261fa8fef6e03e63bb75c20f38e37d07d3,nested,4 KiB single,4096,1,39151420,39264845,4194304,0.9971112836431674,-0.0028928967505164847
1,ab,4,gpt-oss,0614fe83cadab421296e664e1f48f4261fa8fef6e03e63bb75c20f38e37d07d3,nested,4 KiB single,4096,1,45896112,45530669,4194304,1.0080263042038764,0.007994264749050364
1,ab,5,gpt-oss,0614fe83cadab421296e664e1f48f4261fa8fef6e03e63bb75c20f38e37d07d3,nested,4 KiB single,4096,1,42476343,42194163,4194304,1.0066876548777612,0.006665391717645802
1,ab,0,gpt-oss,0614fe83cadab421296e664e1f48f4261fa8fef6e03e63bb75c20f38e37d07d3,nested,64 KiB single,65536,1,43442120,43310081,4194304,1.003048689749622,0.0030440519188411623
1,ab,1,gpt-oss,0614fe83cadab421296e664e1f48f4261fa8fef6e03e63bb75c20f38e37d07d3,nested,64 KiB single,65536,1,38137654,38364484,4194304,0.9940875003036663,-0.005930047725328408
1,ab,2,gpt-oss,0614fe83cadab421296e664e1f48f4261fa8fef6e03e63bb75c20f38e37d07d3,nested,64 KiB single,65536,1,37217499,37401444,4194304,0.9950818743789678,-0.004930259400827857
1,ab,3,gpt-oss,0614fe83cadab421296e664e1f48f4261fa8fef6e03e63bb75c20f38e37d07d3,nested,64 KiB single,65536,1,34391123,36355834,4194304,0.945958852161114,-0.05555620753470775
1,ab,4,gpt-oss,0614fe83cadab421296e664e1f48f4261fa8fef6e03e63bb75c20f38e37d07d3,nested,64 KiB single,65536,1,40281271,40127439,4194304,1.00383358628992,0.003826256824119807
1,ab,5,gpt-oss,0614fe83cadab421296e664e1f48f4261fa8fef6e03e63bb75c20f38e37d07d3,nested,64 KiB single,65536,1,38717568,39268673,4194304,0.9859657849910028,-0.014133625802072962
1,ab,0,llama-3,e134af98b985517b4f068e3755ae90d4e9cd2d45d328325dc503f1c6b2d06cc7,flat-ragged,140-byte batch 1,140,1,51296695,52934067,4194400,0.9690677083247732,-0.03142079510030478
1,ab,1,llama-3,e134af98b985517b4f068e3755ae90d4e9cd2d45d328325dc503f1c6b2d06cc7,flat-ragged,140-byte batch 1,140,1,50301476,50083386,4194400,1.0043545378501366,0.004345084284197208
1,ab,2,llama-3,e134af98b985517b4f068e3755ae90d4e9cd2d45d328325dc503f1c6b2d06cc7,flat-ragged,140-byte batch 1,140,1,44859136,46330235,4194400,0.9682475385674172,-0.032267502736215814
1,ab,3,llama-3,e134af98b985517b4f068e3755ae90d4e9cd2d45d328325dc503f1c6b2d06cc7,flat-ragged,140-byte batch 1,140,1,35994374,36995597,4194400,0.9729366983860268,-0.027436257097474805
1,ab,4,llama-3,e134af98b985517b4f068e3755ae90d4e9cd2d45d328325dc503f1c6b2d06cc7,flat-ragged,140-byte batch 1,140,1,50954681,51250305,4194400,0.9942317611573238,-0.005784939385126926
1,ab,5,llama-3,e134af98b985517b4f068e3755ae90d4e9cd2d45d328325dc503f1c6b2d06cc7,flat-ragged,140-byte batch 1,140,1,45667872,46282744,4194400,0.9867148758509219,-0.013374160866065719
1,ab,0,llama-3,e134af98b985517b4f068e3755ae90d4e9cd2d45d328325dc503f1c6b2d06cc7,flat-ragged,140-byte batch 32,140,32,49668623,46188967,4197760,1.0753352202052928,0.07263244571900915
1,ab,1,llama-3,e134af98b985517b4f068e3755ae90d4e9cd2d45d328325dc503f1c6b2d06cc7,flat-ragged,140-byte batch 32,140,32,46348655,45967805,4197760,1.0082851465280973,0.008251013105608915
1,ab,2,llama-3,e134af98b985517b4f068e3755ae90d4e9cd2d45d328325dc503f1c6b2d06cc7,flat-ragged,140-byte batch 32,140,32,43706759,42399643,4197760,1.0308284671170462,0.030362815942727973
1,ab,3,llama-3,e134af98b985517b4f068e3755ae90d4e9cd2d45d328325dc503f1c6b2d06cc7,flat-ragged,140-byte batch 32,140,32,33415115,33945085,4197760,0.9843874304630552,-0.01573572927587621
1,ab,4,llama-3,e134af98b985517b4f068e3755ae90d4e9cd2d45d328325dc503f1c6b2d06cc7,flat-ragged,140-byte batch 32,140,32,48588690,47209521,4197760,1.0292137893116942,0.02879519942323653
1,ab,5,llama-3,e134af98b985517b4f068e3755ae90d4e9cd2d45d328325dc503f1c6b2d06cc7,flat-ragged,140-byte batch 32,140,32,43535005,42520751,4197760,1.0238531534873407,0.023573111536346114
1,ab,0,llama-3,e134af98b985517b4f068e3755ae90d4e9cd2d45d328325dc503f1c6b2d06cc7,flat-ragged,140-byte batch 512,140,512,16719320,15876061,4229120,1.053115127234646,0.05175255978196601
1,ab,1,llama-3,e134af98b985517b4f068e3755ae90d4e9cd2d45d328325dc503f1c6b2d06cc7,flat-ragged,140-byte batch 512,140,512,15523192,15910932,4229120,0.9756305915957657,-0.02467125643275601
1,ab,2,llama-3,e134af98b985517b4f068e3755ae90d4e9cd2d45d328325dc503f1c6b2d06cc7,flat-ragged,140-byte batch 512,140,512,15084752,14770607,4229120,1.0212682525504877,0.021045239786815332
1,ab,3,llama-3,e134af98b985517b4f068e3755ae90d4e9cd2d45d328325dc503f1c6b2d06cc7,flat-ragged,140-byte batch 512,140,512,12537606,12614588,4229120,0.993897382934742,-0.006121314138978665
1,ab,4,llama-3,e134af98b985517b4f068e3755ae90d4e9cd2d45d328325dc503f1c6b2d06cc7,flat-ragged,140-byte batch 512,140,512,11807430,12271595,4229120,0.9621756585024196,-0.03855824778940707
1,ab,5,llama-3,e134af98b985517b4f068e3755ae90d4e9cd2d45d328325dc503f1c6b2d06cc7,flat-ragged,140-byte batch 512,140,512,12001691,12527380,4229120,0.9580367962016,-0.042869092352656325
1,ab,0,llama-3,e134af98b985517b4f068e3755ae90d4e9cd2d45d328325dc503f1c6b2d06cc7,flat-ragged,4 KiB single,4096,1,34673822,34690616,4194304,0.9995158921363634,-0.00048422508168074666
1,ab,1,llama-3,e134af98b985517b4f068e3755ae90d4e9cd2d45d328325dc503f1c6b2d06cc7,flat-ragged,4 KiB single,4096,1,39363924,38859024,4194304,1.0129931209800844,0.012909434503197368
1,ab,2,llama-3,e134af98b985517b4f068e3755ae90d4e9cd2d45d328325dc503f1c6b2d06cc7,flat-ragged,4 KiB single,4096,1,37453743,34564374,4194304,1.0835938472370423,0.08028315313686347
1,ab,3,llama-3,e134af98b985517b4f068e3755ae90d4e9cd2d45d328325dc503f1c6b2d06cc7,flat-ragged,4 KiB single,4096,1,33348082,33027146,4194304,1.0097173397907284,0.00967043009126615
1,ab,4,llama-3,e134af98b985517b4f068e3755ae90d4e9cd2d45d328325dc503f1c6b2d06cc7,flat-ragged,4 KiB single,4096,1,34565507,34257471,4194304,1.0089917904331,0.00895160499853034
1,ab,5,llama-3,e134af98b985517b4f068e3755ae90d4e9cd2d45d328325dc503f1c6b2d06cc7,flat-ragged,4 KiB single,4096,1,39961290,38844741,4194304,1.0287438909684068,0.02833853468619532
1,ab,0,llama-3,e134af98b985517b4f068e3755ae90d4e9cd2d45d328325dc503f1c6b2d06cc7,flat-ragged,64 KiB single,65536,1,18390051,18030866,4194304,1.0199205628836685,0.019724744737596788
1,ab,1,llama-3,e134af98b985517b4f068e3755ae90d4e9cd2d45d328325dc503f1c6b2d06cc7,flat-ragged,64 KiB single,65536,1,17881867,17941819,4194304,0.996658532783103,-0.0033470623860040985
1,ab,2,llama-3,e134af98b985517b4f068e3755ae90d4e9cd2d45d328325dc503f1c6b2d06cc7,flat-ragged,64 KiB single,65536,1,17066660,17177700,4194304,0.9935358051427141,-0.00648517824086269
1,ab,3,llama-3,e134af98b985517b4f068e3755ae90d4e9cd2d45d328325dc503f1c6b2d06cc7,flat-ragged,64 KiB single,65536,1,17328301,17552598,4194304,0.9872214358239162,-0.012860912306709193
1,ab,4,llama-3,e134af98b985517b4f068e3755ae90d4e9cd2d45d328325dc503f1c6b2d06cc7,flat-ragged,64 KiB single,65536,1,17110481,17139921,4194304,0.9982823724800132,-0.0017191043334547837
1,ab,5,llama-3,e134af98b985517b4f068e3755ae90d4e9cd2d45d328325dc503f1c6b2d06cc7,flat-ragged,64 KiB single,65536,1,17081932,16785444,4194304,1.0176633993119277,0.01750921444593072
1,ab,0,llama-3,e134af98b985517b4f068e3755ae90d4e9cd2d45d328325dc503f1c6b2d06cc7,nested,140-byte batch 1,140,1,56481151,57628216,4194400,0.9800954275593053,-0.020105336997647254
1,ab,1,llama-3,e134af98b985517b4f068e3755ae90d4e9cd2d45d328325dc503f1c6b2d06cc7,nested,140-byte batch 1,140,1,51097795,52938247,4194400,0.9652339829084253,-0.03538473769893376
1,ab,2,llama-3,e134af98b985517b4f068e3755ae90d4e9cd2d45d328325dc503f1c6b2d06cc7,nested,140-byte batch 1,140,1,47887459,48866575,4194400,0.9799634821961637,-0.020239971076943798
1,ab,3,llama-3,e134af98b985517b4f068e3755ae90d4e9cd2d45d328325dc503f1c6b2d06cc7,nested,140-byte batch 1,140,1,38229384,39951392,4194400,0.9568974217469068,-0.04405908058146012
1,ab,4,llama-3,e134af98b985517b4f068e3755ae90d4e9cd2d45d328325dc503f1c6b2d06cc7,nested,140-byte batch 1,140,1,52386436,53285537,4194400,0.9831267347460532,-0.017017240648783422
1,ab,5,llama-3,e134af98b985517b4f068e3755ae90d4e9cd2d45d328325dc503f1c6b2d06cc7,nested,140-byte batch 1,140,1,47948404,49001917,4194400,0.9785005758040037,-0.02173390369037576
1,ab,0,llama-3,e134af98b985517b4f068e3755ae90d4e9cd2d45d328325dc503f1c6b2d06cc7,nested,140-byte batch 32,140,32,60299104,59506636,4197760,1.013317304644813,0.013229408840194105
1,ab,1,llama-3,e134af98b985517b4f068e3755ae90d4e9cd2d45d328325dc503f1c6b2d06cc7,nested,140-byte batch 32,140,32,53555298,54434929,4197760,0.9838406880258813,-0.01629129745021628
1,ab,2,llama-3,e134af98b985517b4f068e3755ae90d4e9cd2d45d328325dc503f1c6b2d06cc7,nested,140-byte batch 32,140,32,49509312,50394769,4197760,0.9824295851023744,-0.017726606914071946
1,ab,3,llama-3,e134af98b985517b4f068e3755ae90d4e9cd2d45d328325dc503f1c6b2d06cc7,nested,140-byte batch 32,140,32,39531574,39827947,4197760,0.9925586674100977,-0.007469157427109983
1,ab,4,llama-3,e134af98b985517b4f068e3755ae90d4e9cd2d45d328325dc503f1c6b2d06cc7,nested,140-byte batch 32,140,32,52701260,54327766,4197760,0.970061239035671,-0.030396076451049255
1,ab,5,llama-3,e134af98b985517b4f068e3755ae90d4e9cd2d45d328325dc503f1c6b2d06cc7,nested,140-byte batch 32,140,32,49488901,49931343,4197760,0.9911389925962937,-0.00890049959664018
1,ab,0,llama-3,e134af98b985517b4f068e3755ae90d4e9cd2d45d328325dc503f1c6b2d06cc7,nested,140-byte batch 512,140,512,20220456,20516870,4229120,0.9855526695836159,-0.014552709288179547
1,ab,1,llama-3,e134af98b985517b4f068e3755ae90d4e9cd2d45d328325dc503f1c6b2d06cc7,nested,140-byte batch 512,140,512,18757667,18899443,4229120,0.992498403259821,-0.007529875228311425
1,ab,2,llama-3,e134af98b985517b4f068e3755ae90d4e9cd2d45d328325dc503f1c6b2d06cc7,nested,140-byte batch 512,140,512,18328443,18851222,4229120,0.972268163835745,-0.028123623852090336
1,ab,3,llama-3,e134af98b985517b4f068e3755ae90d4e9cd2d45d328325dc503f1c6b2d06cc7,nested,140-byte batch 512,140,512,16107378,16516081,4229120,0.9752542385811743,-0.025057084456469748
1,ab,4,llama-3,e134af98b985517b4f068e3755ae90d4e9cd2d45d328325dc503f1c6b2d06cc7,nested,140-byte batch 512,140,512,15093232,15641489,4229120,0.9649485416637764,-0.035680503765713356
1,ab,5,llama-3,e134af98b985517b4f068e3755ae90d4e9cd2d45d328325dc503f1c6b2d06cc7,nested,140-byte batch 512,140,512,15534945,15706630,4229120,0.9890692656540582,-0.010990913761219691
1,ab,0,llama-3,e134af98b985517b4f068e3755ae90d4e9cd2d45d328325dc503f1c6b2d06cc7,nested,4 KiB single,4096,1,39070740,39449081,4194304,0.9904093836812067,-0.009636902458960617
1,ab,1,llama-3,e134af98b985517b4f068e3755ae90d4e9cd2d45d328325dc503f1c6b2d06cc7,nested,4 KiB single,4096,1,40057903,41280453,4194304,0.970384288176295,-0.030063112563036686
1,ab,2,llama-3,e134af98b985517b4f068e3755ae90d4e9cd2d45d328325dc503f1c6b2d06cc7,nested,4 KiB single,4096,1,37060324,37880877,4194304,0.9783385954871108,-0.021899456710408622
1,ab,3,llama-3,e134af98b985517b4f068e3755ae90d4e9cd2d45d328325dc503f1c6b2d06cc7,nested,4 KiB single,4096,1,34927433,35643628,4194304,0.9799067872664365,-0.0202978268754896
1,ab,4,llama-3,e134af98b985517b4f068e3755ae90d4e9cd2d45d328325dc503f1c6b2d06cc7,nested,4 KiB single,4096,1,35775962,36767419,4194304,0.9730343595779731,-0.027335884389845237
1,ab,5,llama-3,e134af98b985517b4f068e3755ae90d4e9cd2d45d328325dc503f1c6b2d06cc7,nested,4 KiB single,4096,1,41677964,42265781,4194304,0.9860923663045527,-0.01400525097332819
1,ab,0,llama-3,e134af98b985517b4f068e3755ae90d4e9cd2d45d328325dc503f1c6b2d06cc7,nested,64 KiB single,65536,1,36080864,36535559,4194304,0.9875547271632001,-0.012523363830385301
1,ab,1,llama-3,e134af98b985517b4f068e3755ae90d4e9cd2d45d328325dc503f1c6b2d06cc7,nested,64 KiB single,65536,1,37428219,37204211,4194304,1.0060210388549833,0.006002984833600767
1,ab,2,llama-3,e134af98b985517b4f068e3755ae90d4e9cd2d45d328325dc503f1c6b2d06cc7,nested,64 KiB single,65536,1,36171430,35787249,4194304,1.0107351364168842,0.010677923931614729
1,ab,3,llama-3,e134af98b985517b4f068e3755ae90d4e9cd2d45d328325dc503f1c6b2d06cc7,nested,64 KiB single,65536,1,33256111,34006511,4194304,0.9779336374731298,-0.022313466594045827
1,ab,4,llama-3,e134af98b985517b4f068e3755ae90d4e9cd2d45d328325dc503f1c6b2d06cc7,nested,64 KiB single,65536,1,32147703,32989018,4194304,0.9744971190109387,-0.025833716415557914
1,ab,5,llama-3,e134af98b985517b4f068e3755ae90d4e9cd2d45d328325dc503f1c6b2d06cc7,nested,64 KiB single,65536,1,34265705,35109889,4194304,0.9759559479097185,-0.024337828926077765
1,ab,0,minimax-m2-1,757622126525aeeb131756849d93298070ff3f0319c455ec8c5bb0f6b1cebbe8,flat-ragged,140-byte batch 1,140,1,58223806,59273525,4194400,0.9822902552193412,-0.017868438721749903
1,ab,1,minimax-m2-1,757622126525aeeb131756849d93298070ff3f0319c455ec8c5bb0f6b1cebbe8,flat-ragged,140-byte batch 1,140,1,56294020,58200001,4194400,0.9672511861297047,-0.03329705911154059
1,ab,2,minimax-m2-1,757622126525aeeb131756849d93298070ff3f0319c455ec8c5bb0f6b1cebbe8,flat-ragged,140-byte batch 1,140,1,56324539,59142879,4194400,0.9523469258234791,-0.048825892693035014
1,ab,3,minimax-m2-1,757622126525aeeb131756849d93298070ff3f0319c455ec8c5bb0f6b1cebbe8,flat-ragged,140-byte batch 1,140,1,59068044,59196867,4194400,0.9978238206423998,-0.0021785506768002704
1,ab,4,minimax-m2-1,757622126525aeeb131756849d93298070ff3f0319c455ec8c5bb0f6b1cebbe8,flat-ragged,140-byte batch 1,140,1,56044391,55805582,4194400,1.0042793030991057,0.004270172919535033
1,ab,5,minimax-m2-1,757622126525aeeb131756849d93298070ff3f0319c455ec8c5bb0f6b1cebbe8,flat-ragged,140-byte batch 1,140,1,51897202,50339658,4194400,1.030940694908972,0.030471681468611032
1,ab,0,minimax-m2-1,757622126525aeeb131756849d93298070ff3f0319c455ec8c5bb0f6b1cebbe8,flat-ragged,140-byte batch 32,140,32,55372358,52890946,4197760,1.0469156290000938,0.045848345069348144
1,ab,1,minimax-m2-1,757622126525aeeb131756849d93298070ff3f0319c455ec8c5bb0f6b1cebbe8,flat-ragged,140-byte batch 32,140,32,54860016,55042805,4197760,0.9966791481647783,-0.0033263781016772843
1,ab,2,minimax-m2-1,757622126525aeeb131756849d93298070ff3f0319c455ec8c5bb0f6b1cebbe8,flat-ragged,140-byte batch 32,140,32,54281414,55221986,4197760,0.982967436194707,-0.017179286347356017
1,ab,3,minimax-m2-1,757622126525aeeb131756849d93298070ff3f0319c455ec8c5bb0f6b1cebbe8,flat-ragged,140-byte batch 32,140,32,57814451,56437251,4197760,1.0244023225014982,0.02410934252291435
1,ab,4,minimax-m2-1,757622126525aeeb131756849d93298070ff3f0319c455ec8c5bb0f6b1cebbe8,flat-ragged,140-byte batch 32,140,32,54848896,52303844,4197760,1.0486589857525577,0.04751219148396012
1,ab,5,minimax-m2-1,757622126525aeeb131756849d93298070ff3f0319c455ec8c5bb0f6b1cebbe8,flat-ragged,140-byte batch 32,140,32,50162691,49089197,4197760,1.0218682330452462,0.02163255298515984
1,ab,0,minimax-m2-1,757622126525aeeb131756849d93298070ff3f0319c455ec8c5bb0f6b1cebbe8,flat-ragged,140-byte batch 512,140,512,18546450,18013647,4229120,1.029577741808752,0.029148758776233297
1,ab,1,minimax-m2-1,757622126525aeeb131756849d93298070ff3f0319c455ec8c5bb0f6b1cebbe8,flat-ragged,140-byte batch 512,140,512,17868357,18365097,4229120,0.9729519533711147,-0.02742057790116061
1,ab,2,minimax-m2-1,757622126525aeeb131756849d93298070ff3f0319c455ec8c5bb0f6b1cebbe8,flat-ragged,140-byte batch 512,140,512,17463541,17262572,4229120,1.0116418920656782,0.011574646646306041
1,ab,3,minimax-m2-1,757622126525aeeb131756849d93298070ff3f0319c455ec8c5bb0f6b1cebbe8,flat-ragged,140-byte batch 512,140,512,15594445,15776067,4229120,0.9884874981831657,-0.01157928371177077
1,ab,4,minimax-m2-1,757622126525aeeb131756849d93298070ff3f0319c455ec8c5bb0f6b1cebbe8,flat-ragged,140-byte batch 512,140,512,14787332,15009050,4229120,0.9852277126133899,-0.014882484209937848
1,ab,5,minimax-m2-1,757622126525aeeb131756849d93298070ff3f0319c455ec8c5bb0f6b1cebbe8,flat-ragged,140-byte batch 512,140,512,14834864,15371136,4229120,0.9651117523129065,-0.03551137884248849
1,ab,0,minimax-m2-1,757622126525aeeb131756849d93298070ff3f0319c455ec8c5bb0f6b1cebbe8,flat-ragged,4 KiB single,4096,1,41877060,44245778,4194304,0.9464645417693864,-0.055021771507409965
1,ab,1,minimax-m2-1,757622126525aeeb131756849d93298070ff3f0319c455ec8c5bb0f6b1cebbe8,flat-ragged,4 KiB single,4096,1,43393670,43930862,4194304,0.9877718766365203,-0.012303501987004853
1,ab,2,minimax-m2-1,757622126525aeeb131756849d93298070ff3f0319c455ec8c5bb0f6b1cebbe8,flat-ragged,4 KiB single,4096,1,41758428,41830605,4194304,0.998274540853521,-0.0017269494656821133
1,ab,3,minimax-m2-1,757622126525aeeb131756849d93298070ff3f0319c455ec8c5bb0f6b1cebbe8,flat-ragged,4 KiB single,4096,1,40810641,42703014,4194304,0.9556852591248008,-0.04532664699469824
1,ab,4,minimax-m2-1,757622126525aeeb131756849d93298070ff3f0319c455ec8c5bb0f6b1cebbe8,flat-ragged,4 KiB single,4096,1,46628852,48293934,4194304,0.965521922484095,-0.03508647153592465
1,ab,5,minimax-m2-1,757622126525aeeb131756849d93298070ff3f0319c455ec8c5bb0f6b1cebbe8,flat-ragged,4 KiB single,4096,1,44661250,45759316,4194304,0.9760034437577695,-0.02428916413493191
1,ab,0,minimax-m2-1,757622126525aeeb131756849d93298070ff3f0319c455ec8c5bb0f6b1cebbe8,flat-ragged,64 KiB single,65536,1,39881901,40580044,4194304,0.9827959033262753,-0.01735380671348392
1,ab,1,minimax-m2-1,757622126525aeeb131756849d93298070ff3f0319c455ec8c5bb0f6b1cebbe8,flat-ragged,64 KiB single,65536,1,40797536,39656234,4194304,1.028779888680302,0.02837352598229099
1,ab,2,minimax-m2-1,757622126525aeeb131756849d93298070ff3f0319c455ec8c5bb0f6b1cebbe8,flat-ragged,64 KiB single,65536,1,37098203,36780484,4194304,1.008638249567352,0.00860115336730233
1,ab,3,minimax-m2-1,757622126525aeeb131756849d93298070ff3f0319c455ec8c5bb0f6b1cebbe8,flat-ragged,64 KiB single,65536,1,39780421,39247710,4194304,1.0135730466822142,0.013481758000168051
1,ab,4,minimax-m2-1,757622126525aeeb131756849d93298070ff3f0319c455ec8c5bb0f6b1cebbe8,flat-ragged,64 KiB single,65536,1,42390757,42764486,4194304,0.9912607624934391,-0.008777648595487745
1,ab,5,minimax-m2-1,757622126525aeeb131756849d93298070ff3f0319c455ec8c5bb0f6b1cebbe8,flat-ragged,64 KiB single,65536,1,42303147,41761135,4194304,1.0129788618053603,0.012895358124209425
1,ab,0,minimax-m2-1,757622126525aeeb131756849d93298070ff3f0319c455ec8c5bb0f6b1cebbe8,nested,140-byte batch 1,140,1,61401282,60327729,4194400,1.0177953491337293,0.01763886563349434
1,ab,1,minimax-m2-1,757622126525aeeb131756849d93298070ff3f0319c455ec8c5bb0f6b1cebbe8,nested,140-byte batch 1,140,1,57102833,57743056,4194400,0.9889125542645335,-0.011149369605731964
1,ab,2,minimax-m2-1,757622126525aeeb131756849d93298070ff3f0319c455ec8c5bb0f6b1cebbe8,nested,140-byte batch 1,140,1,59286923,57976441,4194400,1.0226036986299314,0.022352020545477677
1,ab,3,minimax-m2-1,757622126525aeeb131756849d93298070ff3f0319c455ec8c5bb0f6b1cebbe8,nested,140-byte batch 1,140,1,61484539,63208801,4194400,0.972721172167148,-0.027657802954043145
1,ab,4,minimax-m2-1,757622126525aeeb131756849d93298070ff3f0319c455ec8c5bb0f6b1cebbe8,nested,140-byte batch 1,140,1,55544281,56319161,4194400,0.9862412723087264,-0.013854256231321629
1,ab,5,minimax-m2-1,757622126525aeeb131756849d93298070ff3f0319c455ec8c5bb0f6b1cebbe8,nested,140-byte batch 1,140,1,52696784,50423490,4194400,1.0450840273055277,0.04409729108896286
1,ab,0,minimax-m2-1,757622126525aeeb131756849d93298070ff3f0319c455ec8c5bb0f6b1cebbe8,nested,140-byte batch 32,140,32,62294186,63489542,4197760,0.9811723952899204,-0.01900710061573711
1,ab,1,minimax-m2-1,757622126525aeeb131756849d93298070ff3f0319c455ec8c5bb0f6b1cebbe8,nested,140-byte batch 32,140,32,59381547,58617318,4197760,1.0130375975236534,0.012953339606086405
1,ab,2,minimax-m2-1,757622126525aeeb131756849d93298070ff3f0319c455ec8c5bb0f6b1cebbe8,nested,140-byte batch 32,140,32,60398284,60195970,4197760,1.0033609226664177,0.0033552873887910646
1,ab,3,minimax-m2-1,757622126525aeeb131756849d93298070ff3f0319c455ec8c5bb0f6b1cebbe8,nested,140-byte batch 32,140,32,62210817,63048427,4197760,0.9867148152641461,-0.013374222268583468
1,ab,4,minimax-m2-1,757622126525aeeb131756849d93298070ff3f0319c455ec8c5bb0f6b1cebbe8,nested,140-byte batch 32,140,32,55503003,58586703,4197760,0.9473651896745239,-0.05407063217520658
1,ab,5,minimax-m2-1,757622126525aeeb131756849d93298070ff3f0319c455ec8c5bb0f6b1cebbe8,nested,140-byte batch 32,140,32,53481499,51786287,4197760,1.032734766251923,0.032210396522108456
1,ab,0,minimax-m2-1,757622126525aeeb131756849d93298070ff3f0319c455ec8c5bb0f6b1cebbe8,nested,140-byte batch 512,140,512,20988322,21496432,4229120,0.9763630541105612,-0.02392078006641692
1,ab,1,minimax-m2-1,757622126525aeeb131756849d93298070ff3f0319c455ec8c5bb0f6b1cebbe8,nested,140-byte batch 512,140,512,20370314,20356849,4229120,1.0006614481445533,0.0006612294841456684
1,ab,2,minimax-m2-1,757622126525aeeb131756849d93298070ff3f0319c455ec8c5bb0f6b1cebbe8,nested,140-byte batch 512,140,512,19791268,20442346,4229120,0.9681505244065431,-0.03236770337451455
1,ab,3,minimax-m2-1,757622126525aeeb131756849d93298070ff3f0319c455ec8c5bb0f6b1cebbe8,nested,140-byte batch 512,140,512,18233518,18880705,4229120,0.9657223075091741,-0.03487895244260009
1,ab,4,minimax-m2-1,757622126525aeeb131756849d93298070ff3f0319c455ec8c5bb0f6b1cebbe8,nested,140-byte batch 512,140,512,18115514,18094745,4229120,1.0011477918036424,0.001147133594240278
1,ab,5,minimax-m2-1,757622126525aeeb131756849d93298070ff3f0319c455ec8c5bb0f6b1cebbe8,nested,140-byte batch 512,140,512,17974716,18037717,4229120,0.9965072630865647,-0.0034988507591963724
1,ab,0,minimax-m2-1,757622126525aeeb131756849d93298070ff3f0319c455ec8c5bb0f6b1cebbe8,nested,4 KiB single,4096,1,46417404,45239249,4194304,1.0260427621157018,0.025709424355397133
1,ab,1,minimax-m2-1,757622126525aeeb131756849d93298070ff3f0319c455ec8c5bb0f6b1cebbe8,nested,4 KiB single,4096,1,44586750,44158084,4194304,1.0097075316945363,0.009660716339266082
1,ab,2,minimax-m2-1,757622126525aeeb131756849d93298070ff3f0319c455ec8c5bb0f6b1cebbe8,nested,4 KiB single,4096,1,42897445,43364449,4194304,0.9892307175400753,-0.010827690905487877
1,ab,3,minimax-m2-1,757622126525aeeb131756849d93298070ff3f0319c455ec8c5bb0f6b1cebbe8,nested,4 KiB single,4096,1,45014118,43573382,4194304,1.0330645897534416,0.03252971456561762
1,ab,4,minimax-m2-1,757622126525aeeb131756849d93298070ff3f0319c455ec8c5bb0f6b1cebbe8,nested,4 KiB single,4096,1,47484573,46073101,4194304,1.0306354894583718,0.030175592044272125
1,ab,5,minimax-m2-1,757622126525aeeb131756849d93298070ff3f0319c455ec8c5bb0f6b1cebbe8,nested,4 KiB single,4096,1,46183555,45288019,4194304,1.0197742365370408,0.01958126606919965
1,ab,0,minimax-m2-1,757622126525aeeb131756849d93298070ff3f0319c455ec8c5bb0f6b1cebbe8,nested,64 KiB single,65536,1,44760237,45109504,4194304,0.9922573522422238,-0.007772777679269598
1,ab,1,minimax-m2-1,757622126525aeeb131756849d93298070ff3f0319c455ec8c5bb0f6b1cebbe8,nested,64 KiB single,65536,1,41495815,41569429,4194304,0.9982291313166702,-0.00177243852487247
1,ab,2,minimax-m2-1,757622126525aeeb131756849d93298070ff3f0319c455ec8c5bb0f6b1cebbe8,nested,64 KiB single,65536,1,44240737,45642383,4194304,0.9692906919430565,-0.03119072039457839
1,ab,3,minimax-m2-1,757622126525aeeb131756849d93298070ff3f0319c455ec8c5bb0f6b1cebbe8,nested,64 KiB single,65536,1,40391973,40410946,4194304,0.9995304984941457,-0.0004696117561961596
1,ab,4,minimax-m2-1,757622126525aeeb131756849d93298070ff3f0319c455ec8c5bb0f6b1cebbe8,nested,64 KiB single,65536,1,42063477,42869916,4194304,0.9811886965208889,-0.018990486720326195
1,ab,5,minimax-m2-1,757622126525aeeb131756849d93298070ff3f0319c455ec8c5bb0f6b1cebbe8,nested,64 KiB single,65536,1,40069799,42175712,4194304,0.9500681102905862,-0.05122160191479491
1,ab,0,mistral-nemo,e11c71726323d33da7b8d6f6f269f1988931c0a52b7122bcdd8c05042974e0db,flat-ragged,140-byte batch 1,140,1,67006419,72525124,4194400,0.9239063003877112,-0.07914461898924643
1,ab,1,mistral-nemo,e11c71726323d33da7b8d6f6f269f1988931c0a52b7122bcdd8c05042974e0db,flat-ragged,140-byte batch 1,140,1,62856078,64169142,4194400,0.9795374543109833,-0.020674804134643274
1,ab,2,mistral-nemo,e11c71726323d33da7b8d6f6f269f1988931c0a52b7122bcdd8c05042974e0db,flat-ragged,140-byte batch 1,140,1,57282759,58502845,4194400,0.9791448432977917,-0.02107569714207901
1,ab,3,mistral-nemo,e11c71726323d33da7b8d6f6f269f1988931c0a52b7122bcdd8c05042974e0db,flat-ragged,140-byte batch 1,140,1,44879427,44446225,4194400,1.0097466545246532,0.009699462283976031
1,ab,4,mistral-nemo,e11c71726323d33da7b8d6f6f269f1988931c0a52b7122bcdd8c05042974e0db,flat-ragged,140-byte batch 1,140,1,64065558,64155898,4194400,0.9985918675785662,-0.0014091247715749314
1,ab,5,mistral-nemo,e11c71726323d33da7b8d6f6f269f1988931c0a52b7122bcdd8c05042974e0db,flat-ragged,140-byte batch 1,140,1,58487476,59702042,4194400,0.9796562067341014,-0.020553578320549756
1,ab,0,mistral-nemo,e11c71726323d33da7b8d6f6f269f1988931c0a52b7122bcdd8c05042974e0db,flat-ragged,140-byte batch 32,140,32,61103332,64345895,4197760,0.9496073059516851,-0.05170674200135836
1,ab,1,mistral-nemo,e11c71726323d33da7b8d6f6f269f1988931c0a52b7122bcdd8c05042974e0db,flat-ragged,140-byte batch 32,140,32,58766881,59686899,4197760,0.9845859306579154,-0.015534101158957756
1,ab,2,mistral-nemo,e11c71726323d33da7b8d6f6f269f1988931c0a52b7122bcdd8c05042974e0db,flat-ragged,140-byte batch 32,140,32,54635858,54796550,4197760,0.9970674796132238,-0.0029368286494592293
1,ab,3,mistral-nemo,e11c71726323d33da7b8d6f6f269f1988931c0a52b7122bcdd8c05042974e0db,flat-ragged,140-byte batch 32,140,32,40391222,41143406,4197760,0.9817179938870398,-0.018451187138164692
1,ab,4,mistral-nemo,e11c71726323d33da7b8d6f6f269f1988931c0a52b7122bcdd8c05042974e0db,flat-ragged,140-byte batch 32,140,32,60251331,61313202,4197760,0.9826812013504042,-0.01747052338825815
1,ab,5,mistral-nemo,e11c71726323d33da7b8d6f6f269f1988931c0a52b7122bcdd8c05042974e0db,flat-ragged,140-byte batch 32,140,32,54857948,55907656,4197760,0.9812242530790416,-0.018954249130104604
1,ab,0,mistral-nemo,e11c71726323d33da7b8d6f6f269f1988931c0a52b7122bcdd8c05042974e0db,flat-ragged,140-byte batch 512,140,512,21131802,20879000,4229120,1.0121079553618468,0.012035240434614927
1,ab,1,mistral-nemo,e11c71726323d33da7b8d6f6f269f1988931c0a52b7122bcdd8c05042974e0db,flat-ragged,140-byte batch 512,140,512,20054321,20362771,4229120,0.9848522580743063,-0.015263640862678257
1,ab,2,mistral-nemo,e11c71726323d33da7b8d6f6f269f1988931c0a52b7122bcdd8c05042974e0db,flat-ragged,140-byte batch 512,140,512,18503353,18614995,4229120,0.9940025769547615,-0.006015479819103178
1,ab,3,mistral-nemo,e11c71726323d33da7b8d6f6f269f1988931c0a52b7122bcdd8c05042974e0db,flat-ragged,140-byte batch 512,140,512,15381701,16403254,4229120,0.937722539686333,-0.06430117364129487
1,ab,4,mistral-nemo,e11c71726323d33da7b8d6f6f269f1988931c0a52b7122bcdd8c05042974e0db,flat-ragged,140-byte batch 512,140,512,14844310,15758633,4229120,0.9419795486067859,-0.0597717152499602
1,ab,5,mistral-nemo,e11c71726323d33da7b8d6f6f269f1988931c0a52b7122bcdd8c05042974e0db,flat-ragged,140-byte batch 512,140,512,16291433,15179967,4229120,1.0732192632566329,0.07066278877148757
1,ab,0,mistral-nemo,e11c71726323d33da7b8d6f6f269f1988931c0a52b7122bcdd8c05042974e0db,flat-ragged,4 KiB single,4096,1,45241145,47143078,4194304,0.9596561556714647,-0.04118022985442856
1,ab,1,mistral-nemo,e11c71726323d33da7b8d6f6f269f1988931c0a52b7122bcdd8c05042974e0db,flat-ragged,4 KiB single,4096,1,47743753,48994572,4194304,0.974470253561966,-0.025861285321382044
1,ab,2,mistral-nemo,e11c71726323d33da7b8d6f6f269f1988931c0a52b7122bcdd8c05042974e0db,flat-ragged,4 KiB single,4096,1,43459209,44016777,4194304,0.987332829934368,-0.01274808267978861
1,ab,3,mistral-nemo,e11c71726323d33da7b8d6f6f269f1988931c0a52b7122bcdd8c05042974e0db,flat-ragged,4 KiB single,4096,1,41652516,42913957,4194304,0.9706053440842102,-0.029835336066761944
1,ab,4,mistral-nemo,e11c71726323d33da7b8d6f6f269f1988931c0a52b7122bcdd8c05042974e0db,flat-ragged,4 KiB single,4096,1,43676123,45119144,4194304,0.9680175448364002,-0.03250506703882082
1,ab,5,mistral-nemo,e11c71726323d33da7b8d6f6f269f1988931c0a52b7122bcdd8c05042974e0db,flat-ragged,4 KiB single,4096,1,49302435,49948543,4194304,0.9870645275879218,-0.01301986419030923
1,ab,0,mistral-nemo,e11c71726323d33da7b8d6f6f269f1988931c0a52b7122bcdd8c05042974e0db,flat-ragged,64 KiB single,65536,1,20894061,20971520,4194304,0.9963064670562745,-0.0037003708791479334
1,ab,1,mistral-nemo,e11c71726323d33da7b8d6f6f269f1988931c0a52b7122bcdd8c05042974e0db,flat-ragged,64 KiB single,65536,1,19994949,20182047,4194304,0.9907294834859913,-0.009313755189604516
1,ab,2,mistral-nemo,e11c71726323d33da7b8d6f6f269f1988931c0a52b7122bcdd8c05042974e0db,flat-ragged,64 KiB single,65536,1,19021596,18944533,4194304,1.0040678226272455,0.004059571405550818
1,ab,3,mistral-nemo,e11c71726323d33da7b8d6f6f269f1988931c0a52b7122bcdd8c05042974e0db,flat-ragged,64 KiB single,65536,1,19787951,19661252,4194304,1.0064440962355805,0.006423421818522822
1,ab,4,mistral-nemo,e11c71726323d33da7b8d6f6f269f1988931c0a52b7122bcdd8c05042974e0db,flat-ragged,64 KiB single,65536,1,18632118,18760793,4194304,0.9931412813946617,-0.00688234772141087
1,ab,5,mistral-nemo,e11c71726323d33da7b8d6f6f269f1988931c0a52b7122bcdd8c05042974e0db,flat-ragged,64 KiB single,65536,1,18900524,18365829,4194304,1.0291135782653753,0.02869782808379212
1,ab,0,mistral-nemo,e11c71726323d33da7b8d6f6f269f1988931c0a52b7122bcdd8c05042974e0db,nested,140-byte batch 1,140,1,77326842,75250514,4194400,1.0275922102007171,0.027218405649456958
1,ab,1,mistral-nemo,e11c71726323d33da7b8d6f6f269f1988931c0a52b7122bcdd8c05042974e0db,nested,140-byte batch 1,140,1,65161233,66287000,4194400,0.9830167755366814,-0.017129093327808428
1,ab,2,mistral-nemo,e11c71726323d33da7b8d6f6f269f1988931c0a52b7122bcdd8c05042974e0db,nested,140-byte batch 1,140,1,60847078,60320055,4194400,1.0087371107337353,0.008699163056929577
1,ab,3,mistral-nemo,e11c71726323d33da7b8d6f6f269f1988931c0a52b7122bcdd8c05042974e0db,nested,140-byte batch 1,140,1,49036082,47580653,4194400,1.0305886722487814,0.030130165437629104
1,ab,4,mistral-nemo,e11c71726323d33da7b8d6f6f269f1988931c0a52b7122bcdd8c05042974e0db,nested,140-byte batch 1,140,1,69266534,66486139,4194400,1.0418191677516422,0.04096838484624497
1,ab,5,mistral-nemo,e11c71726323d33da7b8d6f6f269f1988931c0a52b7122bcdd8c05042974e0db,nested,140-byte batch 1,140,1,62730194,62450205,4194400,1.00448339601127,0.004473375530731405
1,ab,0,mistral-nemo,e11c71726323d33da7b8d6f6f269f1988931c0a52b7122bcdd8c05042974e0db,nested,140-byte batch 32,140,32,75279743,76434384,4197760,0.9848936965332251,-0.01522156593537306
1,ab,1,mistral-nemo,e11c71726323d33da7b8d6f6f269f1988931c0a52b7122bcdd8c05042974e0db,nested,140-byte batch 32,140,32,66770383,67868814,4197760,0.983815379476058,-0.016317022016864583
1,ab,2,mistral-nemo,e11c71726323d33da7b8d6f6f269f1988931c0a52b7122bcdd8c05042974e0db,nested,140-byte batch 32,140,32,63045621,62185273,4197760,1.0138352371629855,0.013740403961440098
1,ab,3,mistral-nemo,e11c71726323d33da7b8d6f6f269f1988931c0a52b7122bcdd8c05042974e0db,nested,140-byte batch 32,140,32,48549924,48170973,4197760,1.0078667914804211,0.007836009607317233
1,ab,4,mistral-nemo,e11c71726323d33da7b8d6f6f269f1988931c0a52b7122bcdd8c05042974e0db,nested,140-byte batch 32,140,32,68449480,68750720,4197760,0.9956183731603102,-0.004391254299487735
1,ab,5,mistral-nemo,e11c71726323d33da7b8d6f6f269f1988931c0a52b7122bcdd8c05042974e0db,nested,140-byte batch 32,140,32,60874194,63107484,4197760,0.9646113288243278,-0.03603002683368259
1,ab,0,mistral-nemo,e11c71726323d33da7b8d6f6f269f1988931c0a52b7122bcdd8c05042974e0db,nested,140-byte batch 512,140,512,23949592,24676649,4229120,0.9705366397195989,-0.029906123639451828
1,ab,1,mistral-nemo,e11c71726323d33da7b8d6f6f269f1988931c0a52b7122bcdd8c05042974e0db,nested,140-byte batch 512,140,512,22436070,23049998,4229120,0.9733653772985142,-0.026995751047797393
1,ab,2,mistral-nemo,e11c71726323d33da7b8d6f6f269f1988931c0a52b7122bcdd8c05042974e0db,nested,140-byte batch 512,140,512,21490180,22361568,4229120,0.9610318918601772,-0.039747684443680764
1,ab,3,mistral-nemo,e11c71726323d33da7b8d6f6f269f1988931c0a52b7122bcdd8c05042974e0db,nested,140-byte batch 512,140,512,18894972,18985087,4229120,0.9952533796658398,-0.004757921311605967
1,ab,4,mistral-nemo,e11c71726323d33da7b8d6f6f269f1988931c0a52b7122bcdd8c05042974e0db,nested,140-byte batch 512,140,512,18053437,17782071,4229120,1.0152606521478853,0.015145379671936963
1,ab,5,mistral-nemo,e11c71726323d33da7b8d6f6f269f1988931c0a52b7122bcdd8c05042974e0db,nested,140-byte batch 512,140,512,17859539,17737188,4229120,1.00689799307534,0.006874310765670927
1,ab,0,mistral-nemo,e11c71726323d33da7b8d6f6f269f1988931c0a52b7122bcdd8c05042974e0db,nested,4 KiB single,4096,1,49675687,51273520,4194304,0.9688370722353371,-0.03165882133651473
1,ab,1,mistral-nemo,e11c71726323d33da7b8d6f6f269f1988931c0a52b7122bcdd8c05042974e0db,nested,4 KiB single,4096,1,49520757,51448348,4194304,0.9625334714343015,-0.03818643790869465
1,ab,2,mistral-nemo,e11c71726323d33da7b8d6f6f269f1988931c0a52b7122bcdd8c05042974e0db,nested,4 KiB single,4096,1,45893052,46494855,4194304,0.9870565678718646,-0.013027928250893578
1,ab,3,mistral-nemo,e11c71726323d33da7b8d6f6f269f1988931c0a52b7122bcdd8c05042974e0db,nested,4 KiB single,4096,1,43292196,44270475,4194304,0.9779022249027145,-0.022345588482208592
1,ab,4,mistral-nemo,e11c71726323d33da7b8d6f6f269f1988931c0a52b7122bcdd8c05042974e0db,nested,4 KiB single,4096,1,44187345,45387835,4194304,0.9735504017761587,-0.026805681728733762
1,ab,5,mistral-nemo,e11c71726323d33da7b8d6f6f269f1988931c0a52b7122bcdd8c05042974e0db,nested,4 KiB single,4096,1,51067404,51425484,4194304,0.9930369153161495,-0.006987440082993697
1,ab,0,mistral-nemo,e11c71726323d33da7b8d6f6f269f1988931c0a52b7122bcdd8c05042974e0db,nested,64 KiB single,65536,1,47184962,47729349,4194304,0.9885942923713458,-0.011471251571882453
1,ab,1,mistral-nemo,e11c71726323d33da7b8d6f6f269f1988931c0a52b7122bcdd8c05042974e0db,nested,64 KiB single,65536,1,45755910,46564295,4194304,0.982639380667097,-0.01751308202596451
1,ab,2,mistral-nemo,e11c71726323d33da7b8d6f6f269f1988931c0a52b7122bcdd8c05042974e0db,nested,64 KiB single,65536,1,46591781,45723094,4194304,1.018998867399481,0.018820642757615774
1,ab,3,mistral-nemo,e11c71726323d33da7b8d6f6f269f1988931c0a52b7122bcdd8c05042974e0db,nested,64 KiB single,65536,1,42473564,42076600,4194304,1.0094343174115779,0.009390092178069217
1,ab,4,mistral-nemo,e11c71726323d33da7b8d6f6f269f1988931c0a52b7122bcdd8c05042974e0db,nested,64 KiB single,65536,1,40592718,40588419,4194304,1.0001059169119153,0.00010591130311523091
1,ab,5,mistral-nemo,e11c71726323d33da7b8d6f6f269f1988931c0a52b7122bcdd8c05042974e0db,nested,64 KiB single,65536,1,42936781,43618975,4194304,0.9843601551847562,-0.015763437529082085
1,ab,0,nemotron-3,c6021eb6847e682f89aa52d5eb6e8c7d902a23acfc8137e25211cf84828f1592,flat-ragged,140-byte batch 1,140,1,70813685,71752410,4194400,0.9869171641760883,-0.01316916994397667
1,ab,1,nemotron-3,c6021eb6847e682f89aa52d5eb6e8c7d902a23acfc8137e25211cf84828f1592,flat-ragged,140-byte batch 1,140,1,64529567,64235631,4194400,1.0045759027415797,0.004565465127521797
1,ab,2,nemotron-3,c6021eb6847e682f89aa52d5eb6e8c7d902a23acfc8137e25211cf84828f1592,flat-ragged,140-byte batch 1,140,1,58624308,59051552,4194400,0.9927648980335013,-0.007261402250336733
1,ab,3,nemotron-3,c6021eb6847e682f89aa52d5eb6e8c7d902a23acfc8137e25211cf84828f1592,flat-ragged,140-byte batch 1,140,1,45581861,45117706,4194400,1.010287646273505,0.010235088596432377
1,ab,4,nemotron-3,c6021eb6847e682f89aa52d5eb6e8c7d902a23acfc8137e25211cf84828f1592,flat-ragged,140-byte batch 1,140,1,65574689,63083280,4194400,1.0394939673396817,0.03873402487406099
1,ab,5,nemotron-3,c6021eb6847e682f89aa52d5eb6e8c7d902a23acfc8137e25211cf84828f1592,flat-ragged,140-byte batch 1,140,1,60152707,57403281,4194400,1.047896669878504,0.04678498359362726
1,ab,0,nemotron-3,c6021eb6847e682f89aa52d5eb6e8c7d902a23acfc8137e25211cf84828f1592,flat-ragged,140-byte batch 32,140,32,61511093,64538374,4197760,0.9530933177833083,-0.04804246009732977
1,ab,1,nemotron-3,c6021eb6847e682f89aa52d5eb6e8c7d902a23acfc8137e25211cf84828f1592,flat-ragged,140-byte batch 32,140,32,59997029,59422586,4197760,1.0096670818062343,0.009620654541878947
1,ab,2,nemotron-3,c6021eb6847e682f89aa52d5eb6e8c7d902a23acfc8137e25211cf84828f1592,flat-ragged,140-byte batch 32,140,32,54467783,54070602,4197760,1.0073455997401324,0.007318752216304753
1,ab,3,nemotron-3,c6021eb6847e682f89aa52d5eb6e8c7d902a23acfc8137e25211cf84828f1592,flat-ragged,140-byte batch 32,140,32,41473725,41292916,4197760,1.0043786929457827,0.004369134362402686
1,ab,4,nemotron-3,c6021eb6847e682f89aa52d5eb6e8c7d902a23acfc8137e25211cf84828f1592,flat-ragged,140-byte batch 32,140,32,62622528,60437358,4197760,1.0361559484449998,0.03551766189594541
1,ab,5,nemotron-3,c6021eb6847e682f89aa52d5eb6e8c7d902a23acfc8137e25211cf84828f1592,flat-ragged,140-byte batch 32,140,32,54938208,53927462,4197760,1.0187426955119823,0.018569215497642524
1,ab,0,nemotron-3,c6021eb6847e682f89aa52d5eb6e8c7d902a23acfc8137e25211cf84828f1592,flat-ragged,140-byte batch 512,140,512,21253133,21298586,4229120,0.9978659146668234,-0.002136365738244892
1,ab,1,nemotron-3,c6021eb6847e682f89aa52d5eb6e8c7d902a23acfc8137e25211cf84828f1592,flat-ragged,140-byte batch 512,140,512,20093621,20273368,4229120,0.9911338362722958,-0.008905702032876814
1,ab,2,nemotron-3,c6021eb6847e682f89aa52d5eb6e8c7d902a23acfc8137e25211cf84828f1592,flat-ragged,140-byte batch 512,140,512,19098347,19220343,4229120,0.9936527667586369,-0.0063674625718902825
1,ab,3,nemotron-3,c6021eb6847e682f89aa52d5eb6e8c7d902a23acfc8137e25211cf84828f1592,flat-ragged,140-byte batch 512,140,512,16172248,16400220,4229120,0.9860994547634118,-0.013998062566213412
1,ab,4,nemotron-3,c6021eb6847e682f89aa52d5eb6e8c7d902a23acfc8137e25211cf84828f1592,flat-ragged,140-byte batch 512,140,512,15334749,15824377,4229120,0.9690586239192861,-0.0314301695206777
1,ab,5,nemotron-3,c6021eb6847e682f89aa52d5eb6e8c7d902a23acfc8137e25211cf84828f1592,flat-ragged,140-byte batch 512,140,512,15581831,16186505,4229120,0.9626433254121257,-0.03807231438702803
1,ab,0,nemotron-3,c6021eb6847e682f89aa52d5eb6e8c7d902a23acfc8137e25211cf84828f1592,flat-ragged,4 KiB single,4096,1,46032259,48810792,4194304,0.9430754370877653,-0.058609002636527706
1,ab,1,nemotron-3,c6021eb6847e682f89aa52d5eb6e8c7d902a23acfc8137e25211cf84828f1592,flat-ragged,4 KiB single,4096,1,46920800,51386518,4194304,0.9130955321783041,-0.09091476839743604
1,ab,2,nemotron-3,c6021eb6847e682f89aa52d5eb6e8c7d902a23acfc8137e25211cf84828f1592,flat-ragged,4 KiB single,4096,1,43877391,45766540,4194304,0.9587220489029759,-0.04215408041224433
1,ab,3,nemotron-3,c6021eb6847e682f89aa52d5eb6e8c7d902a23acfc8137e25211cf84828f1592,flat-ragged,4 KiB single,4096,1,42237640,42338339,4194304,0.9976215647004952,-0.0023812682696573374
1,ab,4,nemotron-3,c6021eb6847e682f89aa52d5eb6e8c7d902a23acfc8137e25211cf84828f1592,flat-ragged,4 KiB single,4096,1,43722864,43837493,4194304,0.997385137877296,-0.002618286846086759
1,ab,5,nemotron-3,c6021eb6847e682f89aa52d5eb6e8c7d902a23acfc8137e25211cf84828f1592,flat-ragged,4 KiB single,4096,1,49000798,49717654,4194304,0.9855814596561616,-0.014523497605300414
1,ab,0,nemotron-3,c6021eb6847e682f89aa52d5eb6e8c7d902a23acfc8137e25211cf84828f1592,flat-ragged,64 KiB single,65536,1,20974180,20709085,4194304,1.012800903564788,0.012719664552704556
1,ab,1,nemotron-3,c6021eb6847e682f89aa52d5eb6e8c7d902a23acfc8137e25211cf84828f1592,flat-ragged,64 KiB single,65536,1,19933521,20276955,4194304,0.9830628415361182,-0.01708223256078231
1,ab,2,nemotron-3,c6021eb6847e682f89aa52d5eb6e8c7d902a23acfc8137e25211cf84828f1592,flat-ragged,64 KiB single,65536,1,18865763,19248754,4194304,0.980103075762722,-0.020097533498763056
1,ab,3,nemotron-3,c6021eb6847e682f89aa52d5eb6e8c7d902a23acfc8137e25211cf84828f1592,flat-ragged,64 KiB single,65536,1,19843277,20112387,4194304,0.9866196886525702,-0.013470634317793294
1,ab,4,nemotron-3,c6021eb6847e682f89aa52d5eb6e8c7d902a23acfc8137e25211cf84828f1592,flat-ragged,64 KiB single,65536,1,18682814,19052127,4194304,0.980615655144436,-0.019574685029667378
1,ab,5,nemotron-3,c6021eb6847e682f89aa52d5eb6e8c7d902a23acfc8137e25211cf84828f1592,flat-ragged,64 KiB single,65536,1,18987874,18981953,4194304,1.0003119278611636,0.00031187922178273415
1,ab,0,nemotron-3,c6021eb6847e682f89aa52d5eb6e8c7d902a23acfc8137e25211cf84828f1592,nested,140-byte batch 1,140,1,78234832,76467538,4194400,1.0231116895642698,0.022848659469651925
1,ab,1,nemotron-3,c6021eb6847e682f89aa52d5eb6e8c7d902a23acfc8137e25211cf84828f1592,nested,140-byte batch 1,140,1,65844252,65744613,4194400,1.0015155462242968,0.0015143989431433144
1,ab,2,nemotron-3,c6021eb6847e682f89aa52d5eb6e8c7d902a23acfc8137e25211cf84828f1592,nested,140-byte batch 1,140,1,61226427,60641259,4194400,1.0096496677286995,0.009603407047111916
1,ab,3,nemotron-3,c6021eb6847e682f89aa52d5eb6e8c7d902a23acfc8137e25211cf84828f1592,nested,140-byte batch 1,140,1,46814067,47498951,4194400,0.9855810710430215,-0.01452389190372488
1,ab,4,nemotron-3,c6021eb6847e682f89aa52d5eb6e8c7d902a23acfc8137e25211cf84828f1592,nested,140-byte batch 1,140,1,65268524,66697369,4194400,0.9785771909533643,-0.021655608233035188
1,ab,5,nemotron-3,c6021eb6847e682f89aa52d5eb6e8c7d902a23acfc8137e25211cf84828f1592,nested,140-byte batch 1,140,1,62813513,62658668,4194400,1.0024712462767322,0.0024681977690280354
1,ab,0,nemotron-3,c6021eb6847e682f89aa52d5eb6e8c7d902a23acfc8137e25211cf84828f1592,nested,140-byte batch 32,140,32,76061757,73070027,4197760,1.040943326871906,0.04012734710562509
1,ab,1,nemotron-3,c6021eb6847e682f89aa52d5eb6e8c7d902a23acfc8137e25211cf84828f1592,nested,140-byte batch 32,140,32,66920776,77814861,4197760,0.85999994268447,-0.150822956380551
1,ab,2,nemotron-3,c6021eb6847e682f89aa52d5eb6e8c7d902a23acfc8137e25211cf84828f1592,nested,140-byte batch 32,140,32,61563782,60433457,4197760,1.018703629679831,0.018530867658317435
1,ab,3,nemotron-3,c6021eb6847e682f89aa52d5eb6e8c7d902a23acfc8137e25211cf84828f1592,nested,140-byte batch 32,140,32,48369994,46440044,4197760,1.0415578848288773,0.04071755850272634
1,ab,4,nemotron-3,c6021eb6847e682f89aa52d5eb6e8c7d902a23acfc8137e25211cf84828f1592,nested,140-byte batch 32,140,32,65860496,65818290,4197760,1.0006412503272266,0.0006410448140877511
1,ab,5,nemotron-3,c6021eb6847e682f89aa52d5eb6e8c7d902a23acfc8137e25211cf84828f1592,nested,140-byte batch 32,140,32,61782693,61078078,4197760,1.0115362994886643,0.011470263772320358
1,ab,0,nemotron-3,c6021eb6847e682f89aa52d5eb6e8c7d902a23acfc8137e25211cf84828f1592,nested,140-byte batch 512,140,512,24068371,24052677,4229120,1.0006524845446518,0.0006522717691614428
1,ab,1,nemotron-3,c6021eb6847e682f89aa52d5eb6e8c7d902a23acfc8137e25211cf84828f1592,nested,140-byte batch 512,140,512,22548773,22645871,4229120,0.9957123309586988,-0.0042968874539768545
1,ab,2,nemotron-3,c6021eb6847e682f89aa52d5eb6e8c7d902a23acfc8137e25211cf84828f1592,nested,140-byte batch 512,140,512,21682124,21872575,4229120,0.991292703305395,-0.008745426703357545
1,ab,3,nemotron-3,c6021eb6847e682f89aa52d5eb6e8c7d902a23acfc8137e25211cf84828f1592,nested,140-byte batch 512,140,512,18924594,18696158,4229120,1.0122183391903299,0.012144297782622033
1,ab,4,nemotron-3,c6021eb6847e682f89aa52d5eb6e8c7d902a23acfc8137e25211cf84828f1592,nested,140-byte batch 512,140,512,17525326,18211016,4229120,0.9623475153720144,-0.03837965095837429
1,ab,5,nemotron-3,c6021eb6847e682f89aa52d5eb6e8c7d902a23acfc8137e25211cf84828f1592,nested,140-byte batch 512,140,512,18379289,18325449,4229120,1.002937990769012,0.002933683308922114
1,ab,0,nemotron-3,c6021eb6847e682f89aa52d5eb6e8c7d902a23acfc8137e25211cf84828f1592,nested,4 KiB single,4096,1,49648191,50382909,4194304,0.985417316812731,-0.014690055642544976
1,ab,1,nemotron-3,c6021eb6847e682f89aa52d5eb6e8c7d902a23acfc8137e25211cf84828f1592,nested,4 KiB single,4096,1,50563064,49291205,4194304,1.025802960183262,0.025475681700259288
1,ab,2,nemotron-3,c6021eb6847e682f89aa52d5eb6e8c7d902a23acfc8137e25211cf84828f1592,nested,4 KiB single,4096,1,45577831,46288409,4194304,0.9846488999006209,-0.015470148153709482
1,ab,3,nemotron-3,c6021eb6847e682f89aa52d5eb6e8c7d902a23acfc8137e25211cf84828f1592,nested,4 KiB single,4096,1,43203277,43869532,4194304,0.9848128081238706,-0.015303698384251833
1,ab,4,nemotron-3,c6021eb6847e682f89aa52d5eb6e8c7d902a23acfc8137e25211cf84828f1592,nested,4 KiB single,4096,1,44435570,44031685,4194304,1.009172599231667,0.009130786436847803
1,ab,5,nemotron-3,c6021eb6847e682f89aa52d5eb6e8c7d902a23acfc8137e25211cf84828f1592,nested,4 KiB single,4096,1,49899451,52895792,4194304,0.943353887205243,-0.05831378869353584
1,ab,0,nemotron-3,c6021eb6847e682f89aa52d5eb6e8c7d902a23acfc8137e25211cf84828f1592,nested,64 KiB single,65536,1,46799968,45584726,4194304,1.0266589734465006,0.026309814893032114
1,ab,1,nemotron-3,c6021eb6847e682f89aa52d5eb6e8c7d902a23acfc8137e25211cf84828f1592,nested,64 KiB single,65536,1,45947680,45890802,4194304,1.0012394204834336,0.0012386530359275603
1,ab,2,nemotron-3,c6021eb6847e682f89aa52d5eb6e8c7d902a23acfc8137e25211cf84828f1592,nested,64 KiB single,65536,1,45459073,44129897,4194304,1.0301196261572965,0.029674937397883894
1,ab,3,nemotron-3,c6021eb6847e682f89aa52d5eb6e8c7d902a23acfc8137e25211cf84828f1592,nested,64 KiB single,65536,1,42073655,41025411,4194304,1.025551090761772,0.02523011763233102
1,ab,4,nemotron-3,c6021eb6847e682f89aa52d5eb6e8c7d902a23acfc8137e25211cf84828f1592,nested,64 KiB single,65536,1,40719352,39939559,4194304,1.0195243267458212,0.019336172195286102
1,ab,5,nemotron-3,c6021eb6847e682f89aa52d5eb6e8c7d902a23acfc8137e25211cf84828f1592,nested,64 KiB single,65536,1,42781128,42283430,4194304,1.0117705209818597,0.01170178722874521
1,ab,0,phi-4-mini,382cc235b56c725945e149cc25f191da667c836655efd0857b004320e90e91ea,flat-ragged,140-byte batch 1,140,1,43907283,49805638,4194400,0.8815725440561568,-0.12604798438043185
1,ab,1,phi-4-mini,382cc235b56c725945e149cc25f191da667c836655efd0857b004320e90e91ea,flat-ragged,140-byte batch 1,140,1,44162458,45752777,4194400,0.9652410388116988,-0.03537742768124994
1,ab,2,phi-4-mini,382cc235b56c725945e149cc25f191da667c836655efd0857b004320e90e91ea,flat-ragged,140-byte batch 1,140,1,43969529,44783801,4194400,0.9818177112746638,-0.018349617925598277
1,ab,3,phi-4-mini,382cc235b56c725945e149cc25f191da667c836655efd0857b004320e90e91ea,flat-ragged,140-byte batch 1,140,1,45787470,47506267,4194400,0.9638195735312143,-0.036851166275738236
1,ab,4,phi-4-mini,382cc235b56c725945e149cc25f191da667c836655efd0857b004320e90e91ea,flat-ragged,140-byte batch 1,140,1,42129266,42987435,4194400,0.9800367479473944,-0.020165210115043873
1,ab,5,phi-4-mini,382cc235b56c725945e149cc25f191da667c836655efd0857b004320e90e91ea,flat-ragged,140-byte batch 1,140,1,37560407,39792764,4194400,0.9439004287312135,-0.05773459643880467
1,ab,0,phi-4-mini,382cc235b56c725945e149cc25f191da667c836655efd0857b004320e90e91ea,flat-ragged,140-byte batch 32,140,32,38472340,39886009,4197760,0.9645572711975269,-0.0360860692416032
1,ab,1,phi-4-mini,382cc235b56c725945e149cc25f191da667c836655efd0857b004320e90e91ea,flat-ragged,140-byte batch 32,140,32,38901436,40317177,4197760,0.9648849174137366,-0.035746441320856866
1,ab,2,phi-4-mini,382cc235b56c725945e149cc25f191da667c836655efd0857b004320e90e91ea,flat-ragged,140-byte batch 32,140,32,40749591,41195609,4197760,0.9891731664896616,-0.010885870179087691
1,ab,3,phi-4-mini,382cc235b56c725945e149cc25f191da667c836655efd0857b004320e90e91ea,flat-ragged,140-byte batch 32,140,32,40829170,42676584,4197760,0.9567112962930678,-0.04425360880728946
1,ab,4,phi-4-mini,382cc235b56c725945e149cc25f191da667c836655efd0857b004320e90e91ea,flat-ragged,140-byte batch 32,140,32,38558228,38981854,4197760,0.9891327385300863,-0.01092674147151856
1,ab,5,phi-4-mini,382cc235b56c725945e149cc25f191da667c836655efd0857b004320e90e91ea,flat-ragged,140-byte batch 32,140,32,34662508,34064274,4197760,1.0175619183899236,0.017409489937587026
1,ab,0,phi-4-mini,382cc235b56c725945e149cc25f191da667c836655efd0857b004320e90e91ea,flat-ragged,140-byte batch 512,140,512,14025869,14454654,4229120,0.9703358516917804,-0.030113028554043953
1,ab,1,phi-4-mini,382cc235b56c725945e149cc25f191da667c836655efd0857b004320e90e91ea,flat-ragged,140-byte batch 512,140,512,14178756,14290395,4229120,0.9921878296576127,-0.007842845207739204
1,ab,2,phi-4-mini,382cc235b56c725945e149cc25f191da667c836655efd0857b004320e90e91ea,flat-ragged,140-byte batch 512,140,512,13681603,14760796,4229120,0.9268878859920563,-0.07592266356534702
1,ab,3,phi-4-mini,382cc235b56c725945e149cc25f191da667c836655efd0857b004320e90e91ea,flat-ragged,140-byte batch 512,140,512,11754707,12471121,4229120,0.9425541617309302,-0.059161895283567974
1,ab,4,phi-4-mini,382cc235b56c725945e149cc25f191da667c836655efd0857b004320e90e91ea,flat-ragged,140-byte batch 512,140,512,11279737,11782376,4229120,0.957339758975609,-0.043596925482781795
1,ab,5,phi-4-mini,382cc235b56c725945e149cc25f191da667c836655efd0857b004320e90e91ea,flat-ragged,140-byte batch 512,140,512,11152892,12102118,4229120,0.9215652995616139,-0.08168164213478067
1,ab,0,phi-4-mini,382cc235b56c725945e149cc25f191da667c836655efd0857b004320e90e91ea,flat-ragged,4 KiB single,4096,1,29467781,32756736,4194304,0.8995945444625496,-0.10581112331893369
1,ab,1,phi-4-mini,382cc235b56c725945e149cc25f191da667c836655efd0857b004320e90e91ea,flat-ragged,4 KiB single,4096,1,30383922,33641773,4194304,0.903160543886911,-0.10185495190280781
1,ab,2,phi-4-mini,382cc235b56c725945e149cc25f191da667c836655efd0857b004320e90e91ea,flat-ragged,4 KiB single,4096,1,29295823,30344055,4194304,0.9654551113883757,-0.03515567080093294
1,ab,3,phi-4-mini,382cc235b56c725945e149cc25f191da667c836655efd0857b004320e90e91ea,flat-ragged,4 KiB single,4096,1,29505770,31895223,4194304,0.925084298673817,-0.07787041192071154
1,ab,4,phi-4-mini,382cc235b56c725945e149cc25f191da667c836655efd0857b004320e90e91ea,flat-ragged,4 KiB single,4096,1,34056426,36375811,4194304,0.9362382600899263,-0.06588528351912373
1,ab,5,phi-4-mini,382cc235b56c725945e149cc25f191da667c836655efd0857b004320e90e91ea,flat-ragged,4 KiB single,4096,1,31873340,34750227,4194304,0.9172124256914926,-0.08641618067247687
1,ab,0,phi-4-mini,382cc235b56c725945e149cc25f191da667c836655efd0857b004320e90e91ea,flat-ragged,64 KiB single,65536,1,16436744,17768631,4194304,0.9250427902971253,-0.07791528275898649
1,ab,1,phi-4-mini,382cc235b56c725945e149cc25f191da667c836655efd0857b004320e90e91ea,flat-ragged,64 KiB single,65536,1,16716573,17888186,4194304,0.9345035321077274,-0.06773987241712165
1,ab,2,phi-4-mini,382cc235b56c725945e149cc25f191da667c836655efd0857b004320e90e91ea,flat-ragged,64 KiB single,65536,1,15860370,16705698,4194304,0.9493988218869993,-0.05192631376836541
1,ab,3,phi-4-mini,382cc235b56c725945e149cc25f191da667c836655efd0857b004320e90e91ea,flat-ragged,64 KiB single,65536,1,17048150,18091578,4194304,0.9423252078950769,-0.05940483267326924
1,ab,4,phi-4-mini,382cc235b56c725945e149cc25f191da667c836655efd0857b004320e90e91ea,flat-ragged,64 KiB single,65536,1,16423788,16934417,4194304,0.9698466737886519,-0.030617288237934245
1,ab,5,phi-4-mini,382cc235b56c725945e149cc25f191da667c836655efd0857b004320e90e91ea,flat-ragged,64 KiB single,65536,1,16133324,17047589,4194304,0.946369835640688,-0.055121839563979244
1,ab,0,phi-4-mini,382cc235b56c725945e149cc25f191da667c836655efd0857b004320e90e91ea,nested,140-byte batch 1,140,1,49651099,48036496,4194400,1.0336120061713077,0.03305946985654971
1,ab,1,phi-4-mini,382cc235b56c725945e149cc25f191da667c836655efd0857b004320e90e91ea,nested,140-byte batch 1,140,1,43920619,43950779,4194400,0.9993137778058496,-0.0006864577523699324
1,ab,2,phi-4-mini,382cc235b56c725945e149cc25f191da667c836655efd0857b004320e90e91ea,nested,140-byte batch 1,140,1,44449733,43960795,4194400,1.0111221373498818,0.011060741198436754
1,ab,3,phi-4-mini,382cc235b56c725945e149cc25f191da667c836655efd0857b004320e90e91ea,nested,140-byte batch 1,140,1,46032586,45791073,4194400,1.0052742376226913,0.00526037754431261
1,ab,4,phi-4-mini,382cc235b56c725945e149cc25f191da667c836655efd0857b004320e90e91ea,nested,140-byte batch 1,140,1,40741434,41490189,4194400,0.981953444463702,-0.018211380647942192
1,ab,5,phi-4-mini,382cc235b56c725945e149cc25f191da667c836655efd0857b004320e90e91ea,nested,140-byte batch 1,140,1,37644019,38038787,4194400,0.9896219613943,-0.010432265956993625
1,ab,0,phi-4-mini,382cc235b56c725945e149cc25f191da667c836655efd0857b004320e90e91ea,nested,140-byte batch 32,140,32,51217611,49825931,4197760,1.02793083786031,0.027547886423682017
1,ab,1,phi-4-mini,382cc235b56c725945e149cc25f191da667c836655efd0857b004320e90e91ea,nested,140-byte batch 32,140,32,46462603,45286603,4197760,1.025967944648001,0.025636503227366644
1,ab,2,phi-4-mini,382cc235b56c725945e149cc25f191da667c836655efd0857b004320e90e91ea,nested,140-byte batch 32,140,32,45992911,45376023,4197760,1.0135950213177563,0.013503438132062236
1,ab,3,phi-4-mini,382cc235b56c725945e149cc25f191da667c836655efd0857b004320e90e91ea,nested,140-byte batch 32,140,32,48170919,47775756,4197760,1.0082712034949275,0.00823718454766172
1,ab,4,phi-4-mini,382cc235b56c725945e149cc25f191da667c836655efd0857b004320e90e91ea,nested,140-byte batch 32,140,32,42709752,43329460,4197760,0.9856977677543177,-0.014405494943197743
1,ab,5,phi-4-mini,382cc235b56c725945e149cc25f191da667c836655efd0857b004320e90e91ea,nested,140-byte batch 32,140,32,40691292,39766800,4197760,1.0232478348773348,0.022981720460782576
1,ab,0,phi-4-mini,382cc235b56c725945e149cc25f191da667c836655efd0857b004320e90e91ea,nested,140-byte batch 512,140,512,17604847,17633239,4229120,0.9983898590610608,-0.001611438609002338
1,ab,1,phi-4-mini,382cc235b56c725945e149cc25f191da667c836655efd0857b004320e90e91ea,nested,140-byte batch 512,140,512,17460828,17116291,4229120,1.0201291856979997,0.019929271921508354
1,ab,2,phi-4-mini,382cc235b56c725945e149cc25f191da667c836655efd0857b004320e90e91ea,nested,140-byte batch 512,140,512,16086676,16175186,4229120,0.9945280381938112,-0.005486987828809385
1,ab,3,phi-4-mini,382cc235b56c725945e149cc25f191da667c836655efd0857b004320e90e91ea,nested,140-byte batch 512,140,512,15281379,14979830,4229120,1.0201303352574762,0.019930398797246163
1,ab,4,phi-4-mini,382cc235b56c725945e149cc25f191da667c836655efd0857b004320e90e91ea,nested,140-byte batch 512,140,512,14275609,14037529,4229120,1.0169602499129298,0.016818030671222214
1,ab,5,phi-4-mini,382cc235b56c725945e149cc25f191da667c836655efd0857b004320e90e91ea,nested,140-byte batch 512,140,512,14730426,14572409,4229120,1.0108435743191122,0.010785204347416647
1,ab,0,phi-4-mini,382cc235b56c725945e149cc25f191da667c836655efd0857b004320e90e91ea,nested,4 KiB single,4096,1,35074787,34981037,4194304,1.0026800234652848,0.0026764386059738962
1,ab,1,phi-4-mini,382cc235b56c725945e149cc25f191da667c836655efd0857b004320e90e91ea,nested,4 KiB single,4096,1,33017717,33836170,4194304,0.9758112989738496,-0.024486052477184855
1,ab,2,phi-4-mini,382cc235b56c725945e149cc25f191da667c836655efd0857b004320e90e91ea,nested,4 KiB single,4096,1,32298053,31423898,4194304,1.0278181592875588,0.027438263533902784
1,ab,3,phi-4-mini,382cc235b56c725945e149cc25f191da667c836655efd0857b004320e90e91ea,nested,4 KiB single,4096,1,31479211,31900202,4194304,0.9868028735366629,-0.013284982356445933
1,ab,4,phi-4-mini,382cc235b56c725945e149cc25f191da667c836655efd0857b004320e90e91ea,nested,4 KiB single,4096,1,35715124,35736699,4194304,0.9993962788784717,-0.0006039034345057349
1,ab,5,phi-4-mini,382cc235b56c725945e149cc25f191da667c836655efd0857b004320e90e91ea,nested,4 KiB single,4096,1,33836539,34070847,4194304,0.9931229182532504,-0.006900837851188295
1,ab,0,phi-4-mini,382cc235b56c725945e149cc25f191da667c836655efd0857b004320e90e91ea,nested,64 KiB single,65536,1,33609855,33924210,4194304,0.9907336088298003,-0.009309591252536997
1,ab,1,phi-4-mini,382cc235b56c725945e149cc25f191da667c836655efd0857b004320e90e91ea,nested,64 KiB single,65536,1,31525438,31950544,4194304,0.9866948744284292,-0.013394431793064586
1,ab,2,phi-4-mini,382cc235b56c725945e149cc25f191da667c836655efd0857b004320e90e91ea,nested,64 KiB single,65536,1,30395462,31072279,4194304,0.9782179800844347,-0.022022750260244875
1,ab,3,phi-4-mini,382cc235b56c725945e149cc25f191da667c836655efd0857b004320e90e91ea,nested,64 KiB single,65536,1,29256391,28972597,4194304,1.009795255841235,0.009747593314425887
1,ab,4,phi-4-mini,382cc235b56c725945e149cc25f191da667c836655efd0857b004320e90e91ea,nested,64 KiB single,65536,1,31908166,32451511,4194304,0.9832567118369311,-0.016885041518147858
1,ab,5,phi-4-mini,382cc235b56c725945e149cc25f191da667c836655efd0857b004320e90e91ea,nested,64 KiB single,65536,1,31446158,31581858,4194304,0.9957032293666827,-0.004306028280429718
1,ab,0,qwen-2-5,c0382117ea329cdf097041132f6d735924b697924d6f6fc3945713e96ce87539,flat-ragged,140-byte batch 1,140,1,41085808,41929156,4194400,0.9798863587905275,-0.02031867445927755
1,ab,1,qwen-2-5,c0382117ea329cdf097041132f6d735924b697924d6f6fc3945713e96ce87539,flat-ragged,140-byte batch 1,140,1,41778198,42293142,4194400,0.9878244089786472,-0.012250320734821135
1,ab,2,qwen-2-5,c0382117ea329cdf097041132f6d735924b697924d6f6fc3945713e96ce87539,flat-ragged,140-byte batch 1,140,1,39622938,40749300,4194400,0.9723587399047345,-0.0280304686366803
1,ab,3,qwen-2-5,c0382117ea329cdf097041132f6d735924b697924d6f6fc3945713e96ce87539,flat-ragged,140-byte batch 1,140,1,45623610,44625478,4194400,1.0223668640591368,0.022120394158110974
1,ab,4,qwen-2-5,c0382117ea329cdf097041132f6d735924b697924d6f6fc3945713e96ce87539,flat-ragged,140-byte batch 1,140,1,40302186,40378509,4194400,0.99810981133553,-0.0018919773253567168
1,ab,5,qwen-2-5,c0382117ea329cdf097041132f6d735924b697924d6f6fc3945713e96ce87539,flat-ragged,140-byte batch 1,140,1,37539023,37838362,4194400,0.9920890074469926,-0.007942450473349193
1,ab,0,qwen-2-5,c0382117ea329cdf097041132f6d735924b697924d6f6fc3945713e96ce87539,flat-ragged,140-byte batch 32,140,32,37784445,41431971,4197760,0.9119634931198422,-0.09215531918286372
1,ab,1,qwen-2-5,c0382117ea329cdf097041132f6d735924b697924d6f6fc3945713e96ce87539,flat-ragged,140-byte batch 32,140,32,38169234,40297798,4197760,0.947179148597648,-0.05426702882184678
1,ab,2,qwen-2-5,c0382117ea329cdf097041132f6d735924b697924d6f6fc3945713e96ce87539,flat-ragged,140-byte batch 32,140,32,37477530,39096000,4197760,0.9586026703499079,-0.042278606583553244
1,ab,3,qwen-2-5,c0382117ea329cdf097041132f6d735924b697924d6f6fc3945713e96ce87539,flat-ragged,140-byte batch 32,140,32,40813649,41917636,4197760,0.9736629470230621,-0.026690085513148932
1,ab,4,qwen-2-5,c0382117ea329cdf097041132f6d735924b697924d6f6fc3945713e96ce87539,flat-ragged,140-byte batch 32,140,32,37063561,38767093,4197760,0.9560572674355542,-0.04493746454959343
1,ab,5,qwen-2-5,c0382117ea329cdf097041132f6d735924b697924d6f6fc3945713e96ce87539,flat-ragged,140-byte batch 32,140,32,35282070,35695465,4197760,0.9884188369587005,-0.011648747017413858
1,ab,0,qwen-2-5,c0382117ea329cdf097041132f6d735924b697924d6f6fc3945713e96ce87539,flat-ragged,140-byte batch 512,140,512,14197202,14077064,4229120,1.0085343080062719,0.00849809667958177
1,ab,1,qwen-2-5,c0382117ea329cdf097041132f6d735924b697924d6f6fc3945713e96ce87539,flat-ragged,140-byte batch 512,140,512,13560489,13693796,4229120,0.9902651536506021,-0.009782539743775538
1,ab,2,qwen-2-5,c0382117ea329cdf097041132f6d735924b697924d6f6fc3945713e96ce87539,flat-ragged,140-byte batch 512,140,512,13065739,14121528,4229120,0.9252354985947696,-0.07770698079760262
1,ab,3,qwen-2-5,c0382117ea329cdf097041132f6d735924b697924d6f6fc3945713e96ce87539,flat-ragged,140-byte batch 512,140,512,11925170,12223576,4229120,0.9755876676350685,-0.02471525352073017
1,ab,4,qwen-2-5,c0382117ea329cdf097041132f6d735924b697924d6f6fc3945713e96ce87539,flat-ragged,140-byte batch 512,140,512,11319640,11319543,4229120,1.0000085692505432,8.56921382733792e-06
1,ab,5,qwen-2-5,c0382117ea329cdf097041132f6d735924b697924d6f6fc3945713e96ce87539,flat-ragged,140-byte batch 512,140,512,11345632,11769778,4229120,0.9639631265772387,-0.03670223554170718
1,ab,0,qwen-2-5,c0382117ea329cdf097041132f6d735924b697924d6f6fc3945713e96ce87539,flat-ragged,4 KiB single,4096,1,32243585,30743012,4194304,1.0488102141715978,0.047656392332590135
1,ab,1,qwen-2-5,c0382117ea329cdf097041132f6d735924b697924d6f6fc3945713e96ce87539,flat-ragged,4 KiB single,4096,1,32746197,34048325,4194304,0.9617564740703104,-0.03899400582020801
1,ab,2,qwen-2-5,c0382117ea329cdf097041132f6d735924b697924d6f6fc3945713e96ce87539,flat-ragged,4 KiB single,4096,1,30651517,30018837,4194304,1.021076099650363,0.020857070832363888
1,ab,3,qwen-2-5,c0382117ea329cdf097041132f6d735924b697924d6f6fc3945713e96ce87539,flat-ragged,4 KiB single,4096,1,29019672,29530593,4194304,0.9826985865133152,-0.017452831985284675
1,ab,4,qwen-2-5,c0382117ea329cdf097041132f6d735924b697924d6f6fc3945713e96ce87539,flat-ragged,4 KiB single,4096,1,32248059,31819471,4194304,1.0134693628313305,0.013379457376868345
1,ab,5,qwen-2-5,c0382117ea329cdf097041132f6d735924b697924d6f6fc3945713e96ce87539,flat-ragged,4 KiB single,4096,1,31935979,32879937,4194304,0.971290760076578,-0.02912941156404236
1,ab,0,qwen-2-5,c0382117ea329cdf097041132f6d735924b697924d6f6fc3945713e96ce87539,flat-ragged,64 KiB single,65536,1,29499426,29703270,4194304,0.9931373212444287,-0.006886335228730152
1,ab,1,qwen-2-5,c0382117ea329cdf097041132f6d735924b697924d6f6fc3945713e96ce87539,flat-ragged,64 KiB single,65536,1,29561704,31126645,4194304,0.9497234282718231,-0.05158446490849577
1,ab,2,qwen-2-5,c0382117ea329cdf097041132f6d735924b697924d6f6fc3945713e96ce87539,flat-ragged,64 KiB single,65536,1,27256351,27592274,4194304,0.9878254688250776,-0.012249247825656102
1,ab,3,qwen-2-5,c0382117ea329cdf097041132f6d735924b697924d6f6fc3945713e96ce87539,flat-ragged,64 KiB single,65536,1,28003233,28041226,4194304,0.9986451020365514,-0.0013558166676216148
1,ab,4,qwen-2-5,c0382117ea329cdf097041132f6d735924b697924d6f6fc3945713e96ce87539,flat-ragged,64 KiB single,65536,1,28646986,29129191,4194304,0.9834459872229201,-0.016692561600706497
1,ab,5,qwen-2-5,c0382117ea329cdf097041132f6d735924b697924d6f6fc3945713e96ce87539,flat-ragged,64 KiB single,65536,1,31530811,31586540,4194304,0.9982356725364665,-0.001765885722355078
1,ab,0,qwen-2-5,c0382117ea329cdf097041132f6d735924b697924d6f6fc3945713e96ce87539,nested,140-byte batch 1,140,1,45774124,47119495,4194400,0.9714476778666664,-0.028967868674515975
1,ab,1,qwen-2-5,c0382117ea329cdf097041132f6d735924b697924d6f6fc3945713e96ce87539,nested,140-byte batch 1,140,1,41643825,42068677,4194400,0.9899009897553945,-0.010150351202956095
1,ab,2,qwen-2-5,c0382117ea329cdf097041132f6d735924b697924d6f6fc3945713e96ce87539,nested,140-byte batch 1,140,1,41229815,41500680,4194400,0.9934732394746303,-0.006548152959849488
1,ab,3,qwen-2-5,c0382117ea329cdf097041132f6d735924b697924d6f6fc3945713e96ce87539,nested,140-byte batch 1,140,1,43557108,43963330,4194400,0.9907599811024325,-0.009282972672726608
1,ab,4,qwen-2-5,c0382117ea329cdf097041132f6d735924b697924d6f6fc3945713e96ce87539,nested,140-byte batch 1,140,1,40165226,41471230,4194400,0.9685081923058467,-0.031998337414179345
1,ab,5,qwen-2-5,c0382117ea329cdf097041132f6d735924b697924d6f6fc3945713e96ce87539,nested,140-byte batch 1,140,1,38329059,39545831,4194400,0.9692313457770049,-0.031251948654990605
1,ab,0,qwen-2-5,c0382117ea329cdf097041132f6d735924b697924d6f6fc3945713e96ce87539,nested,140-byte batch 32,140,32,48111809,47888333,4197760,1.0046666063736234,0.004655751523209516
1,ab,1,qwen-2-5,c0382117ea329cdf097041132f6d735924b697924d6f6fc3945713e96ce87539,nested,140-byte batch 32,140,32,43165053,44272048,4197760,0.9749956225201057,-0.02532229771733718
1,ab,2,qwen-2-5,c0382117ea329cdf097041132f6d735924b697924d6f6fc3945713e96ce87539,nested,140-byte batch 32,140,32,41675253,43607156,4197760,0.9556975694539676,-0.04531376592348339
1,ab,3,qwen-2-5,c0382117ea329cdf097041132f6d735924b697924d6f6fc3945713e96ce87539,nested,140-byte batch 32,140,32,45336050,45994497,4197760,0.9856842221798838,-0.014419237155009831
1,ab,4,qwen-2-5,c0382117ea329cdf097041132f6d735924b697924d6f6fc3945713e96ce87539,nested,140-byte batch 32,140,32,40208501,42009082,4197760,0.9571382921435894,-0.04380739207198663
1,ab,5,qwen-2-5,c0382117ea329cdf097041132f6d735924b697924d6f6fc3945713e96ce87539,nested,140-byte batch 32,140,32,44143274,41009884,4197760,1.0764057269706004,0.07362746034196761
1,ab,0,qwen-2-5,c0382117ea329cdf097041132f6d735924b697924d6f6fc3945713e96ce87539,nested,140-byte batch 512,140,512,17150352,17178476,4229120,0.9983628349802393,-0.0016385066389129558
1,ab,1,qwen-2-5,c0382117ea329cdf097041132f6d735924b697924d6f6fc3945713e96ce87539,nested,140-byte batch 512,140,512,16455238,16559348,4229120,0.9937129167162861,-0.006306930221787064
1,ab,2,qwen-2-5,c0382117ea329cdf097041132f6d735924b697924d6f6fc3945713e96ce87539,nested,140-byte batch 512,140,512,16175931,16383577,4229120,0.9873259667287553,-0.012755033962333566
1,ab,3,qwen-2-5,c0382117ea329cdf097041132f6d735924b697924d6f6fc3945713e96ce87539,nested,140-byte batch 512,140,512,14414676,14742264,4229120,0.9777789897128419,-0.022471616373783854
1,ab,4,qwen-2-5,c0382117ea329cdf097041132f6d735924b697924d6f6fc3945713e96ce87539,nested,140-byte batch 512,140,512,14119755,14583915,4229120,0.968173155150726,-0.03234432841461213
1,ab,5,qwen-2-5,c0382117ea329cdf097041132f6d735924b697924d6f6fc3945713e96ce87539,nested,140-byte batch 512,140,512,14051759,14412026,4229120,0.9750023348556268,-0.02531541326343741
1,ab,0,qwen-2-5,c0382117ea329cdf097041132f6d735924b697924d6f6fc3945713e96ce87539,nested,4 KiB single,4096,1,34846920,34307240,4194304,1.015730790352124,0.015608343919641793
1,ab,1,qwen-2-5,c0382117ea329cdf097041132f6d735924b697924d6f6fc3945713e96ce87539,nested,4 KiB single,4096,1,32699171,33212199,4194304,0.9845530252302775,-0.015567522292131283
1,ab,2,qwen-2-5,c0382117ea329cdf097041132f6d735924b697924d6f6fc3945713e96ce87539,nested,4 KiB single,4096,1,31653314,32954915,4194304,0.960503584973592,-0.04029756437695961
1,ab,3,qwen-2-5,c0382117ea329cdf097041132f6d735924b697924d6f6fc3945713e96ce87539,nested,4 KiB single,4096,1,30370756,30655066,4194304,0.9907255133621308,-0.009317762470988018
1,ab,4,qwen-2-5,c0382117ea329cdf097041132f6d735924b697924d6f6fc3945713e96ce87539,nested,4 KiB single,4096,1,33275305,34173439,4194304,0.9737183606250457,-0.02663317462283597
1,ab,5,qwen-2-5,c0382117ea329cdf097041132f6d735924b697924d6f6fc3945713e96ce87539,nested,4 KiB single,4096,1,33088774,33500878,4194304,0.9876987104636481,-0.01237757666408024
1,ab,0,qwen-2-5,c0382117ea329cdf097041132f6d735924b697924d6f6fc3945713e96ce87539,nested,64 KiB single,65536,1,33236307,33617153,4194304,0.9886710810995804,-0.011393579925675058
1,ab,1,qwen-2-5,c0382117ea329cdf097041132f6d735924b697924d6f6fc3945713e96ce87539,nested,64 KiB single,65536,1,30504817,31246010,4194304,0.9762787952765809,-0.0240070824613585
1,ab,2,qwen-2-5,c0382117ea329cdf097041132f6d735924b697924d6f6fc3945713e96ce87539,nested,64 KiB single,65536,1,30031852,30802746,4194304,0.9749732053109811,-0.025345290094246693
1,ab,3,qwen-2-5,c0382117ea329cdf097041132f6d735924b697924d6f6fc3945713e96ce87539,nested,64 KiB single,65536,1,28696124,29765837,4194304,0.9640623913918497,-0.03659926510508843
1,ab,4,qwen-2-5,c0382117ea329cdf097041132f6d735924b697924d6f6fc3945713e96ce87539,nested,64 KiB single,65536,1,29905955,30827056,4194304,0.9701203708845891,-0.030335121488241534
1,ab,5,qwen-2-5,c0382117ea329cdf097041132f6d735924b697924d6f6fc3945713e96ce87539,nested,64 KiB single,65536,1,31081578,31450428,4194304,0.9882720197003361,-0.01179729554551555
1,ab,0,qwen-3,aeb13307a71acd8fe81861d94ad54ab689df773318809eed3cbe794b4492dae4,flat-ragged,140-byte batch 1,140,1,44608350,43043517,4194400,1.0363546733414,0.03570943403445238
1,ab,1,qwen-3,aeb13307a71acd8fe81861d94ad54ab689df773318809eed3cbe794b4492dae4,flat-ragged,140-byte batch 1,140,1,44248197,43739025,4194400,1.0116411374053262,0.011573900670245357
1,ab,2,qwen-3,aeb13307a71acd8fe81861d94ad54ab689df773318809eed3cbe794b4492dae4,flat-ragged,140-byte batch 1,140,1,41030725,40438075,4194400,1.0146557421440066,0.014549384661023618
1,ab,3,qwen-3,aeb13307a71acd8fe81861d94ad54ab689df773318809eed3cbe794b4492dae4,flat-ragged,140-byte batch 1,140,1,45510279,43510846,4194400,1.0459525195166282,0.044927972180941717
1,ab,4,qwen-3,aeb13307a71acd8fe81861d94ad54ab689df773318809eed3cbe794b4492dae4,flat-ragged,140-byte batch 1,140,1,40877228,40699726,4194400,1.004361257862031,0.004351775138033922
1,ab,5,qwen-3,aeb13307a71acd8fe81861d94ad54ab689df773318809eed3cbe794b4492dae4,flat-ragged,140-byte batch 1,140,1,39456368,38295375,4194400,1.0303167941298395,0.029866322068823982
1,ab,0,qwen-3,aeb13307a71acd8fe81861d94ad54ab689df773318809eed3cbe794b4492dae4,flat-ragged,140-byte batch 32,140,32,38004474,38509661,4197760,0.9868815516189561,-0.013205255241683197
1,ab,1,qwen-3,aeb13307a71acd8fe81861d94ad54ab689df773318809eed3cbe794b4492dae4,flat-ragged,140-byte batch 32,140,32,40533584,39429206,4197760,1.0280091361718011,0.027624054320136097
1,ab,2,qwen-3,aeb13307a71acd8fe81861d94ad54ab689df773318809eed3cbe794b4492dae4,flat-ragged,140-byte batch 32,140,32,37274938,37520037,4197760,0.9934675171029282,-0.006553912942056423
1,ab,3,qwen-3,aeb13307a71acd8fe81861d94ad54ab689df773318809eed3cbe794b4492dae4,flat-ragged,140-byte batch 32,140,32,40149033,40462258,4197760,0.9922588353818514,-0.007771282967725377
1,ab,4,qwen-3,aeb13307a71acd8fe81861d94ad54ab689df773318809eed3cbe794b4492dae4,flat-ragged,140-byte batch 32,140,32,36646211,37384247,4197760,0.9802581017614184,-0.019939372848779897
1,ab,5,qwen-3,aeb13307a71acd8fe81861d94ad54ab689df773318809eed3cbe794b4492dae4,flat-ragged,140-byte batch 32,140,32,34835398,35382366,4197760,0.9845412259881094,-0.015579506728286067
1,ab,0,qwen-3,aeb13307a71acd8fe81861d94ad54ab689df773318809eed3cbe794b4492dae4,flat-ragged,140-byte batch 512,140,512,14360909,13957532,4229120,1.0289003098828646,0.028490571578379528
1,ab,1,qwen-3,aeb13307a71acd8fe81861d94ad54ab689df773318809eed3cbe794b4492dae4,flat-ragged,140-byte batch 512,140,512,14253006,14500579,4229120,0.9829266817552595,-0.017220747826976027
1,ab,2,qwen-3,aeb13307a71acd8fe81861d94ad54ab689df773318809eed3cbe794b4492dae4,flat-ragged,140-byte batch 512,140,512,13184211,13809762,4229120,0.9547022606182496,-0.046355756097586916
1,ab,3,qwen-3,aeb13307a71acd8fe81861d94ad54ab689df773318809eed3cbe794b4492dae4,flat-ragged,140-byte batch 512,140,512,12002475,12234153,4229120,0.9810630126989583,-0.019118588351235116
1,ab,4,qwen-3,aeb13307a71acd8fe81861d94ad54ab689df773318809eed3cbe794b4492dae4,flat-ragged,140-byte batch 512,140,512,11439176,11362753,4229120,1.0067257468326558,0.00670322990315381
1,ab,5,qwen-3,aeb13307a71acd8fe81861d94ad54ab689df773318809eed3cbe794b4492dae4,flat-ragged,140-byte batch 512,140,512,11700256,11881744,4229120,0.9847254746441263,-0.015392382600817375
1,ab,0,qwen-3,aeb13307a71acd8fe81861d94ad54ab689df773318809eed3cbe794b4492dae4,flat-ragged,4 KiB single,4096,1,29521470,28987950,4194304,1.0184048889279855,0.0182375688465376
1,ab,1,qwen-3,aeb13307a71acd8fe81861d94ad54ab689df773318809eed3cbe794b4492dae4,flat-ragged,4 KiB single,4096,1,32057403,30897107,4194304,1.0375535482982274,0.03686558460838928
1,ab,2,qwen-3,aeb13307a71acd8fe81861d94ad54ab689df773318809eed3cbe794b4492dae4,flat-ragged,4 KiB single,4096,1,30013634,29007656,4194304,1.0346797411000737,0.034091949945518216
1,ab,3,qwen-3,aeb13307a71acd8fe81861d94ad54ab689df773318809eed3cbe794b4492dae4,flat-ragged,4 KiB single,4096,1,28290188,28246500,4194304,1.001546669498876,0.0015454746374850116
1,ab,4,qwen-3,aeb13307a71acd8fe81861d94ad54ab689df773318809eed3cbe794b4492dae4,flat-ragged,4 KiB single,4096,1,31571918,31662042,4194304,0.9971535632477526,-0.0028504955572572267
1,ab,5,qwen-3,aeb13307a71acd8fe81861d94ad54ab689df773318809eed3cbe794b4492dae4,flat-ragged,4 KiB single,4096,1,31521546,31087948,4194304,1.0139474628560239,0.013851092047645685
1,ab,0,qwen-3,aeb13307a71acd8fe81861d94ad54ab689df773318809eed3cbe794b4492dae4,flat-ragged,64 KiB single,65536,1,28862937,28768332,4194304,1.0032885118261288,0.0032831164962816672
1,ab,1,qwen-3,aeb13307a71acd8fe81861d94ad54ab689df773318809eed3cbe794b4492dae4,flat-ragged,64 KiB single,65536,1,29835434,29227351,4194304,1.0208052724312922,0.020591798594356395
1,ab,2,qwen-3,aeb13307a71acd8fe81861d94ad54ab689df773318809eed3cbe794b4492dae4,flat-ragged,64 KiB single,65536,1,27056607,27051740,4194304,1.000179914489789,0.00017989830711808574
1,ab,3,qwen-3,aeb13307a71acd8fe81861d94ad54ab689df773318809eed3cbe794b4492dae4,flat-ragged,64 KiB single,65536,1,28031096,27826819,4194304,1.0073410115615442,0.007314197484504341
1,ab,4,qwen-3,aeb13307a71acd8fe81861d94ad54ab689df773318809eed3cbe794b4492dae4,flat-ragged,64 KiB single,65536,1,27718597,28041028,4194304,0.9885014557954152,-0.011565163640718709
1,ab,5,qwen-3,aeb13307a71acd8fe81861d94ad54ab689df773318809eed3cbe794b4492dae4,flat-ragged,64 KiB single,65536,1,30601772,30920983,4194304,0.9896765571780173,-0.01037709915600953
1,ab,0,qwen-3,aeb13307a71acd8fe81861d94ad54ab689df773318809eed3cbe794b4492dae4,nested,140-byte batch 1,140,1,47566037,46648600,4194400,1.019666978215852,0.01947608204083762
1,ab,1,qwen-3,aeb13307a71acd8fe81861d94ad54ab689df773318809eed3cbe794b4492dae4,nested,140-byte batch 1,140,1,43356283,43001016,4194400,1.0082618280461095,0.008227885965717973
1,ab,2,qwen-3,aeb13307a71acd8fe81861d94ad54ab689df773318809eed3cbe794b4492dae4,nested,140-byte batch 1,140,1,41990609,41668292,4194400,1.0077353062611734,0.0077055421707318
1,ab,3,qwen-3,aeb13307a71acd8fe81861d94ad54ab689df773318809eed3cbe794b4492dae4,nested,140-byte batch 1,140,1,45631062,45476431,4194400,1.0034002448433124,0.003394477081651673
1,ab,4,qwen-3,aeb13307a71acd8fe81861d94ad54ab689df773318809eed3cbe794b4492dae4,nested,140-byte batch 1,140,1,41262103,40569667,4194400,1.0170678255752013,0.016923806656979904
1,ab,5,qwen-3,aeb13307a71acd8fe81861d94ad54ab689df773318809eed3cbe794b4492dae4,nested,140-byte batch 1,140,1,39189567,39497780,4194400,0.9921967006753291,-0.007833904382429528
1,ab,0,qwen-3,aeb13307a71acd8fe81861d94ad54ab689df773318809eed3cbe794b4492dae4,nested,140-byte batch 32,140,32,49637086,47623046,4197760,1.0422912889696303,0.04142145222042522
1,ab,1,qwen-3,aeb13307a71acd8fe81861d94ad54ab689df773318809eed3cbe794b4492dae4,nested,140-byte batch 32,140,32,44456642,44797129,4197760,0.992399356664129,-0.007629675427368465
1,ab,2,qwen-3,aeb13307a71acd8fe81861d94ad54ab689df773318809eed3cbe794b4492dae4,nested,140-byte batch 32,140,32,43436985,43526167,4197760,0.9979510715933245,-0.002051030332103895
1,ab,3,qwen-3,aeb13307a71acd8fe81861d94ad54ab689df773318809eed3cbe794b4492dae4,nested,140-byte batch 32,140,32,48136898,47589257,4197760,1.0115076602267608,0.011441950732687256
1,ab,4,qwen-3,aeb13307a71acd8fe81861d94ad54ab689df773318809eed3cbe794b4492dae4,nested,140-byte batch 32,140,32,42442490,42895442,4197760,0.9894405564115647,-0.01061559011336692
1,ab,5,qwen-3,aeb13307a71acd8fe81861d94ad54ab689df773318809eed3cbe794b4492dae4,nested,140-byte batch 32,140,32,40939832,41121801,4197760,0.9955748776664719,-0.004434942167380182
1,ab,0,qwen-3,aeb13307a71acd8fe81861d94ad54ab689df773318809eed3cbe794b4492dae4,nested,140-byte batch 512,140,512,17344204,17268334,4229120,1.0043935911825657,0.004383967538767074
1,ab,1,qwen-3,aeb13307a71acd8fe81861d94ad54ab689df773318809eed3cbe794b4492dae4,nested,140-byte batch 512,140,512,16823566,16532880,4229120,1.0175822966113588,0.017429516254430483
1,ab,2,qwen-3,aeb13307a71acd8fe81861d94ad54ab689df773318809eed3cbe794b4492dae4,nested,140-byte batch 512,140,512,15957862,16257656,4229120,0.9815598263365888,-0.018612313137922824
1,ab,3,qwen-3,aeb13307a71acd8fe81861d94ad54ab689df773318809eed3cbe794b4492dae4,nested,140-byte batch 512,140,512,14891868,14728859,4229120,1.0110673202859775,0.01100652564142181
1,ab,4,qwen-3,aeb13307a71acd8fe81861d94ad54ab689df773318809eed3cbe794b4492dae4,nested,140-byte batch 512,140,512,14132322,14154724,4229120,0.9984173481588197,-0.0015839055575778518
1,ab,5,qwen-3,aeb13307a71acd8fe81861d94ad54ab689df773318809eed3cbe794b4492dae4,nested,140-byte batch 512,140,512,14485239,13836395,4229120,1.0468940067120085,0.045827691531684256
1,ab,0,qwen-3,aeb13307a71acd8fe81861d94ad54ab689df773318809eed3cbe794b4492dae4,nested,4 KiB single,4096,1,34425138,33816066,4194304,1.018011320417934,0.017851038319874685
1,ab,1,qwen-3,aeb13307a71acd8fe81861d94ad54ab689df773318809eed3cbe794b4492dae4,nested,4 KiB single,4096,1,33033054,32355236,4194304,1.0209492522323125,0.02073283396322152
1,ab,2,qwen-3,aeb13307a71acd8fe81861d94ad54ab689df773318809eed3cbe794b4492dae4,nested,4 KiB single,4096,1,31739786,31087686,4194304,1.0209761511358548,0.02075918057069262
1,ab,3,qwen-3,aeb13307a71acd8fe81861d94ad54ab689df773318809eed3cbe794b4492dae4,nested,4 KiB single,4096,1,30204410,30199235,4194304,1.0001713619566854,0.0001713472759024624
1,ab,4,qwen-3,aeb13307a71acd8fe81861d94ad54ab689df773318809eed3cbe794b4492dae4,nested,4 KiB single,4096,1,32969708,33307769,4194304,0.9898503859565017,-0.010201472570542672
1,ab,5,qwen-3,aeb13307a71acd8fe81861d94ad54ab689df773318809eed3cbe794b4492dae4,nested,4 KiB single,4096,1,32711702,32961418,4194304,0.9924239909824268,-0.007604852746470162
1,ab,0,qwen-3,aeb13307a71acd8fe81861d94ad54ab689df773318809eed3cbe794b4492dae4,nested,64 KiB single,65536,1,33539103,33682846,4194304,0.9957324568119926,-0.00427667514036607
1,ab,1,qwen-3,aeb13307a71acd8fe81861d94ad54ab689df773318809eed3cbe794b4492dae4,nested,64 KiB single,65536,1,31425461,30736792,4194304,1.0224053635786063,0.02215805069408474
1,ab,2,qwen-3,aeb13307a71acd8fe81861d94ad54ab689df773318809eed3cbe794b4492dae4,nested,64 KiB single,65536,1,30424130,30165458,4194304,1.0085751060036947,0.008538548622490812
1,ab,3,qwen-3,aeb13307a71acd8fe81861d94ad54ab689df773318809eed3cbe794b4492dae4,nested,64 KiB single,65536,1,29681975,29019757,4194304,1.0228195570348848,0.022563085326477834
1,ab,4,qwen-3,aeb13307a71acd8fe81861d94ad54ab689df773318809eed3cbe794b4492dae4,nested,64 KiB single,65536,1,30825242,30067761,4194304,1.0251924644472197,0.02488036515616483
1,ab,5,qwen-3,aeb13307a71acd8fe81861d94ad54ab689df773318809eed3cbe794b4492dae4,nested,64 KiB single,65536,1,30797003,30889953,4194304,0.9969909309994741,-0.0030136053510642835
1,ba,0,deepseek-r1,ecb6f9fc369894346f0511f4074ca75cee5cd5f3b06d02f1ba35fcd39f8e121d,flat-ragged,140-byte batch 1,140,1,54932130,49603524,4194400,1.1074239402829524,0.10203654363336885
1,ba,1,deepseek-r1,ecb6f9fc369894346f0511f4074ca75cee5cd5f3b06d02f1ba35fcd39f8e121d,flat-ragged,140-byte batch 1,140,1,53969141,52445045,4194400,1.029060819759045,0.02864656079916109
1,ba,2,deepseek-r1,ecb6f9fc369894346f0511f4074ca75cee5cd5f3b06d02f1ba35fcd39f8e121d,flat-ragged,140-byte batch 1,140,1,47149662,48138432,4194400,0.9794598627558122,-0.020754019715528108
1,ba,3,deepseek-r1,ecb6f9fc369894346f0511f4074ca75cee5cd5f3b06d02f1ba35fcd39f8e121d,flat-ragged,140-byte batch 1,140,1,43869562,41573364,4194400,1.0552324319966024,0.05376105735103547
1,ba,4,deepseek-r1,ecb6f9fc369894346f0511f4074ca75cee5cd5f3b06d02f1ba35fcd39f8e121d,flat-ragged,140-byte batch 1,140,1,51514920,51315109,4194400,1.0038938044543566,0.0038862432194166517
1,ba,5,deepseek-r1,ecb6f9fc369894346f0511f4074ca75cee5cd5f3b06d02f1ba35fcd39f8e121d,flat-ragged,140-byte batch 1,140,1,47847318,47912177,4194400,0.9986462940308474,-0.001354623056816219
1,ba,0,deepseek-r1,ecb6f9fc369894346f0511f4074ca75cee5cd5f3b06d02f1ba35fcd39f8e121d,flat-ragged,140-byte batch 32,140,32,49117199,50878310,4197760,0.9653858196154708,-0.035227444474074054
1,ba,1,deepseek-r1,ecb6f9fc369894346f0511f4074ca75cee5cd5f3b06d02f1ba35fcd39f8e121d,flat-ragged,140-byte batch 32,140,32,48472004,48859704,4197760,0.9920650358422147,-0.007966613521435196
1,ba,2,deepseek-r1,ecb6f9fc369894346f0511f4074ca75cee5cd5f3b06d02f1ba35fcd39f8e121d,flat-ragged,140-byte batch 32,140,32,45513637,46757107,4197760,0.9734057541241805,-0.026954270233724965
1,ba,3,deepseek-r1,ecb6f9fc369894346f0511f4074ca75cee5cd5f3b06d02f1ba35fcd39f8e121d,flat-ragged,140-byte batch 32,140,32,38051110,39167311,4197760,0.9715017198908549,-0.028912239820501794
1,ba,4,deepseek-r1,ecb6f9fc369894346f0511f4074ca75cee5cd5f3b06d02f1ba35fcd39f8e121d,flat-ragged,140-byte batch 32,140,32,48870450,48796287,4197760,1.0015198492459068,0.0015186954439636764
1,ba,5,deepseek-r1,ecb6f9fc369894346f0511f4074ca75cee5cd5f3b06d02f1ba35fcd39f8e121d,flat-ragged,140-byte batch 32,140,32,45691859,46264334,4197760,0.9876259971666295,-0.01245119827856276
1,ba,0,deepseek-r1,ecb6f9fc369894346f0511f4074ca75cee5cd5f3b06d02f1ba35fcd39f8e121d,flat-ragged,140-byte batch 512,140,512,16753342,16394259,4229120,1.0219029722538848,0.02166654818829401
1,ba,1,deepseek-r1,ecb6f9fc369894346f0511f4074ca75cee5cd5f3b06d02f1ba35fcd39f8e121d,flat-ragged,140-byte batch 512,140,512,16411304,16504766,4229120,0.9943372720340294,-0.00567882199614666
1,ba,2,deepseek-r1,ecb6f9fc369894346f0511f4074ca75cee5cd5f3b06d02f1ba35fcd39f8e121d,flat-ragged,140-byte batch 512,140,512,15648790,15257312,4229120,1.0256583859594666,0.0253347341515214
1,ba,3,deepseek-r1,ecb6f9fc369894346f0511f4074ca75cee5cd5f3b06d02f1ba35fcd39f8e121d,flat-ragged,140-byte batch 512,140,512,14389625,14114711,4229120,1.0194771256740573,0.01928987397248079
1,ba,4,deepseek-r1,ecb6f9fc369894346f0511f4074ca75cee5cd5f3b06d02f1ba35fcd39f8e121d,flat-ragged,140-byte batch 512,140,512,13956218,13305783,4229120,1.048883632026766,0.04772639096974233
1,ba,5,deepseek-r1,ecb6f9fc369894346f0511f4074ca75cee5cd5f3b06d02f1ba35fcd39f8e121d,flat-ragged,140-byte batch 512,140,512,13778536,13267349,4229120,1.0385297017512691,0.03780596455216463
1,ba,0,deepseek-r1,ecb6f9fc369894346f0511f4074ca75cee5cd5f3b06d02f1ba35fcd39f8e121d,flat-ragged,4 KiB single,4096,1,36655181,37428797,4194304,0.9793309947952642,-0.020885598807024425
1,ba,1,deepseek-r1,ecb6f9fc369894346f0511f4074ca75cee5cd5f3b06d02f1ba35fcd39f8e121d,flat-ragged,4 KiB single,4096,1,39404514,40807448,4194304,0.9656206386638047,-0.03498423550034477
1,ba,2,deepseek-r1,ecb6f9fc369894346f0511f4074ca75cee5cd5f3b06d02f1ba35fcd39f8e121d,flat-ragged,4 KiB single,4096,1,36818357,38021068,4194304,0.9683672483897612,-0.032143874822907814
1,ba,3,deepseek-r1,ecb6f9fc369894346f0511f4074ca75cee5cd5f3b06d02f1ba35fcd39f8e121d,flat-ragged,4 KiB single,4096,1,36539325,36994569,4194304,0.9876943018311688,-0.012382040213816288
1,ba,4,deepseek-r1,ecb6f9fc369894346f0511f4074ca75cee5cd5f3b06d02f1ba35fcd39f8e121d,flat-ragged,4 KiB single,4096,1,37206258,38160629,4194304,0.9749906900119493,-0.025327356735572116
1,ba,5,deepseek-r1,ecb6f9fc369894346f0511f4074ca75cee5cd5f3b06d02f1ba35fcd39f8e121d,flat-ragged,4 KiB single,4096,1,38970143,41869368,4194304,0.930755463039232,-0.07175869674427252
1,ba,0,deepseek-r1,ecb6f9fc369894346f0511f4074ca75cee5cd5f3b06d02f1ba35fcd39f8e121d,flat-ragged,64 KiB single,65536,1,34726655,35582951,4194304,0.9759352168402221,-0.024359070960338257
1,ba,1,deepseek-r1,ecb6f9fc369894346f0511f4074ca75cee5cd5f3b06d02f1ba35fcd39f8e121d,flat-ragged,64 KiB single,65536,1,36107720,37131745,4194304,0.9724218455125123,-0.02796557123049153
1,ba,2,deepseek-r1,ecb6f9fc369894346f0511f4074ca75cee5cd5f3b06d02f1ba35fcd39f8e121d,flat-ragged,64 KiB single,65536,1,34556302,34593096,4194304,0.9989363773626969,-0.001064188685270261
1,ba,3,deepseek-r1,ecb6f9fc369894346f0511f4074ca75cee5cd5f3b06d02f1ba35fcd39f8e121d,flat-ragged,64 KiB single,65536,1,34193519,35705884,4194304,0.9576438157923776,-0.043279369945146896
1,ba,4,deepseek-r1,ecb6f9fc369894346f0511f4074ca75cee5cd5f3b06d02f1ba35fcd39f8e121d,flat-ragged,64 KiB single,65536,1,33008203,34400329,4194304,0.9595316079680517,-0.04131002195288549
1,ba,5,deepseek-r1,ecb6f9fc369894346f0511f4074ca75cee5cd5f3b06d02f1ba35fcd39f8e121d,flat-ragged,64 KiB single,65536,1,35516317,38042689,4194304,0.9335911296911741,-0.06871669924261582
1,ba,0,deepseek-r1,ecb6f9fc369894346f0511f4074ca75cee5cd5f3b06d02f1ba35fcd39f8e121d,nested,140-byte batch 1,140,1,54232133,57096533,4194400,0.9498323304499067,-0.051469804227752006
1,ba,1,deepseek-r1,ecb6f9fc369894346f0511f4074ca75cee5cd5f3b06d02f1ba35fcd39f8e121d,nested,140-byte batch 1,140,1,51786327,53316987,4194400,0.9712913259708392,-0.029128828943348704
1,ba,2,deepseek-r1,ecb6f9fc369894346f0511f4074ca75cee5cd5f3b06d02f1ba35fcd39f8e121d,nested,140-byte batch 1,140,1,47572899,49181695,4194400,0.967288723985621,-0.03325825106656334
1,ba,3,deepseek-r1,ecb6f9fc369894346f0511f4074ca75cee5cd5f3b06d02f1ba35fcd39f8e121d,nested,140-byte batch 1,140,1,40798043,41852997,4194400,0.9747938242033181,-0.025529292701177448
1,ba,4,deepseek-r1,ecb6f9fc369894346f0511f4074ca75cee5cd5f3b06d02f1ba35fcd39f8e121d,nested,140-byte batch 1,140,1,49684630,51108597,4194400,0.9721384055993554,-0.028257092066631424
1,ba,5,deepseek-r1,ecb6f9fc369894346f0511f4074ca75cee5cd5f3b06d02f1ba35fcd39f8e121d,nested,140-byte batch 1,140,1,47733810,48809016,4194400,0.9779711600823914,-0.02227509805043052
1,ba,0,deepseek-r1,ecb6f9fc369894346f0511f4074ca75cee5cd5f3b06d02f1ba35fcd39f8e121d,nested,140-byte batch 32,140,32,54576566,56695769,4197760,0.9626214965000298,-0.03809499065664911
1,ba,1,deepseek-r1,ecb6f9fc369894346f0511f4074ca75cee5cd5f3b06d02f1ba35fcd39f8e121d,nested,140-byte batch 32,140,32,52578577,53573970,4197760,0.9814202120918051,-0.018754560376596632
1,ba,2,deepseek-r1,ecb6f9fc369894346f0511f4074ca75cee5cd5f3b06d02f1ba35fcd39f8e121d,nested,140-byte batch 32,140,32,49286038,51315193,4197760,0.9604570326764629,-0.040346032103690206
1,ba,3,deepseek-r1,ecb6f9fc369894346f0511f4074ca75cee5cd5f3b06d02f1ba35fcd39f8e121d,nested,140-byte batch 32,140,32,41371618,43426210,4197760,0.9526877431855094,-0.048468085697487055
1,ba,4,deepseek-r1,ecb6f9fc369894346f0511f4074ca75cee5cd5f3b06d02f1ba35fcd39f8e121d,nested,140-byte batch 32,140,32,50863469,52772824,4197760,0.9638193514146599,-0.036851396730261124
1,ba,5,deepseek-r1,ecb6f9fc369894346f0511f4074ca75cee5cd5f3b06d02f1ba35fcd39f8e121d,nested,140-byte batch 32,140,32,48045951,51218245,4197760,0.9380632038446456,-0.06393795074845354
1,ba,0,deepseek-r1,ecb6f9fc369894346f0511f4074ca75cee5cd5f3b06d02f1ba35fcd39f8e121d,nested,140-byte batch 512,140,512,19605697,19528622,4229120,1.0039467710522534,0.00393900298386727
1,ba,1,deepseek-r1,ecb6f9fc369894346f0511f4074ca75cee5cd5f3b06d02f1ba35fcd39f8e121d,nested,140-byte batch 512,140,512,18823045,18438081,4229120,1.0208787454616346,0.0206637715634645
1,ba,2,deepseek-r1,ecb6f9fc369894346f0511f4074ca75cee5cd5f3b06d02f1ba35fcd39f8e121d,nested,140-byte batch 512,140,512,18404470,18356853,4229120,1.0025939631373635,0.002590604621641414
1,ba,3,deepseek-r1,ecb6f9fc369894346f0511f4074ca75cee5cd5f3b06d02f1ba35fcd39f8e121d,nested,140-byte batch 512,140,512,16810311,16848362,4229120,0.9977415608710212,-0.002260993248902682
1,ba,4,deepseek-r1,ecb6f9fc369894346f0511f4074ca75cee5cd5f3b06d02f1ba35fcd39f8e121d,nested,140-byte batch 512,140,512,16179516,15851304,4229120,1.0207056782205426,0.020494229476936993
1,ba,5,deepseek-r1,ecb6f9fc369894346f0511f4074ca75cee5cd5f3b06d02f1ba35fcd39f8e121d,nested,140-byte batch 512,140,512,16161914,16030876,4229120,1.00817410102854,0.008140874009265645
1,ba,0,deepseek-r1,ecb6f9fc369894346f0511f4074ca75cee5cd5f3b06d02f1ba35fcd39f8e121d,nested,4 KiB single,4096,1,38738085,40622855,4194304,0.953603211788044,-0.047507614610402385
1,ba,1,deepseek-r1,ecb6f9fc369894346f0511f4074ca75cee5cd5f3b06d02f1ba35fcd39f8e121d,nested,4 KiB single,4096,1,39813854,41798531,4194304,0.952518020310331,-0.04864625319926493
1,ba,2,deepseek-r1,ecb6f9fc369894346f0511f4074ca75cee5cd5f3b06d02f1ba35fcd39f8e121d,nested,4 KiB single,4096,1,37962840,39324593,4194304,0.9653714661458798,-0.03524231270189028
1,ba,3,deepseek-r1,ecb6f9fc369894346f0511f4074ca75cee5cd5f3b06d02f1ba35fcd39f8e121d,nested,4 KiB single,4096,1,37091492,38432201,4194304,0.9651149565959025,-0.03550805873197374
1,ba,4,deepseek-r1,ecb6f9fc369894346f0511f4074ca75cee5cd5f3b06d02f1ba35fcd39f8e121d,nested,4 KiB single,4096,1,36895842,39366032,4194304,0.9372507241776362,-0.0648044507042256
1,ba,5,deepseek-r1,ecb6f9fc369894346f0511f4074ca75cee5cd5f3b06d02f1ba35fcd39f8e121d,nested,4 KiB single,4096,1,40859529,41704347,4194304,0.9797426872551199,-0.02046530581887589
1,ba,0,deepseek-r1,ecb6f9fc369894346f0511f4074ca75cee5cd5f3b06d02f1ba35fcd39f8e121d,nested,64 KiB single,65536,1,37329460,38274956,4194304,0.9752972674873879,-0.025012964723064444
1,ba,1,deepseek-r1,ecb6f9fc369894346f0511f4074ca75cee5cd5f3b06d02f1ba35fcd39f8e121d,nested,64 KiB single,65536,1,37881632,38562964,4194304,0.9823319597528862,-0.017825983196984425
1,ba,2,deepseek-r1,ecb6f9fc369894346f0511f4074ca75cee5cd5f3b06d02f1ba35fcd39f8e121d,nested,64 KiB single,65536,1,37160765,38511597,4194304,0.964924020159434,-0.035705916329038835
1,ba,3,deepseek-r1,ecb6f9fc369894346f0511f4074ca75cee5cd5f3b06d02f1ba35fcd39f8e121d,nested,64 KiB single,65536,1,35844564,37047547,4194304,0.9675286733558904,-0.033010217973797856
1,ba,4,deepseek-r1,ecb6f9fc369894346f0511f4074ca75cee5cd5f3b06d02f1ba35fcd39f8e121d,nested,64 KiB single,65536,1,35012184,35718085,4194304,0.9802368744013011,-0.019961027951573992
1,ba,5,deepseek-r1,ecb6f9fc369894346f0511f4074ca75cee5cd5f3b06d02f1ba35fcd39f8e121d,nested,64 KiB single,65536,1,36592621,37652173,4194304,0.971859472758717,-0.028544060324835686
1,ba,0,gemma-3,4667f2089529e8e7657cfb6d1c19910ae71ff5f28aa7ab2ff2763330affad795,flat-ragged,140-byte batch 1,140,1,244536952,248404174,4194400,0.9844317350319565,-0.015690723040986586
1,ba,1,gemma-3,4667f2089529e8e7657cfb6d1c19910ae71ff5f28aa7ab2ff2763330affad795,flat-ragged,140-byte batch 1,140,1,220874386,236976248,4194400,0.9320528443846406,-0.07036576592040918
1,ba,2,gemma-3,4667f2089529e8e7657cfb6d1c19910ae71ff5f28aa7ab2ff2763330affad795,flat-ragged,140-byte batch 1,140,1,216247704,227125264,4194400,0.952107661611788,-0.04907716065660693
1,ba,3,gemma-3,4667f2089529e8e7657cfb6d1c19910ae71ff5f28aa7ab2ff2763330affad795,flat-ragged,140-byte batch 1,140,1,176361534,181453035,4194400,0.9719403921791664,-0.02846080132070077
1,ba,4,gemma-3,4667f2089529e8e7657cfb6d1c19910ae71ff5f28aa7ab2ff2763330affad795,flat-ragged,140-byte batch 1,140,1,172499046,172865801,4194400,0.9978783831279618,-0.0021238706895030392
1,ba,5,gemma-3,4667f2089529e8e7657cfb6d1c19910ae71ff5f28aa7ab2ff2763330affad795,flat-ragged,140-byte batch 1,140,1,176396793,183970063,4194400,0.9588342261969003,-0.04203708014945251
1,ba,0,gemma-3,4667f2089529e8e7657cfb6d1c19910ae71ff5f28aa7ab2ff2763330affad795,flat-ragged,140-byte batch 32,140,32,89310730,90529250,4197760,0.986540040925999,-0.013551365467350534
1,ba,1,gemma-3,4667f2089529e8e7657cfb6d1c19910ae71ff5f28aa7ab2ff2763330affad795,flat-ragged,140-byte batch 32,140,32,81993073,84980124,4197760,0.9648500042198103,-0.035782625766231986
1,ba,2,gemma-3,4667f2089529e8e7657cfb6d1c19910ae71ff5f28aa7ab2ff2763330affad795,flat-ragged,140-byte batch 32,140,32,79618755,80043786,4197760,0.9946900187854683,-0.005324129270948661
1,ba,3,gemma-3,4667f2089529e8e7657cfb6d1c19910ae71ff5f28aa7ab2ff2763330affad795,flat-ragged,140-byte batch 32,140,32,67843379,68753736,4197760,0.9867591631675113,-0.013329278272506073
1,ba,4,gemma-3,4667f2089529e8e7657cfb6d1c19910ae71ff5f28aa7ab2ff2763330affad795,flat-ragged,140-byte batch 32,140,32,71427305,69668211,4197760,1.0252495933905925,0.024936088694578654
1,ba,5,gemma-3,4667f2089529e8e7657cfb6d1c19910ae71ff5f28aa7ab2ff2763330affad795,flat-ragged,140-byte batch 32,140,32,72386765,70913245,4197760,1.0207791929420238,0.020566250310940153
1,ba,0,gemma-3,4667f2089529e8e7657cfb6d1c19910ae71ff5f28aa7ab2ff2763330affad795,flat-ragged,140-byte batch 512,140,512,71140785,72166318,4229120,0.9857893124047149,-0.014312626314856958
1,ba,1,gemma-3,4667f2089529e8e7657cfb6d1c19910ae71ff5f28aa7ab2ff2763330affad795,flat-ragged,140-byte batch 512,140,512,66811032,66778923,4229120,1.000480825364614,0.0004807098051395294
1,ba,2,gemma-3,4667f2089529e8e7657cfb6d1c19910ae71ff5f28aa7ab2ff2763330affad795,flat-ragged,140-byte batch 512,140,512,62926650,63874223,4229120,0.9851650171932425,-0.01494612169623205
1,ba,3,gemma-3,4667f2089529e8e7657cfb6d1c19910ae71ff5f28aa7ab2ff2763330affad795,flat-ragged,140-byte batch 512,140,512,52491718,51864487,4229120,1.012093650902206,0.012021107000873187
1,ba,4,gemma-3,4667f2089529e8e7657cfb6d1c19910ae71ff5f28aa7ab2ff2763330affad795,flat-ragged,140-byte batch 512,140,512,51944768,51997585,4229120,0.9989842412873597,-0.0010162749451294493
1,ba,5,gemma-3,4667f2089529e8e7657cfb6d1c19910ae71ff5f28aa7ab2ff2763330affad795,flat-ragged,140-byte batch 512,140,512,53738876,54632450,4229120,0.9836438966218795,-0.016491341106155116
1,ba,0,gemma-3,4667f2089529e8e7657cfb6d1c19910ae71ff5f28aa7ab2ff2763330affad795,flat-ragged,4 KiB single,4096,1,173839004,182404633,4194304,0.9530405074743907,-0.04809787101153874
1,ba,1,gemma-3,4667f2089529e8e7657cfb6d1c19910ae71ff5f28aa7ab2ff2763330affad795,flat-ragged,4 KiB single,4096,1,177267556,183461108,4194304,0.9662405178540621,-0.034342492475034736
1,ba,2,gemma-3,4667f2089529e8e7657cfb6d1c19910ae71ff5f28aa7ab2ff2763330affad795,flat-ragged,4 KiB single,4096,1,167008765,165499503,4194304,1.0091194352408417,0.009078104277943665
1,ba,3,gemma-3,4667f2089529e8e7657cfb6d1c19910ae71ff5f28aa7ab2ff2763330affad795,flat-ragged,4 KiB single,4096,1,168418647,167043164,4194304,1.008234296855153,0.008200579996102374
1,ba,4,gemma-3,4667f2089529e8e7657cfb6d1c19910ae71ff5f28aa7ab2ff2763330affad795,flat-ragged,4 KiB single,4096,1,182133692,185547836,4194304,0.9815996560585056,-0.0185717359741422
1,ba,5,gemma-3,4667f2089529e8e7657cfb6d1c19910ae71ff5f28aa7ab2ff2763330affad795,flat-ragged,4 KiB single,4096,1,163353452,173988994,4194304,0.9388723289014477,-0.06307577397913199
1,ba,0,gemma-3,4667f2089529e8e7657cfb6d1c19910ae71ff5f28aa7ab2ff2763330affad795,flat-ragged,64 KiB single,65536,1,97338864,99354891,4194304,0.9797088298350607,-0.020499863877360424
1,ba,1,gemma-3,4667f2089529e8e7657cfb6d1c19910ae71ff5f28aa7ab2ff2763330affad795,flat-ragged,64 KiB single,65536,1,96905777,99757839,4194304,0.9714101465249262,-0.02900650386570054
1,ba,2,gemma-3,4667f2089529e8e7657cfb6d1c19910ae71ff5f28aa7ab2ff2763330affad795,flat-ragged,64 KiB single,65536,1,90334898,90339719,4194304,0.9999466347687002,-5.3366655274456614e-05
1,ba,3,gemma-3,4667f2089529e8e7657cfb6d1c19910ae71ff5f28aa7ab2ff2763330affad795,flat-ragged,64 KiB single,65536,1,91461010,92073640,4194304,0.9933463041104924,-0.006675930406694549
1,ba,4,gemma-3,4667f2089529e8e7657cfb6d1c19910ae71ff5f28aa7ab2ff2763330affad795,flat-ragged,64 KiB single,65536,1,92463907,93116176,4194304,0.9929951053831936,-0.007029544069763595
1,ba,5,gemma-3,4667f2089529e8e7657cfb6d1c19910ae71ff5f28aa7ab2ff2763330affad795,flat-ragged,64 KiB single,65536,1,102974457,102383319,4194304,1.005773772581059,0.00575716823862411
1,ba,0,gemma-3,4667f2089529e8e7657cfb6d1c19910ae71ff5f28aa7ab2ff2763330affad795,nested,140-byte batch 1,140,1,233242363,243246696,4194400,0.9588716592475319,-0.041998040742085074
1,ba,1,gemma-3,4667f2089529e8e7657cfb6d1c19910ae71ff5f28aa7ab2ff2763330affad795,nested,140-byte batch 1,140,1,220855703,225635693,4194400,0.9788154527484266,-0.021412160096039513
1,ba,2,gemma-3,4667f2089529e8e7657cfb6d1c19910ae71ff5f28aa7ab2ff2763330affad795,nested,140-byte batch 1,140,1,218823668,219977163,4194400,0.9947562965888418,-0.005257499874733375
1,ba,3,gemma-3,4667f2089529e8e7657cfb6d1c19910ae71ff5f28aa7ab2ff2763330affad795,nested,140-byte batch 1,140,1,172407468,175435764,4194400,0.9827384341085663,-0.017412283654467176
1,ba,4,gemma-3,4667f2089529e8e7657cfb6d1c19910ae71ff5f28aa7ab2ff2763330affad795,nested,140-byte batch 1,140,1,171496747,175021320,4194400,0.9798620362364996,-0.020343496578372963
1,ba,5,gemma-3,4667f2089529e8e7657cfb6d1c19910ae71ff5f28aa7ab2ff2763330affad795,nested,140-byte batch 1,140,1,174583724,181968364,4194400,0.9594180008124928,-0.041428427517233565
1,ba,0,gemma-3,4667f2089529e8e7657cfb6d1c19910ae71ff5f28aa7ab2ff2763330affad795,nested,140-byte batch 32,140,32,57629510,59040603,4197760,0.9760996174107504,-0.024190630758316938
1,ba,1,gemma-3,4667f2089529e8e7657cfb6d1c19910ae71ff5f28aa7ab2ff2763330affad795,nested,140-byte batch 32,140,32,56741689,58452380,4197760,0.9707335954498345,-0.029703209354420106
1,ba,2,gemma-3,4667f2089529e8e7657cfb6d1c19910ae71ff5f28aa7ab2ff2763330affad795,nested,140-byte batch 32,140,32,56034369,57226137,4197760,0.9791744111611098,-0.0210454999581898
1,ba,3,gemma-3,4667f2089529e8e7657cfb6d1c19910ae71ff5f28aa7ab2ff2763330affad795,nested,140-byte batch 32,140,32,55816515,54860744,4197760,1.0174217651878728,0.01727174612823516
1,ba,4,gemma-3,4667f2089529e8e7657cfb6d1c19910ae71ff5f28aa7ab2ff2763330affad795,nested,140-byte batch 32,140,32,54415015,57054936,4197760,0.9537301908462399,-0.047374466354090046
1,ba,5,gemma-3,4667f2089529e8e7657cfb6d1c19910ae71ff5f28aa7ab2ff2763330affad795,nested,140-byte batch 32,140,32,56677506,55680444,4197760,1.0179068615185611,0.017748422310654578
1,ba,0,gemma-3,4667f2089529e8e7657cfb6d1c19910ae71ff5f28aa7ab2ff2763330affad795,nested,140-byte batch 512,140,512,44365712,44237490,4229120,1.002898491754392,0.002894299226551267
1,ba,1,gemma-3,4667f2089529e8e7657cfb6d1c19910ae71ff5f28aa7ab2ff2763330affad795,nested,140-byte batch 512,140,512,44602870,43666025,4229120,1.0214547809194907,0.021227866962859453
1,ba,2,gemma-3,4667f2089529e8e7657cfb6d1c19910ae71ff5f28aa7ab2ff2763330affad795,nested,140-byte batch 512,140,512,43856162,43468166,4229120,1.0089259804519932,0.008886379366366645
1,ba,3,gemma-3,4667f2089529e8e7657cfb6d1c19910ae71ff5f28aa7ab2ff2763330affad795,nested,140-byte batch 512,140,512,42178257,42726183,4229120,0.9871758729301889,-0.01290706603021087
1,ba,4,gemma-3,4667f2089529e8e7657cfb6d1c19910ae71ff5f28aa7ab2ff2763330affad795,nested,140-byte batch 512,140,512,42036613,42570558,4229120,0.9874574112935047,-0.012621910940936445
1,ba,5,gemma-3,4667f2089529e8e7657cfb6d1c19910ae71ff5f28aa7ab2ff2763330affad795,nested,140-byte batch 512,140,512,43368417,43134168,4229120,1.005430706348619,0.005416013234882377
1,ba,0,gemma-3,4667f2089529e8e7657cfb6d1c19910ae71ff5f28aa7ab2ff2763330affad795,nested,4 KiB single,4096,1,148576409,154100111,4194304,0.9641551069356465,-0.03650309800366057
1,ba,1,gemma-3,4667f2089529e8e7657cfb6d1c19910ae71ff5f28aa7ab2ff2763330affad795,nested,4 KiB single,4096,1,150798324,147189950,4194304,1.0245150840801291,0.02421941194629136
1,ba,2,gemma-3,4667f2089529e8e7657cfb6d1c19910ae71ff5f28aa7ab2ff2763330affad795,nested,4 KiB single,4096,1,154575163,148788831,4194304,1.0388895588540514,0.03815241085042102
1,ba,3,gemma-3,4667f2089529e8e7657cfb6d1c19910ae71ff5f28aa7ab2ff2763330affad795,nested,4 KiB single,4096,1,154650588,149587959,4194304,1.0338438269620351,0.03328372692456909
1,ba,4,gemma-3,4667f2089529e8e7657cfb6d1c19910ae71ff5f28aa7ab2ff2763330affad795,nested,4 KiB single,4096,1,147921828,156123527,4194304,0.947466604440726,-0.05396358861955814
1,ba,5,gemma-3,4667f2089529e8e7657cfb6d1c19910ae71ff5f28aa7ab2ff2763330affad795,nested,4 KiB single,4096,1,146379865,146810150,4194304,0.997069105916723,-0.002935197564095264
1,ba,0,gemma-3,4667f2089529e8e7657cfb6d1c19910ae71ff5f28aa7ab2ff2763330affad795,nested,64 KiB single,65536,1,84763573,86275865,4194304,0.9824714362469736,-0.01768400818349895
1,ba,1,gemma-3,4667f2089529e8e7657cfb6d1c19910ae71ff5f28aa7ab2ff2763330affad795,nested,64 KiB single,65536,1,83463253,85764312,4194304,0.973169970744941,-0.027196524750084394
1,ba,2,gemma-3,4667f2089529e8e7657cfb6d1c19910ae71ff5f28aa7ab2ff2763330affad795,nested,64 KiB single,65536,1,85983771,90019246,4194304,0.9551709753267651,-0.04586492276990409
1,ba,3,gemma-3,4667f2089529e8e7657cfb6d1c19910ae71ff5f28aa7ab2ff2763330affad795,nested,64 KiB single,65536,1,101470809,103372484,4194304,0.9816036635048839,-0.01856765341546031
1,ba,4,gemma-3,4667f2089529e8e7657cfb6d1c19910ae71ff5f28aa7ab2ff2763330affad795,nested,64 KiB single,65536,1,108351496,109800250,4194304,0.9868055491676931,-0.013282270946219352
1,ba,5,gemma-3,4667f2089529e8e7657cfb6d1c19910ae71ff5f28aa7ab2ff2763330affad795,nested,64 KiB single,65536,1,88792223,91734103,4194304,0.9679303562820034,-0.03259514028346279
1,ba,0,glm-4-7,9340665016419c825c4bdabbcc9acc43b7ca2c68ce142724afa829abb1be5efd,flat-ragged,140-byte batch 1,140,1,57419972,62129060,4194400,0.9242047441245691,-0.07882164733628394
1,ba,1,glm-4-7,9340665016419c825c4bdabbcc9acc43b7ca2c68ce142724afa829abb1be5efd,flat-ragged,140-byte batch 1,140,1,57522765,60887309,4194400,0.9447414567130894,-0.05684397970097894
1,ba,2,glm-4-7,9340665016419c825c4bdabbcc9acc43b7ca2c68ce142724afa829abb1be5efd,flat-ragged,140-byte batch 1,140,1,57627392,55421152,4194400,1.0398086275795928,0.03903668427830735
1,ba,3,glm-4-7,9340665016419c825c4bdabbcc9acc43b7ca2c68ce142724afa829abb1be5efd,flat-ragged,140-byte batch 1,140,1,59753348,62433670,4194400,0.9570692864923687,-0.043879490471366876
1,ba,4,glm-4-7,9340665016419c825c4bdabbcc9acc43b7ca2c68ce142724afa829abb1be5efd,flat-ragged,140-byte batch 1,140,1,54693639,56877711,4194400,0.961600564410899,-0.03915612825159597
1,ba,5,glm-4-7,9340665016419c825c4bdabbcc9acc43b7ca2c68ce142724afa829abb1be5efd,flat-ragged,140-byte batch 1,140,1,52044454,56804473,4194400,0.9162034475700531,-0.08751683463540372
1,ba,0,glm-4-7,9340665016419c825c4bdabbcc9acc43b7ca2c68ce142724afa829abb1be5efd,flat-ragged,140-byte batch 32,140,32,55747311,56542309,4197760,0.985939767687945,-0.014160013783002384
1,ba,1,glm-4-7,9340665016419c825c4bdabbcc9acc43b7ca2c68ce142724afa829abb1be5efd,flat-ragged,140-byte batch 32,140,32,52864338,53293544,4197760,0.9919463790961247,-0.008086226488717622
1,ba,2,glm-4-7,9340665016419c825c4bdabbcc9acc43b7ca2c68ce142724afa829abb1be5efd,flat-ragged,140-byte batch 32,140,32,52612350,54743905,4197760,0.9610631539712047,-0.03971515523957298
1,ba,3,glm-4-7,9340665016419c825c4bdabbcc9acc43b7ca2c68ce142724afa829abb1be5efd,flat-ragged,140-byte batch 32,140,32,60998785,59346678,4197760,1.0278382388985614,0.027457799494310316
1,ba,4,glm-4-7,9340665016419c825c4bdabbcc9acc43b7ca2c68ce142724afa829abb1be5efd,flat-ragged,140-byte batch 32,140,32,52415249,52090717,4197760,1.0062301311767317,0.006210804141264645
1,ba,5,glm-4-7,9340665016419c825c4bdabbcc9acc43b7ca2c68ce142724afa829abb1be5efd,flat-ragged,140-byte batch 32,140,32,49136209,48827074,4197760,1.0063312210762414,0.006311263090733783
1,ba,0,glm-4-7,9340665016419c825c4bdabbcc9acc43b7ca2c68ce142724afa829abb1be5efd,flat-ragged,140-byte batch 512,140,512,18975080,18783678,4229120,1.0101898041480482,0.010138238096553743
1,ba,1,glm-4-7,9340665016419c825c4bdabbcc9acc43b7ca2c68ce142724afa829abb1be5efd,flat-ragged,140-byte batch 512,140,512,18576051,17792216,4229120,1.04405493953086,0.04311211214755411
1,ba,2,glm-4-7,9340665016419c825c4bdabbcc9acc43b7ca2c68ce142724afa829abb1be5efd,flat-ragged,140-byte batch 512,140,512,17492906,17226039,4229120,1.015492069883274,0.01537329293176396
1,ba,3,glm-4-7,9340665016419c825c4bdabbcc9acc43b7ca2c68ce142724afa829abb1be5efd,flat-ragged,140-byte batch 512,140,512,16138295,15382149,4229120,1.049157370663878,0.0479873378609748
1,ba,4,glm-4-7,9340665016419c825c4bdabbcc9acc43b7ca2c68ce142724afa829abb1be5efd,flat-ragged,140-byte batch 512,140,512,15200318,15004977,4229120,1.0130184138236267,0.012934402617257005
1,ba,5,glm-4-7,9340665016419c825c4bdabbcc9acc43b7ca2c68ce142724afa829abb1be5efd,flat-ragged,140-byte batch 512,140,512,15091362,15119974,4229120,0.9981076687036631,-0.001894124017175976
1,ba,0,glm-4-7,9340665016419c825c4bdabbcc9acc43b7ca2c68ce142724afa829abb1be5efd,flat-ragged,4 KiB single,4096,1,43119346,45870364,4194304,0.940026244396055,-0.061847484537560164
1,ba,1,glm-4-7,9340665016419c825c4bdabbcc9acc43b7ca2c68ce142724afa829abb1be5efd,flat-ragged,4 KiB single,4096,1,43294790,45240031,4194304,0.9570017757061219,-0.04395003203861385
1,ba,2,glm-4-7,9340665016419c825c4bdabbcc9acc43b7ca2c68ce142724afa829abb1be5efd,flat-ragged,4 KiB single,4096,1,39968539,41036655,4194304,0.9739716602145082,-0.026373072051913127
1,ba,3,glm-4-7,9340665016419c825c4bdabbcc9acc43b7ca2c68ce142724afa829abb1be5efd,flat-ragged,4 KiB single,4096,1,38808249,42710906,4194304,0.9086262183246593,-0.09582147033392857
1,ba,4,glm-4-7,9340665016419c825c4bdabbcc9acc43b7ca2c68ce142724afa829abb1be5efd,flat-ragged,4 KiB single,4096,1,45188141,46122807,4194304,0.9797352750018011,-0.020472871357720017
1,ba,5,glm-4-7,9340665016419c825c4bdabbcc9acc43b7ca2c68ce142724afa829abb1be5efd,flat-ragged,4 KiB single,4096,1,43052503,44702614,4194304,0.9630869237311268,-0.03761160777763181
1,ba,0,glm-4-7,9340665016419c825c4bdabbcc9acc43b7ca2c68ce142724afa829abb1be5efd,flat-ragged,64 KiB single,65536,1,18370173,19123952,4194304,0.9605845590911335,-0.04021326411427816
1,ba,1,glm-4-7,9340665016419c825c4bdabbcc9acc43b7ca2c68ce142724afa829abb1be5efd,flat-ragged,64 KiB single,65536,1,17618181,18614110,4194304,0.9464960183430742,-0.0549885150578527
1,ba,2,glm-4-7,9340665016419c825c4bdabbcc9acc43b7ca2c68ce142724afa829abb1be5efd,flat-ragged,64 KiB single,65536,1,17573655,17242778,4194304,1.0191893092864734,0.0190075164621393
1,ba,3,glm-4-7,9340665016419c825c4bdabbcc9acc43b7ca2c68ce142724afa829abb1be5efd,flat-ragged,64 KiB single,65536,1,18015620,18855556,4194304,0.9554541907966013,-0.045568459102480294
1,ba,4,glm-4-7,9340665016419c825c4bdabbcc9acc43b7ca2c68ce142724afa829abb1be5efd,flat-ragged,64 KiB single,65536,1,17619908,17574663,4194304,1.0025744448129674,0.0025711366065666805
1,ba,5,glm-4-7,9340665016419c825c4bdabbcc9acc43b7ca2c68ce142724afa829abb1be5efd,flat-ragged,64 KiB single,65536,1,17624206,17175207,4194304,1.026142275898043,0.02580640760064631
1,ba,0,glm-4-7,9340665016419c825c4bdabbcc9acc43b7ca2c68ce142724afa829abb1be5efd,nested,140-byte batch 1,140,1,65408023,69714867,4194400,0.9382220151119273,-0.06376866809776012
1,ba,1,glm-4-7,9340665016419c825c4bdabbcc9acc43b7ca2c68ce142724afa829abb1be5efd,nested,140-byte batch 1,140,1,59199757,62071736,4194400,0.9537312924516885,-0.047373311305394926
1,ba,2,glm-4-7,9340665016419c825c4bdabbcc9acc43b7ca2c68ce142724afa829abb1be5efd,nested,140-byte batch 1,140,1,57084185,58882536,4194400,0.9694586693752456,-0.031017436074324417
1,ba,3,glm-4-7,9340665016419c825c4bdabbcc9acc43b7ca2c68ce142724afa829abb1be5efd,nested,140-byte batch 1,140,1,62062132,63804683,4194400,0.9726892930413901,-0.02769057662965654
1,ba,4,glm-4-7,9340665016419c825c4bdabbcc9acc43b7ca2c68ce142724afa829abb1be5efd,nested,140-byte batch 1,140,1,55663263,56702825,4194400,0.9816664866344843,-0.018503654958989754
1,ba,5,glm-4-7,9340665016419c825c4bdabbcc9acc43b7ca2c68ce142724afa829abb1be5efd,nested,140-byte batch 1,140,1,54827494,54689707,4194400,1.0025194320386468,0.0025162635904255977
1,ba,0,glm-4-7,9340665016419c825c4bdabbcc9acc43b7ca2c68ce142724afa829abb1be5efd,nested,140-byte batch 32,140,32,66800866,66398902,4197760,1.0060537748048906,0.006035524329337124
1,ba,1,glm-4-7,9340665016419c825c4bdabbcc9acc43b7ca2c68ce142724afa829abb1be5efd,nested,140-byte batch 32,140,32,59449883,63566364,4197760,0.9352412071264607,-0.06695080742709529
1,ba,2,glm-4-7,9340665016419c825c4bdabbcc9acc43b7ca2c68ce142724afa829abb1be5efd,nested,140-byte batch 32,140,32,59140885,59598617,4197760,0.9923197546681326,-0.0077098903006818835
1,ba,3,glm-4-7,9340665016419c825c4bdabbcc9acc43b7ca2c68ce142724afa829abb1be5efd,nested,140-byte batch 32,140,32,64079845,66218279,4197760,0.9677062884705898,-0.03282665874848244
1,ba,4,glm-4-7,9340665016419c825c4bdabbcc9acc43b7ca2c68ce142724afa829abb1be5efd,nested,140-byte batch 32,140,32,56075694,58192503,4197760,0.9636240255896881,-0.037054075395658866
1,ba,5,glm-4-7,9340665016419c825c4bdabbcc9acc43b7ca2c68ce142724afa829abb1be5efd,nested,140-byte batch 32,140,32,55356178,57943194,4197760,0.9553525475312942,-0.04567484690545818
1,ba,0,glm-4-7,9340665016419c825c4bdabbcc9acc43b7ca2c68ce142724afa829abb1be5efd,nested,140-byte batch 512,140,512,22365719,22286266,4229120,1.0035651104586116,0.003558770516248914
1,ba,1,glm-4-7,9340665016419c825c4bdabbcc9acc43b7ca2c68ce142724afa829abb1be5efd,nested,140-byte batch 512,140,512,22138933,20749206,4229120,1.0669773580733644,0.06482975191954897
1,ba,2,glm-4-7,9340665016419c825c4bdabbcc9acc43b7ca2c68ce142724afa829abb1be5efd,nested,140-byte batch 512,140,512,21294373,20612725,4229120,1.0330692812328306,0.03253425587773187
1,ba,3,glm-4-7,9340665016419c825c4bdabbcc9acc43b7ca2c68ce142724afa829abb1be5efd,nested,140-byte batch 512,140,512,18497369,18277177,4229120,1.012047374712189,0.01197538272629001
1,ba,4,glm-4-7,9340665016419c825c4bdabbcc9acc43b7ca2c68ce142724afa829abb1be5efd,nested,140-byte batch 512,140,512,18120524,17125246,4229120,1.0581175885006264,0.05649146951038485
1,ba,5,glm-4-7,9340665016419c825c4bdabbcc9acc43b7ca2c68ce142724afa829abb1be5efd,nested,140-byte batch 512,140,512,17572374,17774153,4229120,0.988647616569971,-0.011417313610728546
1,ba,0,glm-4-7,9340665016419c825c4bdabbcc9acc43b7ca2c68ce142724afa829abb1be5efd,nested,4 KiB single,4096,1,47501943,51853983,4194304,0.9160712495315934,-0.08766113400153945
1,ba,1,glm-4-7,9340665016419c825c4bdabbcc9acc43b7ca2c68ce142724afa829abb1be5efd,nested,4 KiB single,4096,1,44487726,47199939,4194304,0.9425377859068843,-0.059179269315711956
1,ba,2,glm-4-7,9340665016419c825c4bdabbcc9acc43b7ca2c68ce142724afa829abb1be5efd,nested,4 KiB single,4096,1,42664975,44861970,4194304,0.9510276744422949,-0.0502121165002225
1,ba,3,glm-4-7,9340665016419c825c4bdabbcc9acc43b7ca2c68ce142724afa829abb1be5efd,nested,4 KiB single,4096,1,41714539,43601301,4194304,0.9567269334463208,-0.04423726424699979
1,ba,4,glm-4-7,9340665016419c825c4bdabbcc9acc43b7ca2c68ce142724afa829abb1be5efd,nested,4 KiB single,4096,1,45437288,48759085,4194304,0.9318732703864315,-0.07055844952234128
1,ba,5,glm-4-7,9340665016419c825c4bdabbcc9acc43b7ca2c68ce142724afa829abb1be5efd,nested,4 KiB single,4096,1,45956549,47281029,4194304,0.9719870732931807,-0.028412773691221374
1,ba,0,glm-4-7,9340665016419c825c4bdabbcc9acc43b7ca2c68ce142724afa829abb1be5efd,nested,64 KiB single,65536,1,45161882,47333572,4194304,0.9541194566934437,-0.046966398713007895
1,ba,1,glm-4-7,9340665016419c825c4bdabbcc9acc43b7ca2c68ce142724afa829abb1be5efd,nested,64 KiB single,65536,1,41401655,42047711,4194304,0.9846351683686182,-0.015484093863446494
1,ba,2,glm-4-7,9340665016419c825c4bdabbcc9acc43b7ca2c68ce142724afa829abb1be5efd,nested,64 KiB single,65536,1,41775635,42853663,4194304,0.9748439707476114,-0.025477850792906806
1,ba,3,glm-4-7,9340665016419c825c4bdabbcc9acc43b7ca2c68ce142724afa829abb1be5efd,nested,64 KiB single,65536,1,38691386,40987332,4194304,0.9439840094983494,-0.05764605207083598
1,ba,4,glm-4-7,9340665016419c825c4bdabbcc9acc43b7ca2c68ce142724afa829abb1be5efd,nested,64 KiB single,65536,1,41182065,41886699,4194304,0.9831776192246613,-0.01696548418644662
1,ba,5,glm-4-7,9340665016419c825c4bdabbcc9acc43b7ca2c68ce142724afa829abb1be5efd,nested,64 KiB single,65536,1,42106749,42935879,4194304,0.9806891108482955,-0.01949978009376204
1,ba,0,gpt-2,8414cab924d8b9b33013f0d221c5862f365ee9be39c5c2bfae8a5a9e970478a6,flat-ragged,140-byte batch 1,140,1,30989955,31896606,4194400,0.9715753143140057,-0.028836489428839006
1,ba,1,gpt-2,8414cab924d8b9b33013f0d221c5862f365ee9be39c5c2bfae8a5a9e970478a6,flat-ragged,140-byte batch 1,140,1,31121256,31736856,4194400,0.9806029935668485,-0.019587596978670106
1,ba,2,gpt-2,8414cab924d8b9b33013f0d221c5862f365ee9be39c5c2bfae8a5a9e970478a6,flat-ragged,140-byte batch 1,140,1,37148021,37520426,4194400,0.9900746062957814,-0.009974978798187003
1,ba,3,gpt-2,8414cab924d8b9b33013f0d221c5862f365ee9be39c5c2bfae8a5a9e970478a6,flat-ragged,140-byte batch 1,140,1,33682912,33744414,4194400,0.998177416860758,-0.0018242460647455597
1,ba,4,gpt-2,8414cab924d8b9b33013f0d221c5862f365ee9be39c5c2bfae8a5a9e970478a6,flat-ragged,140-byte batch 1,140,1,31486842,31997054,4194400,0.9840544070088453,-0.016074091782756213
1,ba,5,gpt-2,8414cab924d8b9b33013f0d221c5862f365ee9be39c5c2bfae8a5a9e970478a6,flat-ragged,140-byte batch 1,140,1,23325045,23685210,4194400,0.9847936750402466,-0.015323126715533384
1,ba,0,gpt-2,8414cab924d8b9b33013f0d221c5862f365ee9be39c5c2bfae8a5a9e970478a6,flat-ragged,140-byte batch 32,140,32,27466920,28494920,4197760,0.9639233940646262,-0.03674345426717953
1,ba,1,gpt-2,8414cab924d8b9b33013f0d221c5862f365ee9be39c5c2bfae8a5a9e970478a6,flat-ragged,140-byte batch 32,140,32,27348736,28613048,4197760,0.9558134456699615,-0.045192525485715486
1,ba,2,gpt-2,8414cab924d8b9b33013f0d221c5862f365ee9be39c5c2bfae8a5a9e970478a6,flat-ragged,140-byte batch 32,140,32,33403837,34492305,4197760,0.9684431643521649,-0.032065482057210985
1,ba,3,gpt-2,8414cab924d8b9b33013f0d221c5862f365ee9be39c5c2bfae8a5a9e970478a6,flat-ragged,140-byte batch 32,140,32,29427243,30607252,4197760,0.9614467512470574,-0.03931609640517938
1,ba,4,gpt-2,8414cab924d8b9b33013f0d221c5862f365ee9be39c5c2bfae8a5a9e970478a6,flat-ragged,140-byte batch 32,140,32,27717337,29490521,4197760,0.9398727475855716,-0.06201078779106391
1,ba,5,gpt-2,8414cab924d8b9b33013f0d221c5862f365ee9be39c5c2bfae8a5a9e970478a6,flat-ragged,140-byte batch 32,140,32,20951786,21302534,4197760,0.9835349165503033,-0.0166021394443213
1,ba,0,gpt-2,8414cab924d8b9b33013f0d221c5862f365ee9be39c5c2bfae8a5a9e970478a6,flat-ragged,140-byte batch 512,140,512,11483033,11751595,4229120,0.9771467617799967,-0.023118421455157252
1,ba,1,gpt-2,8414cab924d8b9b33013f0d221c5862f365ee9be39c5c2bfae8a5a9e970478a6,flat-ragged,140-byte batch 512,140,512,12152658,12435265,4229120,0.9772737452720147,-0.022988476551551805
1,ba,2,gpt-2,8414cab924d8b9b33013f0d221c5862f365ee9be39c5c2bfae8a5a9e970478a6,flat-ragged,140-byte batch 512,140,512,11262528,11795763,4229120,0.9547943613312678,-0.04625929013684001
1,ba,3,gpt-2,8414cab924d8b9b33013f0d221c5862f365ee9be39c5c2bfae8a5a9e970478a6,flat-ragged,140-byte batch 512,140,512,10147940,10237212,4229120,0.991279657000363,-0.008758587690863833
1,ba,4,gpt-2,8414cab924d8b9b33013f0d221c5862f365ee9be39c5c2bfae8a5a9e970478a6,flat-ragged,140-byte batch 512,140,512,9356454,10047708,4229120,0.9312028175978044,-0.07127817623870322
1,ba,5,gpt-2,8414cab924d8b9b33013f0d221c5862f365ee9be39c5c2bfae8a5a9e970478a6,flat-ragged,140-byte batch 512,140,512,9807995,9955214,4229120,0.9852118698804466,-0.014898564614619523
1,ba,0,gpt-2,8414cab924d8b9b33013f0d221c5862f365ee9be39c5c2bfae8a5a9e970478a6,flat-ragged,4 KiB single,4096,1,20935662,22407967,4194304,0.9342954673219575,-0.06796254461107419
1,ba,1,gpt-2,8414cab924d8b9b33013f0d221c5862f365ee9be39c5c2bfae8a5a9e970478a6,flat-ragged,4 KiB single,4096,1,21786456,22912298,4194304,0.9508629819671515,-0.050385304664326495
1,ba,2,gpt-2,8414cab924d8b9b33013f0d221c5862f365ee9be39c5c2bfae8a5a9e970478a6,flat-ragged,4 KiB single,4096,1,21329031,22149809,4194304,0.9629442402866769,-0.03775977095108044
1,ba,3,gpt-2,8414cab924d8b9b33013f0d221c5862f365ee9be39c5c2bfae8a5a9e970478a6,flat-ragged,4 KiB single,4096,1,25978326,26058159,4194304,0.9969363530247858,-0.0030683495487481708
1,ba,4,gpt-2,8414cab924d8b9b33013f0d221c5862f365ee9be39c5c2bfae8a5a9e970478a6,flat-ragged,4 KiB single,4096,1,25490444,25798222,4194304,0.988069797988404,-0.012001937992310804
1,ba,5,gpt-2,8414cab924d8b9b33013f0d221c5862f365ee9be39c5c2bfae8a5a9e970478a6,flat-ragged,4 KiB single,4096,1,23375995,24247488,4194304,0.9640584212269742,-0.03660338327532916
1,ba,0,gpt-2,8414cab924d8b9b33013f0d221c5862f365ee9be39c5c2bfae8a5a9e970478a6,flat-ragged,64 KiB single,65536,1,20542437,20620007,4194304,0.9962381196087858,-0.003768974059195036
1,ba,1,gpt-2,8414cab924d8b9b33013f0d221c5862f365ee9be39c5c2bfae8a5a9e970478a6,flat-ragged,64 KiB single,65536,1,20682849,21371901,4194304,0.9677589747397763,-0.03277221574689412
1,ba,2,gpt-2,8414cab924d8b9b33013f0d221c5862f365ee9be39c5c2bfae8a5a9e970478a6,flat-ragged,64 KiB single,65536,1,19328338,19340834,4194304,0.9993539058346709,-0.0006463029741092953
1,ba,3,gpt-2,8414cab924d8b9b33013f0d221c5862f365ee9be39c5c2bfae8a5a9e970478a6,flat-ragged,64 KiB single,65536,1,23056114,22970698,4194304,1.0037184764694569,0.0037115800267161435
1,ba,4,gpt-2,8414cab924d8b9b33013f0d221c5862f365ee9be39c5c2bfae8a5a9e970478a6,flat-ragged,64 KiB single,65536,1,23490254,24531737,4194304,0.957545484854986,-0.043382055290605646
1,ba,5,gpt-2,8414cab924d8b9b33013f0d221c5862f365ee9be39c5c2bfae8a5a9e970478a6,flat-ragged,64 KiB single,65536,1,22051128,22276122,4194304,0.9898997680116853,-0.010151585411706049
1,ba,0,gpt-2,8414cab924d8b9b33013f0d221c5862f365ee9be39c5c2bfae8a5a9e970478a6,nested,140-byte batch 1,140,1,33364851,36374278,4194400,0.9172649694930027,-0.08635889590934773
1,ba,1,gpt-2,8414cab924d8b9b33013f0d221c5862f365ee9be39c5c2bfae8a5a9e970478a6,nested,140-byte batch 1,140,1,31807876,33259115,4194400,0.9563656759958886,-0.044614932795760134
1,ba,2,gpt-2,8414cab924d8b9b33013f0d221c5862f365ee9be39c5c2bfae8a5a9e970478a6,nested,140-byte batch 1,140,1,38110216,38891499,4194400,0.9799112140162044,-0.020293309364409515
1,ba,3,gpt-2,8414cab924d8b9b33013f0d221c5862f365ee9be39c5c2bfae8a5a9e970478a6,nested,140-byte batch 1,140,1,33742775,34981735,4194400,0.9645826600653169,-0.0360597478043865
1,ba,4,gpt-2,8414cab924d8b9b33013f0d221c5862f365ee9be39c5c2bfae8a5a9e970478a6,nested,140-byte batch 1,140,1,32278094,32974553,4194400,0.978878894886005,-0.02134734697781477
1,ba,5,gpt-2,8414cab924d8b9b33013f0d221c5862f365ee9be39c5c2bfae8a5a9e970478a6,nested,140-byte batch 1,140,1,24761953,25600609,4194400,0.9672407793111484,-0.033307818337985955
1,ba,0,gpt-2,8414cab924d8b9b33013f0d221c5862f365ee9be39c5c2bfae8a5a9e970478a6,nested,140-byte batch 32,140,32,34439879,35095865,4197760,0.9813087382231497,-0.018868151067514365
1,ba,1,gpt-2,8414cab924d8b9b33013f0d221c5862f365ee9be39c5c2bfae8a5a9e970478a6,nested,140-byte batch 32,140,32,32462441,33801030,4197760,0.9603979819549877,-0.04040751589194488
1,ba,2,gpt-2,8414cab924d8b9b33013f0d221c5862f365ee9be39c5c2bfae8a5a9e970478a6,nested,140-byte batch 32,140,32,36667081,38032459,4197760,0.9640996654988835,-0.036560602268730626
1,ba,3,gpt-2,8414cab924d8b9b33013f0d221c5862f365ee9be39c5c2bfae8a5a9e970478a6,nested,140-byte batch 32,140,32,34478606,35689754,4197760,0.9660645461439717,-0.03452462904741704
1,ba,4,gpt-2,8414cab924d8b9b33013f0d221c5862f365ee9be39c5c2bfae8a5a9e970478a6,nested,140-byte batch 32,140,32,31702781,32844434,4197760,0.9652405944946411,-0.03537788799856147
1,ba,5,gpt-2,8414cab924d8b9b33013f0d221c5862f365ee9be39c5c2bfae8a5a9e970478a6,nested,140-byte batch 32,140,32,26199206,25019676,4197760,1.0471440957109117,0.046066549649693554
1,ba,0,gpt-2,8414cab924d8b9b33013f0d221c5862f365ee9be39c5c2bfae8a5a9e970478a6,nested,140-byte batch 512,140,512,14896525,14804173,4229120,1.0062382410689201,0.006218863788114611
1,ba,1,gpt-2,8414cab924d8b9b33013f0d221c5862f365ee9be39c5c2bfae8a5a9e970478a6,nested,140-byte batch 512,140,512,14168470,14395414,4229120,0.9842349792788175,-0.01589061035798522
1,ba,2,gpt-2,8414cab924d8b9b33013f0d221c5862f365ee9be39c5c2bfae8a5a9e970478a6,nested,140-byte batch 512,140,512,13667112,14134025,4229120,0.9669653195038215,-0.03359264818042928
1,ba,3,gpt-2,8414cab924d8b9b33013f0d221c5862f365ee9be39c5c2bfae8a5a9e970478a6,nested,140-byte batch 512,140,512,13089884,12940250,4229120,1.0115634551109909,0.011497109331731327
1,ba,4,gpt-2,8414cab924d8b9b33013f0d221c5862f365ee9be39c5c2bfae8a5a9e970478a6,nested,140-byte batch 512,140,512,12236271,12709336,4229120,0.9627781498577109,-0.03793226770370465
1,ba,5,gpt-2,8414cab924d8b9b33013f0d221c5862f365ee9be39c5c2bfae8a5a9e970478a6,nested,140-byte batch 512,140,512,12621413,12411497,4229120,1.0169130282994872,0.01677159551328297
1,ba,0,gpt-2,8414cab924d8b9b33013f0d221c5862f365ee9be39c5c2bfae8a5a9e970478a6,nested,4 KiB single,4096,1,23081535,23945914,4194304,0.9639028604211975,-0.03676475664687447
1,ba,1,gpt-2,8414cab924d8b9b33013f0d221c5862f365ee9be39c5c2bfae8a5a9e970478a6,nested,4 KiB single,4096,1,23442804,22711113,4194304,1.0322173114104976,0.03170921796416103
1,ba,2,gpt-2,8414cab924d8b9b33013f0d221c5862f365ee9be39c5c2bfae8a5a9e970478a6,nested,4 KiB single,4096,1,22855875,23404510,4194304,0.9765585778125669,-0.02372054294531293
1,ba,3,gpt-2,8414cab924d8b9b33013f0d221c5862f365ee9be39c5c2bfae8a5a9e970478a6,nested,4 KiB single,4096,1,26955081,27112161,4194304,0.9942062899375671,-0.005810558709544984
1,ba,4,gpt-2,8414cab924d8b9b33013f0d221c5862f365ee9be39c5c2bfae8a5a9e970478a6,nested,4 KiB single,4096,1,25493106,26543286,4194304,0.9604351925379548,-0.040368771680874486
1,ba,5,gpt-2,8414cab924d8b9b33013f0d221c5862f365ee9be39c5c2bfae8a5a9e970478a6,nested,4 KiB single,4096,1,24056059,25720404,4194304,0.9352908686815339,-0.06689770857278846
1,ba,0,gpt-2,8414cab924d8b9b33013f0d221c5862f365ee9be39c5c2bfae8a5a9e970478a6,nested,64 KiB single,65536,1,22303581,23643499,4194304,0.9433282696440151,-0.058340944895905765
1,ba,1,gpt-2,8414cab924d8b9b33013f0d221c5862f365ee9be39c5c2bfae8a5a9e970478a6,nested,64 KiB single,65536,1,21335144,21208276,4194304,1.0059820043835719,0.005964183230842284
1,ba,2,gpt-2,8414cab924d8b9b33013f0d221c5862f365ee9be39c5c2bfae8a5a9e970478a6,nested,64 KiB single,65536,1,21693363,22415049,4194304,0.9678035055823434,-0.03272620241172397
1,ba,3,gpt-2,8414cab924d8b9b33013f0d221c5862f365ee9be39c5c2bfae8a5a9e970478a6,nested,64 KiB single,65536,1,23837773,24636610,4194304,0.9675752061667575,-0.03296212462711144
1,ba,4,gpt-2,8414cab924d8b9b33013f0d221c5862f365ee9be39c5c2bfae8a5a9e970478a6,nested,64 KiB single,65536,1,23789341,25741839,4194304,0.9241507959085596,-0.07888002162072903
1,ba,5,gpt-2,8414cab924d8b9b33013f0d221c5862f365ee9be39c5c2bfae8a5a9e970478a6,nested,64 KiB single,65536,1,22335784,23348664,4194304,0.9566193594631367,-0.044349710157806484
1,ba,0,gpt-oss,0614fe83cadab421296e664e1f48f4261fa8fef6e03e63bb75c20f38e37d07d3,flat-ragged,140-byte batch 1,140,1,49494734,56501013,4194400,0.8759972852168155,-0.1323922871181099
1,ba,1,gpt-oss,0614fe83cadab421296e664e1f48f4261fa8fef6e03e63bb75c20f38e37d07d3,flat-ragged,140-byte batch 1,140,1,49762167,54729879,4194400,0.9092321764497232,-0.09515479778204103
1,ba,2,gpt-oss,0614fe83cadab421296e664e1f48f4261fa8fef6e03e63bb75c20f38e37d07d3,flat-ragged,140-byte batch 1,140,1,50781162,53639576,4194400,0.9467107271690589,-0.05476169479385964
1,ba,3,gpt-oss,0614fe83cadab421296e664e1f48f4261fa8fef6e03e63bb75c20f38e37d07d3,flat-ragged,140-byte batch 1,140,1,54015924,58037834,4194400,0.9307019279871817,-0.07181621624734913
1,ba,4,gpt-oss,0614fe83cadab421296e664e1f48f4261fa8fef6e03e63bb75c20f38e37d07d3,flat-ragged,140-byte batch 1,140,1,47945468,50109770,4194400,0.9568087819999972,-0.04415171731618929
1,ba,5,gpt-oss,0614fe83cadab421296e664e1f48f4261fa8fef6e03e63bb75c20f38e37d07d3,flat-ragged,140-byte batch 1,140,1,42088864,46316075,4194400,0.9087312342421071,-0.09570590042508494
1,ba,0,gpt-oss,0614fe83cadab421296e664e1f48f4261fa8fef6e03e63bb75c20f38e37d07d3,flat-ragged,140-byte batch 32,140,32,49040715,52955162,4197760,0.9260799730911974,-0.07679468403574492
1,ba,1,gpt-oss,0614fe83cadab421296e664e1f48f4261fa8fef6e03e63bb75c20f38e37d07d3,flat-ragged,140-byte batch 32,140,32,45344642,52224285,4197760,0.8682673587584779,-0.1412555947464304
1,ba,2,gpt-oss,0614fe83cadab421296e664e1f48f4261fa8fef6e03e63bb75c20f38e37d07d3,flat-ragged,140-byte batch 32,140,32,48697633,50324511,4197760,0.96767225418246,-0.0328618294268622
1,ba,3,gpt-oss,0614fe83cadab421296e664e1f48f4261fa8fef6e03e63bb75c20f38e37d07d3,flat-ragged,140-byte batch 32,140,32,49974968,53609542,4197760,0.9322028529921035,-0.07020483455461243
1,ba,4,gpt-oss,0614fe83cadab421296e664e1f48f4261fa8fef6e03e63bb75c20f38e37d07d3,flat-ragged,140-byte batch 32,140,32,45392467,47535544,4197760,0.9549163253501421,-0.04613155977444456
1,ba,5,gpt-oss,0614fe83cadab421296e664e1f48f4261fa8fef6e03e63bb75c20f38e37d07d3,flat-ragged,140-byte batch 32,140,32,39510044,41168630,4197760,0.9597123829478902,-0.04112164050557736
1,ba,0,gpt-oss,0614fe83cadab421296e664e1f48f4261fa8fef6e03e63bb75c20f38e37d07d3,flat-ragged,140-byte batch 512,140,512,18160851,18189869,4229120,0.998404716383609,-0.0015965574362155983
1,ba,1,gpt-oss,0614fe83cadab421296e664e1f48f4261fa8fef6e03e63bb75c20f38e37d07d3,flat-ragged,140-byte batch 512,140,512,17594308,17788590,4229120,0.9890782799536108,-0.010981799881344899
1,ba,2,gpt-oss,0614fe83cadab421296e664e1f48f4261fa8fef6e03e63bb75c20f38e37d07d3,flat-ragged,140-byte batch 512,140,512,16436869,17109507,4229120,0.9606863014813928,-0.04010735256120951
1,ba,3,gpt-oss,0614fe83cadab421296e664e1f48f4261fa8fef6e03e63bb75c20f38e37d07d3,flat-ragged,140-byte batch 512,140,512,13905668,14307111,4229120,0.9719410159046086,-0.028460159588710753
1,ba,4,gpt-oss,0614fe83cadab421296e664e1f48f4261fa8fef6e03e63bb75c20f38e37d07d3,flat-ragged,140-byte batch 512,140,512,13571679,13912711,4229120,0.9754877392335685,-0.024817687697528946
1,ba,5,gpt-oss,0614fe83cadab421296e664e1f48f4261fa8fef6e03e63bb75c20f38e37d07d3,flat-ragged,140-byte batch 512,140,512,13729486,13547963,4229120,1.0133985455968546,0.013309578886799775
1,ba,0,gpt-oss,0614fe83cadab421296e664e1f48f4261fa8fef6e03e63bb75c20f38e37d07d3,flat-ragged,4 KiB single,4096,1,35656314,40885135,4194304,0.8721094842905618,-0.1368403075754897
1,ba,1,gpt-oss,0614fe83cadab421296e664e1f48f4261fa8fef6e03e63bb75c20f38e37d07d3,flat-ragged,4 KiB single,4096,1,37759496,39749834,4194304,0.9499283946695224,-0.05136867126039733
1,ba,2,gpt-oss,0614fe83cadab421296e664e1f48f4261fa8fef6e03e63bb75c20f38e37d07d3,flat-ragged,4 KiB single,4096,1,34494642,37298486,4194304,0.9248268683077377,-0.07814872838512969
1,ba,3,gpt-oss,0614fe83cadab421296e664e1f48f4261fa8fef6e03e63bb75c20f38e37d07d3,flat-ragged,4 KiB single,4096,1,35578694,37346536,4194304,0.952663829384337,-0.04849318741783926
1,ba,4,gpt-oss,0614fe83cadab421296e664e1f48f4261fa8fef6e03e63bb75c20f38e37d07d3,flat-ragged,4 KiB single,4096,1,42624287,45474370,4194304,0.937325508852569,-0.06472466235136505
1,ba,5,gpt-oss,0614fe83cadab421296e664e1f48f4261fa8fef6e03e63bb75c20f38e37d07d3,flat-ragged,4 KiB single,4096,1,38225105,40351348,4194304,0.9473067665546142,-0.054132303135961665
1,ba,0,gpt-oss,0614fe83cadab421296e664e1f48f4261fa8fef6e03e63bb75c20f38e37d07d3,flat-ragged,64 KiB single,65536,1,19418899,19918105,4194304,0.9749370735820501,-0.02538234998292595
1,ba,1,gpt-oss,0614fe83cadab421296e664e1f48f4261fa8fef6e03e63bb75c20f38e37d07d3,flat-ragged,64 KiB single,65536,1,19520281,19799606,4194304,0.9858923960406081,-0.014208062139467431
1,ba,2,gpt-oss,0614fe83cadab421296e664e1f48f4261fa8fef6e03e63bb75c20f38e37d07d3,flat-ragged,64 KiB single,65536,1,18378690,18816324,4194304,0.9767417907982452,-0.023532949691188024
1,ba,3,gpt-oss,0614fe83cadab421296e664e1f48f4261fa8fef6e03e63bb75c20f38e37d07d3,flat-ragged,64 KiB single,65536,1,18894505,19838709,4194304,0.9524059756106106,-0.048763890123456666
1,ba,4,gpt-oss,0614fe83cadab421296e664e1f48f4261fa8fef6e03e63bb75c20f38e37d07d3,flat-ragged,64 KiB single,65536,1,18495889,18656378,4194304,0.9913976335599547,-0.008639580366482194
1,ba,5,gpt-oss,0614fe83cadab421296e664e1f48f4261fa8fef6e03e63bb75c20f38e37d07d3,flat-ragged,64 KiB single,65536,1,18248060,18115362,4194304,1.0073251641341752,0.0072984654217333
1,ba,0,gpt-oss,0614fe83cadab421296e664e1f48f4261fa8fef6e03e63bb75c20f38e37d07d3,nested,140-byte batch 1,140,1,58018788,61180964,4194400,0.9483143809241057,-0.05306920625531118
1,ba,1,gpt-oss,0614fe83cadab421296e664e1f48f4261fa8fef6e03e63bb75c20f38e37d07d3,nested,140-byte batch 1,140,1,51884719,53736084,4194400,0.9655470800589042,-0.035060415942077365
1,ba,2,gpt-oss,0614fe83cadab421296e664e1f48f4261fa8fef6e03e63bb75c20f38e37d07d3,nested,140-byte batch 1,140,1,53171472,55249943,4194400,0.9623805765736265,-0.03834529680543833
1,ba,3,gpt-oss,0614fe83cadab421296e664e1f48f4261fa8fef6e03e63bb75c20f38e37d07d3,nested,140-byte batch 1,140,1,55111756,57710462,4194400,0.954969932488151,-0.04607542330264902
1,ba,4,gpt-oss,0614fe83cadab421296e664e1f48f4261fa8fef6e03e63bb75c20f38e37d07d3,nested,140-byte batch 1,140,1,48202615,50222701,4194400,0.9597774321217809,-0.04105386293947107
1,ba,5,gpt-oss,0614fe83cadab421296e664e1f48f4261fa8fef6e03e63bb75c20f38e37d07d3,nested,140-byte batch 1,140,1,44104416,45883979,4194400,0.961216027058159,-0.039556101249096164
1,ba,0,gpt-oss,0614fe83cadab421296e664e1f48f4261fa8fef6e03e63bb75c20f38e37d07d3,nested,140-byte batch 32,140,32,59434409,60504666,4197760,0.98231116588595,-0.017847151282593076
1,ba,1,gpt-oss,0614fe83cadab421296e664e1f48f4261fa8fef6e03e63bb75c20f38e37d07d3,nested,140-byte batch 32,140,32,53100697,55444761,4197760,0.9577225339649313,-0.04319717347906815
1,ba,2,gpt-oss,0614fe83cadab421296e664e1f48f4261fa8fef6e03e63bb75c20f38e37d07d3,nested,140-byte batch 32,140,32,55135037,56688643,4197760,0.9725940520396652,-0.027788496556891612
1,ba,3,gpt-oss,0614fe83cadab421296e664e1f48f4261fa8fef6e03e63bb75c20f38e37d07d3,nested,140-byte batch 32,140,32,56632871,58326196,4197760,0.9709680192413028,-0.029461747133001915
1,ba,4,gpt-oss,0614fe83cadab421296e664e1f48f4261fa8fef6e03e63bb75c20f38e37d07d3,nested,140-byte batch 32,140,32,49716221,50687708,4197760,0.9808338739640783,-0.019352177320644915
1,ba,5,gpt-oss,0614fe83cadab421296e664e1f48f4261fa8fef6e03e63bb75c20f38e37d07d3,nested,140-byte batch 32,140,32,44199610,46278370,4197760,0.9550813911553064,-0.045958715792330025
1,ba,0,gpt-oss,0614fe83cadab421296e664e1f48f4261fa8fef6e03e63bb75c20f38e37d07d3,nested,140-byte batch 512,140,512,20803004,21596510,4229120,0.9632576745038898,-0.03743432820536151
1,ba,1,gpt-oss,0614fe83cadab421296e664e1f48f4261fa8fef6e03e63bb75c20f38e37d07d3,nested,140-byte batch 512,140,512,19421703,20097930,4229120,0.966353400574089,-0.03422567256881548
1,ba,2,gpt-oss,0614fe83cadab421296e664e1f48f4261fa8fef6e03e63bb75c20f38e37d07d3,nested,140-byte batch 512,140,512,19082650,18906787,4229120,1.0093015804324659,0.009258587131326816
1,ba,3,gpt-oss,0614fe83cadab421296e664e1f48f4261fa8fef6e03e63bb75c20f38e37d07d3,nested,140-byte batch 512,140,512,16275090,16358241,4229120,0.9949168740086419,-0.005096089023422004
1,ba,4,gpt-oss,0614fe83cadab421296e664e1f48f4261fa8fef6e03e63bb75c20f38e37d07d3,nested,140-byte batch 512,140,512,15836202,15728042,4229120,1.006876889062224,0.006853351110940982
1,ba,5,gpt-oss,0614fe83cadab421296e664e1f48f4261fa8fef6e03e63bb75c20f38e37d07d3,nested,140-byte batch 512,140,512,16640562,15664102,4229120,1.06233743881392,0.06047161134756063
1,ba,0,gpt-oss,0614fe83cadab421296e664e1f48f4261fa8fef6e03e63bb75c20f38e37d07d3,nested,4 KiB single,4096,1,42680161,43377382,4194304,0.9839266233264147,-0.016203954500577652
1,ba,1,gpt-oss,0614fe83cadab421296e664e1f48f4261fa8fef6e03e63bb75c20f38e37d07d3,nested,4 KiB single,4096,1,39052905,40556902,4194304,0.9629163736421485,-0.037788710371024714
1,ba,2,gpt-oss,0614fe83cadab421296e664e1f48f4261fa8fef6e03e63bb75c20f38e37d07d3,nested,4 KiB single,4096,1,37788570,37909965,4194304,0.9967978076476726,-0.0032073303417436603
1,ba,3,gpt-oss,0614fe83cadab421296e664e1f48f4261fa8fef6e03e63bb75c20f38e37d07d3,nested,4 KiB single,4096,1,38088033,38548253,4194304,0.9880611969626742,-0.012010642906865333
1,ba,4,gpt-oss,0614fe83cadab421296e664e1f48f4261fa8fef6e03e63bb75c20f38e37d07d3,nested,4 KiB single,4096,1,43147513,44694545,4194304,0.9653865589189912,-0.035226678662911
1,ba,5,gpt-oss,0614fe83cadab421296e664e1f48f4261fa8fef6e03e63bb75c20f38e37d07d3,nested,4 KiB single,4096,1,41316962,41172738,4194304,1.003502900390059,0.0034967795241786686
1,ba,0,gpt-oss,0614fe83cadab421296e664e1f48f4261fa8fef6e03e63bb75c20f38e37d07d3,nested,64 KiB single,65536,1,41745494,42195683,4194304,0.9893309227865799,-0.010726399902419921
1,ba,1,gpt-oss,0614fe83cadab421296e664e1f48f4261fa8fef6e03e63bb75c20f38e37d07d3,nested,64 KiB single,65536,1,37793518,38015881,4194304,0.9941507866146783,-0.005866387034907445
1,ba,2,gpt-oss,0614fe83cadab421296e664e1f48f4261fa8fef6e03e63bb75c20f38e37d07d3,nested,64 KiB single,65536,1,36157632,37318810,4194304,0.9688849135328806,-0.031609442428802856
1,ba,3,gpt-oss,0614fe83cadab421296e664e1f48f4261fa8fef6e03e63bb75c20f38e37d07d3,nested,64 KiB single,65536,1,34534967,34244440,4194304,1.008483917389217,0.008448131224207255
1,ba,4,gpt-oss,0614fe83cadab421296e664e1f48f4261fa8fef6e03e63bb75c20f38e37d07d3,nested,64 KiB single,65536,1,37998438,38496780,4194304,0.9870549692727547,-0.013029547814003145
1,ba,5,gpt-oss,0614fe83cadab421296e664e1f48f4261fa8fef6e03e63bb75c20f38e37d07d3,nested,64 KiB single,65536,1,37609688,38458430,4194304,0.9779309243773082,-0.02231624091275325
1,ba,0,llama-3,e134af98b985517b4f068e3755ae90d4e9cd2d45d328325dc503f1c6b2d06cc7,flat-ragged,140-byte batch 1,140,1,53152545,49472135,4194400,1.0743935955058337,0.07175640521306448
1,ba,1,llama-3,e134af98b985517b4f068e3755ae90d4e9cd2d45d328325dc503f1c6b2d06cc7,flat-ragged,140-byte batch 1,140,1,49745893,50471777,4194400,0.985618021731234,-0.014486401334302138
1,ba,2,llama-3,e134af98b985517b4f068e3755ae90d4e9cd2d45d328325dc503f1c6b2d06cc7,flat-ragged,140-byte batch 1,140,1,44358734,44544921,4194400,0.9958202417734673,-0.004188517833161634
1,ba,3,llama-3,e134af98b985517b4f068e3755ae90d4e9cd2d45d328325dc503f1c6b2d06cc7,flat-ragged,140-byte batch 1,140,1,33252153,35693286,4194400,0.931608062087643,-0.07084308698659424
1,ba,4,llama-3,e134af98b985517b4f068e3755ae90d4e9cd2d45d328325dc503f1c6b2d06cc7,flat-ragged,140-byte batch 1,140,1,50134636,51354493,4194400,0.9762463432362188,-0.024040323560000403
1,ba,5,llama-3,e134af98b985517b4f068e3755ae90d4e9cd2d45d328325dc503f1c6b2d06cc7,flat-ragged,140-byte batch 1,140,1,43558516,46703868,4194400,0.9326532868755111,-0.06972175826520052
1,ba,0,llama-3,e134af98b985517b4f068e3755ae90d4e9cd2d45d328325dc503f1c6b2d06cc7,flat-ragged,140-byte batch 32,140,32,47869508,47661794,4197760,1.0043580818632216,0.004348612925427639
1,ba,1,llama-3,e134af98b985517b4f068e3755ae90d4e9cd2d45d328325dc503f1c6b2d06cc7,flat-ragged,140-byte batch 32,140,32,46298971,45790166,4197760,1.0111116653300622,0.011050384315067744
1,ba,2,llama-3,e134af98b985517b4f068e3755ae90d4e9cd2d45d328325dc503f1c6b2d06cc7,flat-ragged,140-byte batch 32,140,32,41983867,43802054,4197760,0.9584908278502191,-0.042395285816903786
1,ba,3,llama-3,e134af98b985517b4f068e3755ae90d4e9cd2d45d328325dc503f1c6b2d06cc7,flat-ragged,140-byte batch 32,140,32,33817097,33059199,4197760,1.0229254798339185,0.022666639579055108
1,ba,4,llama-3,e134af98b985517b4f068e3755ae90d4e9cd2d45d328325dc503f1c6b2d06cc7,flat-ragged,140-byte batch 32,140,32,48516023,48120283,4197760,1.0082239749088757,0.008190342297240081
1,ba,5,llama-3,e134af98b985517b4f068e3755ae90d4e9cd2d45d328325dc503f1c6b2d06cc7,flat-ragged,140-byte batch 32,140,32,42432368,43111597,4197760,0.9842448657144387,-0.01588056561645902
1,ba,0,llama-3,e134af98b985517b4f068e3755ae90d4e9cd2d45d328325dc503f1c6b2d06cc7,flat-ragged,140-byte batch 512,140,512,16277618,16272959,4229120,1.0002863031855485,0.0002862622086124573
1,ba,1,llama-3,e134af98b985517b4f068e3755ae90d4e9cd2d45d328325dc503f1c6b2d06cc7,flat-ragged,140-byte batch 512,140,512,16305204,16144986,4229120,1.0099237001506227,0.009874783594221734
1,ba,2,llama-3,e134af98b985517b4f068e3755ae90d4e9cd2d45d328325dc503f1c6b2d06cc7,flat-ragged,140-byte batch 512,140,512,15171193,14965689,4229120,1.0137316765035007,0.013638251318410833
1,ba,3,llama-3,e134af98b985517b4f068e3755ae90d4e9cd2d45d328325dc503f1c6b2d06cc7,flat-ragged,140-byte batch 512,140,512,12988113,12597578,4229120,1.031000800312568,0.030529981283375047
1,ba,4,llama-3,e134af98b985517b4f068e3755ae90d4e9cd2d45d328325dc503f1c6b2d06cc7,flat-ragged,140-byte batch 512,140,512,11986091,11690615,4229120,1.0252746326861333,0.02496051103031464
1,ba,5,llama-3,e134af98b985517b4f068e3755ae90d4e9cd2d45d328325dc503f1c6b2d06cc7,flat-ragged,140-byte batch 512,140,512,11905744,12574313,4229120,0.9468305743621938,-0.05463510955043457
1,ba,0,llama-3,e134af98b985517b4f068e3755ae90d4e9cd2d45d328325dc503f1c6b2d06cc7,flat-ragged,4 KiB single,4096,1,34572900,34719524,4194304,0.9957769006280155,-0.004232041841642961
1,ba,1,llama-3,e134af98b985517b4f068e3755ae90d4e9cd2d45d328325dc503f1c6b2d06cc7,flat-ragged,4 KiB single,4096,1,39994328,39482782,4194304,1.0129561792276947,0.012872965917937036
1,ba,2,llama-3,e134af98b985517b4f068e3755ae90d4e9cd2d45d328325dc503f1c6b2d06cc7,flat-ragged,4 KiB single,4096,1,34978117,34437260,4194304,1.0157055758791496,0.015583519639250962
1,ba,3,llama-3,e134af98b985517b4f068e3755ae90d4e9cd2d45d328325dc503f1c6b2d06cc7,flat-ragged,4 KiB single,4096,1,31972584,33523218,4194304,0.9537444764401795,-0.047359487812896464
1,ba,4,llama-3,e134af98b985517b4f068e3755ae90d4e9cd2d45d328325dc503f1c6b2d06cc7,flat-ragged,4 KiB single,4096,1,34110623,33902943,4194304,1.0061257218879198,0.006107035924776973
1,ba,5,llama-3,e134af98b985517b4f068e3755ae90d4e9cd2d45d328325dc503f1c6b2d06cc7,flat-ragged,4 KiB single,4096,1,39177269,39974265,4194304,0.9800622725646112,-0.020139165903041146
1,ba,0,llama-3,e134af98b985517b4f068e3755ae90d4e9cd2d45d328325dc503f1c6b2d06cc7,flat-ragged,64 KiB single,65536,1,18485460,17842834,4194304,1.0360159154089534,0.03538250608314608
1,ba,1,llama-3,e134af98b985517b4f068e3755ae90d4e9cd2d45d328325dc503f1c6b2d06cc7,flat-ragged,64 KiB single,65536,1,18354642,17973741,4194304,1.0211920823828495,0.020970653106848335
1,ba,2,llama-3,e134af98b985517b4f068e3755ae90d4e9cd2d45d328325dc503f1c6b2d06cc7,flat-ragged,64 KiB single,65536,1,17127474,17274394,4194304,0.9914949259580393,-0.008541448576440708
1,ba,3,llama-3,e134af98b985517b4f068e3755ae90d4e9cd2d45d328325dc503f1c6b2d06cc7,flat-ragged,64 KiB single,65536,1,17937026,17400743,4194304,1.030819546038925,0.030354161625342595
1,ba,4,llama-3,e134af98b985517b4f068e3755ae90d4e9cd2d45d328325dc503f1c6b2d06cc7,flat-ragged,64 KiB single,65536,1,16992650,17129921,4194304,0.9919864779294663,-0.008045802909658471
1,ba,5,llama-3,e134af98b985517b4f068e3755ae90d4e9cd2d45d328325dc503f1c6b2d06cc7,flat-ragged,64 KiB single,65536,1,17602798,16666777,4194304,1.05616088821492,0.054640529943161674
1,ba,0,llama-3,e134af98b985517b4f068e3755ae90d4e9cd2d45d328325dc503f1c6b2d06cc7,nested,140-byte batch 1,140,1,55171983,57523734,4194400,0.959116857747795,-0.04174235777065313
1,ba,1,llama-3,e134af98b985517b4f068e3755ae90d4e9cd2d45d328325dc503f1c6b2d06cc7,nested,140-byte batch 1,140,1,51429817,50374847,4194400,1.0209423961128854,0.020726118504609734
1,ba,2,llama-3,e134af98b985517b4f068e3755ae90d4e9cd2d45d328325dc503f1c6b2d06cc7,nested,140-byte batch 1,140,1,47977039,48556439,4194400,0.988067493993948,-0.012004269808491135
1,ba,3,llama-3,e134af98b985517b4f068e3755ae90d4e9cd2d45d328325dc503f1c6b2d06cc7,nested,140-byte batch 1,140,1,37573255,37922955,4194400,0.9907786721788954,-0.009264107457624687
1,ba,4,llama-3,e134af98b985517b4f068e3755ae90d4e9cd2d45d328325dc503f1c6b2d06cc7,nested,140-byte batch 1,140,1,52256472,52898009,4194400,0.9878721900478333,-0.01220195190205705
1,ba,5,llama-3,e134af98b985517b4f068e3755ae90d4e9cd2d45d328325dc503f1c6b2d06cc7,nested,140-byte batch 1,140,1,47064772,46976740,4194400,1.001873948681837,0.0018721950304993122
1,ba,0,llama-3,e134af98b985517b4f068e3755ae90d4e9cd2d45d328325dc503f1c6b2d06cc7,nested,140-byte batch 32,140,32,58917852,59072663,4197760,0.9973793123225205,-0.002624127690879131
1,ba,1,llama-3,e134af98b985517b4f068e3755ae90d4e9cd2d45d328325dc503f1c6b2d06cc7,nested,140-byte batch 32,140,32,52106952,52525023,4197760,0.9920405365648293,-0.007991309059543063
1,ba,2,llama-3,e134af98b985517b4f068e3755ae90d4e9cd2d45d328325dc503f1c6b2d06cc7,nested,140-byte batch 32,140,32,51133254,49804767,4197760,1.0266738924810148,0.02632434642346447
1,ba,3,llama-3,e134af98b985517b4f068e3755ae90d4e9cd2d45d328325dc503f1c6b2d06cc7,nested,140-byte batch 32,140,32,39186417,38852879,4197760,1.0085846405359047,0.008548002045529223
1,ba,4,llama-3,e134af98b985517b4f068e3755ae90d4e9cd2d45d328325dc503f1c6b2d06cc7,nested,140-byte batch 32,140,32,52071012,52657061,4197760,0.9888704574681827,-0.011191939287145384
1,ba,5,llama-3,e134af98b985517b4f068e3755ae90d4e9cd2d45d328325dc503f1c6b2d06cc7,nested,140-byte batch 32,140,32,48596364,48033568,4197760,1.0117167227718749,0.01164861347124948
1,ba,0,llama-3,e134af98b985517b4f068e3755ae90d4e9cd2d45d328325dc503f1c6b2d06cc7,nested,140-byte batch 512,140,512,20171859,19867318,4229120,1.0153287424100224,0.015212444202407832
1,ba,1,llama-3,e134af98b985517b4f068e3755ae90d4e9cd2d45d328325dc503f1c6b2d06cc7,nested,140-byte batch 512,140,512,18686062,18714700,4229120,0.9984697590664023,-0.0015314129480506755
1,ba,2,llama-3,e134af98b985517b4f068e3755ae90d4e9cd2d45d328325dc503f1c6b2d06cc7,nested,140-byte batch 512,140,512,17510169,18190069,4229120,0.9626224617399747,-0.03809398793702937
1,ba,3,llama-3,e134af98b985517b4f068e3755ae90d4e9cd2d45d328325dc503f1c6b2d06cc7,nested,140-byte batch 512,140,512,15657429,15842289,4229120,0.9883312316799675,-0.011737382682772055
1,ba,4,llama-3,e134af98b985517b4f068e3755ae90d4e9cd2d45d328325dc503f1c6b2d06cc7,nested,140-byte batch 512,140,512,15064151,15125940,4229120,0.9959150307352799,-0.004093335543434189
1,ba,5,llama-3,e134af98b985517b4f068e3755ae90d4e9cd2d45d328325dc503f1c6b2d06cc7,nested,140-byte batch 512,140,512,15453627,14773670,4229120,1.0460249213634798,0.04499719075420711
1,ba,0,llama-3,e134af98b985517b4f068e3755ae90d4e9cd2d45d328325dc503f1c6b2d06cc7,nested,4 KiB single,4096,1,38681202,39384539,4194304,0.982141799349232,-0.01801958252949486
1,ba,1,llama-3,e134af98b985517b4f068e3755ae90d4e9cd2d45d328325dc503f1c6b2d06cc7,nested,4 KiB single,4096,1,39388662,40787711,4194304,0.9656992519143818,-0.03490282666589529
1,ba,2,llama-3,e134af98b985517b4f068e3755ae90d4e9cd2d45d328325dc503f1c6b2d06cc7,nested,4 KiB single,4096,1,37139070,38253555,4194304,0.9708658450175415,-0.029566981906930058
1,ba,3,llama-3,e134af98b985517b4f068e3755ae90d4e9cd2d45d328325dc503f1c6b2d06cc7,nested,4 KiB single,4096,1,35147689,35845999,4194304,0.980519164774847,-0.019673087616462366
1,ba,4,llama-3,e134af98b985517b4f068e3755ae90d4e9cd2d45d328325dc503f1c6b2d06cc7,nested,4 KiB single,4096,1,35530792,35792286,4194304,0.9926941240914313,-0.0073326945221099706
1,ba,5,llama-3,e134af98b985517b4f068e3755ae90d4e9cd2d45d328325dc503f1c6b2d06cc7,nested,4 KiB single,4096,1,40564542,41706594,4194304,0.9726169919317794,-0.02776491053810319
1,ba,0,llama-3,e134af98b985517b4f068e3755ae90d4e9cd2d45d328325dc503f1c6b2d06cc7,nested,64 KiB single,65536,1,35393228,37175536,4194304,0.9520569656346044,-0.04913040812950935
1,ba,1,llama-3,e134af98b985517b4f068e3755ae90d4e9cd2d45d328325dc503f1c6b2d06cc7,nested,64 KiB single,65536,1,36643259,36866091,4194304,0.9939556379872224,-0.006062703113028537
1,ba,2,llama-3,e134af98b985517b4f068e3755ae90d4e9cd2d45d328325dc503f1c6b2d06cc7,nested,64 KiB single,65536,1,34710348,35780831,4194304,0.9700822208405389,-0.030374447323819633
1,ba,3,llama-3,e134af98b985517b4f068e3755ae90d4e9cd2d45d328325dc503f1c6b2d06cc7,nested,64 KiB single,65536,1,32228546,33832818,4194304,0.9525823713531637,-0.048578696609450744
1,ba,4,llama-3,e134af98b985517b4f068e3755ae90d4e9cd2d45d328325dc503f1c6b2d06cc7,nested,64 KiB single,65536,1,32351680,32289635,4194304,1.0019215144426377,0.001919670695241388
1,ba,5,llama-3,e134af98b985517b4f068e3755ae90d4e9cd2d45d328325dc503f1c6b2d06cc7,nested,64 KiB single,65536,1,34170788,34269171,4194304,0.9971291105933084,-0.0028750183140019386
1,ba,0,minimax-m2-1,757622126525aeeb131756849d93298070ff3f0319c455ec8c5bb0f6b1cebbe8,flat-ragged,140-byte batch 1,140,1,54440285,61613436,4194400,0.8835781370803601,-0.12377555074776557
1,ba,1,minimax-m2-1,757622126525aeeb131756849d93298070ff3f0319c455ec8c5bb0f6b1cebbe8,flat-ragged,140-byte batch 1,140,1,56616350,59015553,4194400,0.9593462591124072,-0.04150320658375824
1,ba,2,minimax-m2-1,757622126525aeeb131756849d93298070ff3f0319c455ec8c5bb0f6b1cebbe8,flat-ragged,140-byte batch 1,140,1,55899395,58416990,4194400,0.9569030345452582,-0.04405321497689003
1,ba,3,minimax-m2-1,757622126525aeeb131756849d93298070ff3f0319c455ec8c5bb0f6b1cebbe8,flat-ragged,140-byte batch 1,140,1,58195953,60609834,4194400,0.9601734431412566,-0.04064134090029401
1,ba,4,minimax-m2-1,757622126525aeeb131756849d93298070ff3f0319c455ec8c5bb0f6b1cebbe8,flat-ragged,140-byte batch 1,140,1,54178056,56120643,4194400,0.9653855177674996,-0.03522775714493811
1,ba,5,minimax-m2-1,757622126525aeeb131756849d93298070ff3f0319c455ec8c5bb0f6b1cebbe8,flat-ragged,140-byte batch 1,140,1,50628217,52351291,4194400,0.9670863131149908,-0.03346752886170317
1,ba,0,minimax-m2-1,757622126525aeeb131756849d93298070ff3f0319c455ec8c5bb0f6b1cebbe8,flat-ragged,140-byte batch 32,140,32,53539263,56341650,4197760,0.950260828356997,-0.051018775905937126
1,ba,1,minimax-m2-1,757622126525aeeb131756849d93298070ff3f0319c455ec8c5bb0f6b1cebbe8,flat-ragged,140-byte batch 32,140,32,51232715,54003315,4197760,0.9486957421039801,-0.05266714073084984
1,ba,2,minimax-m2-1,757622126525aeeb131756849d93298070ff3f0319c455ec8c5bb0f6b1cebbe8,flat-ragged,140-byte batch 32,140,32,54421696,56304375,4197760,0.96656247405286,-0.03400934294751038
1,ba,3,minimax-m2-1,757622126525aeeb131756849d93298070ff3f0319c455ec8c5bb0f6b1cebbe8,flat-ragged,140-byte batch 32,140,32,54612500,57211554,4197760,0.9545711693131076,-0.046493076717350326
1,ba,4,minimax-m2-1,757622126525aeeb131756849d93298070ff3f0319c455ec8c5bb0f6b1cebbe8,flat-ragged,140-byte batch 32,140,32,52898285,54520273,4197760,0.9702498188151039,-0.030201695473562547
1,ba,5,minimax-m2-1,757622126525aeeb131756849d93298070ff3f0319c455ec8c5bb0f6b1cebbe8,flat-ragged,140-byte batch 32,140,32,47728166,49245167,4197760,0.9691949262757095,-0.03128952501456101
1,ba,0,minimax-m2-1,757622126525aeeb131756849d93298070ff3f0319c455ec8c5bb0f6b1cebbe8,flat-ragged,140-byte batch 512,140,512,17579270,17901293,4229120,0.9820111876834818,-0.01815257793953159
1,ba,1,minimax-m2-1,757622126525aeeb131756849d93298070ff3f0319c455ec8c5bb0f6b1cebbe8,flat-ragged,140-byte batch 512,140,512,17592951,17517968,4229120,1.0042803480403664,0.004271213407687863
1,ba,2,minimax-m2-1,757622126525aeeb131756849d93298070ff3f0319c455ec8c5bb0f6b1cebbe8,flat-ragged,140-byte batch 512,140,512,17251186,16893871,4229120,1.021150569931545,0.020930001308029824
1,ba,3,minimax-m2-1,757622126525aeeb131756849d93298070ff3f0319c455ec8c5bb0f6b1cebbe8,flat-ragged,140-byte batch 512,140,512,15837060,15639857,4229120,1.0126090027549484,0.012530171245878007
1,ba,4,minimax-m2-1,757622126525aeeb131756849d93298070ff3f0319c455ec8c5bb0f6b1cebbe8,flat-ragged,140-byte batch 512,140,512,14144756,14495182,4229120,0.9758246567721606,-0.024472363655484372
1,ba,5,minimax-m2-1,757622126525aeeb131756849d93298070ff3f0319c455ec8c5bb0f6b1cebbe8,flat-ragged,140-byte batch 512,140,512,14806779,14658727,4229120,1.0100999220464368,0.010049258678893759
1,ba,0,minimax-m2-1,757622126525aeeb131756849d93298070ff3f0319c455ec8c5bb0f6b1cebbe8,flat-ragged,4 KiB single,4096,1,39255843,40981205,4194304,0.9578987001480312,-0.04301324757507482
1,ba,1,minimax-m2-1,757622126525aeeb131756849d93298070ff3f0319c455ec8c5bb0f6b1cebbe8,flat-ragged,4 KiB single,4096,1,42729215,43442938,4194304,0.9835710236724782,-0.01656542853674832
1,ba,2,minimax-m2-1,757622126525aeeb131756849d93298070ff3f0319c455ec8c5bb0f6b1cebbe8,flat-ragged,4 KiB single,4096,1,39105326,39558395,4194304,0.9885468305779342,-0.01151926209866756
1,ba,3,minimax-m2-1,757622126525aeeb131756849d93298070ff3f0319c455ec8c5bb0f6b1cebbe8,flat-ragged,4 KiB single,4096,1,39416834,38729876,4194304,1.0177371598091354,0.017581692068980782
1,ba,4,minimax-m2-1,757622126525aeeb131756849d93298070ff3f0319c455ec8c5bb0f6b1cebbe8,flat-ragged,4 KiB single,4096,1,45631348,48085736,4194304,0.9489580860319992,-0.05239064780490026
1,ba,5,minimax-m2-1,757622126525aeeb131756849d93298070ff3f0319c455ec8c5bb0f6b1cebbe8,flat-ragged,4 KiB single,4096,1,42536075,44058378,4194304,0.965448047134191,-0.035162987847521816
1,ba,0,minimax-m2-1,757622126525aeeb131756849d93298070ff3f0319c455ec8c5bb0f6b1cebbe8,flat-ragged,64 KiB single,65536,1,37716026,41184284,4194304,0.9157868569476648,-0.08797163030603755
1,ba,1,minimax-m2-1,757622126525aeeb131756849d93298070ff3f0319c455ec8c5bb0f6b1cebbe8,flat-ragged,64 KiB single,65536,1,39318763,40470220,4194304,0.9715480419923588,-0.02886456003131535
1,ba,2,minimax-m2-1,757622126525aeeb131756849d93298070ff3f0319c455ec8c5bb0f6b1cebbe8,flat-ragged,64 KiB single,65536,1,35468330,35658922,4194304,0.9946551384811914,-0.005359196392562082
1,ba,3,minimax-m2-1,757622126525aeeb131756849d93298070ff3f0319c455ec8c5bb0f6b1cebbe8,flat-ragged,64 KiB single,65536,1,38586942,38455696,4194304,1.0034129144353543,0.003407103660248216
1,ba,4,minimax-m2-1,757622126525aeeb131756849d93298070ff3f0319c455ec8c5bb0f6b1cebbe8,flat-ragged,64 KiB single,65536,1,41380999,42256258,4194304,0.9792868786441052,-0.020930647054326436
1,ba,5,minimax-m2-1,757622126525aeeb131756849d93298070ff3f0319c455ec8c5bb0f6b1cebbe8,flat-ragged,64 KiB single,65536,1,41811111,43568376,4194304,0.9596665021436649,-0.04116944847573938
1,ba,0,minimax-m2-1,757622126525aeeb131756849d93298070ff3f0319c455ec8c5bb0f6b1cebbe8,nested,140-byte batch 1,140,1,59895734,61373590,4194400,0.9759203266421274,-0.02437432843996554
1,ba,1,minimax-m2-1,757622126525aeeb131756849d93298070ff3f0319c455ec8c5bb0f6b1cebbe8,nested,140-byte batch 1,140,1,56518640,58463901,4194400,0.9667271433016418,-0.033838991596422764
1,ba,2,minimax-m2-1,757622126525aeeb131756849d93298070ff3f0319c455ec8c5bb0f6b1cebbe8,nested,140-byte batch 1,140,1,55858457,57171133,4194400,0.9770395314712409,-0.02322816565839289
1,ba,3,minimax-m2-1,757622126525aeeb131756849d93298070ff3f0319c455ec8c5bb0f6b1cebbe8,nested,140-byte batch 1,140,1,56767965,58917020,4194400,0.9635240377059124,-0.03715784311934312
1,ba,4,minimax-m2-1,757622126525aeeb131756849d93298070ff3f0319c455ec8c5bb0f6b1cebbe8,nested,140-byte batch 1,140,1,53304343,56857429,4194400,0.9375088521853494,-0.06452907885111034
1,ba,5,minimax-m2-1,757622126525aeeb131756849d93298070ff3f0319c455ec8c5bb0f6b1cebbe8,nested,140-byte batch 1,140,1,50005113,50850549,4194400,0.9833741028046717,-0.016765658696515952
1,ba,0,minimax-m2-1,757622126525aeeb131756849d93298070ff3f0319c455ec8c5bb0f6b1cebbe8,nested,140-byte batch 32,140,32,61660430,62804995,4197760,0.981775892188193,-0.01839221236713995
1,ba,1,minimax-m2-1,757622126525aeeb131756849d93298070ff3f0319c455ec8c5bb0f6b1cebbe8,nested,140-byte batch 32,140,32,59264688,59538211,4197760,0.9954059251125298,-0.004604660081397069
1,ba,2,minimax-m2-1,757622126525aeeb131756849d93298070ff3f0319c455ec8c5bb0f6b1cebbe8,nested,140-byte batch 32,140,32,57621631,60954778,4197760,0.9453177074978437,-0.056234209579999674
1,ba,3,minimax-m2-1,757622126525aeeb131756849d93298070ff3f0319c455ec8c5bb0f6b1cebbe8,nested,140-byte batch 32,140,32,58810626,59331449,4197760,0.9912218054880136,-0.00881694982926366
1,ba,4,minimax-m2-1,757622126525aeeb131756849d93298070ff3f0319c455ec8c5bb0f6b1cebbe8,nested,140-byte batch 32,140,32,56102560,57648713,4197760,0.9731797481758179,-0.027186477808589907
1,ba,5,minimax-m2-1,757622126525aeeb131756849d93298070ff3f0319c455ec8c5bb0f6b1cebbe8,nested,140-byte batch 32,140,32,50745493,52558415,4197760,0.9655065321128881,-0.035102411613006985
1,ba,0,minimax-m2-1,757622126525aeeb131756849d93298070ff3f0319c455ec8c5bb0f6b1cebbe8,nested,140-byte batch 512,140,512,21004117,20845155,4229120,1.0076258487883636,0.007596918986601108
1,ba,1,minimax-m2-1,757622126525aeeb131756849d93298070ff3f0319c455ec8c5bb0f6b1cebbe8,nested,140-byte batch 512,140,512,19774012,20343055,4229120,0.9720276526804849,-0.02837102566661241
1,ba,2,minimax-m2-1,757622126525aeeb131756849d93298070ff3f0319c455ec8c5bb0f6b1cebbe8,nested,140-byte batch 512,140,512,19500359,20154583,4229120,0.9675396906003959,-0.032998831043278186
1,ba,3,minimax-m2-1,757622126525aeeb131756849d93298070ff3f0319c455ec8c5bb0f6b1cebbe8,nested,140-byte batch 512,140,512,17980000,18144911,4229120,0.990911446190064,-0.009130106677041918
1,ba,4,minimax-m2-1,757622126525aeeb131756849d93298070ff3f0319c455ec8c5bb0f6b1cebbe8,nested,140-byte batch 512,140,512,17201038,17735295,4229120,0.9698760578834466,-0.03058699102656774
1,ba,5,minimax-m2-1,757622126525aeeb131756849d93298070ff3f0319c455ec8c5bb0f6b1cebbe8,nested,140-byte batch 512,140,512,17571138,17803115,4229120,0.9869698645433679,-0.013115772392318138
1,ba,0,minimax-m2-1,757622126525aeeb131756849d93298070ff3f0319c455ec8c5bb0f6b1cebbe8,nested,4 KiB single,4096,1,44603874,46765404,4194304,0.953779293770241,-0.04732298254820818
1,ba,1,minimax-m2-1,757622126525aeeb131756849d93298070ff3f0319c455ec8c5bb0f6b1cebbe8,nested,4 KiB single,4096,1,43441805,43953571,4194304,0.9883566684490778,-0.011711645924723393
1,ba,2,minimax-m2-1,757622126525aeeb131756849d93298070ff3f0319c455ec8c5bb0f6b1cebbe8,nested,4 KiB single,4096,1,43464009,42560192,4194304,1.0212362058892968,0.021013860015710154
1,ba,3,minimax-m2-1,757622126525aeeb131756849d93298070ff3f0319c455ec8c5bb0f6b1cebbe8,nested,4 KiB single,4096,1,42031413,43176483,4194304,0.9734793128009059,-0.026878704728590545
1,ba,4,minimax-m2-1,757622126525aeeb131756849d93298070ff3f0319c455ec8c5bb0f6b1cebbe8,nested,4 KiB single,4096,1,44844172,50536917,4194304,0.8873547232808048,-0.11951046310954305
1,ba,5,minimax-m2-1,757622126525aeeb131756849d93298070ff3f0319c455ec8c5bb0f6b1cebbe8,nested,4 KiB single,4096,1,43220816,45321041,4194304,0.9536589417705564,-0.04744917483858146
1,ba,0,minimax-m2-1,757622126525aeeb131756849d93298070ff3f0319c455ec8c5bb0f6b1cebbe8,nested,64 KiB single,65536,1,43003096,43579002,4194304,0.9867847822673865,-0.013303315739534973
1,ba,1,minimax-m2-1,757622126525aeeb131756849d93298070ff3f0319c455ec8c5bb0f6b1cebbe8,nested,64 KiB single,65536,1,40349300,41003010,4194304,0.984057024106279,-0.016071432281477584
1,ba,2,minimax-m2-1,757622126525aeeb131756849d93298070ff3f0319c455ec8c5bb0f6b1cebbe8,nested,64 KiB single,65536,1,41903406,42331799,4194304,0.9898801135288392,-0.01017144063200608
1,ba,3,minimax-m2-1,757622126525aeeb131756849d93298070ff3f0319c455ec8c5bb0f6b1cebbe8,nested,64 KiB single,65536,1,39410700,41083126,4194304,0.9592916566280765,-0.041560124550298505
1,ba,4,minimax-m2-1,757622126525aeeb131756849d93298070ff3f0319c455ec8c5bb0f6b1cebbe8,nested,64 KiB single,65536,1,40833669,42772294,4194304,0.9546756832822668,-0.04638359483540138
1,ba,5,minimax-m2-1,757622126525aeeb131756849d93298070ff3f0319c455ec8c5bb0f6b1cebbe8,nested,64 KiB single,65536,1,40017238,41852769,4194304,0.9561431407322177,-0.044847648339582734
1,ba,0,mistral-nemo,e11c71726323d33da7b8d6f6f269f1988931c0a52b7122bcdd8c05042974e0db,flat-ragged,140-byte batch 1,140,1,69933444,63325857,4194400,1.104342638426512,0.09925026059650391
1,ba,1,mistral-nemo,e11c71726323d33da7b8d6f6f269f1988931c0a52b7122bcdd8c05042974e0db,flat-ragged,140-byte batch 1,140,1,61999083,63799904,4194400,0.9717739230454014,-0.028632091034284768
1,ba,2,mistral-nemo,e11c71726323d33da7b8d6f6f269f1988931c0a52b7122bcdd8c05042974e0db,flat-ragged,140-byte batch 1,140,1,57535306,56440983,4194400,1.0193888012191425,0.01920323320439003
1,ba,3,mistral-nemo,e11c71726323d33da7b8d6f6f269f1988931c0a52b7122bcdd8c05042974e0db,flat-ragged,140-byte batch 1,140,1,44609625,43765558,4194400,1.0192861016418435,0.019102481900450618
1,ba,4,mistral-nemo,e11c71726323d33da7b8d6f6f269f1988931c0a52b7122bcdd8c05042974e0db,flat-ragged,140-byte batch 1,140,1,67105282,63319884,4194400,1.059782137314086,0.0580633561638512
1,ba,5,mistral-nemo,e11c71726323d33da7b8d6f6f269f1988931c0a52b7122bcdd8c05042974e0db,flat-ragged,140-byte batch 1,140,1,59072189,58039653,4194400,1.0177901821707998,0.017633788997951334
1,ba,0,mistral-nemo,e11c71726323d33da7b8d6f6f269f1988931c0a52b7122bcdd8c05042974e0db,flat-ragged,140-byte batch 32,140,32,61322485,63119487,4197760,0.9715301551801269,-0.028882970831517266
1,ba,1,mistral-nemo,e11c71726323d33da7b8d6f6f269f1988931c0a52b7122bcdd8c05042974e0db,flat-ragged,140-byte batch 32,140,32,58388187,59589717,4197760,0.97983662181178,-0.02036943365254163
1,ba,2,mistral-nemo,e11c71726323d33da7b8d6f6f269f1988931c0a52b7122bcdd8c05042974e0db,flat-ragged,140-byte batch 32,140,32,53554101,54492713,4197760,0.9827754584360665,-0.017374609713168662
1,ba,3,mistral-nemo,e11c71726323d33da7b8d6f6f269f1988931c0a52b7122bcdd8c05042974e0db,flat-ragged,140-byte batch 32,140,32,40762557,40553354,4197760,1.005158710177215,0.005145449617241121
1,ba,4,mistral-nemo,e11c71726323d33da7b8d6f6f269f1988931c0a52b7122bcdd8c05042974e0db,flat-ragged,140-byte batch 32,140,32,60358347,61783632,4197760,0.9769310260037805,-0.023339227175831707
1,ba,5,mistral-nemo,e11c71726323d33da7b8d6f6f269f1988931c0a52b7122bcdd8c05042974e0db,flat-ragged,140-byte batch 32,140,32,54681311,55996317,4197760,0.9765162055211596,-0.02376393328732705
1,ba,0,mistral-nemo,e11c71726323d33da7b8d6f6f269f1988931c0a52b7122bcdd8c05042974e0db,flat-ragged,140-byte batch 512,140,512,20887678,20544774,4229120,1.0166905705558016,0.016552813696907226
1,ba,1,mistral-nemo,e11c71726323d33da7b8d6f6f269f1988931c0a52b7122bcdd8c05042974e0db,flat-ragged,140-byte batch 512,140,512,20123175,19834227,4229120,1.0145681502989756,0.014463054270955244
1,ba,2,mistral-nemo,e11c71726323d33da7b8d6f6f269f1988931c0a52b7122bcdd8c05042974e0db,flat-ragged,140-byte batch 512,140,512,18720244,18613389,4229120,1.00574076005181,0.005724344683321554
1,ba,3,mistral-nemo,e11c71726323d33da7b8d6f6f269f1988931c0a52b7122bcdd8c05042974e0db,flat-ragged,140-byte batch 512,140,512,16528568,15347906,4229120,1.076926585294437,0.0741112299218211
1,ba,4,mistral-nemo,e11c71726323d33da7b8d6f6f269f1988931c0a52b7122bcdd8c05042974e0db,flat-ragged,140-byte batch 512,140,512,15213034,14356270,4229120,1.0596787327070332,0.057965779833381886
1,ba,5,mistral-nemo,e11c71726323d33da7b8d6f6f269f1988931c0a52b7122bcdd8c05042974e0db,flat-ragged,140-byte batch 512,140,512,15468901,15351378,4229120,1.0076555342458509,0.007626379346568037
1,ba,0,mistral-nemo,e11c71726323d33da7b8d6f6f269f1988931c0a52b7122bcdd8c05042974e0db,flat-ragged,4 KiB single,4096,1,45851854,45991164,4194304,0.996970939896194,-0.003033656991542036
1,ba,1,mistral-nemo,e11c71726323d33da7b8d6f6f269f1988931c0a52b7122bcdd8c05042974e0db,flat-ragged,4 KiB single,4096,1,47905310,46396263,4194304,1.0325251841942529,0.03200743702701502
1,ba,2,mistral-nemo,e11c71726323d33da7b8d6f6f269f1988931c0a52b7122bcdd8c05042974e0db,flat-ragged,4 KiB single,4096,1,44121428,44247611,4194304,0.9971482528175363,-0.0028558211606073084
1,ba,3,mistral-nemo,e11c71726323d33da7b8d6f6f269f1988931c0a52b7122bcdd8c05042974e0db,flat-ragged,4 KiB single,4096,1,41815532,41828596,4194304,0.9996876777790964,-0.00031237100364599386
1,ba,4,mistral-nemo,e11c71726323d33da7b8d6f6f269f1988931c0a52b7122bcdd8c05042974e0db,flat-ragged,4 KiB single,4096,1,43777506,42139487,4194304,1.0388713559801999,0.03813488922536583
1,ba,5,mistral-nemo,e11c71726323d33da7b8d6f6f269f1988931c0a52b7122bcdd8c05042974e0db,flat-ragged,4 KiB single,4096,1,48832946,48671276,4194304,1.003321671698108,0.0033161671328771018
1,ba,0,mistral-nemo,e11c71726323d33da7b8d6f6f269f1988931c0a52b7122bcdd8c05042974e0db,flat-ragged,64 KiB single,65536,1,20694922,20905809,4194304,0.9899125166598433,-0.010138706768355056
1,ba,1,mistral-nemo,e11c71726323d33da7b8d6f6f269f1988931c0a52b7122bcdd8c05042974e0db,flat-ragged,64 KiB single,65536,1,19541458,19960592,4194304,0.9790019253937959,-0.02122166975918274
1,ba,2,mistral-nemo,e11c71726323d33da7b8d6f6f269f1988931c0a52b7122bcdd8c05042974e0db,flat-ragged,64 KiB single,65536,1,18604366,18682112,4194304,0.9958384790755992,-0.004170204151262717
1,ba,3,mistral-nemo,e11c71726323d33da7b8d6f6f269f1988931c0a52b7122bcdd8c05042974e0db,flat-ragged,64 KiB single,65536,1,19856739,19137290,4194304,1.0375940898632983,0.0369046580355811
1,ba,4,mistral-nemo,e11c71726323d33da7b8d6f6f269f1988931c0a52b7122bcdd8c05042974e0db,flat-ragged,64 KiB single,65536,1,18750398,18399620,4194304,1.019064415460754,0.01888496663003609
1,ba,5,mistral-nemo,e11c71726323d33da7b8d6f6f269f1988931c0a52b7122bcdd8c05042974e0db,flat-ragged,64 KiB single,65536,1,18388697,18089269,4194304,1.0165527971307187,0.01641729285618215
1,ba,0,mistral-nemo,e11c71726323d33da7b8d6f6f269f1988931c0a52b7122bcdd8c05042974e0db,nested,140-byte batch 1,140,1,71600443,72648237,4194400,0.985577158603312,-0.01452786158982182
1,ba,1,mistral-nemo,e11c71726323d33da7b8d6f6f269f1988931c0a52b7122bcdd8c05042974e0db,nested,140-byte batch 1,140,1,65332111,63046775,4194400,1.0362482617072801,0.0356067499820332
1,ba,2,mistral-nemo,e11c71726323d33da7b8d6f6f269f1988931c0a52b7122bcdd8c05042974e0db,nested,140-byte batch 1,140,1,58910982,59501998,4194400,0.9900672915218746,-0.009982366929224383
1,ba,3,mistral-nemo,e11c71726323d33da7b8d6f6f269f1988931c0a52b7122bcdd8c05042974e0db,nested,140-byte batch 1,140,1,45332157,47077644,4194400,0.9629232295481907,-0.037781590457164
1,ba,4,mistral-nemo,e11c71726323d33da7b8d6f6f269f1988931c0a52b7122bcdd8c05042974e0db,nested,140-byte batch 1,140,1,64088736,65180877,4194400,0.9832444568059433,-0.016897505310372707
1,ba,5,mistral-nemo,e11c71726323d33da7b8d6f6f269f1988931c0a52b7122bcdd8c05042974e0db,nested,140-byte batch 1,140,1,59942686,60565689,4194400,0.9897135984038752,-0.010339672248779776
1,ba,0,mistral-nemo,e11c71726323d33da7b8d6f6f269f1988931c0a52b7122bcdd8c05042974e0db,nested,140-byte batch 32,140,32,73378364,73827880,4197760,0.9939112974664855,-0.006107314268788928
1,ba,1,mistral-nemo,e11c71726323d33da7b8d6f6f269f1988931c0a52b7122bcdd8c05042974e0db,nested,140-byte batch 32,140,32,66323782,65078645,4197760,1.0191328046243127,0.018952074133579324
1,ba,2,mistral-nemo,e11c71726323d33da7b8d6f6f269f1988931c0a52b7122bcdd8c05042974e0db,nested,140-byte batch 32,140,32,60422384,60148519,4197760,1.0045531461880217,0.004542811974832489
1,ba,3,mistral-nemo,e11c71726323d33da7b8d6f6f269f1988931c0a52b7122bcdd8c05042974e0db,nested,140-byte batch 32,140,32,46639850,47040187,4197760,0.9914894683560675,-0.00854695300903983
1,ba,4,mistral-nemo,e11c71726323d33da7b8d6f6f269f1988931c0a52b7122bcdd8c05042974e0db,nested,140-byte batch 32,140,32,67035324,65249766,4197760,1.0273649716996687,0.026997244348407827
1,ba,5,mistral-nemo,e11c71726323d33da7b8d6f6f269f1988931c0a52b7122bcdd8c05042974e0db,nested,140-byte batch 32,140,32,60825509,60618450,4197760,1.0034157752301487,0.0034099547205396347
1,ba,0,mistral-nemo,e11c71726323d33da7b8d6f6f269f1988931c0a52b7122bcdd8c05042974e0db,nested,140-byte batch 512,140,512,24021151,23473600,4229120,1.023326247358735,0.023058348501877348
1,ba,1,mistral-nemo,e11c71726323d33da7b8d6f6f269f1988931c0a52b7122bcdd8c05042974e0db,nested,140-byte batch 512,140,512,22669928,21492276,4229120,1.0547941967616645,0.05334567373903146
1,ba,2,mistral-nemo,e11c71726323d33da7b8d6f6f269f1988931c0a52b7122bcdd8c05042974e0db,nested,140-byte batch 512,140,512,21780930,21149179,4229120,1.029871183179262,0.029433729545777918
1,ba,3,mistral-nemo,e11c71726323d33da7b8d6f6f269f1988931c0a52b7122bcdd8c05042974e0db,nested,140-byte batch 512,140,512,19083110,18722920,4229120,1.0192379180170614,0.019055208849629142
1,ba,4,mistral-nemo,e11c71726323d33da7b8d6f6f269f1988931c0a52b7122bcdd8c05042974e0db,nested,140-byte batch 512,140,512,17546811,17736828,4229120,0.9892868668512769,-0.01077093193436767
1,ba,5,mistral-nemo,e11c71726323d33da7b8d6f6f269f1988931c0a52b7122bcdd8c05042974e0db,nested,140-byte batch 512,140,512,17338592,17637526,4229120,0.9830512510654839,-0.01709402279277151
1,ba,0,mistral-nemo,e11c71726323d33da7b8d6f6f269f1988931c0a52b7122bcdd8c05042974e0db,nested,4 KiB single,4096,1,49075117,49346488,4194304,0.9945007028666356,-0.005514473934578504
1,ba,1,mistral-nemo,e11c71726323d33da7b8d6f6f269f1988931c0a52b7122bcdd8c05042974e0db,nested,4 KiB single,4096,1,49269466,48738788,4194304,1.010888206739979,0.010829357010289255
1,ba,2,mistral-nemo,e11c71726323d33da7b8d6f6f269f1988931c0a52b7122bcdd8c05042974e0db,nested,4 KiB single,4096,1,44771340,44705972,4194304,1.0014621760153208,0.0014611080768535433
1,ba,3,mistral-nemo,e11c71726323d33da7b8d6f6f269f1988931c0a52b7122bcdd8c05042974e0db,nested,4 KiB single,4096,1,43240713,43308817,4194304,0.9984274795591854,-0.0015737581488005459
1,ba,4,mistral-nemo,e11c71726323d33da7b8d6f6f269f1988931c0a52b7122bcdd8c05042974e0db,nested,4 KiB single,4096,1,44679732,43008254,4194304,1.0388641212916945,0.03812792521230011
1,ba,5,mistral-nemo,e11c71726323d33da7b8d6f6f269f1988931c0a52b7122bcdd8c05042974e0db,nested,4 KiB single,4096,1,49896751,50330800,4194304,0.991376075881965,-0.008661325337063475
1,ba,0,mistral-nemo,e11c71726323d33da7b8d6f6f269f1988931c0a52b7122bcdd8c05042974e0db,nested,64 KiB single,65536,1,45546489,45302612,4194304,1.0053832878333815,0.005368849732555982
1,ba,1,mistral-nemo,e11c71726323d33da7b8d6f6f269f1988931c0a52b7122bcdd8c05042974e0db,nested,64 KiB single,65536,1,45247096,45400463,4194304,0.9966219066972951,-0.0033838119422497513
1,ba,2,mistral-nemo,e11c71726323d33da7b8d6f6f269f1988931c0a52b7122bcdd8c05042974e0db,nested,64 KiB single,65536,1,44066504,44514822,4194304,0.9899287927063933,-0.010122264999539094
1,ba,3,mistral-nemo,e11c71726323d33da7b8d6f6f269f1988931c0a52b7122bcdd8c05042974e0db,nested,64 KiB single,65536,1,41674654,41609495,4194304,1.0015659646914725,0.0015647398473068008
1,ba,4,mistral-nemo,e11c71726323d33da7b8d6f6f269f1988931c0a52b7122bcdd8c05042974e0db,nested,64 KiB single,65536,1,39733234,38973697,4194304,1.0194884514035196,0.01930098326200457
1,ba,5,mistral-nemo,e11c71726323d33da7b8d6f6f269f1988931c0a52b7122bcdd8c05042974e0db,nested,64 KiB single,65536,1,41741275,42523958,4194304,0.9815943050268274,-0.018577187327176375
1,ba,0,nemotron-3,c6021eb6847e682f89aa52d5eb6e8c7d902a23acfc8137e25211cf84828f1592,flat-ragged,140-byte batch 1,140,1,68843653,70357042,4194400,0.9784898717032475,-0.021744843039384794
1,ba,1,nemotron-3,c6021eb6847e682f89aa52d5eb6e8c7d902a23acfc8137e25211cf84828f1592,flat-ragged,140-byte batch 1,140,1,63548503,63728289,4194400,0.9971788666725385,-0.002825120224230852
1,ba,2,nemotron-3,c6021eb6847e682f89aa52d5eb6e8c7d902a23acfc8137e25211cf84828f1592,flat-ragged,140-byte batch 1,140,1,57074300,56059220,4194400,1.018107280122699,0.017945295800564184
1,ba,3,nemotron-3,c6021eb6847e682f89aa52d5eb6e8c7d902a23acfc8137e25211cf84828f1592,flat-ragged,140-byte batch 1,140,1,44449018,43249404,4194400,1.0277371221115557,0.027359416541288713
1,ba,4,nemotron-3,c6021eb6847e682f89aa52d5eb6e8c7d902a23acfc8137e25211cf84828f1592,flat-ragged,140-byte batch 1,140,1,65647941,63083699,4194400,1.0406482505092163,0.039843836768753554
1,ba,5,nemotron-3,c6021eb6847e682f89aa52d5eb6e8c7d902a23acfc8137e25211cf84828f1592,flat-ragged,140-byte batch 1,140,1,57225306,56370006,4194400,1.0151729627277315,0.0150590046044973
1,ba,0,nemotron-3,c6021eb6847e682f89aa52d5eb6e8c7d902a23acfc8137e25211cf84828f1592,flat-ragged,140-byte batch 32,140,32,60685122,61076903,4197760,0.9935854475136043,-0.006435214132397551
1,ba,1,nemotron-3,c6021eb6847e682f89aa52d5eb6e8c7d902a23acfc8137e25211cf84828f1592,flat-ragged,140-byte batch 32,140,32,57403997,58772416,4197760,0.97671664544129,-0.023558694141635594
1,ba,2,nemotron-3,c6021eb6847e682f89aa52d5eb6e8c7d902a23acfc8137e25211cf84828f1592,flat-ragged,140-byte batch 32,140,32,53533070,54407624,4197760,0.9839258924447795,-0.016204697322135017
1,ba,3,nemotron-3,c6021eb6847e682f89aa52d5eb6e8c7d902a23acfc8137e25211cf84828f1592,flat-ragged,140-byte batch 32,140,32,40867316,39932200,4197760,1.0234175928198297,0.023147607801807486
1,ba,4,nemotron-3,c6021eb6847e682f89aa52d5eb6e8c7d902a23acfc8137e25211cf84828f1592,flat-ragged,140-byte batch 32,140,32,59990978,60989407,4197760,0.9836294686387097,-0.016506009106469446
1,ba,5,nemotron-3,c6021eb6847e682f89aa52d5eb6e8c7d902a23acfc8137e25211cf84828f1592,flat-ragged,140-byte batch 32,140,32,52642223,54057672,4197760,0.9738159460510989,-0.026532960289460325
1,ba,0,nemotron-3,c6021eb6847e682f89aa52d5eb6e8c7d902a23acfc8137e25211cf84828f1592,flat-ragged,140-byte batch 512,140,512,21032787,20519965,4229120,1.024991368162665,0.02468419125019505
1,ba,1,nemotron-3,c6021eb6847e682f89aa52d5eb6e8c7d902a23acfc8137e25211cf84828f1592,flat-ragged,140-byte batch 512,140,512,20666062,20332104,4229120,1.0164251569832616,0.01629172322335219
1,ba,2,nemotron-3,c6021eb6847e682f89aa52d5eb6e8c7d902a23acfc8137e25211cf84828f1592,flat-ragged,140-byte batch 512,140,512,19253457,18777731,4229120,1.0253345838216557,0.025018982566536008
1,ba,3,nemotron-3,c6021eb6847e682f89aa52d5eb6e8c7d902a23acfc8137e25211cf84828f1592,flat-ragged,140-byte batch 512,140,512,16048846,15814876,4229120,1.0147942987349379,0.014685930610276537
1,ba,4,nemotron-3,c6021eb6847e682f89aa52d5eb6e8c7d902a23acfc8137e25211cf84828f1592,flat-ragged,140-byte batch 512,140,512,15267383,15357450,4229120,0.9941352893872355,-0.0058819755637717006
1,ba,5,nemotron-3,c6021eb6847e682f89aa52d5eb6e8c7d902a23acfc8137e25211cf84828f1592,flat-ragged,140-byte batch 512,140,512,14660550,15389930,4229120,0.9526066720251489,-0.04855318662442223
1,ba,0,nemotron-3,c6021eb6847e682f89aa52d5eb6e8c7d902a23acfc8137e25211cf84828f1592,flat-ragged,4 KiB single,4096,1,46428030,48915091,4194304,0.9491555479269169,-0.05218258660972488
1,ba,1,nemotron-3,c6021eb6847e682f89aa52d5eb6e8c7d902a23acfc8137e25211cf84828f1592,flat-ragged,4 KiB single,4096,1,49029994,49311630,4194304,0.994288649553868,-0.00572772257583168
1,ba,2,nemotron-3,c6021eb6847e682f89aa52d5eb6e8c7d902a23acfc8137e25211cf84828f1592,flat-ragged,4 KiB single,4096,1,44684190,45786511,4194304,0.975924765265473,-0.024369780309210637
1,ba,3,nemotron-3,c6021eb6847e682f89aa52d5eb6e8c7d902a23acfc8137e25211cf84828f1592,flat-ragged,4 KiB single,4096,1,42622676,43802980,4194304,0.9730542533864134,-0.027315439474533142
1,ba,4,nemotron-3,c6021eb6847e682f89aa52d5eb6e8c7d902a23acfc8137e25211cf84828f1592,flat-ragged,4 KiB single,4096,1,44252488,44892866,4194304,0.985735417293251,-0.0143672998481538
1,ba,5,nemotron-3,c6021eb6847e682f89aa52d5eb6e8c7d902a23acfc8137e25211cf84828f1592,flat-ragged,4 KiB single,4096,1,49996130,52073898,4194304,0.9600996261121071,-0.04071822270462469
1,ba,0,nemotron-3,c6021eb6847e682f89aa52d5eb6e8c7d902a23acfc8137e25211cf84828f1592,flat-ragged,64 KiB single,65536,1,20868740,20861802,4194304,1.000332569545047,0.0003325142560537055
1,ba,1,nemotron-3,c6021eb6847e682f89aa52d5eb6e8c7d902a23acfc8137e25211cf84828f1592,flat-ragged,64 KiB single,65536,1,19578467,20038221,4194304,0.9770561468505612,-0.023211159961583856
1,ba,2,nemotron-3,c6021eb6847e682f89aa52d5eb6e8c7d902a23acfc8137e25211cf84828f1592,flat-ragged,64 KiB single,65536,1,18787884,18806884,4194304,0.9989897316323109,-0.001010779032744654
1,ba,3,nemotron-3,c6021eb6847e682f89aa52d5eb6e8c7d902a23acfc8137e25211cf84828f1592,flat-ragged,64 KiB single,65536,1,19715203,20052970,4194304,0.9831562606436852,-0.016987208453312575
1,ba,4,nemotron-3,c6021eb6847e682f89aa52d5eb6e8c7d902a23acfc8137e25211cf84828f1592,flat-ragged,64 KiB single,65536,1,18771312,18463883,4194304,1.0166502896492575,0.0165131932797527
1,ba,5,nemotron-3,c6021eb6847e682f89aa52d5eb6e8c7d902a23acfc8137e25211cf84828f1592,flat-ragged,64 KiB single,65536,1,17949280,18429059,4194304,0.9739661694066962,-0.0263787096115195
1,ba,0,nemotron-3,c6021eb6847e682f89aa52d5eb6e8c7d902a23acfc8137e25211cf84828f1592,nested,140-byte batch 1,140,1,75057521,73359268,4194400,1.0231498084195714,0.022885916540992562
1,ba,1,nemotron-3,c6021eb6847e682f89aa52d5eb6e8c7d902a23acfc8137e25211cf84828f1592,nested,140-byte batch 1,140,1,63861510,63931278,4194400,0.9989087031859428,-0.0010918927119991596
1,ba,2,nemotron-3,c6021eb6847e682f89aa52d5eb6e8c7d902a23acfc8137e25211cf84828f1592,nested,140-byte batch 1,140,1,60925934,58894716,4194400,1.034488968416114,0.033907554459908174
1,ba,3,nemotron-3,c6021eb6847e682f89aa52d5eb6e8c7d902a23acfc8137e25211cf84828f1592,nested,140-byte batch 1,140,1,46567457,45936600,4194400,1.0137332105554178,0.013639764589419219
1,ba,4,nemotron-3,c6021eb6847e682f89aa52d5eb6e8c7d902a23acfc8137e25211cf84828f1592,nested,140-byte batch 1,140,1,64957846,64965407,4194400,0.9998836149829708,-0.00011639179029078948
1,ba,5,nemotron-3,c6021eb6847e682f89aa52d5eb6e8c7d902a23acfc8137e25211cf84828f1592,nested,140-byte batch 1,140,1,61857078,60847732,4194400,1.0165880628056934,0.016451983689142274
1,ba,0,nemotron-3,c6021eb6847e682f89aa52d5eb6e8c7d902a23acfc8137e25211cf84828f1592,nested,140-byte batch 32,140,32,74043321,72103487,4197760,1.0269034700083228,0.02654793432666002
1,ba,1,nemotron-3,c6021eb6847e682f89aa52d5eb6e8c7d902a23acfc8137e25211cf84828f1592,nested,140-byte batch 32,140,32,64975576,63231412,4197760,1.0275838217878164,0.02721024244322039
1,ba,2,nemotron-3,c6021eb6847e682f89aa52d5eb6e8c7d902a23acfc8137e25211cf84828f1592,nested,140-byte batch 32,140,32,61205866,59080440,4197760,1.0359751213768889,0.03534312943397569
1,ba,3,nemotron-3,c6021eb6847e682f89aa52d5eb6e8c7d902a23acfc8137e25211cf84828f1592,nested,140-byte batch 32,140,32,46690094,46380198,4197760,1.0066816446104865,0.006659421360119933
1,ba,4,nemotron-3,c6021eb6847e682f89aa52d5eb6e8c7d902a23acfc8137e25211cf84828f1592,nested,140-byte batch 32,140,32,67106285,64447681,4197760,1.0412521282185467,0.04042395840419443
1,ba,5,nemotron-3,c6021eb6847e682f89aa52d5eb6e8c7d902a23acfc8137e25211cf84828f1592,nested,140-byte batch 32,140,32,60096442,58840417,4197760,1.021346296713023,0.021121655733819456
1,ba,0,nemotron-3,c6021eb6847e682f89aa52d5eb6e8c7d902a23acfc8137e25211cf84828f1592,nested,140-byte batch 512,140,512,24608952,23634843,4229120,1.0412149553944572,0.04038825764869533
1,ba,1,nemotron-3,c6021eb6847e682f89aa52d5eb6e8c7d902a23acfc8137e25211cf84828f1592,nested,140-byte batch 512,140,512,22038371,21085194,4229120,1.045205986722247,0.044213982472492565
1,ba,2,nemotron-3,c6021eb6847e682f89aa52d5eb6e8c7d902a23acfc8137e25211cf84828f1592,nested,140-byte batch 512,140,512,21760478,20860851,4229120,1.0431251342526726,0.04222114413633656
1,ba,3,nemotron-3,c6021eb6847e682f89aa52d5eb6e8c7d902a23acfc8137e25211cf84828f1592,nested,140-byte batch 512,140,512,18675098,18510612,4229120,1.0088860379116584,0.008846789414501456
1,ba,4,nemotron-3,c6021eb6847e682f89aa52d5eb6e8c7d902a23acfc8137e25211cf84828f1592,nested,140-byte batch 512,140,512,17855742,16695052,4229120,1.0695229939984614,0.06721274907401394
1,ba,5,nemotron-3,c6021eb6847e682f89aa52d5eb6e8c7d902a23acfc8137e25211cf84828f1592,nested,140-byte batch 512,140,512,18245966,17830163,4229120,1.0233202018399945,0.023052440770483008
1,ba,0,nemotron-3,c6021eb6847e682f89aa52d5eb6e8c7d902a23acfc8137e25211cf84828f1592,nested,4 KiB single,4096,1,49598158,47706494,4194304,1.039652127863347,0.038886164759117964
1,ba,1,nemotron-3,c6021eb6847e682f89aa52d5eb6e8c7d902a23acfc8137e25211cf84828f1592,nested,4 KiB single,4096,1,48989080,49584108,4194304,0.9879996227823641,-0.012072963033568758
1,ba,2,nemotron-3,c6021eb6847e682f89aa52d5eb6e8c7d902a23acfc8137e25211cf84828f1592,nested,4 KiB single,4096,1,44929610,43321357,4194304,1.0371237909283404,0.036451296209987986
1,ba,3,nemotron-3,c6021eb6847e682f89aa52d5eb6e8c7d902a23acfc8137e25211cf84828f1592,nested,4 KiB single,4096,1,43739250,44181535,4194304,0.9899893699935958,-0.010061073291353815
1,ba,4,nemotron-3,c6021eb6847e682f89aa52d5eb6e8c7d902a23acfc8137e25211cf84828f1592,nested,4 KiB single,4096,1,43387980,43280576,4194304,1.002481575106579,0.0024785010836364217
1,ba,5,nemotron-3,c6021eb6847e682f89aa52d5eb6e8c7d902a23acfc8137e25211cf84828f1592,nested,4 KiB single,4096,1,50370476,49425714,4194304,1.0191147870924029,0.018934394699556226
1,ba,0,nemotron-3,c6021eb6847e682f89aa52d5eb6e8c7d902a23acfc8137e25211cf84828f1592,nested,64 KiB single,65536,1,45928148,45401491,4194304,1.0115999934892006,0.011533229377532836
1,ba,1,nemotron-3,c6021eb6847e682f89aa52d5eb6e8c7d902a23acfc8137e25211cf84828f1592,nested,64 KiB single,65536,1,45024956,45130441,4194304,0.9976626640984961,-0.0023400717349346123
1,ba,2,nemotron-3,c6021eb6847e682f89aa52d5eb6e8c7d902a23acfc8137e25211cf84828f1592,nested,64 KiB single,65536,1,44952278,43720863,4194304,1.0281653863968787,0.027776035801925062
1,ba,3,nemotron-3,c6021eb6847e682f89aa52d5eb6e8c7d902a23acfc8137e25211cf84828f1592,nested,64 KiB single,65536,1,41177637,41036114,4194304,1.0034487427342658,0.0034428094586895536
1,ba,4,nemotron-3,c6021eb6847e682f89aa52d5eb6e8c7d902a23acfc8137e25211cf84828f1592,nested,64 KiB single,65536,1,39843735,39499076,4194304,1.008725748420039,0.00868789909373449
1,ba,5,nemotron-3,c6021eb6847e682f89aa52d5eb6e8c7d902a23acfc8137e25211cf84828f1592,nested,64 KiB single,65536,1,41939785,42606346,4194304,0.9843553587064237,-0.01576831022734517
1,ba,0,phi-4-mini,382cc235b56c725945e149cc25f191da667c836655efd0857b004320e90e91ea,flat-ragged,140-byte batch 1,140,1,41865370,43512517,4194400,0.9621454442637736,-0.03858965028102354
1,ba,1,phi-4-mini,382cc235b56c725945e149cc25f191da667c836655efd0857b004320e90e91ea,flat-ragged,140-byte batch 1,140,1,43429173,44257560,4194400,0.9812825876528214,-0.018894800090145873
1,ba,2,phi-4-mini,382cc235b56c725945e149cc25f191da667c836655efd0857b004320e90e91ea,flat-ragged,140-byte batch 1,140,1,41245794,43262800,4194400,0.9533778211303938,-0.04774399940375792
1,ba,3,phi-4-mini,382cc235b56c725945e149cc25f191da667c836655efd0857b004320e90e91ea,flat-ragged,140-byte batch 1,140,1,44333454,46224104,4194400,0.9590981795991114,-0.041761832280361955
1,ba,4,phi-4-mini,382cc235b56c725945e149cc25f191da667c836655efd0857b004320e90e91ea,flat-ragged,140-byte batch 1,140,1,40702340,40847085,4194400,0.9964564178814719,-0.0035498754773980934
1,ba,5,phi-4-mini,382cc235b56c725945e149cc25f191da667c836655efd0857b004320e90e91ea,flat-ragged,140-byte batch 1,140,1,36990359,37176680,4194400,0.994988229180228,-0.005024371863139024
1,ba,0,phi-4-mini,382cc235b56c725945e149cc25f191da667c836655efd0857b004320e90e91ea,flat-ragged,140-byte batch 32,140,32,37169782,39417611,4197760,0.942973992005756,-0.05871657678653909
1,ba,1,phi-4-mini,382cc235b56c725945e149cc25f191da667c836655efd0857b004320e90e91ea,flat-ragged,140-byte batch 32,140,32,38101026,39014392,4197760,0.9765889982342926,-0.023689392793525974
1,ba,2,phi-4-mini,382cc235b56c725945e149cc25f191da667c836655efd0857b004320e90e91ea,flat-ragged,140-byte batch 32,140,32,39018944,39445211,4197760,0.9891934409984523,-0.010865373969017536
1,ba,3,phi-4-mini,382cc235b56c725945e149cc25f191da667c836655efd0857b004320e90e91ea,flat-ragged,140-byte batch 32,140,32,40023533,40094435,4197760,0.9982316249125346,-0.0017699405084636113
1,ba,4,phi-4-mini,382cc235b56c725945e149cc25f191da667c836655efd0857b004320e90e91ea,flat-ragged,140-byte batch 32,140,32,36575190,37992149,4197760,0.9627038996925391,-0.038009391419530476
1,ba,5,phi-4-mini,382cc235b56c725945e149cc25f191da667c836655efd0857b004320e90e91ea,flat-ragged,140-byte batch 32,140,32,32746817,32880795,4197760,0.9959253418294782,-0.004082982209562187
1,ba,0,phi-4-mini,382cc235b56c725945e149cc25f191da667c836655efd0857b004320e90e91ea,flat-ragged,140-byte batch 512,140,512,14585441,14149978,4229120,1.030774818165795,0.030310770089244564
1,ba,1,phi-4-mini,382cc235b56c725945e149cc25f191da667c836655efd0857b004320e90e91ea,flat-ragged,140-byte batch 512,140,512,14253266,14043770,4229120,1.0149173619334408,0.014807192364877922
1,ba,2,phi-4-mini,382cc235b56c725945e149cc25f191da667c836655efd0857b004320e90e91ea,flat-ragged,140-byte batch 512,140,512,13190645,13378396,4229120,0.985966105353736,-0.014133300879356627
1,ba,3,phi-4-mini,382cc235b56c725945e149cc25f191da667c836655efd0857b004320e90e91ea,flat-ragged,140-byte batch 512,140,512,12264083,11569465,4229120,1.0600389041325593,0.058305609462321814
1,ba,4,phi-4-mini,382cc235b56c725945e149cc25f191da667c836655efd0857b004320e90e91ea,flat-ragged,140-byte batch 512,140,512,11359868,11017985,4229120,1.0310295394303042,0.03055785586619201
1,ba,5,phi-4-mini,382cc235b56c725945e149cc25f191da667c836655efd0857b004320e90e91ea,flat-ragged,140-byte batch 512,140,512,11157429,11206303,4229120,0.9956387043969809,-0.0043708337953745095
1,ba,0,phi-4-mini,382cc235b56c725945e149cc25f191da667c836655efd0857b004320e90e91ea,flat-ragged,4 KiB single,4096,1,28139322,28601749,4194304,0.9838322124986133,-0.01629991222278931
1,ba,1,phi-4-mini,382cc235b56c725945e149cc25f191da667c836655efd0857b004320e90e91ea,flat-ragged,4 KiB single,4096,1,30262073,30488060,4194304,0.9925876884262232,-0.007439919264349531
1,ba,2,phi-4-mini,382cc235b56c725945e149cc25f191da667c836655efd0857b004320e90e91ea,flat-ragged,4 KiB single,4096,1,28271373,29247572,4194304,0.9666229046294852,-0.033946823773393656
1,ba,3,phi-4-mini,382cc235b56c725945e149cc25f191da667c836655efd0857b004320e90e91ea,flat-ragged,4 KiB single,4096,1,29173740,28250547,4194304,1.0326787654766472,0.03215616934248622
1,ba,4,phi-4-mini,382cc235b56c725945e149cc25f191da667c836655efd0857b004320e90e91ea,flat-ragged,4 KiB single,4096,1,33570061,33428575,4194304,1.0042324867272985,0.0042235549489033734
1,ba,5,phi-4-mini,382cc235b56c725945e149cc25f191da667c836655efd0857b004320e90e91ea,flat-ragged,4 KiB single,4096,1,31157970,31021589,4194304,1.004396325410668,0.004386689802633286
1,ba,0,phi-4-mini,382cc235b56c725945e149cc25f191da667c836655efd0857b004320e90e91ea,flat-ragged,64 KiB single,65536,1,16281333,16956718,4194304,0.9601700635700847,-0.04064486065721261
1,ba,1,phi-4-mini,382cc235b56c725945e149cc25f191da667c836655efd0857b004320e90e91ea,flat-ragged,64 KiB single,65536,1,16592113,16532220,4194304,1.0036228044388473,0.0036162578893278135
1,ba,2,phi-4-mini,382cc235b56c725945e149cc25f191da667c836655efd0857b004320e90e91ea,flat-ragged,64 KiB single,65536,1,15856695,16120166,4194304,0.9836558134699109,-0.016479226177280277
1,ba,3,phi-4-mini,382cc235b56c725945e149cc25f191da667c836655efd0857b004320e90e91ea,flat-ragged,64 KiB single,65536,1,16570216,16664724,4194304,0.9943288589718018,-0.005687283006365049
1,ba,4,phi-4-mini,382cc235b56c725945e149cc25f191da667c836655efd0857b004320e90e91ea,flat-ragged,64 KiB single,65536,1,16297646,16198302,4194304,1.006132988507067,0.006114258275570702
1,ba,5,phi-4-mini,382cc235b56c725945e149cc25f191da667c836655efd0857b004320e90e91ea,flat-ragged,64 KiB single,65536,1,16124774,15567461,4194304,1.0357998648591444,0.035173944537616984
1,ba,0,phi-4-mini,382cc235b56c725945e149cc25f191da667c836655efd0857b004320e90e91ea,nested,140-byte batch 1,140,1,47112537,47331946,4194400,0.9953644627246047,-0.004646314697302994
1,ba,1,phi-4-mini,382cc235b56c725945e149cc25f191da667c836655efd0857b004320e90e91ea,nested,140-byte batch 1,140,1,43481273,42773465,4194400,1.0165478293610302,0.016412405966056025
1,ba,2,phi-4-mini,382cc235b56c725945e149cc25f191da667c836655efd0857b004320e90e91ea,nested,140-byte batch 1,140,1,42490228,44911499,4194400,0.946087949547175,-0.055419744328676246
1,ba,3,phi-4-mini,382cc235b56c725945e149cc25f191da667c836655efd0857b004320e90e91ea,nested,140-byte batch 1,140,1,44697389,45367877,4194400,0.9852210849540083,-0.014889211265611508
1,ba,4,phi-4-mini,382cc235b56c725945e149cc25f191da667c836655efd0857b004320e90e91ea,nested,140-byte batch 1,140,1,40965544,39946954,4194400,1.025498564921871,0.02517889913572678
1,ba,5,phi-4-mini,382cc235b56c725945e149cc25f191da667c836655efd0857b004320e90e91ea,nested,140-byte batch 1,140,1,36974560,37155350,4194400,0.9951342135116478,-0.004877662968701204
1,ba,0,phi-4-mini,382cc235b56c725945e149cc25f191da667c836655efd0857b004320e90e91ea,nested,140-byte batch 32,140,32,49521630,48640495,4197760,1.018115255611605,0.01795312941282047
1,ba,1,phi-4-mini,382cc235b56c725945e149cc25f191da667c836655efd0857b004320e90e91ea,nested,140-byte batch 32,140,32,45781236,45075803,4197760,1.0156499264139565,0.015528729165457281
1,ba,2,phi-4-mini,382cc235b56c725945e149cc25f191da667c836655efd0857b004320e90e91ea,nested,140-byte batch 32,140,32,44150603,44084708,4197760,1.0014947359977977,0.0014936199918971955
1,ba,3,phi-4-mini,382cc235b56c725945e149cc25f191da667c836655efd0857b004320e90e91ea,nested,140-byte batch 32,140,32,46916282,47855730,4197760,0.980369163734416,-0.019826080562101125
1,ba,4,phi-4-mini,382cc235b56c725945e149cc25f191da667c836655efd0857b004320e90e91ea,nested,140-byte batch 32,140,32,42114579,41329437,4197760,1.0189971617566433,0.018818968914474536
1,ba,5,phi-4-mini,382cc235b56c725945e149cc25f191da667c836655efd0857b004320e90e91ea,nested,140-byte batch 32,140,32,39252197,38417390,4197760,1.021729924911609,0.02149719551939789
1,ba,0,phi-4-mini,382cc235b56c725945e149cc25f191da667c836655efd0857b004320e90e91ea,nested,140-byte batch 512,140,512,17662977,17154497,4229120,1.0296412072006542,0.029210399032557566
1,ba,1,phi-4-mini,382cc235b56c725945e149cc25f191da667c836655efd0857b004320e90e91ea,nested,140-byte batch 512,140,512,17092967,16329966,4229120,1.046723979707,0.04566526743475235
1,ba,2,phi-4-mini,382cc235b56c725945e149cc25f191da667c836655efd0857b004320e90e91ea,nested,140-byte batch 512,140,512,16225438,15901322,4229120,1.0203829593539455,0.020178007179340155
1,ba,3,phi-4-mini,382cc235b56c725945e149cc25f191da667c836655efd0857b004320e90e91ea,nested,140-byte batch 512,140,512,14573530,14349307,4229120,1.0156260507911636,0.015505221160575764
1,ba,4,phi-4-mini,382cc235b56c725945e149cc25f191da667c836655efd0857b004320e90e91ea,nested,140-byte batch 512,140,512,14151758,14124660,4229120,1.0019184886574262,0.0019166507084092876
1,ba,5,phi-4-mini,382cc235b56c725945e149cc25f191da667c836655efd0857b004320e90e91ea,nested,140-byte batch 512,140,512,14618318,14333457,4229120,1.0198738517860695,0.019678944928291253
1,ba,0,phi-4-mini,382cc235b56c725945e149cc25f191da667c836655efd0857b004320e90e91ea,nested,4 KiB single,4096,1,35350129,34293140,4194304,1.0308221702649567,0.030356707388761194
1,ba,1,phi-4-mini,382cc235b56c725945e149cc25f191da667c836655efd0857b004320e90e91ea,nested,4 KiB single,4096,1,32925378,32983794,4194304,0.9982289484344948,-0.0017726217314995045
1,ba,2,phi-4-mini,382cc235b56c725945e149cc25f191da667c836655efd0857b004320e90e91ea,nested,4 KiB single,4096,1,31496903,31585411,4194304,0.9971978202214941,-0.0028061132341465223
1,ba,3,phi-4-mini,382cc235b56c725945e149cc25f191da667c836655efd0857b004320e90e91ea,nested,4 KiB single,4096,1,31393639,31251422,4194304,1.0045507369232671,0.0045404136272160795
1,ba,4,phi-4-mini,382cc235b56c725945e149cc25f191da667c836655efd0857b004320e90e91ea,nested,4 KiB single,4096,1,34816035,35054261,4194304,0.9932040786710638,-0.006819118760641571
1,ba,5,phi-4-mini,382cc235b56c725945e149cc25f191da667c836655efd0857b004320e90e91ea,nested,4 KiB single,4096,1,32844836,31922623,4194304,1.0288890107808497,0.028479589791369973
1,ba,0,phi-4-mini,382cc235b56c725945e149cc25f191da667c836655efd0857b004320e90e91ea,nested,64 KiB single,65536,1,33640106,32176892,4194304,1.0454740625663907,0.044470430938343845
1,ba,1,phi-4-mini,382cc235b56c725945e149cc25f191da667c836655efd0857b004320e90e91ea,nested,64 KiB single,65536,1,31413851,30003362,4194304,1.0470110316303887,0.04593946825160146
1,ba,2,phi-4-mini,382cc235b56c725945e149cc25f191da667c836655efd0857b004320e90e91ea,nested,64 KiB single,65536,1,30271609,29970741,4194304,1.010038724100949,0.009988670812191342
1,ba,3,phi-4-mini,382cc235b56c725945e149cc25f191da667c836655efd0857b004320e90e91ea,nested,64 KiB single,65536,1,28955847,28268213,4194304,1.0243253438057793,0.024034194715793794
1,ba,4,phi-4-mini,382cc235b56c725945e149cc25f191da667c836655efd0857b004320e90e91ea,nested,64 KiB single,65536,1,31655344,30617502,4194304,1.0338970174640636,0.03333517486320566
1,ba,5,phi-4-mini,382cc235b56c725945e149cc25f191da667c836655efd0857b004320e90e91ea,nested,64 KiB single,65536,1,30995371,29878938,4194304,1.0373652169297316,0.03668405329047061
1,ba,0,qwen-2-5,c0382117ea329cdf097041132f6d735924b697924d6f6fc3945713e96ce87539,flat-ragged,140-byte batch 1,140,1,39045142,40221137,4194400,0.9707617663816913,-0.029674189525258927
1,ba,1,qwen-2-5,c0382117ea329cdf097041132f6d735924b697924d6f6fc3945713e96ce87539,flat-ragged,140-byte batch 1,140,1,40735721,39446931,4194400,1.0326714897034701,0.03214912378383695
1,ba,2,qwen-2-5,c0382117ea329cdf097041132f6d735924b697924d6f6fc3945713e96ce87539,flat-ragged,140-byte batch 1,140,1,39501300,38604211,4194400,1.023238112546841,0.022972218973116756
1,ba,3,qwen-2-5,c0382117ea329cdf097041132f6d735924b697924d6f6fc3945713e96ce87539,flat-ragged,140-byte batch 1,140,1,42486268,41880132,4194400,1.014473115796292,0.014369379978232814
1,ba,4,qwen-2-5,c0382117ea329cdf097041132f6d735924b697924d6f6fc3945713e96ce87539,flat-ragged,140-byte batch 1,140,1,38644003,38300883,4194400,1.0089585401986685,0.008918650535846246
1,ba,5,qwen-2-5,c0382117ea329cdf097041132f6d735924b697924d6f6fc3945713e96ce87539,flat-ragged,140-byte batch 1,140,1,36637335,37004581,4194400,0.9900756611728694,-0.00997391334663482
1,ba,0,qwen-2-5,c0382117ea329cdf097041132f6d735924b697924d6f6fc3945713e96ce87539,flat-ragged,140-byte batch 32,140,32,37120495,37211467,4197760,0.9975552697237118,-0.0024477235087760137
1,ba,1,qwen-2-5,c0382117ea329cdf097041132f6d735924b697924d6f6fc3945713e96ce87539,flat-ragged,140-byte batch 32,140,32,36995179,36883431,4197760,1.0030297615208303,0.003025181042898842
1,ba,2,qwen-2-5,c0382117ea329cdf097041132f6d735924b697924d6f6fc3945713e96ce87539,flat-ragged,140-byte batch 32,140,32,37065844,36426298,4197760,1.0175572604166363,0.01740491234494693
1,ba,3,qwen-2-5,c0382117ea329cdf097041132f6d735924b697924d6f6fc3945713e96ce87539,flat-ragged,140-byte batch 32,140,32,38893009,38731133,4197760,1.0041794801097093,0.004170770342481206
1,ba,4,qwen-2-5,c0382117ea329cdf097041132f6d735924b697924d6f6fc3945713e96ce87539,flat-ragged,140-byte batch 32,140,32,36757034,35741162,4197760,1.0284230266492176,0.02802658691079285
1,ba,5,qwen-2-5,c0382117ea329cdf097041132f6d735924b697924d6f6fc3945713e96ce87539,flat-ragged,140-byte batch 32,140,32,35178472,34258549,4197760,1.0268523631867772,0.026498165195656096
1,ba,0,qwen-2-5,c0382117ea329cdf097041132f6d735924b697924d6f6fc3945713e96ce87539,flat-ragged,140-byte batch 512,140,512,13790107,13173499,4229120,1.0468066988125175,0.04574429097752559
1,ba,1,qwen-2-5,c0382117ea329cdf097041132f6d735924b697924d6f6fc3945713e96ce87539,flat-ragged,140-byte batch 512,140,512,13700507,13356188,4229120,1.0257797359546001,0.025453041395575048
1,ba,2,qwen-2-5,c0382117ea329cdf097041132f6d735924b697924d6f6fc3945713e96ce87539,flat-ragged,140-byte batch 512,140,512,12635017,12775190,4229120,0.9890277170046003,-0.011032922469415675
1,ba,3,qwen-2-5,c0382117ea329cdf097041132f6d735924b697924d6f6fc3945713e96ce87539,flat-ragged,140-byte batch 512,140,512,11490592,11621632,4229120,0.9887244751855849,-0.011339575469310383
1,ba,4,qwen-2-5,c0382117ea329cdf097041132f6d735924b697924d6f6fc3945713e96ce87539,flat-ragged,140-byte batch 512,140,512,10787799,10535156,4229120,1.0239809453224993,0.02369791836068671
1,ba,5,qwen-2-5,c0382117ea329cdf097041132f6d735924b697924d6f6fc3945713e96ce87539,flat-ragged,140-byte batch 512,140,512,10906889,10790793,4229120,1.0107588015079152,0.010701337398841245
1,ba,0,qwen-2-5,c0382117ea329cdf097041132f6d735924b697924d6f6fc3945713e96ce87539,flat-ragged,4 KiB single,4096,1,27973766,30066096,4194304,0.9304089895808222,-0.07213101576414677
1,ba,1,qwen-2-5,c0382117ea329cdf097041132f6d735924b697924d6f6fc3945713e96ce87539,flat-ragged,4 KiB single,4096,1,31155910,30363321,4194304,1.02610350165583,0.025768620467504957
1,ba,2,qwen-2-5,c0382117ea329cdf097041132f6d735924b697924d6f6fc3945713e96ce87539,flat-ragged,4 KiB single,4096,1,29064229,28685887,4194304,1.0131891337367396,0.013102914390616493
1,ba,3,qwen-2-5,c0382117ea329cdf097041132f6d735924b697924d6f6fc3945713e96ce87539,flat-ragged,4 KiB single,4096,1,28336631,28509792,4194304,0.9939262622470203,-0.006092257927326908
1,ba,4,qwen-2-5,c0382117ea329cdf097041132f6d735924b697924d6f6fc3945713e96ce87539,flat-ragged,4 KiB single,4096,1,31519205,31182084,4194304,1.0108113684768472,0.010753343477803334
1,ba,5,qwen-2-5,c0382117ea329cdf097041132f6d735924b697924d6f6fc3945713e96ce87539,flat-ragged,4 KiB single,4096,1,30156472,32164659,4194304,0.93756541923855,-0.06446874305099852
1,ba,0,qwen-2-5,c0382117ea329cdf097041132f6d735924b697924d6f6fc3945713e96ce87539,flat-ragged,64 KiB single,65536,1,29541012,28418696,4194304,1.0394921709286027,0.03873229671335233
1,ba,1,qwen-2-5,c0382117ea329cdf097041132f6d735924b697924d6f6fc3945713e96ce87539,flat-ragged,64 KiB single,65536,1,28617793,29607479,4194304,0.9665731080988017,-0.03399834108500265
1,ba,2,qwen-2-5,c0382117ea329cdf097041132f6d735924b697924d6f6fc3945713e96ce87539,flat-ragged,64 KiB single,65536,1,26638340,27365654,4194304,0.9734223782848384,-0.026937192033157076
1,ba,3,qwen-2-5,c0382117ea329cdf097041132f6d735924b697924d6f6fc3945713e96ce87539,flat-ragged,64 KiB single,65536,1,27354855,28249157,4194304,0.9683423473486306,-0.032169589613795194
1,ba,4,qwen-2-5,c0382117ea329cdf097041132f6d735924b697924d6f6fc3945713e96ce87539,flat-ragged,64 KiB single,65536,1,27499466,28284245,4194304,0.9722538466202651,-0.028138349543445965
1,ba,5,qwen-2-5,c0382117ea329cdf097041132f6d735924b697924d6f6fc3945713e96ce87539,flat-ragged,64 KiB single,65536,1,30520999,29980087,4194304,1.0180423759277284,0.01788154391002938
1,ba,0,qwen-2-5,c0382117ea329cdf097041132f6d735924b697924d6f6fc3945713e96ce87539,nested,140-byte batch 1,140,1,43958440,45885908,4194400,0.9579943367362372,-0.04291341257756268
1,ba,1,qwen-2-5,c0382117ea329cdf097041132f6d735924b697924d6f6fc3945713e96ce87539,nested,140-byte batch 1,140,1,42005549,41388937,4194400,1.014897990736027,0.014788105705208094
1,ba,2,qwen-2-5,c0382117ea329cdf097041132f6d735924b697924d6f6fc3945713e96ce87539,nested,140-byte batch 1,140,1,40334330,40395207,4194400,0.998492964771786,-0.001508171947998302
1,ba,3,qwen-2-5,c0382117ea329cdf097041132f6d735924b697924d6f6fc3945713e96ce87539,nested,140-byte batch 1,140,1,43952309,44969214,4194400,0.9773866405581383,-0.022872962585987748
1,ba,4,qwen-2-5,c0382117ea329cdf097041132f6d735924b697924d6f6fc3945713e96ce87539,nested,140-byte batch 1,140,1,39903173,39389874,4194400,1.0130312424964854,0.01294706634720936
1,ba,5,qwen-2-5,c0382117ea329cdf097041132f6d735924b697924d6f6fc3945713e96ce87539,nested,140-byte batch 1,140,1,38226309,37667423,4194400,1.014837383486521,0.014728386344454293
1,ba,0,qwen-2-5,c0382117ea329cdf097041132f6d735924b697924d6f6fc3945713e96ce87539,nested,140-byte batch 32,140,32,46455668,48374997,4197760,0.9603239458598829,-0.04048460783749861
1,ba,1,qwen-2-5,c0382117ea329cdf097041132f6d735924b697924d6f6fc3945713e96ce87539,nested,140-byte batch 32,140,32,43269317,43723895,4197760,0.9896034422367906,-0.010450979497630233
1,ba,2,qwen-2-5,c0382117ea329cdf097041132f6d735924b697924d6f6fc3945713e96ce87539,nested,140-byte batch 32,140,32,43107710,42105600,4197760,1.023799922100623,0.02352111895287164
1,ba,3,qwen-2-5,c0382117ea329cdf097041132f6d735924b697924d6f6fc3945713e96ce87539,nested,140-byte batch 32,140,32,45472351,45802912,4197760,0.9927829697814846,-0.007243198964204245
1,ba,4,qwen-2-5,c0382117ea329cdf097041132f6d735924b697924d6f6fc3945713e96ce87539,nested,140-byte batch 32,140,32,41018181,41488750,4197760,0.9886579132897472,-0.011406898710632685
1,ba,5,qwen-2-5,c0382117ea329cdf097041132f6d735924b697924d6f6fc3945713e96ce87539,nested,140-byte batch 32,140,32,39409569,40693778,4197760,0.9684421289171038,-0.032066551232618264
1,ba,0,qwen-2-5,c0382117ea329cdf097041132f6d735924b697924d6f6fc3945713e96ce87539,nested,140-byte batch 512,140,512,17335244,17193496,4229120,1.008244280279008,0.008210481835842434
1,ba,1,qwen-2-5,c0382117ea329cdf097041132f6d735924b697924d6f6fc3945713e96ce87539,nested,140-byte batch 512,140,512,16624582,16323253,4229120,1.0184601071857429,0.0182917877151187
1,ba,2,qwen-2-5,c0382117ea329cdf097041132f6d735924b697924d6f6fc3945713e96ce87539,nested,140-byte batch 512,140,512,15848564,16137850,4229120,0.982074068106966,-0.018088547701210492
1,ba,3,qwen-2-5,c0382117ea329cdf097041132f6d735924b697924d6f6fc3945713e96ce87539,nested,140-byte batch 512,140,512,14702810,14155891,4229120,1.0386354345339337,0.03790776944086499
1,ba,4,qwen-2-5,c0382117ea329cdf097041132f6d735924b697924d6f6fc3945713e96ce87539,nested,140-byte batch 512,140,512,13639503,13680225,4229120,0.997023294573006,-0.0029811446262413012
1,ba,5,qwen-2-5,c0382117ea329cdf097041132f6d735924b697924d6f6fc3945713e96ce87539,nested,140-byte batch 512,140,512,14087972,13816459,4229120,1.0196514171974165,0.019460821041406746
1,ba,0,qwen-2-5,c0382117ea329cdf097041132f6d735924b697924d6f6fc3945713e96ce87539,nested,4 KiB single,4096,1,33664378,33799200,4194304,0.9960110890198585,-0.003996887905441608
1,ba,1,qwen-2-5,c0382117ea329cdf097041132f6d735924b697924d6f6fc3945713e96ce87539,nested,4 KiB single,4096,1,32152766,31673757,4194304,1.015123213832827,0.015009998064969915
1,ba,2,qwen-2-5,c0382117ea329cdf097041132f6d735924b697924d6f6fc3945713e96ce87539,nested,4 KiB single,4096,1,31470536,30398180,4194304,1.0352769803981685,0.03466900482639087
1,ba,3,qwen-2-5,c0382117ea329cdf097041132f6d735924b697924d6f6fc3945713e96ce87539,nested,4 KiB single,4096,1,35978566,30380310,4194304,1.1842725107149994,0.1691286710556744
1,ba,4,qwen-2-5,c0382117ea329cdf097041132f6d735924b697924d6f6fc3945713e96ce87539,nested,4 KiB single,4096,1,42486563,32748636,4194304,1.2973536668824925,0.2603265488749297
1,ba,5,qwen-2-5,c0382117ea329cdf097041132f6d735924b697924d6f6fc3945713e96ce87539,nested,4 KiB single,4096,1,32636180,33268330,4194304,0.9809984450677266,-0.019184404466219152
1,ba,0,qwen-2-5,c0382117ea329cdf097041132f6d735924b697924d6f6fc3945713e96ce87539,nested,64 KiB single,65536,1,32742293,32795497,4194304,0.9983777041098051,-0.0016236132371163637
1,ba,1,qwen-2-5,c0382117ea329cdf097041132f6d735924b697924d6f6fc3945713e96ce87539,nested,64 KiB single,65536,1,30782184,30402958,4194304,1.0124733257862606,0.012396174749065441
1,ba,2,qwen-2-5,c0382117ea329cdf097041132f6d735924b697924d6f6fc3945713e96ce87539,nested,64 KiB single,65536,1,30054284,29577477,4194304,1.0161206109635383,0.015992053688914102
1,ba,3,qwen-2-5,c0382117ea329cdf097041132f6d735924b697924d6f6fc3945713e96ce87539,nested,64 KiB single,65536,1,28555089,29908648,4194304,0.9547435577830198,-0.04631250044259146
1,ba,4,qwen-2-5,c0382117ea329cdf097041132f6d735924b697924d6f6fc3945713e96ce87539,nested,64 KiB single,65536,1,29978079,29958352,4194304,1.000658480813631,0.0006582641102647848
1,ba,5,qwen-2-5,c0382117ea329cdf097041132f6d735924b697924d6f6fc3945713e96ce87539,nested,64 KiB single,65536,1,30837725,30400657,4194304,1.0143769261302478,0.014274558119417628
1,ba,0,qwen-3,aeb13307a71acd8fe81861d94ad54ab689df773318809eed3cbe794b4492dae4,flat-ragged,140-byte batch 1,140,1,39568082,40859883,4194400,0.9683846133382222,-0.032125942790617396
1,ba,1,qwen-3,aeb13307a71acd8fe81861d94ad54ab689df773318809eed3cbe794b4492dae4,flat-ragged,140-byte batch 1,140,1,41136104,41187565,4194400,0.9987505694983425,-0.0012502116907088057
1,ba,2,qwen-3,aeb13307a71acd8fe81861d94ad54ab689df773318809eed3cbe794b4492dae4,flat-ragged,140-byte batch 1,140,1,38299187,38693089,4194400,0.989819835785145,-0.010232336470018026
1,ba,3,qwen-3,aeb13307a71acd8fe81861d94ad54ab689df773318809eed3cbe794b4492dae4,flat-ragged,140-byte batch 1,140,1,41385224,44282063,4194400,0.9345821128523303,-0.06765578772591335
1,ba,4,qwen-3,aeb13307a71acd8fe81861d94ad54ab689df773318809eed3cbe794b4492dae4,flat-ragged,140-byte batch 1,140,1,38988380,38882817,4194400,1.0027149010319905,0.0027112223448605153
1,ba,5,qwen-3,aeb13307a71acd8fe81861d94ad54ab689df773318809eed3cbe794b4492dae4,flat-ragged,140-byte batch 1,140,1,37125448,37857016,4194400,0.980675497508837,-0.01951366159177694
1,ba,0,qwen-3,aeb13307a71acd8fe81861d94ad54ab689df773318809eed3cbe794b4492dae4,flat-ragged,140-byte batch 32,140,32,35678146,36494349,4197760,0.977634811351204,-0.022619082206152184
1,ba,1,qwen-3,aeb13307a71acd8fe81861d94ad54ab689df773318809eed3cbe794b4492dae4,flat-ragged,140-byte batch 32,140,32,37093166,37801137,4197760,0.9812711718168688,-0.01890643374440639
1,ba,2,qwen-3,aeb13307a71acd8fe81861d94ad54ab689df773318809eed3cbe794b4492dae4,flat-ragged,140-byte batch 32,140,32,35278695,36836015,4197760,0.9577228970071817,-0.04319679441084255
1,ba,3,qwen-3,aeb13307a71acd8fe81861d94ad54ab689df773318809eed3cbe794b4492dae4,flat-ragged,140-byte batch 32,140,32,38334103,38732508,4197760,0.9897139374501646,-0.010339329678735422
1,ba,4,qwen-3,aeb13307a71acd8fe81861d94ad54ab689df773318809eed3cbe794b4492dae4,flat-ragged,140-byte batch 32,140,32,35687200,35809329,4197760,0.9965894641589067,-0.003416364975877429
1,ba,5,qwen-3,aeb13307a71acd8fe81861d94ad54ab689df773318809eed3cbe794b4492dae4,flat-ragged,140-byte batch 32,140,32,34134840,34055399,4197760,1.0023326991411847,0.0023299826222704448
1,ba,0,qwen-3,aeb13307a71acd8fe81861d94ad54ab689df773318809eed3cbe794b4492dae4,flat-ragged,140-byte batch 512,140,512,14173260,13213150,4229120,1.0726632180819866,0.07014454493294853
1,ba,1,qwen-3,aeb13307a71acd8fe81861d94ad54ab689df773318809eed3cbe794b4492dae4,flat-ragged,140-byte batch 512,140,512,13955443,13484835,4229120,1.0348990551237742,0.034303890679470136
1,ba,2,qwen-3,aeb13307a71acd8fe81861d94ad54ab689df773318809eed3cbe794b4492dae4,flat-ragged,140-byte batch 512,140,512,13222178,13030751,4229120,1.0146904042598925,0.014583545531953183
1,ba,3,qwen-3,aeb13307a71acd8fe81861d94ad54ab689df773318809eed3cbe794b4492dae4,flat-ragged,140-byte batch 512,140,512,11667873,11199955,4229120,1.0417785607174315,0.04092940704005808
1,ba,4,qwen-3,aeb13307a71acd8fe81861d94ad54ab689df773318809eed3cbe794b4492dae4,flat-ragged,140-byte batch 512,140,512,10993472,10950014,4229120,1.0039687620490714,0.003960907288561703
1,ba,5,qwen-3,aeb13307a71acd8fe81861d94ad54ab689df773318809eed3cbe794b4492dae4,flat-ragged,140-byte batch 512,140,512,11788503,11348326,4229120,1.0387878353159752,0.03805449041441593
1,ba,0,qwen-3,aeb13307a71acd8fe81861d94ad54ab689df773318809eed3cbe794b4492dae4,flat-ragged,4 KiB single,4096,1,27454671,31673413,4194304,0.8668049445760708,-0.14294130493372176
1,ba,1,qwen-3,aeb13307a71acd8fe81861d94ad54ab689df773318809eed3cbe794b4492dae4,flat-ragged,4 KiB single,4096,1,30346048,32046363,4194304,0.9469420289597293,-0.05451740312943263
1,ba,2,qwen-3,aeb13307a71acd8fe81861d94ad54ab689df773318809eed3cbe794b4492dae4,flat-ragged,4 KiB single,4096,1,29018628,28783429,4194304,1.0081713335822498,0.00813812899718304
1,ba,3,qwen-3,aeb13307a71acd8fe81861d94ad54ab689df773318809eed3cbe794b4492dae4,flat-ragged,4 KiB single,4096,1,27934845,28535933,4194304,0.978935750935496,-0.021289265841657835
1,ba,4,qwen-3,aeb13307a71acd8fe81861d94ad54ab689df773318809eed3cbe794b4492dae4,flat-ragged,4 KiB single,4096,1,30676626,30852981,4194304,0.9942840207239618,-0.005732378005301615
1,ba,5,qwen-3,aeb13307a71acd8fe81861d94ad54ab689df773318809eed3cbe794b4492dae4,flat-ragged,4 KiB single,4096,1,31368156,31315932,4194304,1.0016676495529495,0.0016662605694445223
1,ba,0,qwen-3,aeb13307a71acd8fe81861d94ad54ab689df773318809eed3cbe794b4492dae4,flat-ragged,64 KiB single,65536,1,26762064,28934226,4194304,0.9249275926717376,-0.07803982272632555
1,ba,1,qwen-3,aeb13307a71acd8fe81861d94ad54ab689df773318809eed3cbe794b4492dae4,flat-ragged,64 KiB single,65536,1,27578822,28421918,4194304,0.9703364143123627,-0.03011244873374951
1,ba,2,qwen-3,aeb13307a71acd8fe81861d94ad54ab689df773318809eed3cbe794b4492dae4,flat-ragged,64 KiB single,65536,1,25994621,26869829,4194304,0.9674278537462966,-0.03311442662993348
1,ba,3,qwen-3,aeb13307a71acd8fe81861d94ad54ab689df773318809eed3cbe794b4492dae4,flat-ragged,64 KiB single,65536,1,27170960,26584362,4194304,1.0220655285991065,0.02182560772908101
1,ba,4,qwen-3,aeb13307a71acd8fe81861d94ad54ab689df773318809eed3cbe794b4492dae4,flat-ragged,64 KiB single,65536,1,26891163,26829315,4194304,1.002305239623151,0.0023025866346914935
1,ba,5,qwen-3,aeb13307a71acd8fe81861d94ad54ab689df773318809eed3cbe794b4492dae4,flat-ragged,64 KiB single,65536,1,29531115,29388192,4194304,1.0048632797825738,0.004851492239417138
1,ba,0,qwen-3,aeb13307a71acd8fe81861d94ad54ab689df773318809eed3cbe794b4492dae4,nested,140-byte batch 1,140,1,46401567,45069472,4194400,1.0295564811586877,0.029128108689582446
1,ba,1,qwen-3,aeb13307a71acd8fe81861d94ad54ab689df773318809eed3cbe794b4492dae4,nested,140-byte batch 1,140,1,42979738,41758788,4194400,1.0292381570078135,0.028818875172543244
1,ba,2,qwen-3,aeb13307a71acd8fe81861d94ad54ab689df773318809eed3cbe794b4492dae4,nested,140-byte batch 1,140,1,41068451,40712822,4194400,1.0087350614015407,0.008697131472828528
1,ba,3,qwen-3,aeb13307a71acd8fe81861d94ad54ab689df773318809eed3cbe794b4492dae4,nested,140-byte batch 1,140,1,43758483,43560270,4194400,1.0045503161481781,0.004539994758201651
1,ba,4,qwen-3,aeb13307a71acd8fe81861d94ad54ab689df773318809eed3cbe794b4492dae4,nested,140-byte batch 1,140,1,38666428,40717937,4194400,0.9496165780697583,-0.05169697788860545
1,ba,5,qwen-3,aeb13307a71acd8fe81861d94ad54ab689df773318809eed3cbe794b4492dae4,nested,140-byte batch 1,140,1,38019200,38931411,4194400,0.9765687660280281,-0.023710110225200344
1,ba,0,qwen-3,aeb13307a71acd8fe81861d94ad54ab689df773318809eed3cbe794b4492dae4,nested,140-byte batch 32,140,32,46228843,47283408,4197760,0.9776969333513355,-0.022555541070157586
1,ba,1,qwen-3,aeb13307a71acd8fe81861d94ad54ab689df773318809eed3cbe794b4492dae4,nested,140-byte batch 32,140,32,42405542,43866233,4197760,0.9667012437562168,-0.03386578291240829
1,ba,2,qwen-3,aeb13307a71acd8fe81861d94ad54ab689df773318809eed3cbe794b4492dae4,nested,140-byte batch 32,140,32,42540761,42336941,4197760,1.0048142353978764,0.004802684025823952
1,ba,3,qwen-3,aeb13307a71acd8fe81861d94ad54ab689df773318809eed3cbe794b4492dae4,nested,140-byte batch 32,140,32,44036138,45563888,4197760,0.9664701572438243,-0.03410485795083851
1,ba,4,qwen-3,aeb13307a71acd8fe81861d94ad54ab689df773318809eed3cbe794b4492dae4,nested,140-byte batch 32,140,32,40425451,39897119,4197760,1.0132423596801563,0.01315544608843295
1,ba,5,qwen-3,aeb13307a71acd8fe81861d94ad54ab689df773318809eed3cbe794b4492dae4,nested,140-byte batch 32,140,32,39331864,40539223,4197760,0.9702175100889329,-0.03023499541702743
1,ba,0,qwen-3,aeb13307a71acd8fe81861d94ad54ab689df773318809eed3cbe794b4492dae4,nested,140-byte batch 512,140,512,17168980,16927143,4229120,1.0142869354858053,0.014185838991321342
1,ba,1,qwen-3,aeb13307a71acd8fe81861d94ad54ab689df773318809eed3cbe794b4492dae4,nested,140-byte batch 512,140,512,16378336,15856590,4229120,1.0329040480960914,0.03237429917863431
1,ba,2,qwen-3,aeb13307a71acd8fe81861d94ad54ab689df773318809eed3cbe794b4492dae4,nested,140-byte batch 512,140,512,16329589,15593587,4229120,1.0471990184169941,0.046118998272581105
1,ba,3,qwen-3,aeb13307a71acd8fe81861d94ad54ab689df773318809eed3cbe794b4492dae4,nested,140-byte batch 512,140,512,14671806,14547872,4229120,1.0085190466344494,0.00848296433636667
1,ba,4,qwen-3,aeb13307a71acd8fe81861d94ad54ab689df773318809eed3cbe794b4492dae4,nested,140-byte batch 512,140,512,14165560,13891991,4229120,1.019692569625189,0.019501179537123093
1,ba,5,qwen-3,aeb13307a71acd8fe81861d94ad54ab689df773318809eed3cbe794b4492dae4,nested,140-byte batch 512,140,512,14079446,13761846,4229120,1.0230782992339835,0.02281602288119042
1,ba,0,qwen-3,aeb13307a71acd8fe81861d94ad54ab689df773318809eed3cbe794b4492dae4,nested,4 KiB single,4096,1,33702308,33330750,4194304,1.0111476039393053,0.011085927343395433
1,ba,1,qwen-3,aeb13307a71acd8fe81861d94ad54ab689df773318809eed3cbe794b4492dae4,nested,4 KiB single,4096,1,32007590,33017359,4194304,0.9694170269645128,-0.031060391288851893
1,ba,2,qwen-3,aeb13307a71acd8fe81861d94ad54ab689df773318809eed3cbe794b4492dae4,nested,4 KiB single,4096,1,30280859,30917299,4194304,0.9794147606490463,-0.02080006871349355
1,ba,3,qwen-3,aeb13307a71acd8fe81861d94ad54ab689df773318809eed3cbe794b4492dae4,nested,4 KiB single,4096,1,30305630,29568771,4194304,1.0249201767635185,0.024614733229578214
1,ba,4,qwen-3,aeb13307a71acd8fe81861d94ad54ab689df773318809eed3cbe794b4492dae4,nested,4 KiB single,4096,1,31805665,31635449,4194304,1.0053805463611407,0.005366122935709774
1,ba,5,qwen-3,aeb13307a71acd8fe81861d94ad54ab689df773318809eed3cbe794b4492dae4,nested,4 KiB single,4096,1,32534915,32811983,4194304,0.9915558898101343,-0.00847996366477891
1,ba,0,qwen-3,aeb13307a71acd8fe81861d94ad54ab689df773318809eed3cbe794b4492dae4,nested,64 KiB single,65536,1,32881074,33074105,4194304,0.9941636818290321,-0.005853416034033368
1,ba,1,qwen-3,aeb13307a71acd8fe81861d94ad54ab689df773318809eed3cbe794b4492dae4,nested,64 KiB single,65536,1,30243106,29653099,4194304,1.0198969760293857,0.019701618302183893
1,ba,2,qwen-3,aeb13307a71acd8fe81861d94ad54ab689df773318809eed3cbe794b4492dae4,nested,64 KiB single,65536,1,29313192,30028181,4194304,0.9761894002170828,-0.024098653796314852
1,ba,3,qwen-3,aeb13307a71acd8fe81861d94ad54ab689df773318809eed3cbe794b4492dae4,nested,64 KiB single,65536,1,28220673,29709550,4194304,0.9498855755135974,-0.051413748469644395
1,ba,4,qwen-3,aeb13307a71acd8fe81861d94ad54ab689df773318809eed3cbe794b4492dae4,nested,64 KiB single,65536,1,28916615,29568405,4194304,0.977956538406451,-0.022290049191980302
1,ba,5,qwen-3,aeb13307a71acd8fe81861d94ad54ab689df773318809eed3cbe794b4492dae4,nested,64 KiB single,65536,1,31007585,30285068,4194304,1.023857202499925,0.023577066209498492
