cycle,order,round,model,tokenizer_sha256,contract,shape,input_bytes,batch,parent_elapsed_ns,candidate_elapsed_ns,total_bytes,ratio,log_ratio
0,ab,0,deepseek-r1,ecb6f9fc369894346f0511f4074ca75cee5cd5f3b06d02f1ba35fcd39f8e121d,flat-ragged,140-byte batch 1,140,1,52861570,48962100,4194400,1.0796426215378834,0.07663008039122113
0,ab,1,deepseek-r1,ecb6f9fc369894346f0511f4074ca75cee5cd5f3b06d02f1ba35fcd39f8e121d,flat-ragged,140-byte batch 1,140,1,50971140,47681130,4194400,1.0690002523010675,0.06672386805884623
0,ab,2,deepseek-r1,ecb6f9fc369894346f0511f4074ca75cee5cd5f3b06d02f1ba35fcd39f8e121d,flat-ragged,140-byte batch 1,140,1,45438640,42626040,4194400,1.0659831408219014,0.0638975102545186
0,ab,3,deepseek-r1,ecb6f9fc369894346f0511f4074ca75cee5cd5f3b06d02f1ba35fcd39f8e121d,flat-ragged,140-byte batch 1,140,1,39391139,37440649,4194400,1.0520955178955365,0.05078390667241416
0,ab,4,deepseek-r1,ecb6f9fc369894346f0511f4074ca75cee5cd5f3b06d02f1ba35fcd39f8e121d,flat-ragged,140-byte batch 1,140,1,50915150,46582020,4194400,1.093021513450898,0.08894589193838766
0,ab,5,deepseek-r1,ecb6f9fc369894346f0511f4074ca75cee5cd5f3b06d02f1ba35fcd39f8e121d,flat-ragged,140-byte batch 1,140,1,43999080,44510230,4194400,0.9885161231474203,-0.01155032578377534
0,ab,0,deepseek-r1,ecb6f9fc369894346f0511f4074ca75cee5cd5f3b06d02f1ba35fcd39f8e121d,flat-ragged,140-byte batch 32,140,32,47417370,44448950,4197760,1.0667826799058246,0.0646472776350795
0,ab,1,deepseek-r1,ecb6f9fc369894346f0511f4074ca75cee5cd5f3b06d02f1ba35fcd39f8e121d,flat-ragged,140-byte batch 32,140,32,45875540,43237430,4197760,1.0610144960049661,0.05922552212566375
0,ab,2,deepseek-r1,ecb6f9fc369894346f0511f4074ca75cee5cd5f3b06d02f1ba35fcd39f8e121d,flat-ragged,140-byte batch 32,140,32,41666749,39109229,4197760,1.0653942832777399,0.06334494968736058
0,ab,3,deepseek-r1,ecb6f9fc369894346f0511f4074ca75cee5cd5f3b06d02f1ba35fcd39f8e121d,flat-ragged,140-byte batch 32,140,32,35712559,33160490,4197760,1.0769611365815162,0.07414331264064737
0,ab,4,deepseek-r1,ecb6f9fc369894346f0511f4074ca75cee5cd5f3b06d02f1ba35fcd39f8e121d,flat-ragged,140-byte batch 32,140,32,47975520,44586170,4197760,1.076017967006361,0.0732671595614853
0,ab,5,deepseek-r1,ecb6f9fc369894346f0511f4074ca75cee5cd5f3b06d02f1ba35fcd39f8e121d,flat-ragged,140-byte batch 32,140,32,41629849,39681649,4197760,1.0490957419637474,0.047928594995514655
0,ab,0,deepseek-r1,ecb6f9fc369894346f0511f4074ca75cee5cd5f3b06d02f1ba35fcd39f8e121d,flat-ragged,140-byte batch 512,140,512,15097670,14019970,4229120,1.0768689233999786,0.0740576854750625
0,ab,1,deepseek-r1,ecb6f9fc369894346f0511f4074ca75cee5cd5f3b06d02f1ba35fcd39f8e121d,flat-ragged,140-byte batch 512,140,512,14270320,13737790,4229120,1.0387638768681133,0.038031426297434
0,ab,2,deepseek-r1,ecb6f9fc369894346f0511f4074ca75cee5cd5f3b06d02f1ba35fcd39f8e121d,flat-ragged,140-byte batch 512,140,512,13933360,12957100,4229120,1.0753455634362628,0.07264206428355735
0,ab,3,deepseek-r1,ecb6f9fc369894346f0511f4074ca75cee5cd5f3b06d02f1ba35fcd39f8e121d,flat-ragged,140-byte batch 512,140,512,12256350,11472520,4229120,1.0683223912444695,0.06608955944720718
0,ab,4,deepseek-r1,ecb6f9fc369894346f0511f4074ca75cee5cd5f3b06d02f1ba35fcd39f8e121d,flat-ragged,140-byte batch 512,140,512,11672250,11175480,4229120,1.0444517819368833,0.04349213717377983
0,ab,5,deepseek-r1,ecb6f9fc369894346f0511f4074ca75cee5cd5f3b06d02f1ba35fcd39f8e121d,flat-ragged,140-byte batch 512,140,512,11623750,11135030,4229120,1.0438903173139182,0.042954423897114354
0,ab,0,deepseek-r1,ecb6f9fc369894346f0511f4074ca75cee5cd5f3b06d02f1ba35fcd39f8e121d,flat-ragged,4 KiB single,4096,1,33932670,35011429,4194304,0.9691883756015786,-0.03129628391939123
0,ab,1,deepseek-r1,ecb6f9fc369894346f0511f4074ca75cee5cd5f3b06d02f1ba35fcd39f8e121d,flat-ragged,4 KiB single,4096,1,37899989,39210890,4194304,0.9665679355913624,-0.03400369248701872
0,ab,2,deepseek-r1,ecb6f9fc369894346f0511f4074ca75cee5cd5f3b06d02f1ba35fcd39f8e121d,flat-ragged,4 KiB single,4096,1,35253539,36134430,4194304,0.9756218376766979,-0.024680229048432572
0,ab,3,deepseek-r1,ecb6f9fc369894346f0511f4074ca75cee5cd5f3b06d02f1ba35fcd39f8e121d,flat-ragged,4 KiB single,4096,1,33803480,33220840,4194304,1.017538388553691,0.017386365931214155
0,ab,4,deepseek-r1,ecb6f9fc369894346f0511f4074ca75cee5cd5f3b06d02f1ba35fcd39f8e121d,flat-ragged,4 KiB single,4096,1,34194509,33347650,4194304,1.0253948629063816,0.02507777051132266
0,ab,5,deepseek-r1,ecb6f9fc369894346f0511f4074ca75cee5cd5f3b06d02f1ba35fcd39f8e121d,flat-ragged,4 KiB single,4096,1,40251910,37364739,4194304,1.077269936235872,0.074430003943514
0,ab,0,deepseek-r1,ecb6f9fc369894346f0511f4074ca75cee5cd5f3b06d02f1ba35fcd39f8e121d,flat-ragged,64 KiB single,65536,1,32766790,31747160,4194304,1.0321172035545856,0.031612229946700945
0,ab,1,deepseek-r1,ecb6f9fc369894346f0511f4074ca75cee5cd5f3b06d02f1ba35fcd39f8e121d,flat-ragged,64 KiB single,65536,1,34893070,34884720,4194304,1.0002393598114017,0.00023933116941240846
0,ab,2,deepseek-r1,ecb6f9fc369894346f0511f4074ca75cee5cd5f3b06d02f1ba35fcd39f8e121d,flat-ragged,64 KiB single,65536,1,32674070,32140080,4194304,1.0166144577113685,0.01647794756181139
0,ab,3,deepseek-r1,ecb6f9fc369894346f0511f4074ca75cee5cd5f3b06d02f1ba35fcd39f8e121d,flat-ragged,64 KiB single,65536,1,31984859,31113290,4194304,1.0280127559637697,0.027627575481056085
0,ab,4,deepseek-r1,ecb6f9fc369894346f0511f4074ca75cee5cd5f3b06d02f1ba35fcd39f8e121d,flat-ragged,64 KiB single,65536,1,29714970,30665300,4194304,0.9690095971668302,-0.031480762943481844
0,ab,5,deepseek-r1,ecb6f9fc369894346f0511f4074ca75cee5cd5f3b06d02f1ba35fcd39f8e121d,flat-ragged,64 KiB single,65536,1,33025769,32233070,4194304,1.0245927241804769,0.024295191366067993
0,ab,0,deepseek-r1,ecb6f9fc369894346f0511f4074ca75cee5cd5f3b06d02f1ba35fcd39f8e121d,nested,140-byte batch 1,140,1,52355609,49361449,4194400,1.060657862778704,0.05888934087869177
0,ab,1,deepseek-r1,ecb6f9fc369894346f0511f4074ca75cee5cd5f3b06d02f1ba35fcd39f8e121d,nested,140-byte batch 1,140,1,53244460,47645350,4194400,1.1175163998165614,0.1111087228489651
0,ab,2,deepseek-r1,ecb6f9fc369894346f0511f4074ca75cee5cd5f3b06d02f1ba35fcd39f8e121d,nested,140-byte batch 1,140,1,47258849,43342600,4194400,1.0903556547138382,0.0865039317487537
0,ab,3,deepseek-r1,ecb6f9fc369894346f0511f4074ca75cee5cd5f3b06d02f1ba35fcd39f8e121d,nested,140-byte batch 1,140,1,40400499,37853670,4194400,1.0672809003724077,0.06511419950211199
0,ab,4,deepseek-r1,ecb6f9fc369894346f0511f4074ca75cee5cd5f3b06d02f1ba35fcd39f8e121d,nested,140-byte batch 1,140,1,48798339,47836290,4194400,1.0201112795327565,0.01991171892660522
0,ab,5,deepseek-r1,ecb6f9fc369894346f0511f4074ca75cee5cd5f3b06d02f1ba35fcd39f8e121d,nested,140-byte batch 1,140,1,43249190,46134049,4194400,0.9374678992515918,-0.06457276252210277
0,ab,0,deepseek-r1,ecb6f9fc369894346f0511f4074ca75cee5cd5f3b06d02f1ba35fcd39f8e121d,nested,140-byte batch 32,140,32,53968339,49435850,4197760,1.0916842534314672,0.08772169030289846
0,ab,1,deepseek-r1,ecb6f9fc369894346f0511f4074ca75cee5cd5f3b06d02f1ba35fcd39f8e121d,nested,140-byte batch 32,140,32,50201419,47339770,4197760,1.0604491530060243,0.05869254762705465
0,ab,2,deepseek-r1,ecb6f9fc369894346f0511f4074ca75cee5cd5f3b06d02f1ba35fcd39f8e121d,nested,140-byte batch 32,140,32,47452920,43406110,4197760,1.0932313446194557,0.08913784701661878
0,ab,3,deepseek-r1,ecb6f9fc369894346f0511f4074ca75cee5cd5f3b06d02f1ba35fcd39f8e121d,nested,140-byte batch 32,140,32,40249670,37532149,4197760,1.0724051532460879,0.0699039327076291
0,ab,4,deepseek-r1,ecb6f9fc369894346f0511f4074ca75cee5cd5f3b06d02f1ba35fcd39f8e121d,nested,140-byte batch 32,140,32,47473120,50423140,4197760,0.9414947184963094,-0.06028654057001164
0,ab,5,deepseek-r1,ecb6f9fc369894346f0511f4074ca75cee5cd5f3b06d02f1ba35fcd39f8e121d,nested,140-byte batch 32,140,32,44600249,44549830,4197760,1.00113174393707,0.0011311039976865615
0,ab,0,deepseek-r1,ecb6f9fc369894346f0511f4074ca75cee5cd5f3b06d02f1ba35fcd39f8e121d,nested,140-byte batch 512,140,512,16661690,16330810,4229120,1.0202610893152269,0.02005856445835897
0,ab,1,deepseek-r1,ecb6f9fc369894346f0511f4074ca75cee5cd5f3b06d02f1ba35fcd39f8e121d,nested,140-byte batch 512,140,512,16117460,15839030,4229120,1.0175787279902873,0.017426009287631883
0,ab,2,deepseek-r1,ecb6f9fc369894346f0511f4074ca75cee5cd5f3b06d02f1ba35fcd39f8e121d,nested,140-byte batch 512,140,512,15651410,15308970,4229120,1.0223685852150732,0.022122077657985788
0,ab,3,deepseek-r1,ecb6f9fc369894346f0511f4074ca75cee5cd5f3b06d02f1ba35fcd39f8e121d,nested,140-byte batch 512,140,512,14465270,13989710,4229120,1.0339935566927405,0.03342854462846649
0,ab,4,deepseek-r1,ecb6f9fc369894346f0511f4074ca75cee5cd5f3b06d02f1ba35fcd39f8e121d,nested,140-byte batch 512,140,512,13658250,12676320,4229120,1.077461755462153,0.07460804859522341
0,ab,5,deepseek-r1,ecb6f9fc369894346f0511f4074ca75cee5cd5f3b06d02f1ba35fcd39f8e121d,nested,140-byte batch 512,140,512,13700120,13378620,4229120,1.024030879119072,0.02374668155237015
0,ab,0,deepseek-r1,ecb6f9fc369894346f0511f4074ca75cee5cd5f3b06d02f1ba35fcd39f8e121d,nested,4 KiB single,4096,1,34988650,35089880,4194304,0.9971151226507472,-0.002889046628416286
0,ab,1,deepseek-r1,ecb6f9fc369894346f0511f4074ca75cee5cd5f3b06d02f1ba35fcd39f8e121d,nested,4 KiB single,4096,1,37216340,36846469,4194304,1.010038166750795,0.009988119001360226
0,ab,2,deepseek-r1,ecb6f9fc369894346f0511f4074ca75cee5cd5f3b06d02f1ba35fcd39f8e121d,nested,4 KiB single,4096,1,34925210,33936339,4194304,1.0291390005268395,0.028722530845472022
0,ab,3,deepseek-r1,ecb6f9fc369894346f0511f4074ca75cee5cd5f3b06d02f1ba35fcd39f8e121d,nested,4 KiB single,4096,1,34546570,33216790,4194304,1.04003336866687,0.03925279789516614
0,ab,4,deepseek-r1,ecb6f9fc369894346f0511f4074ca75cee5cd5f3b06d02f1ba35fcd39f8e121d,nested,4 KiB single,4096,1,34214050,35558180,4194304,0.9621991339264271,-0.038533849814437734
0,ab,5,deepseek-r1,ecb6f9fc369894346f0511f4074ca75cee5cd5f3b06d02f1ba35fcd39f8e121d,nested,4 KiB single,4096,1,36773729,38843040,4194304,0.9467263375884071,-0.05474520581765961
0,ab,0,deepseek-r1,ecb6f9fc369894346f0511f4074ca75cee5cd5f3b06d02f1ba35fcd39f8e121d,nested,64 KiB single,65536,1,33134200,32652210,4194304,1.014761328559384,0.014653440566531563
0,ab,1,deepseek-r1,ecb6f9fc369894346f0511f4074ca75cee5cd5f3b06d02f1ba35fcd39f8e121d,nested,64 KiB single,65536,1,34632459,35143169,4194304,0.9854677305851387,-0.014638897131311435
0,ab,2,deepseek-r1,ecb6f9fc369894346f0511f4074ca75cee5cd5f3b06d02f1ba35fcd39f8e121d,nested,64 KiB single,65536,1,34165070,35438080,4194304,0.9640779071552409,-0.03658317108599321
0,ab,3,deepseek-r1,ecb6f9fc369894346f0511f4074ca75cee5cd5f3b06d02f1ba35fcd39f8e121d,nested,64 KiB single,65536,1,31395750,31923559,4194304,0.9834664737725515,-0.016671730424903428
0,ab,4,deepseek-r1,ecb6f9fc369894346f0511f4074ca75cee5cd5f3b06d02f1ba35fcd39f8e121d,nested,64 KiB single,65536,1,30067800,29829030,4194304,1.0080046183198046,0.00797275130515388
0,ab,5,deepseek-r1,ecb6f9fc369894346f0511f4074ca75cee5cd5f3b06d02f1ba35fcd39f8e121d,nested,64 KiB single,65536,1,31464430,32084770,4194304,0.9806655930524046,-0.019523761269472053
0,ab,0,gemma-3,4667f2089529e8e7657cfb6d1c19910ae71ff5f28aa7ab2ff2763330affad795,flat-ragged,140-byte batch 1,140,1,224720299,233716518,4194400,0.9615079880661238,-0.03925240606672761
0,ab,1,gemma-3,4667f2089529e8e7657cfb6d1c19910ae71ff5f28aa7ab2ff2763330affad795,flat-ragged,140-byte batch 1,140,1,230610898,207465678,4194400,1.1115616820243395,0.10576594728122295
0,ab,2,gemma-3,4667f2089529e8e7657cfb6d1c19910ae71ff5f28aa7ab2ff2763330affad795,flat-ragged,140-byte batch 1,140,1,222691989,197506568,4194400,1.1275168783247755,0.12001776197203132
0,ab,3,gemma-3,4667f2089529e8e7657cfb6d1c19910ae71ff5f28aa7ab2ff2763330affad795,flat-ragged,140-byte batch 1,140,1,176200578,177856468,4194400,0.9906897397737596,-0.009353871598863578
0,ab,4,gemma-3,4667f2089529e8e7657cfb6d1c19910ae71ff5f28aa7ab2ff2763330affad795,flat-ragged,140-byte batch 1,140,1,168088689,166611089,4194400,1.0088685573623495,0.008829462679773331
0,ab,5,gemma-3,4667f2089529e8e7657cfb6d1c19910ae71ff5f28aa7ab2ff2763330affad795,flat-ragged,140-byte batch 1,140,1,174399179,167613559,4194400,1.040483717668688,0.03968571816466037
0,ab,0,gemma-3,4667f2089529e8e7657cfb6d1c19910ae71ff5f28aa7ab2ff2763330affad795,flat-ragged,140-byte batch 32,140,32,83191580,77581809,4197760,1.072307813807229,0.06981316117743279
0,ab,1,gemma-3,4667f2089529e8e7657cfb6d1c19910ae71ff5f28aa7ab2ff2763330affad795,flat-ragged,140-byte batch 32,140,32,71872710,69036389,4197760,1.0410844344712178,0.04026289534580501
0,ab,2,gemma-3,4667f2089529e8e7657cfb6d1c19910ae71ff5f28aa7ab2ff2763330affad795,flat-ragged,140-byte batch 32,140,32,67589639,67203290,4197760,1.0057489596119475,0.005732497407203186
0,ab,3,gemma-3,4667f2089529e8e7657cfb6d1c19910ae71ff5f28aa7ab2ff2763330affad795,flat-ragged,140-byte batch 32,140,32,57441720,57736300,4197760,0.9948978372358465,-0.005115223239978419
0,ab,4,gemma-3,4667f2089529e8e7657cfb6d1c19910ae71ff5f28aa7ab2ff2763330affad795,flat-ragged,140-byte batch 32,140,32,63364240,63547200,4197760,0.9971208802276104,-0.0028832724102647042
0,ab,5,gemma-3,4667f2089529e8e7657cfb6d1c19910ae71ff5f28aa7ab2ff2763330affad795,flat-ragged,140-byte batch 32,140,32,66074009,66525640,4197760,0.9932111739173046,-0.006811974991249287
0,ab,0,gemma-3,4667f2089529e8e7657cfb6d1c19910ae71ff5f28aa7ab2ff2763330affad795,flat-ragged,140-byte batch 512,140,512,61606809,62755590,4229120,0.981694363800898,-0.01847525756437998
0,ab,1,gemma-3,4667f2089529e8e7657cfb6d1c19910ae71ff5f28aa7ab2ff2763330affad795,flat-ragged,140-byte batch 512,140,512,58086290,57007250,4229120,1.0189281187919081,0.01875121082204533
0,ab,2,gemma-3,4667f2089529e8e7657cfb6d1c19910ae71ff5f28aa7ab2ff2763330affad795,flat-ragged,140-byte batch 512,140,512,55777930,53995110,4229120,1.0330181751643805,0.03248478452713417
0,ab,3,gemma-3,4667f2089529e8e7657cfb6d1c19910ae71ff5f28aa7ab2ff2763330affad795,flat-ragged,140-byte batch 512,140,512,47045810,45061030,4229120,1.044046485399912,0.043104014714309656
0,ab,4,gemma-3,4667f2089529e8e7657cfb6d1c19910ae71ff5f28aa7ab2ff2763330affad795,flat-ragged,140-byte batch 512,140,512,46264010,45432800,4229120,1.018295372506207,0.018130025852649025
0,ab,5,gemma-3,4667f2089529e8e7657cfb6d1c19910ae71ff5f28aa7ab2ff2763330affad795,flat-ragged,140-byte batch 512,140,512,49634140,47388869,4229120,1.0473797127338067,0.046291533508018665
0,ab,0,gemma-3,4667f2089529e8e7657cfb6d1c19910ae71ff5f28aa7ab2ff2763330affad795,flat-ragged,4 KiB single,4096,1,171411019,164310909,4194304,1.0432114340016219,0.042303872637875196
0,ab,1,gemma-3,4667f2089529e8e7657cfb6d1c19910ae71ff5f28aa7ab2ff2763330affad795,flat-ragged,4 KiB single,4096,1,167859729,168529689,4194304,0.996024676696579,-0.003983245904675749
0,ab,2,gemma-3,4667f2089529e8e7657cfb6d1c19910ae71ff5f28aa7ab2ff2763330affad795,flat-ragged,4 KiB single,4096,1,151614519,152646289,4194304,0.9932407790142871,-0.006782167980874869
0,ab,3,gemma-3,4667f2089529e8e7657cfb6d1c19910ae71ff5f28aa7ab2ff2763330affad795,flat-ragged,4 KiB single,4096,1,150990689,154268659,4194304,0.9787515492696414,-0.021477448771974574
0,ab,4,gemma-3,4667f2089529e8e7657cfb6d1c19910ae71ff5f28aa7ab2ff2763330affad795,flat-ragged,4 KiB single,4096,1,166607368,169318499,4194304,0.9839879811360719,-0.016141596297088577
0,ab,5,gemma-3,4667f2089529e8e7657cfb6d1c19910ae71ff5f28aa7ab2ff2763330affad795,flat-ragged,4 KiB single,4096,1,156862509,152267619,4194304,1.0301764093388759,0.02973005877909854
0,ab,0,gemma-3,4667f2089529e8e7657cfb6d1c19910ae71ff5f28aa7ab2ff2763330affad795,flat-ragged,64 KiB single,65536,1,88234719,86604930,4194304,1.0188186630945837,0.01864378265834739
0,ab,1,gemma-3,4667f2089529e8e7657cfb6d1c19910ae71ff5f28aa7ab2ff2763330affad795,flat-ragged,64 KiB single,65536,1,87960039,85830740,4194304,1.0248081165326082,0.024505391682809772
0,ab,2,gemma-3,4667f2089529e8e7657cfb6d1c19910ae71ff5f28aa7ab2ff2763330affad795,flat-ragged,64 KiB single,65536,1,78592759,77575879,4194304,1.0131081982325976,0.01302302926920996
0,ab,3,gemma-3,4667f2089529e8e7657cfb6d1c19910ae71ff5f28aa7ab2ff2763330affad795,flat-ragged,64 KiB single,65536,1,81129380,80130639,4194304,1.0124639090922511,0.012386874022260366
0,ab,4,gemma-3,4667f2089529e8e7657cfb6d1c19910ae71ff5f28aa7ab2ff2763330affad795,flat-ragged,64 KiB single,65536,1,85730330,82782129,4194304,1.0356139789543224,0.034994467215037336
0,ab,5,gemma-3,4667f2089529e8e7657cfb6d1c19910ae71ff5f28aa7ab2ff2763330affad795,flat-ragged,64 KiB single,65536,1,92320789,93105799,4194304,0.9915686239908644,-0.008467121121971672
0,ab,0,gemma-3,4667f2089529e8e7657cfb6d1c19910ae71ff5f28aa7ab2ff2763330affad795,nested,140-byte batch 1,140,1,217260658,218253428,4194400,0.9954512971040254,-0.004559079724355785
0,ab,1,gemma-3,4667f2089529e8e7657cfb6d1c19910ae71ff5f28aa7ab2ff2763330affad795,nested,140-byte batch 1,140,1,199331138,203307149,4194400,0.9804433291226764,-0.019750432953198203
0,ab,2,gemma-3,4667f2089529e8e7657cfb6d1c19910ae71ff5f28aa7ab2ff2763330affad795,nested,140-byte batch 1,140,1,199308619,198982559,4194400,1.0016386360776475,0.0016372949783991792
0,ab,3,gemma-3,4667f2089529e8e7657cfb6d1c19910ae71ff5f28aa7ab2ff2763330affad795,nested,140-byte batch 1,140,1,160217649,159178279,4194400,1.0065295969181824,0.006508371445976122
0,ab,4,gemma-3,4667f2089529e8e7657cfb6d1c19910ae71ff5f28aa7ab2ff2763330affad795,nested,140-byte batch 1,140,1,160294969,160209229,4194400,1.000535175161476,0.0005350320063223233
0,ab,5,gemma-3,4667f2089529e8e7657cfb6d1c19910ae71ff5f28aa7ab2ff2763330affad795,nested,140-byte batch 1,140,1,161339879,175632969,4194400,0.9186195502963911,-0.08488322460802247
0,ab,0,gemma-3,4667f2089529e8e7657cfb6d1c19910ae71ff5f28aa7ab2ff2763330affad795,nested,140-byte batch 32,140,32,50504139,49851010,4197760,1.0131016202078955,0.013016536333836525
0,ab,1,gemma-3,4667f2089529e8e7657cfb6d1c19910ae71ff5f28aa7ab2ff2763330affad795,nested,140-byte batch 32,140,32,49965740,49465970,4197760,1.0101033094064464,0.010052612163292618
0,ab,2,gemma-3,4667f2089529e8e7657cfb6d1c19910ae71ff5f28aa7ab2ff2763330affad795,nested,140-byte batch 32,140,32,50089800,49090860,4197760,1.020348798126576,0.020144527789167962
0,ab,3,gemma-3,4667f2089529e8e7657cfb6d1c19910ae71ff5f28aa7ab2ff2763330affad795,nested,140-byte batch 32,140,32,50533010,48518300,4197760,1.041524744271749,0.040685739738873045
0,ab,4,gemma-3,4667f2089529e8e7657cfb6d1c19910ae71ff5f28aa7ab2ff2763330affad795,nested,140-byte batch 32,140,32,50558280,48197560,4197760,1.0489800728501608,0.04781833290404293
0,ab,5,gemma-3,4667f2089529e8e7657cfb6d1c19910ae71ff5f28aa7ab2ff2763330affad795,nested,140-byte batch 32,140,32,50235649,48616910,4197760,1.0332958018105223,0.03275350133484677
0,ab,0,gemma-3,4667f2089529e8e7657cfb6d1c19910ae71ff5f28aa7ab2ff2763330affad795,nested,140-byte batch 512,140,512,38504389,39795240,4229120,0.967562678350476,-0.03297507235180009
0,ab,1,gemma-3,4667f2089529e8e7657cfb6d1c19910ae71ff5f28aa7ab2ff2763330affad795,nested,140-byte batch 512,140,512,37404619,38480389,4229120,0.9720436817829466,-0.028354535425562096
0,ab,2,gemma-3,4667f2089529e8e7657cfb6d1c19910ae71ff5f28aa7ab2ff2763330affad795,nested,140-byte batch 512,140,512,36952580,37966120,4229120,0.9733040932283836,-0.027058714042880763
0,ab,3,gemma-3,4667f2089529e8e7657cfb6d1c19910ae71ff5f28aa7ab2ff2763330affad795,nested,140-byte batch 512,140,512,36637690,37503880,4229120,0.9769039896672025,-0.023366902323797473
0,ab,4,gemma-3,4667f2089529e8e7657cfb6d1c19910ae71ff5f28aa7ab2ff2763330affad795,nested,140-byte batch 512,140,512,36046830,38327150,4229120,0.9405037943076905,-0.061339595897578585
0,ab,5,gemma-3,4667f2089529e8e7657cfb6d1c19910ae71ff5f28aa7ab2ff2763330affad795,nested,140-byte batch 512,140,512,36767280,37896940,4229120,0.9701912608247526,-0.030262050813370037
0,ab,0,gemma-3,4667f2089529e8e7657cfb6d1c19910ae71ff5f28aa7ab2ff2763330affad795,nested,4 KiB single,4096,1,149101209,135690199,4194304,1.0988355098513785,0.09425099165471344
0,ab,1,gemma-3,4667f2089529e8e7657cfb6d1c19910ae71ff5f28aa7ab2ff2763330affad795,nested,4 KiB single,4096,1,148046419,135345239,4194304,1.0938428281175077,0.08969702651003307
0,ab,2,gemma-3,4667f2089529e8e7657cfb6d1c19910ae71ff5f28aa7ab2ff2763330affad795,nested,4 KiB single,4096,1,145434789,139131199,4194304,1.0453068042632192,0.044310434923283716
0,ab,3,gemma-3,4667f2089529e8e7657cfb6d1c19910ae71ff5f28aa7ab2ff2763330affad795,nested,4 KiB single,4096,1,148380789,136407399,4194304,1.087776690177928,0.08413587936926996
0,ab,4,gemma-3,4667f2089529e8e7657cfb6d1c19910ae71ff5f28aa7ab2ff2763330affad795,nested,4 KiB single,4096,1,144071019,138666079,4194304,1.038978097880737,0.0382376318956134
0,ab,5,gemma-3,4667f2089529e8e7657cfb6d1c19910ae71ff5f28aa7ab2ff2763330affad795,nested,4 KiB single,4096,1,138359519,132926049,4194304,1.0408758858092593,0.040062556597151106
0,ab,0,gemma-3,4667f2089529e8e7657cfb6d1c19910ae71ff5f28aa7ab2ff2763330affad795,nested,64 KiB single,65536,1,75428350,74130099,4194304,1.0175131426709683,0.017361554881138292
0,ab,1,gemma-3,4667f2089529e8e7657cfb6d1c19910ae71ff5f28aa7ab2ff2763330affad795,nested,64 KiB single,65536,1,74064209,73873610,4194304,1.0025800688500264,0.00257674618629796
0,ab,2,gemma-3,4667f2089529e8e7657cfb6d1c19910ae71ff5f28aa7ab2ff2763330affad795,nested,64 KiB single,65536,1,75700089,76404950,4194304,0.9907746683951759,-0.009268148513333335
0,ab,3,gemma-3,4667f2089529e8e7657cfb6d1c19910ae71ff5f28aa7ab2ff2763330affad795,nested,64 KiB single,65536,1,94053109,91917429,4194304,1.023234766498963,0.02296894890986562
0,ab,4,gemma-3,4667f2089529e8e7657cfb6d1c19910ae71ff5f28aa7ab2ff2763330affad795,nested,64 KiB single,65536,1,98963159,96757659,4194304,1.0227940611915798,0.022538157996038522
0,ab,5,gemma-3,4667f2089529e8e7657cfb6d1c19910ae71ff5f28aa7ab2ff2763330affad795,nested,64 KiB single,65536,1,80578100,78130029,4194304,1.0313332918384044,0.030852423248508273
0,ab,0,glm-4-7,9340665016419c825c4bdabbcc9acc43b7ca2c68ce142724afa829abb1be5efd,flat-ragged,140-byte batch 1,140,1,63114510,59494179,4194400,1.0608518524139983,0.059072219735616834
0,ab,1,glm-4-7,9340665016419c825c4bdabbcc9acc43b7ca2c68ce142724afa829abb1be5efd,flat-ragged,140-byte batch 1,140,1,61198780,57600629,4194400,1.0624672171548681,0.060593766897949694
0,ab,2,glm-4-7,9340665016419c825c4bdabbcc9acc43b7ca2c68ce142724afa829abb1be5efd,flat-ragged,140-byte batch 1,140,1,53606119,56077549,4194400,0.9559283520041149,-0.04507231434168807
0,ab,3,glm-4-7,9340665016419c825c4bdabbcc9acc43b7ca2c68ce142724afa829abb1be5efd,flat-ragged,140-byte batch 1,140,1,59729699,61455279,4194400,0.971921370660444,-0.0284803721760842
0,ab,4,glm-4-7,9340665016419c825c4bdabbcc9acc43b7ca2c68ce142724afa829abb1be5efd,flat-ragged,140-byte batch 1,140,1,53050399,51974149,4194400,1.0207074097547995,0.020495925884456926
0,ab,5,glm-4-7,9340665016419c825c4bdabbcc9acc43b7ca2c68ce142724afa829abb1be5efd,flat-ragged,140-byte batch 1,140,1,51817919,49502370,4194400,1.0467765280733023,0.045715468871167626
0,ab,0,glm-4-7,9340665016419c825c4bdabbcc9acc43b7ca2c68ce142724afa829abb1be5efd,flat-ragged,140-byte batch 32,140,32,61463180,61675920,4197760,0.9965506797466499,-0.003455282873728501
0,ab,1,glm-4-7,9340665016419c825c4bdabbcc9acc43b7ca2c68ce142724afa829abb1be5efd,flat-ragged,140-byte batch 32,140,32,51532349,53805719,4197760,0.9577485434215646,-0.04317001623619261
0,ab,2,glm-4-7,9340665016419c825c4bdabbcc9acc43b7ca2c68ce142724afa829abb1be5efd,flat-ragged,140-byte batch 32,140,32,49510469,52009699,4197760,0.9519468474524339,-0.04924607825741186
0,ab,3,glm-4-7,9340665016419c825c4bdabbcc9acc43b7ca2c68ce142724afa829abb1be5efd,flat-ragged,140-byte batch 32,140,32,56033300,59688100,4197760,0.9387683642133021,-0.06318651368415973
0,ab,4,glm-4-7,9340665016419c825c4bdabbcc9acc43b7ca2c68ce142724afa829abb1be5efd,flat-ragged,140-byte batch 32,140,32,50343680,55121780,4197760,0.9133173856141801,-0.09067182942694815
0,ab,5,glm-4-7,9340665016419c825c4bdabbcc9acc43b7ca2c68ce142724afa829abb1be5efd,flat-ragged,140-byte batch 32,140,32,49161720,49354379,4197760,0.996096415274519,-0.003911223598140166
0,ab,0,glm-4-7,9340665016419c825c4bdabbcc9acc43b7ca2c68ce142724afa829abb1be5efd,flat-ragged,140-byte batch 512,140,512,16303589,17638420,4229120,0.9243225300225304,-0.07869420978124429
0,ab,1,glm-4-7,9340665016419c825c4bdabbcc9acc43b7ca2c68ce142724afa829abb1be5efd,flat-ragged,140-byte batch 512,140,512,18112090,16505270,4229120,1.097351936684465,0.09289994723915598
0,ab,2,glm-4-7,9340665016419c825c4bdabbcc9acc43b7ca2c68ce142724afa829abb1be5efd,flat-ragged,140-byte batch 512,140,512,14817519,16679740,4229120,0.8883543148754117,-0.11838461233251481
0,ab,3,glm-4-7,9340665016419c825c4bdabbcc9acc43b7ca2c68ce142724afa829abb1be5efd,flat-ragged,140-byte batch 512,140,512,12768410,13594730,4229120,0.9392176232996169,-0.06270806592376954
0,ab,4,glm-4-7,9340665016419c825c4bdabbcc9acc43b7ca2c68ce142724afa829abb1be5efd,flat-ragged,140-byte batch 512,140,512,12233630,12950660,4229120,0.9446337097877637,-0.05695803531825692
0,ab,5,glm-4-7,9340665016419c825c4bdabbcc9acc43b7ca2c68ce142724afa829abb1be5efd,flat-ragged,140-byte batch 512,140,512,12358120,12747190,4229120,0.969477979068328,-0.030997518256897498
0,ab,0,glm-4-7,9340665016419c825c4bdabbcc9acc43b7ca2c68ce142724afa829abb1be5efd,flat-ragged,4 KiB single,4096,1,44377310,43704950,4194304,1.015384069767841,0.015266934780790406
0,ab,1,glm-4-7,9340665016419c825c4bdabbcc9acc43b7ca2c68ce142724afa829abb1be5efd,flat-ragged,4 KiB single,4096,1,42057990,41108680,4194304,1.023092689913663,0.022830088841226035
0,ab,2,glm-4-7,9340665016419c825c4bdabbcc9acc43b7ca2c68ce142724afa829abb1be5efd,flat-ragged,4 KiB single,4096,1,38099319,37160730,4194304,1.025257550107331,0.024943849425150953
0,ab,3,glm-4-7,9340665016419c825c4bdabbcc9acc43b7ca2c68ce142724afa829abb1be5efd,flat-ragged,4 KiB single,4096,1,36781340,36469040,4194304,1.0085634280474616,0.00852696988752925
0,ab,4,glm-4-7,9340665016419c825c4bdabbcc9acc43b7ca2c68ce142724afa829abb1be5efd,flat-ragged,4 KiB single,4096,1,42223620,40504260,4194304,1.042448868341256,0.04157262633329799
0,ab,5,glm-4-7,9340665016419c825c4bdabbcc9acc43b7ca2c68ce142724afa829abb1be5efd,flat-ragged,4 KiB single,4096,1,41989499,41537500,4194304,1.0108817092988263,0.010822929531968263
0,ab,0,glm-4-7,9340665016419c825c4bdabbcc9acc43b7ca2c68ce142724afa829abb1be5efd,flat-ragged,64 KiB single,65536,1,17797380,17358040,4194304,1.0253104613193655,0.024995455820794824
0,ab,1,glm-4-7,9340665016419c825c4bdabbcc9acc43b7ca2c68ce142724afa829abb1be5efd,flat-ragged,64 KiB single,65536,1,17073460,16869980,4194304,1.012061662195213,0.011989500031992157
0,ab,2,glm-4-7,9340665016419c825c4bdabbcc9acc43b7ca2c68ce142724afa829abb1be5efd,flat-ragged,64 KiB single,65536,1,16353440,16514010,4194304,0.9902767407794957,-0.00977083877554425
0,ab,3,glm-4-7,9340665016419c825c4bdabbcc9acc43b7ca2c68ce142724afa829abb1be5efd,flat-ragged,64 KiB single,65536,1,16749649,16812140,4194304,0.9962829836058943,-0.003723941665767778
0,ab,4,glm-4-7,9340665016419c825c4bdabbcc9acc43b7ca2c68ce142724afa829abb1be5efd,flat-ragged,64 KiB single,65536,1,16321080,16295190,4194304,1.0015888124041512,0.0015875515770252641
0,ab,5,glm-4-7,9340665016419c825c4bdabbcc9acc43b7ca2c68ce142724afa829abb1be5efd,flat-ragged,64 KiB single,65536,1,15973840,15905270,4194304,1.0043111497006967,0.004301883317788916
0,ab,0,glm-4-7,9340665016419c825c4bdabbcc9acc43b7ca2c68ce142724afa829abb1be5efd,nested,140-byte batch 1,140,1,62946539,62190309,4194400,1.012159933149713,0.01208659508799126
0,ab,1,glm-4-7,9340665016419c825c4bdabbcc9acc43b7ca2c68ce142724afa829abb1be5efd,nested,140-byte batch 1,140,1,52509329,53902600,4194400,0.9741520631657842,-0.02618786517862623
0,ab,2,glm-4-7,9340665016419c825c4bdabbcc9acc43b7ca2c68ce142724afa829abb1be5efd,nested,140-byte batch 1,140,1,53844080,52639640,4194400,1.0228808555681612,0.02262301446655828
0,ab,3,glm-4-7,9340665016419c825c4bdabbcc9acc43b7ca2c68ce142724afa829abb1be5efd,nested,140-byte batch 1,140,1,63478479,59475840,4194400,1.0672985703102302,0.06513075539807704
0,ab,4,glm-4-7,9340665016419c825c4bdabbcc9acc43b7ca2c68ce142724afa829abb1be5efd,nested,140-byte batch 1,140,1,56572530,54505660,4194400,1.037920282040434,0.037218982218768765
0,ab,5,glm-4-7,9340665016419c825c4bdabbcc9acc43b7ca2c68ce142724afa829abb1be5efd,nested,140-byte batch 1,140,1,52026930,51776290,4194400,1.0048408257911101,0.004829146669835643
0,ab,0,glm-4-7,9340665016419c825c4bdabbcc9acc43b7ca2c68ce142724afa829abb1be5efd,nested,140-byte batch 32,140,32,61840090,67695649,4197760,0.9135016934397069,-0.09047004937301134
0,ab,1,glm-4-7,9340665016419c825c4bdabbcc9acc43b7ca2c68ce142724afa829abb1be5efd,nested,140-byte batch 32,140,32,56799730,58709790,4197760,0.9674660733754966,-0.033074920971592967
0,ab,2,glm-4-7,9340665016419c825c4bdabbcc9acc43b7ca2c68ce142724afa829abb1be5efd,nested,140-byte batch 32,140,32,54262459,58403919,4197760,0.9290893475829936,-0.07355036870789095
0,ab,3,glm-4-7,9340665016419c825c4bdabbcc9acc43b7ca2c68ce142724afa829abb1be5efd,nested,140-byte batch 32,140,32,63240880,62028359,4197760,1.019547849073357,0.019359243794041418
0,ab,4,glm-4-7,9340665016419c825c4bdabbcc9acc43b7ca2c68ce142724afa829abb1be5efd,nested,140-byte batch 32,140,32,54168730,53567539,4197760,1.0112230468530579,0.011160535738011967
0,ab,5,glm-4-7,9340665016419c825c4bdabbcc9acc43b7ca2c68ce142724afa829abb1be5efd,nested,140-byte batch 32,140,32,53578409,51023019,4197760,1.0500830811285393,0.04886928592354662
0,ab,0,glm-4-7,9340665016419c825c4bdabbcc9acc43b7ca2c68ce142724afa829abb1be5efd,nested,140-byte batch 512,140,512,20075290,19253630,4229120,1.0426755889668597,0.04179009117162219
0,ab,1,glm-4-7,9340665016419c825c4bdabbcc9acc43b7ca2c68ce142724afa829abb1be5efd,nested,140-byte batch 512,140,512,18634519,18076279,4229120,1.0308824620376793,0.03041519469270875
0,ab,2,glm-4-7,9340665016419c825c4bdabbcc9acc43b7ca2c68ce142724afa829abb1be5efd,nested,140-byte batch 512,140,512,17732980,17521360,4229120,1.0120778295748731,0.012005474602644254
0,ab,3,glm-4-7,9340665016419c825c4bdabbcc9acc43b7ca2c68ce142724afa829abb1be5efd,nested,140-byte batch 512,140,512,16262900,15526339,4229120,1.0474394511159393,0.04634856791287774
0,ab,4,glm-4-7,9340665016419c825c4bdabbcc9acc43b7ca2c68ce142724afa829abb1be5efd,nested,140-byte batch 512,140,512,14779040,14900570,4229120,0.9918439361715693,-0.008189506481424563
0,ab,5,glm-4-7,9340665016419c825c4bdabbcc9acc43b7ca2c68ce142724afa829abb1be5efd,nested,140-byte batch 512,140,512,15530760,15027760,4229120,1.0334713889495175,0.03292341610822105
0,ab,0,glm-4-7,9340665016419c825c4bdabbcc9acc43b7ca2c68ce142724afa829abb1be5efd,nested,4 KiB single,4096,1,46126300,46792789,4194304,0.9857565874092267,-0.014345823609928126
0,ab,1,glm-4-7,9340665016419c825c4bdabbcc9acc43b7ca2c68ce142724afa829abb1be5efd,nested,4 KiB single,4096,1,46588330,42245070,4194304,1.102811049904758,0.09786241998016258
0,ab,2,glm-4-7,9340665016419c825c4bdabbcc9acc43b7ca2c68ce142724afa829abb1be5efd,nested,4 KiB single,4096,1,42649890,40423300,4194304,1.055081846360886,0.05361834340788834
0,ab,3,glm-4-7,9340665016419c825c4bdabbcc9acc43b7ca2c68ce142724afa829abb1be5efd,nested,4 KiB single,4096,1,40692709,39315410,4194304,1.0350320395997397,0.0344323823732153
0,ab,4,glm-4-7,9340665016419c825c4bdabbcc9acc43b7ca2c68ce142724afa829abb1be5efd,nested,4 KiB single,4096,1,43470330,45589530,4194304,0.9535156427363914,-0.047599448479598655
0,ab,5,glm-4-7,9340665016419c825c4bdabbcc9acc43b7ca2c68ce142724afa829abb1be5efd,nested,4 KiB single,4096,1,43546930,42806239,4194304,1.0173033421600062,0.017155344136071563
0,ab,0,glm-4-7,9340665016419c825c4bdabbcc9acc43b7ca2c68ce142724afa829abb1be5efd,nested,64 KiB single,65536,1,45061920,43111720,4194304,1.0452359590385167,0.04424265805119745
0,ab,1,glm-4-7,9340665016419c825c4bdabbcc9acc43b7ca2c68ce142724afa829abb1be5efd,nested,64 KiB single,65536,1,38754380,39405510,4194304,0.9834761686880845,-0.016661872572087757
0,ab,2,glm-4-7,9340665016419c825c4bdabbcc9acc43b7ca2c68ce142724afa829abb1be5efd,nested,64 KiB single,65536,1,38848040,40158439,4194304,0.9673692744879849,-0.03317498001558277
0,ab,3,glm-4-7,9340665016419c825c4bdabbcc9acc43b7ca2c68ce142724afa829abb1be5efd,nested,64 KiB single,65536,1,35898840,35354660,4194304,1.0153920303575257,0.015274774728960293
0,ab,4,glm-4-7,9340665016419c825c4bdabbcc9acc43b7ca2c68ce142724afa829abb1be5efd,nested,64 KiB single,65536,1,37165559,37582620,4194304,0.988902822634505,-0.011159210392837
0,ab,5,glm-4-7,9340665016419c825c4bdabbcc9acc43b7ca2c68ce142724afa829abb1be5efd,nested,64 KiB single,65536,1,39234700,40071300,4194304,0.9791222146523821,-0.02109880803016623
0,ab,0,gpt-2,8414cab924d8b9b33013f0d221c5862f365ee9be39c5c2bfae8a5a9e970478a6,flat-ragged,140-byte batch 1,140,1,30877840,30560870,4194400,1.0103717597044848,0.01031834204407371
0,ab,1,gpt-2,8414cab924d8b9b33013f0d221c5862f365ee9be39c5c2bfae8a5a9e970478a6,flat-ragged,140-byte batch 1,140,1,30014850,30262650,4194400,0.9918116886657316,-0.008222019691315249
0,ab,2,gpt-2,8414cab924d8b9b33013f0d221c5862f365ee9be39c5c2bfae8a5a9e970478a6,flat-ragged,140-byte batch 1,140,1,36515050,33992260,4194400,1.0742166010733032,0.07159165272961014
0,ab,3,gpt-2,8414cab924d8b9b33013f0d221c5862f365ee9be39c5c2bfae8a5a9e970478a6,flat-ragged,140-byte batch 1,140,1,32264120,31997380,4194400,1.0083363075351794,0.008301752432010532
0,ab,4,gpt-2,8414cab924d8b9b33013f0d221c5862f365ee9be39c5c2bfae8a5a9e970478a6,flat-ragged,140-byte batch 1,140,1,29560290,29352050,4194400,1.007094564093479,0.007069516073717951
0,ab,5,gpt-2,8414cab924d8b9b33013f0d221c5862f365ee9be39c5c2bfae8a5a9e970478a6,flat-ragged,140-byte batch 1,140,1,22906219,23094480,4194400,0.9918482252035984,-0.008185182189467765
0,ab,0,gpt-2,8414cab924d8b9b33013f0d221c5862f365ee9be39c5c2bfae8a5a9e970478a6,flat-ragged,140-byte batch 32,140,32,28046380,26093249,4197760,1.074851966499074,0.07218294651508526
0,ab,1,gpt-2,8414cab924d8b9b33013f0d221c5862f365ee9be39c5c2bfae8a5a9e970478a6,flat-ragged,140-byte batch 32,140,32,26365230,25303770,4197760,1.041948689859258,0.04109270014106976
0,ab,2,gpt-2,8414cab924d8b9b33013f0d221c5862f365ee9be39c5c2bfae8a5a9e970478a6,flat-ragged,140-byte batch 32,140,32,32098350,29553730,4197760,1.0861014836367524,0.08259466432515804
0,ab,3,gpt-2,8414cab924d8b9b33013f0d221c5862f365ee9be39c5c2bfae8a5a9e970478a6,flat-ragged,140-byte batch 32,140,32,29994639,27709920,4197760,1.0824513026381888,0.07922819386707672
0,ab,4,gpt-2,8414cab924d8b9b33013f0d221c5862f365ee9be39c5c2bfae8a5a9e970478a6,flat-ragged,140-byte batch 32,140,32,25502760,24973760,4197760,1.021182232871622,0.02096100794909834
0,ab,5,gpt-2,8414cab924d8b9b33013f0d221c5862f365ee9be39c5c2bfae8a5a9e970478a6,flat-ragged,140-byte batch 32,140,32,18555300,19259679,4197760,0.9634272720744723,-0.03725827703381757
0,ab,0,gpt-2,8414cab924d8b9b33013f0d221c5862f365ee9be39c5c2bfae8a5a9e970478a6,flat-ragged,140-byte batch 512,140,512,11174250,10378110,4229120,1.0767133900103198,0.07391324391927825
0,ab,1,gpt-2,8414cab924d8b9b33013f0d221c5862f365ee9be39c5c2bfae8a5a9e970478a6,flat-ragged,140-byte batch 512,140,512,10516700,9902690,4229120,1.062004364470664,0.06015803248236084
0,ab,2,gpt-2,8414cab924d8b9b33013f0d221c5862f365ee9be39c5c2bfae8a5a9e970478a6,flat-ragged,140-byte batch 512,140,512,10219450,9403670,4229120,1.0867512364853296,0.08319272866879904
0,ab,3,gpt-2,8414cab924d8b9b33013f0d221c5862f365ee9be39c5c2bfae8a5a9e970478a6,flat-ragged,140-byte batch 512,140,512,8795530,8218820,4229120,1.0701694403819526,0.06781699143405855
0,ab,4,gpt-2,8414cab924d8b9b33013f0d221c5862f365ee9be39c5c2bfae8a5a9e970478a6,flat-ragged,140-byte batch 512,140,512,8494210,7854200,4229120,1.0814863385195181,0.07833633435663677
0,ab,5,gpt-2,8414cab924d8b9b33013f0d221c5862f365ee9be39c5c2bfae8a5a9e970478a6,flat-ragged,140-byte batch 512,140,512,8243130,7790590,4229120,1.0580880267091453,0.05646353102343384
0,ab,0,gpt-2,8414cab924d8b9b33013f0d221c5862f365ee9be39c5c2bfae8a5a9e970478a6,flat-ragged,4 KiB single,4096,1,23116199,20170950,4194304,1.1460143919845123,0.13629017666439994
0,ab,1,gpt-2,8414cab924d8b9b33013f0d221c5862f365ee9be39c5c2bfae8a5a9e970478a6,flat-ragged,4 KiB single,4096,1,21647390,20882469,4194304,1.0366298161390781,0.035974889758496706
0,ab,2,gpt-2,8414cab924d8b9b33013f0d221c5862f365ee9be39c5c2bfae8a5a9e970478a6,flat-ragged,4 KiB single,4096,1,20741720,20131080,4194304,1.0303331962318962,0.0298822414167325
0,ab,3,gpt-2,8414cab924d8b9b33013f0d221c5862f365ee9be39c5c2bfae8a5a9e970478a6,flat-ragged,4 KiB single,4096,1,25141300,24352860,4194304,1.0323756634744339,0.031862615816593096
0,ab,4,gpt-2,8414cab924d8b9b33013f0d221c5862f365ee9be39c5c2bfae8a5a9e970478a6,flat-ragged,4 KiB single,4096,1,25074099,24280830,4194304,1.0326705882789016,0.03214825087800875
0,ab,5,gpt-2,8414cab924d8b9b33013f0d221c5862f365ee9be39c5c2bfae8a5a9e970478a6,flat-ragged,4 KiB single,4096,1,23394189,23019480,4194304,1.0162779089710106,0.016146844204891604
0,ab,0,gpt-2,8414cab924d8b9b33013f0d221c5862f365ee9be39c5c2bfae8a5a9e970478a6,flat-ragged,64 KiB single,65536,1,20893180,19897420,4194304,1.0500446791594087,0.04883271484452841
0,ab,1,gpt-2,8414cab924d8b9b33013f0d221c5862f365ee9be39c5c2bfae8a5a9e970478a6,flat-ragged,64 KiB single,65536,1,19006440,19091349,4194304,0.9955524881976648,-0.004457431405579454
0,ab,2,gpt-2,8414cab924d8b9b33013f0d221c5862f365ee9be39c5c2bfae8a5a9e970478a6,flat-ragged,64 KiB single,65536,1,17797529,17873230,4194304,0.9957645596235264,-0.004244435261248397
0,ab,3,gpt-2,8414cab924d8b9b33013f0d221c5862f365ee9be39c5c2bfae8a5a9e970478a6,flat-ragged,64 KiB single,65536,1,20623860,20927250,4194304,0.9855026341253629,-0.014603479510780192
0,ab,4,gpt-2,8414cab924d8b9b33013f0d221c5862f365ee9be39c5c2bfae8a5a9e970478a6,flat-ragged,64 KiB single,65536,1,23029030,23098020,4194304,0.9970131638988969,-0.0029913055980390723
0,ab,5,gpt-2,8414cab924d8b9b33013f0d221c5862f365ee9be39c5c2bfae8a5a9e970478a6,flat-ragged,64 KiB single,65536,1,21345070,21572920,4194304,0.9894381474552355,-0.010618024781368031
0,ab,0,gpt-2,8414cab924d8b9b33013f0d221c5862f365ee9be39c5c2bfae8a5a9e970478a6,nested,140-byte batch 1,140,1,34501260,33153000,4194400,1.040667812867614,0.03986263483478727
0,ab,1,gpt-2,8414cab924d8b9b33013f0d221c5862f365ee9be39c5c2bfae8a5a9e970478a6,nested,140-byte batch 1,140,1,31273249,30741170,4194400,1.0173083522845747,0.01716026903115817
0,ab,2,gpt-2,8414cab924d8b9b33013f0d221c5862f365ee9be39c5c2bfae8a5a9e970478a6,nested,140-byte batch 1,140,1,34391980,36158260,4194400,0.9511514104937572,-0.050082017233947576
0,ab,3,gpt-2,8414cab924d8b9b33013f0d221c5862f365ee9be39c5c2bfae8a5a9e970478a6,nested,140-byte batch 1,140,1,32734939,32442380,4194400,1.0090178032561112,0.008977385671817491
0,ab,4,gpt-2,8414cab924d8b9b33013f0d221c5862f365ee9be39c5c2bfae8a5a9e970478a6,nested,140-byte batch 1,140,1,30801550,30960590,4194400,0.994863146987832,-0.005150091998882697
0,ab,5,gpt-2,8414cab924d8b9b33013f0d221c5862f365ee9be39c5c2bfae8a5a9e970478a6,nested,140-byte batch 1,140,1,22576850,22817189,4194400,0.989466756838452,-0.010589110422566463
0,ab,0,gpt-2,8414cab924d8b9b33013f0d221c5862f365ee9be39c5c2bfae8a5a9e970478a6,nested,140-byte batch 32,140,32,34239140,33449670,4197760,1.0236017276104667,0.023327513080957457
0,ab,1,gpt-2,8414cab924d8b9b33013f0d221c5862f365ee9be39c5c2bfae8a5a9e970478a6,nested,140-byte batch 32,140,32,30880180,30995889,4197760,0.9962669565631752,-0.0037400286329210986
0,ab,2,gpt-2,8414cab924d8b9b33013f0d221c5862f365ee9be39c5c2bfae8a5a9e970478a6,nested,140-byte batch 32,140,32,36359990,37216300,4197760,0.9769909958808372,-0.02327784307103751
0,ab,3,gpt-2,8414cab924d8b9b33013f0d221c5862f365ee9be39c5c2bfae8a5a9e970478a6,nested,140-byte batch 32,140,32,33980810,34183590,4197760,0.9940679138732942,-0.005949750843337304
0,ab,4,gpt-2,8414cab924d8b9b33013f0d221c5862f365ee9be39c5c2bfae8a5a9e970478a6,nested,140-byte batch 32,140,32,30338940,29195769,4197760,1.0391553652859769,0.038408234418321106
0,ab,5,gpt-2,8414cab924d8b9b33013f0d221c5862f365ee9be39c5c2bfae8a5a9e970478a6,nested,140-byte batch 32,140,32,25424970,24045640,4197760,1.0573629980320756,0.055778070857276964
0,ab,0,gpt-2,8414cab924d8b9b33013f0d221c5862f365ee9be39c5c2bfae8a5a9e970478a6,nested,140-byte batch 512,140,512,13463090,12815500,4229120,1.0505317779251688,0.0492964911311264
0,ab,1,gpt-2,8414cab924d8b9b33013f0d221c5862f365ee9be39c5c2bfae8a5a9e970478a6,nested,140-byte batch 512,140,512,12159940,12246470,4229120,0.9929342904526773,-0.0070907898830969065
0,ab,2,gpt-2,8414cab924d8b9b33013f0d221c5862f365ee9be39c5c2bfae8a5a9e970478a6,nested,140-byte batch 512,140,512,11756260,11655750,4229120,1.0086232117195375,0.008586244196524614
0,ab,3,gpt-2,8414cab924d8b9b33013f0d221c5862f365ee9be39c5c2bfae8a5a9e970478a6,nested,140-byte batch 512,140,512,10634230,10626840,4229120,1.0006954089832913,0.0006951672985043484
0,ab,4,gpt-2,8414cab924d8b9b33013f0d221c5862f365ee9be39c5c2bfae8a5a9e970478a6,nested,140-byte batch 512,140,512,10604350,9802520,4229120,1.0817983538926725,0.0786247988166428
0,ab,5,gpt-2,8414cab924d8b9b33013f0d221c5862f365ee9be39c5c2bfae8a5a9e970478a6,nested,140-byte batch 512,140,512,10415210,9944500,4229120,1.0473337020463573,0.04624760321461231
0,ab,0,gpt-2,8414cab924d8b9b33013f0d221c5862f365ee9be39c5c2bfae8a5a9e970478a6,nested,4 KiB single,4096,1,25492130,21912760,4194304,1.1633463790047442,0.15130066152754193
0,ab,1,gpt-2,8414cab924d8b9b33013f0d221c5862f365ee9be39c5c2bfae8a5a9e970478a6,nested,4 KiB single,4096,1,23512020,20734040,4194304,1.133981607057766,0.12573498564824281
0,ab,2,gpt-2,8414cab924d8b9b33013f0d221c5862f365ee9be39c5c2bfae8a5a9e970478a6,nested,4 KiB single,4096,1,21043050,19958410,4194304,1.0543450104492291,0.05291973094901465
0,ab,3,gpt-2,8414cab924d8b9b33013f0d221c5862f365ee9be39c5c2bfae8a5a9e970478a6,nested,4 KiB single,4096,1,26517889,24149630,4194304,1.0980660573267582,0.09355050277748823
0,ab,4,gpt-2,8414cab924d8b9b33013f0d221c5862f365ee9be39c5c2bfae8a5a9e970478a6,nested,4 KiB single,4096,1,24303050,25374710,4194304,0.9577666109287555,-0.04315115185169489
0,ab,5,gpt-2,8414cab924d8b9b33013f0d221c5862f365ee9be39c5c2bfae8a5a9e970478a6,nested,4 KiB single,4096,1,25298990,22618680,4194304,1.1184998417237433,0.11198836044043177
0,ab,0,gpt-2,8414cab924d8b9b33013f0d221c5862f365ee9be39c5c2bfae8a5a9e970478a6,nested,64 KiB single,65536,1,24895330,22293940,4194304,1.116685969371049,0.11036534302338853
0,ab,1,gpt-2,8414cab924d8b9b33013f0d221c5862f365ee9be39c5c2bfae8a5a9e970478a6,nested,64 KiB single,65536,1,23166410,20958069,4194304,1.1053694880000633,0.10017965735835815
0,ab,2,gpt-2,8414cab924d8b9b33013f0d221c5862f365ee9be39c5c2bfae8a5a9e970478a6,nested,64 KiB single,65536,1,20330419,19380130,4194304,1.0490341912051158,0.04786992297747012
0,ab,3,gpt-2,8414cab924d8b9b33013f0d221c5862f365ee9be39c5c2bfae8a5a9e970478a6,nested,64 KiB single,65536,1,23979030,22638070,4194304,1.0592347315826836,0.05754669605451995
0,ab,4,gpt-2,8414cab924d8b9b33013f0d221c5862f365ee9be39c5c2bfae8a5a9e970478a6,nested,64 KiB single,65536,1,23162450,22658229,4194304,1.022253327918965,0.0220093357417518
0,ab,5,gpt-2,8414cab924d8b9b33013f0d221c5862f365ee9be39c5c2bfae8a5a9e970478a6,nested,64 KiB single,65536,1,23711500,21890610,4194304,1.0831813275189681,0.07990238476932415
0,ab,0,gpt-oss,0614fe83cadab421296e664e1f48f4261fa8fef6e03e63bb75c20f38e37d07d3,flat-ragged,140-byte batch 1,140,1,54393970,55619260,4194400,0.9779700413130272,-0.02227624202077416
0,ab,1,gpt-oss,0614fe83cadab421296e664e1f48f4261fa8fef6e03e63bb75c20f38e37d07d3,flat-ragged,140-byte batch 1,140,1,51303140,53096150,4194400,0.9662308849135013,-0.0343524620306484
0,ab,2,gpt-oss,0614fe83cadab421296e664e1f48f4261fa8fef6e03e63bb75c20f38e37d07d3,flat-ragged,140-byte batch 1,140,1,48846590,49478770,4194400,0.9872232070441525,-0.012859118161461661
0,ab,3,gpt-oss,0614fe83cadab421296e664e1f48f4261fa8fef6e03e63bb75c20f38e37d07d3,flat-ragged,140-byte batch 1,140,1,52981210,54203360,4194400,0.977452504789371,-0.022805576753844627
0,ab,4,gpt-oss,0614fe83cadab421296e664e1f48f4261fa8fef6e03e63bb75c20f38e37d07d3,flat-ragged,140-byte batch 1,140,1,46650310,46777700,4194400,0.9972766938092296,-0.0027270211352284734
0,ab,5,gpt-oss,0614fe83cadab421296e664e1f48f4261fa8fef6e03e63bb75c20f38e37d07d3,flat-ragged,140-byte batch 1,140,1,40571289,40717020,4194400,0.9964208824712614,-0.003585537893953276
0,ab,0,gpt-oss,0614fe83cadab421296e664e1f48f4261fa8fef6e03e63bb75c20f38e37d07d3,flat-ragged,140-byte batch 32,140,32,55570420,51011220,4197760,1.0893764156199361,0.08560543677030447
0,ab,1,gpt-oss,0614fe83cadab421296e664e1f48f4261fa8fef6e03e63bb75c20f38e37d07d3,flat-ragged,140-byte batch 32,140,32,47533530,44296100,4197760,1.073086118190992,0.07053871969263005
0,ab,2,gpt-oss,0614fe83cadab421296e664e1f48f4261fa8fef6e03e63bb75c20f38e37d07d3,flat-ragged,140-byte batch 32,140,32,48340440,45419850,4197760,1.0643020617637442,0.062319243264661595
0,ab,3,gpt-oss,0614fe83cadab421296e664e1f48f4261fa8fef6e03e63bb75c20f38e37d07d3,flat-ragged,140-byte batch 32,140,32,50159250,48654599,4197760,1.03092515468065,0.03045660752155908
0,ab,4,gpt-oss,0614fe83cadab421296e664e1f48f4261fa8fef6e03e63bb75c20f38e37d07d3,flat-ragged,140-byte batch 32,140,32,45267250,42711749,4197760,1.059831335869669,0.05810977835942044
0,ab,5,gpt-oss,0614fe83cadab421296e664e1f48f4261fa8fef6e03e63bb75c20f38e37d07d3,flat-ragged,140-byte batch 32,140,32,39038919,38226189,4197760,1.0212610783669802,0.02103821498340231
0,ab,0,gpt-oss,0614fe83cadab421296e664e1f48f4261fa8fef6e03e63bb75c20f38e37d07d3,flat-ragged,140-byte batch 512,140,512,16391100,15735520,4229120,1.0416624299673605,0.04081792728064997
0,ab,1,gpt-oss,0614fe83cadab421296e664e1f48f4261fa8fef6e03e63bb75c20f38e37d07d3,flat-ragged,140-byte batch 512,140,512,16279189,14899000,4229120,1.092636351432982,0.08859344700353186
0,ab,2,gpt-oss,0614fe83cadab421296e664e1f48f4261fa8fef6e03e63bb75c20f38e37d07d3,flat-ragged,140-byte batch 512,140,512,14849930,14231060,4229120,1.0434872736113825,0.04256825159240366
0,ab,3,gpt-oss,0614fe83cadab421296e664e1f48f4261fa8fef6e03e63bb75c20f38e37d07d3,flat-ragged,140-byte batch 512,140,512,12185240,12030950,4229120,1.012824423673941,0.012742887118929161
0,ab,4,gpt-oss,0614fe83cadab421296e664e1f48f4261fa8fef6e03e63bb75c20f38e37d07d3,flat-ragged,140-byte batch 512,140,512,11700230,11428860,4229120,1.0237442754570447,0.023466764430357837
0,ab,5,gpt-oss,0614fe83cadab421296e664e1f48f4261fa8fef6e03e63bb75c20f38e37d07d3,flat-ragged,140-byte batch 512,140,512,11546200,11454430,4229120,1.0080117474199939,0.007979823767769241
0,ab,0,gpt-oss,0614fe83cadab421296e664e1f48f4261fa8fef6e03e63bb75c20f38e37d07d3,flat-ragged,4 KiB single,4096,1,37895039,36738430,4194304,1.0314822653009397,0.03099686026545696
0,ab,1,gpt-oss,0614fe83cadab421296e664e1f48f4261fa8fef6e03e63bb75c20f38e37d07d3,flat-ragged,4 KiB single,4096,1,37866050,35998729,4194304,1.0518718591425824,0.050571299997769444
0,ab,2,gpt-oss,0614fe83cadab421296e664e1f48f4261fa8fef6e03e63bb75c20f38e37d07d3,flat-ragged,4 KiB single,4096,1,34710290,33126400,4194304,1.0478135263717157,0.04670563721550621
0,ab,3,gpt-oss,0614fe83cadab421296e664e1f48f4261fa8fef6e03e63bb75c20f38e37d07d3,flat-ragged,4 KiB single,4096,1,33832159,33031969,4194304,1.024224713943029,0.023935949752288323
0,ab,4,gpt-oss,0614fe83cadab421296e664e1f48f4261fa8fef6e03e63bb75c20f38e37d07d3,flat-ragged,4 KiB single,4096,1,42593250,41062730,4194304,1.0372727288224626,0.03659489256966178
0,ab,5,gpt-oss,0614fe83cadab421296e664e1f48f4261fa8fef6e03e63bb75c20f38e37d07d3,flat-ragged,4 KiB single,4096,1,39351919,37291019,4194304,1.0552653173677018,0.0537922209674022
0,ab,0,gpt-oss,0614fe83cadab421296e664e1f48f4261fa8fef6e03e63bb75c20f38e37d07d3,flat-ragged,64 KiB single,65536,1,18667110,18253930,4194304,1.0226351256962198,0.022382752473619393
0,ab,1,gpt-oss,0614fe83cadab421296e664e1f48f4261fa8fef6e03e63bb75c20f38e37d07d3,flat-ragged,64 KiB single,65536,1,18270480,18012570,4194304,1.0143183343631696,0.01421679511455887
0,ab,2,gpt-oss,0614fe83cadab421296e664e1f48f4261fa8fef6e03e63bb75c20f38e37d07d3,flat-ragged,64 KiB single,65536,1,17569160,17567800,4194304,1.000077414360364,7.741136402694666e-05
0,ab,3,gpt-oss,0614fe83cadab421296e664e1f48f4261fa8fef6e03e63bb75c20f38e37d07d3,flat-ragged,64 KiB single,65536,1,17938970,17978970,4194304,0.9977751784445938,-0.0022273001478491823
0,ab,4,gpt-oss,0614fe83cadab421296e664e1f48f4261fa8fef6e03e63bb75c20f38e37d07d3,flat-ragged,64 KiB single,65536,1,17553140,17135330,4194304,1.0243829561496627,0.024090437318901117
0,ab,5,gpt-oss,0614fe83cadab421296e664e1f48f4261fa8fef6e03e63bb75c20f38e37d07d3,flat-ragged,64 KiB single,65536,1,17287690,16867439,4194304,1.0249149263263972,0.024609610439834402
0,ab,0,gpt-oss,0614fe83cadab421296e664e1f48f4261fa8fef6e03e63bb75c20f38e37d07d3,nested,140-byte batch 1,140,1,58425070,59865469,4194400,0.9759394017275635,-0.024354782890498486
0,ab,1,gpt-oss,0614fe83cadab421296e664e1f48f4261fa8fef6e03e63bb75c20f38e37d07d3,nested,140-byte batch 1,140,1,53505160,52529290,4194400,1.0185776354487182,0.018407179060743645
0,ab,2,gpt-oss,0614fe83cadab421296e664e1f48f4261fa8fef6e03e63bb75c20f38e37d07d3,nested,140-byte batch 1,140,1,51845500,54385340,4194400,0.9532991795215402,-0.04782649015480944
0,ab,3,gpt-oss,0614fe83cadab421296e664e1f48f4261fa8fef6e03e63bb75c20f38e37d07d3,nested,140-byte batch 1,140,1,55266159,57731019,4194400,0.9573044085710665,-0.043633851826742426
0,ab,4,gpt-oss,0614fe83cadab421296e664e1f48f4261fa8fef6e03e63bb75c20f38e37d07d3,nested,140-byte batch 1,140,1,49058639,48860189,4194400,1.00406158887351,0.004053362887613928
0,ab,5,gpt-oss,0614fe83cadab421296e664e1f48f4261fa8fef6e03e63bb75c20f38e37d07d3,nested,140-byte batch 1,140,1,41132429,42465939,4194400,0.9685981275487633,-0.03190548216709314
0,ab,0,gpt-oss,0614fe83cadab421296e664e1f48f4261fa8fef6e03e63bb75c20f38e37d07d3,nested,140-byte batch 32,140,32,59405070,62381599,4197760,0.9522851442137609,-0.04889076780535917
0,ab,1,gpt-oss,0614fe83cadab421296e664e1f48f4261fa8fef6e03e63bb75c20f38e37d07d3,nested,140-byte batch 32,140,32,52642770,52599540,4197760,1.0008218703053298,0.0008215327548661794
0,ab,2,gpt-oss,0614fe83cadab421296e664e1f48f4261fa8fef6e03e63bb75c20f38e37d07d3,nested,140-byte batch 32,140,32,56027089,55747410,4197760,1.0050168967491047,0.005004354055383737
0,ab,3,gpt-oss,0614fe83cadab421296e664e1f48f4261fa8fef6e03e63bb75c20f38e37d07d3,nested,140-byte batch 32,140,32,57065220,58814549,4197760,0.970256866204993,-0.030194432020214476
0,ab,4,gpt-oss,0614fe83cadab421296e664e1f48f4261fa8fef6e03e63bb75c20f38e37d07d3,nested,140-byte batch 32,140,32,51251010,48624149,4197760,1.05402379381488,0.05261502464129012
0,ab,5,gpt-oss,0614fe83cadab421296e664e1f48f4261fa8fef6e03e63bb75c20f38e37d07d3,nested,140-byte batch 32,140,32,44718710,43670350,4197760,1.0240062193227213,0.023722600156217077
0,ab,0,gpt-oss,0614fe83cadab421296e664e1f48f4261fa8fef6e03e63bb75c20f38e37d07d3,nested,140-byte batch 512,140,512,18532230,18314490,4229120,1.0118889469485637,0.011818828626980336
0,ab,1,gpt-oss,0614fe83cadab421296e664e1f48f4261fa8fef6e03e63bb75c20f38e37d07d3,nested,140-byte batch 512,140,512,17360380,17258360,4229120,1.0059113380413898,0.005893934633940026
0,ab,2,gpt-oss,0614fe83cadab421296e664e1f48f4261fa8fef6e03e63bb75c20f38e37d07d3,nested,140-byte batch 512,140,512,16732910,16865880,4229120,0.9921160354514559,-0.007915207316638442
0,ab,3,gpt-oss,0614fe83cadab421296e664e1f48f4261fa8fef6e03e63bb75c20f38e37d07d3,nested,140-byte batch 512,140,512,14765229,14920940,4229120,0.9895642633775084,-0.010490570745179659
0,ab,4,gpt-oss,0614fe83cadab421296e664e1f48f4261fa8fef6e03e63bb75c20f38e37d07d3,nested,140-byte batch 512,140,512,13688410,13198000,4229120,1.0371579027125322,0.036484186423790116
0,ab,5,gpt-oss,0614fe83cadab421296e664e1f48f4261fa8fef6e03e63bb75c20f38e37d07d3,nested,140-byte batch 512,140,512,13953460,13308950,4229120,1.0484268105297563,0.047290764946083974
0,ab,0,gpt-oss,0614fe83cadab421296e664e1f48f4261fa8fef6e03e63bb75c20f38e37d07d3,nested,4 KiB single,4096,1,46005339,43022469,4194304,1.0693328409394636,0.06703494086796966
0,ab,1,gpt-oss,0614fe83cadab421296e664e1f48f4261fa8fef6e03e63bb75c20f38e37d07d3,nested,4 KiB single,4096,1,39832320,39844779,4194304,0.9996873116048655,-0.00031273729234409316
0,ab,2,gpt-oss,0614fe83cadab421296e664e1f48f4261fa8fef6e03e63bb75c20f38e37d07d3,nested,4 KiB single,4096,1,38455240,37364440,4194304,1.0291935326743824,0.02877551756814784
0,ab,3,gpt-oss,0614fe83cadab421296e664e1f48f4261fa8fef6e03e63bb75c20f38e37d07d3,nested,4 KiB single,4096,1,35864069,40119250,4194304,0.8939366762838289,-0.11212033821460334
0,ab,4,gpt-oss,0614fe83cadab421296e664e1f48f4261fa8fef6e03e63bb75c20f38e37d07d3,nested,4 KiB single,4096,1,44491250,44317129,4194304,1.0039289774389493,0.003921279164733587
0,ab,5,gpt-oss,0614fe83cadab421296e664e1f48f4261fa8fef6e03e63bb75c20f38e37d07d3,nested,4 KiB single,4096,1,42681200,39923319,4194304,1.0690794520365403,0.066797952982199
0,ab,0,gpt-oss,0614fe83cadab421296e664e1f48f4261fa8fef6e03e63bb75c20f38e37d07d3,nested,64 KiB single,65536,1,39056610,41397660,4194304,0.9434497022295463,-0.05821222536715454
0,ab,1,gpt-oss,0614fe83cadab421296e664e1f48f4261fa8fef6e03e63bb75c20f38e37d07d3,nested,64 KiB single,65536,1,35465930,38009350,4194304,0.9330843595062793,-0.0692596647449515
0,ab,2,gpt-oss,0614fe83cadab421296e664e1f48f4261fa8fef6e03e63bb75c20f38e37d07d3,nested,64 KiB single,65536,1,35058530,35807120,4194304,0.9790938226810757,-0.02112780582281744
0,ab,3,gpt-oss,0614fe83cadab421296e664e1f48f4261fa8fef6e03e63bb75c20f38e37d07d3,nested,64 KiB single,65536,1,33136510,33048670,4194304,1.0026578981847076,0.0026543722197162572
0,ab,4,gpt-oss,0614fe83cadab421296e664e1f48f4261fa8fef6e03e63bb75c20f38e37d07d3,nested,64 KiB single,65536,1,35620459,35809540,4194304,0.9947198148873178,-0.005294174556392214
0,ab,5,gpt-oss,0614fe83cadab421296e664e1f48f4261fa8fef6e03e63bb75c20f38e37d07d3,nested,64 KiB single,65536,1,35764450,37087139,4194304,0.9643356420671867,-0.036315868552691324
0,ab,0,llama-3,e134af98b985517b4f068e3755ae90d4e9cd2d45d328325dc503f1c6b2d06cc7,flat-ragged,140-byte batch 1,140,1,50993049,53550350,4194400,0.9522449246363469,-0.04893300350231954
0,ab,1,llama-3,e134af98b985517b4f068e3755ae90d4e9cd2d45d328325dc503f1c6b2d06cc7,flat-ragged,140-byte batch 1,140,1,47062990,49040660,4194400,0.9596728510586929,-0.04116283274619945
0,ab,2,llama-3,e134af98b985517b4f068e3755ae90d4e9cd2d45d328325dc503f1c6b2d06cc7,flat-ragged,140-byte batch 1,140,1,41754440,44658450,4194400,0.9349728886694455,-0.06723774618930373
0,ab,3,llama-3,e134af98b985517b4f068e3755ae90d4e9cd2d45d328325dc503f1c6b2d06cc7,flat-ragged,140-byte batch 1,140,1,33189609,35176560,4194400,0.9435149144771404,-0.058143106691538965
0,ab,4,llama-3,e134af98b985517b4f068e3755ae90d4e9cd2d45d328325dc503f1c6b2d06cc7,flat-ragged,140-byte batch 1,140,1,48030379,50225310,4194400,0.9562983085619581,-0.0446853763598177
0,ab,5,llama-3,e134af98b985517b4f068e3755ae90d4e9cd2d45d328325dc503f1c6b2d06cc7,flat-ragged,140-byte batch 1,140,1,42934910,45471819,4194400,0.9442092035069017,-0.057407523504936026
0,ab,0,llama-3,e134af98b985517b4f068e3755ae90d4e9cd2d45d328325dc503f1c6b2d06cc7,flat-ragged,140-byte batch 32,140,32,48219069,45808490,4197760,1.052622974474819,0.05128512010521923
0,ab,1,llama-3,e134af98b985517b4f068e3755ae90d4e9cd2d45d328325dc503f1c6b2d06cc7,flat-ragged,140-byte batch 32,140,32,48253210,43621460,4197760,1.1061805359105357,0.10091312297122122
0,ab,2,llama-3,e134af98b985517b4f068e3755ae90d4e9cd2d45d328325dc503f1c6b2d06cc7,flat-ragged,140-byte batch 32,140,32,41252790,40060240,4197760,1.0297689180094778,0.029334425623884774
0,ab,3,llama-3,e134af98b985517b4f068e3755ae90d4e9cd2d45d328325dc503f1c6b2d06cc7,flat-ragged,140-byte batch 32,140,32,31363679,30528160,4197760,1.0273687965471878,0.027000967310066668
0,ab,4,llama-3,e134af98b985517b4f068e3755ae90d4e9cd2d45d328325dc503f1c6b2d06cc7,flat-ragged,140-byte batch 32,140,32,45526489,47240050,4197760,0.9637265201878491,-0.036947717371186156
0,ab,5,llama-3,e134af98b985517b4f068e3755ae90d4e9cd2d45d328325dc503f1c6b2d06cc7,flat-ragged,140-byte batch 32,140,32,40248309,39723180,4197760,1.0132197120170137,0.013133094164397565
0,ab,0,llama-3,e134af98b985517b4f068e3755ae90d4e9cd2d45d328325dc503f1c6b2d06cc7,flat-ragged,140-byte batch 512,140,512,14374000,14042080,4229120,1.02363752378565,0.023362483273290942
0,ab,1,llama-3,e134af98b985517b4f068e3755ae90d4e9cd2d45d328325dc503f1c6b2d06cc7,flat-ragged,140-byte batch 512,140,512,13396120,13516390,4229120,0.991101914046576,-0.008937910336775498
0,ab,2,llama-3,e134af98b985517b4f068e3755ae90d4e9cd2d45d328325dc503f1c6b2d06cc7,flat-ragged,140-byte batch 512,140,512,12677210,12833990,4229120,0.9877840017017311,-0.012291226894871183
0,ab,3,llama-3,e134af98b985517b4f068e3755ae90d4e9cd2d45d328325dc503f1c6b2d06cc7,flat-ragged,140-byte batch 512,140,512,10427050,10565569,4229120,0.9868895844606193,-0.013197115653950472
0,ab,4,llama-3,e134af98b985517b4f068e3755ae90d4e9cd2d45d328325dc503f1c6b2d06cc7,flat-ragged,140-byte batch 512,140,512,9945910,10104620,4229120,0.9842933232521361,-0.015831333614785052
0,ab,5,llama-3,e134af98b985517b4f068e3755ae90d4e9cd2d45d328325dc503f1c6b2d06cc7,flat-ragged,140-byte batch 512,140,512,9965050,10046240,4229120,0.9919183694596188,-0.008114463934368297
0,ab,0,llama-3,e134af98b985517b4f068e3755ae90d4e9cd2d45d328325dc503f1c6b2d06cc7,flat-ragged,4 KiB single,4096,1,33703469,33715730,4194304,0.9996363418499318,-0.0003637242897285838
0,ab,1,llama-3,e134af98b985517b4f068e3755ae90d4e9cd2d45d328325dc503f1c6b2d06cc7,flat-ragged,4 KiB single,4096,1,36711990,36448620,4194304,1.0072257879722195,0.007199807046344626
0,ab,2,llama-3,e134af98b985517b4f068e3755ae90d4e9cd2d45d328325dc503f1c6b2d06cc7,flat-ragged,4 KiB single,4096,1,33121629,32882260,4194304,1.0072795787150883,0.007253210471097034
0,ab,3,llama-3,e134af98b985517b4f068e3755ae90d4e9cd2d45d328325dc503f1c6b2d06cc7,flat-ragged,4 KiB single,4096,1,30963750,30699059,4194304,1.00862212095817,0.00858516276002328
0,ab,4,llama-3,e134af98b985517b4f068e3755ae90d4e9cd2d45d328325dc503f1c6b2d06cc7,flat-ragged,4 KiB single,4096,1,31462869,31886210,4194304,0.9867233829294858,-0.013365539285404529
0,ab,5,llama-3,e134af98b985517b4f068e3755ae90d4e9cd2d45d328325dc503f1c6b2d06cc7,flat-ragged,4 KiB single,4096,1,37205930,37695470,4194304,0.9870132936397928,-0.013071770906031961
0,ab,0,llama-3,e134af98b985517b4f068e3755ae90d4e9cd2d45d328325dc503f1c6b2d06cc7,flat-ragged,64 KiB single,65536,1,17102440,17206259,4194304,0.9939662072970075,-0.006052069586554427
0,ab,1,llama-3,e134af98b985517b4f068e3755ae90d4e9cd2d45d328325dc503f1c6b2d06cc7,flat-ragged,64 KiB single,65536,1,16516340,16919510,4194304,0.976171295740834,-0.024117200037577263
0,ab,2,llama-3,e134af98b985517b4f068e3755ae90d4e9cd2d45d328325dc503f1c6b2d06cc7,flat-ragged,64 KiB single,65536,1,16194830,16267030,4194304,0.9955615745467981,-0.00444830450591731
0,ab,3,llama-3,e134af98b985517b4f068e3755ae90d4e9cd2d45d328325dc503f1c6b2d06cc7,flat-ragged,64 KiB single,65536,1,16410200,16538520,4194304,0.9922411437057246,-0.007789112825436402
0,ab,4,llama-3,e134af98b985517b4f068e3755ae90d4e9cd2d45d328325dc503f1c6b2d06cc7,flat-ragged,64 KiB single,65536,1,15934370,16084739,4194304,0.9906514491780065,-0.00939252278723173
0,ab,5,llama-3,e134af98b985517b4f068e3755ae90d4e9cd2d45d328325dc503f1c6b2d06cc7,flat-ragged,64 KiB single,65536,1,15647760,15807900,4194304,0.9898696221509499,-0.010182039323042983
0,ab,0,llama-3,e134af98b985517b4f068e3755ae90d4e9cd2d45d328325dc503f1c6b2d06cc7,nested,140-byte batch 1,140,1,52591370,62411939,4194400,0.8426491924886359,-0.17120454936041193
0,ab,1,llama-3,e134af98b985517b4f068e3755ae90d4e9cd2d45d328325dc503f1c6b2d06cc7,nested,140-byte batch 1,140,1,48006120,48625250,4194400,0.9872673148210035,-0.012814440533111524
0,ab,2,llama-3,e134af98b985517b4f068e3755ae90d4e9cd2d45d328325dc503f1c6b2d06cc7,nested,140-byte batch 1,140,1,43653190,43634030,4194400,1.0004391068164,0.0004390104372147271
0,ab,3,llama-3,e134af98b985517b4f068e3755ae90d4e9cd2d45d328325dc503f1c6b2d06cc7,nested,140-byte batch 1,140,1,34092160,35193370,4194400,0.9687097314067962,-0.03179026675861747
0,ab,4,llama-3,e134af98b985517b4f068e3755ae90d4e9cd2d45d328325dc503f1c6b2d06cc7,nested,140-byte batch 1,140,1,48501940,51636099,4194400,0.939302947730424,-0.06261722376618913
0,ab,5,llama-3,e134af98b985517b4f068e3755ae90d4e9cd2d45d328325dc503f1c6b2d06cc7,nested,140-byte batch 1,140,1,43555410,45982050,4194400,0.9472263633309085,-0.05421718233124801
0,ab,0,llama-3,e134af98b985517b4f068e3755ae90d4e9cd2d45d328325dc503f1c6b2d06cc7,nested,140-byte batch 32,140,32,53417639,54388639,4197760,0.9821470068408956,-0.018014280364510502
0,ab,1,llama-3,e134af98b985517b4f068e3755ae90d4e9cd2d45d328325dc503f1c6b2d06cc7,nested,140-byte batch 32,140,32,49338949,50505750,4197760,0.9768976601674066,-0.023373381486916617
0,ab,2,llama-3,e134af98b985517b4f068e3755ae90d4e9cd2d45d328325dc503f1c6b2d06cc7,nested,140-byte batch 32,140,32,44305360,46408670,4197760,0.9546785115798406,-0.04638063226556345
0,ab,3,llama-3,e134af98b985517b4f068e3755ae90d4e9cd2d45d328325dc503f1c6b2d06cc7,nested,140-byte batch 32,140,32,36782990,35148760,4197760,1.0464946700822446,0.045446169801835856
0,ab,4,llama-3,e134af98b985517b4f068e3755ae90d4e9cd2d45d328325dc503f1c6b2d06cc7,nested,140-byte batch 32,140,32,49806310,51704890,4197760,0.9632804556783701,-0.03741067834956634
0,ab,5,llama-3,e134af98b985517b4f068e3755ae90d4e9cd2d45d328325dc503f1c6b2d06cc7,nested,140-byte batch 32,140,32,47252710,46983090,4197760,1.0057386604414482,0.005722257055339478
0,ab,0,llama-3,e134af98b985517b4f068e3755ae90d4e9cd2d45d328325dc503f1c6b2d06cc7,nested,140-byte batch 512,140,512,16856950,17283000,4229120,0.9753486084591796,-0.024960324751415408
0,ab,1,llama-3,e134af98b985517b4f068e3755ae90d4e9cd2d45d328325dc503f1c6b2d06cc7,nested,140-byte batch 512,140,512,15800430,15959610,4229120,0.9900260720656707,-0.010024000780403103
0,ab,2,llama-3,e134af98b985517b4f068e3755ae90d4e9cd2d45d328325dc503f1c6b2d06cc7,nested,140-byte batch 512,140,512,15335920,16114480,4229120,0.9516856888959495,-0.049520457427904216
0,ab,3,llama-3,e134af98b985517b4f068e3755ae90d4e9cd2d45d328325dc503f1c6b2d06cc7,nested,140-byte batch 512,140,512,13918080,12697840,4229120,1.0960982340303547,0.09175681409907177
0,ab,4,llama-3,e134af98b985517b4f068e3755ae90d4e9cd2d45d328325dc503f1c6b2d06cc7,nested,140-byte batch 512,140,512,12561540,12554510,4229120,1.0005599581345668,0.0005598014165115107
0,ab,5,llama-3,e134af98b985517b4f068e3755ae90d4e9cd2d45d328325dc503f1c6b2d06cc7,nested,140-byte batch 512,140,512,13062370,12424680,4229120,1.0513244606702143,0.0500507603985207
0,ab,0,llama-3,e134af98b985517b4f068e3755ae90d4e9cd2d45d328325dc503f1c6b2d06cc7,nested,4 KiB single,4096,1,36298609,37833320,4194304,0.9594349372457929,-0.04141077485301469
0,ab,1,llama-3,e134af98b985517b4f068e3755ae90d4e9cd2d45d328325dc503f1c6b2d06cc7,nested,4 KiB single,4096,1,37757199,37339020,4194304,1.0111995172878132,0.011137267044650935
0,ab,2,llama-3,e134af98b985517b4f068e3755ae90d4e9cd2d45d328325dc503f1c6b2d06cc7,nested,4 KiB single,4096,1,35658989,34300000,4194304,1.039620670553936,0.03885590676753796
0,ab,3,llama-3,e134af98b985517b4f068e3755ae90d4e9cd2d45d328325dc503f1c6b2d06cc7,nested,4 KiB single,4096,1,31158040,32842250,4194304,0.948718190745153,-0.0526434783756987
0,ab,4,llama-3,e134af98b985517b4f068e3755ae90d4e9cd2d45d328325dc503f1c6b2d06cc7,nested,4 KiB single,4096,1,31769650,34419300,4194304,0.9230184809104195,-0.08010602202489323
0,ab,5,llama-3,e134af98b985517b4f068e3755ae90d4e9cd2d45d328325dc503f1c6b2d06cc7,nested,4 KiB single,4096,1,38051769,39368830,4194304,0.9665455894930075,-0.03402681176901222
0,ab,0,llama-3,e134af98b985517b4f068e3755ae90d4e9cd2d45d328325dc503f1c6b2d06cc7,nested,64 KiB single,65536,1,33925060,34263570,4194304,0.990120410686919,-0.009928716292976154
0,ab,1,llama-3,e134af98b985517b4f068e3755ae90d4e9cd2d45d328325dc503f1c6b2d06cc7,nested,64 KiB single,65536,1,35034970,35672870,4194304,0.9821180633910308,-0.01804375036864135
0,ab,2,llama-3,e134af98b985517b4f068e3755ae90d4e9cd2d45d328325dc503f1c6b2d06cc7,nested,64 KiB single,65536,1,34396759,34680690,4194304,0.9918129944934775,-0.008220703083635357
0,ab,3,llama-3,e134af98b985517b4f068e3755ae90d4e9cd2d45d328325dc503f1c6b2d06cc7,nested,64 KiB single,65536,1,31503100,30956010,4194304,1.0176731432765398,0.017518789240475258
0,ab,4,llama-3,e134af98b985517b4f068e3755ae90d4e9cd2d45d328325dc503f1c6b2d06cc7,nested,64 KiB single,65536,1,28360300,28506020,4194304,0.9948880973211974,-0.00512501315202871
0,ab,5,llama-3,e134af98b985517b4f068e3755ae90d4e9cd2d45d328325dc503f1c6b2d06cc7,nested,64 KiB single,65536,1,31415689,31098960,4194304,1.0101845527953346,0.01013303970082522
0,ab,0,minimax-m2-1,757622126525aeeb131756849d93298070ff3f0319c455ec8c5bb0f6b1cebbe8,flat-ragged,140-byte batch 1,140,1,53231270,51685070,4194400,1.0299157957994447,0.029477047248671482
0,ab,1,minimax-m2-1,757622126525aeeb131756849d93298070ff3f0319c455ec8c5bb0f6b1cebbe8,flat-ragged,140-byte batch 1,140,1,48460609,49409019,4194400,0.9808049214658563,-0.019381696005013865
0,ab,2,minimax-m2-1,757622126525aeeb131756849d93298070ff3f0319c455ec8c5bb0f6b1cebbe8,flat-ragged,140-byte batch 1,140,1,48746210,47930530,4194400,1.0170179632897862,0.016874779928905816
0,ab,3,minimax-m2-1,757622126525aeeb131756849d93298070ff3f0319c455ec8c5bb0f6b1cebbe8,flat-ragged,140-byte batch 1,140,1,54401429,53056039,4194400,1.0253579050633614,0.02504172731430604
0,ab,4,minimax-m2-1,757622126525aeeb131756849d93298070ff3f0319c455ec8c5bb0f6b1cebbe8,flat-ragged,140-byte batch 1,140,1,47397040,47038660,4194400,1.0076188394822472,0.007589962703667094
0,ab,5,minimax-m2-1,757622126525aeeb131756849d93298070ff3f0319c455ec8c5bb0f6b1cebbe8,flat-ragged,140-byte batch 1,140,1,42349539,41719050,4194400,1.015112736267964,0.01499967654065386
0,ab,0,minimax-m2-1,757622126525aeeb131756849d93298070ff3f0319c455ec8c5bb0f6b1cebbe8,flat-ragged,140-byte batch 32,140,32,53811830,53060330,4197760,1.0141631233729607,0.014063763407101103
0,ab,1,minimax-m2-1,757622126525aeeb131756849d93298070ff3f0319c455ec8c5bb0f6b1cebbe8,flat-ragged,140-byte batch 32,140,32,49483060,46534590,4197760,1.0633608247112525,0.06143448175486117
0,ab,2,minimax-m2-1,757622126525aeeb131756849d93298070ff3f0319c455ec8c5bb0f6b1cebbe8,flat-ragged,140-byte batch 32,140,32,47312640,47477889,4197760,0.9965194535081372,-0.003486617685278023
0,ab,3,minimax-m2-1,757622126525aeeb131756849d93298070ff3f0319c455ec8c5bb0f6b1cebbe8,flat-ragged,140-byte batch 32,140,32,50219550,50105609,4197760,1.0022740168670536,0.002271435203787582
0,ab,4,minimax-m2-1,757622126525aeeb131756849d93298070ff3f0319c455ec8c5bb0f6b1cebbe8,flat-ragged,140-byte batch 32,140,32,46027340,46785760,4197760,0.9837895120224616,-0.01634331535828664
0,ab,5,minimax-m2-1,757622126525aeeb131756849d93298070ff3f0319c455ec8c5bb0f6b1cebbe8,flat-ragged,140-byte batch 32,140,32,43124590,41182130,4197760,1.0471675457291791,0.04608894366002554
0,ab,0,minimax-m2-1,757622126525aeeb131756849d93298070ff3f0319c455ec8c5bb0f6b1cebbe8,flat-ragged,140-byte batch 512,140,512,15142709,15054040,4229120,1.005890046791426,0.005872768280118955
0,ab,1,minimax-m2-1,757622126525aeeb131756849d93298070ff3f0319c455ec8c5bb0f6b1cebbe8,flat-ragged,140-byte batch 512,140,512,14483460,14483490,4229120,0.9999979286760304,-2.0713261147602303e-06
0,ab,2,minimax-m2-1,757622126525aeeb131756849d93298070ff3f0319c455ec8c5bb0f6b1cebbe8,flat-ragged,140-byte batch 512,140,512,13850979,14066040,4229120,0.9847106221793767,-0.01540746556265998
0,ab,3,minimax-m2-1,757622126525aeeb131756849d93298070ff3f0319c455ec8c5bb0f6b1cebbe8,flat-ragged,140-byte batch 512,140,512,12879160,12379189,4229120,1.0403880254191127,0.03959374493280625
0,ab,4,minimax-m2-1,757622126525aeeb131756849d93298070ff3f0319c455ec8c5bb0f6b1cebbe8,flat-ragged,140-byte batch 512,140,512,12188220,12171920,4229120,1.0013391478090556,0.0013382519503307012
0,ab,5,minimax-m2-1,757622126525aeeb131756849d93298070ff3f0319c455ec8c5bb0f6b1cebbe8,flat-ragged,140-byte batch 512,140,512,11985590,11925940,4229120,1.0050017021719042,0.004989235212992033
0,ab,0,minimax-m2-1,757622126525aeeb131756849d93298070ff3f0319c455ec8c5bb0f6b1cebbe8,flat-ragged,4 KiB single,4096,1,40806660,37381070,4194304,1.0916396989171258,0.08768087683195225
0,ab,1,minimax-m2-1,757622126525aeeb131756849d93298070ff3f0319c455ec8c5bb0f6b1cebbe8,flat-ragged,4 KiB single,4096,1,38048209,37107810,4194304,1.0253423470692558,0.025026553966480285
0,ab,2,minimax-m2-1,757622126525aeeb131756849d93298070ff3f0319c455ec8c5bb0f6b1cebbe8,flat-ragged,4 KiB single,4096,1,36450550,34332500,4194304,1.0616922740843224,0.05986412008176428
0,ab,3,minimax-m2-1,757622126525aeeb131756849d93298070ff3f0319c455ec8c5bb0f6b1cebbe8,flat-ragged,4 KiB single,4096,1,35902320,34889600,4194304,1.0290264147482344,0.02861312683170152
0,ab,4,minimax-m2-1,757622126525aeeb131756849d93298070ff3f0319c455ec8c5bb0f6b1cebbe8,flat-ragged,4 KiB single,4096,1,42942720,40657470,4194304,1.0562073832926644,0.05468455169673466
0,ab,5,minimax-m2-1,757622126525aeeb131756849d93298070ff3f0319c455ec8c5bb0f6b1cebbe8,flat-ragged,4 KiB single,4096,1,39045230,37602950,4194304,1.03835550136359,0.03763821297126215
0,ab,0,minimax-m2-1,757622126525aeeb131756849d93298070ff3f0319c455ec8c5bb0f6b1cebbe8,flat-ragged,64 KiB single,65536,1,39284590,39219860,4194304,1.0016504393437407,0.0016490788654458688
0,ab,1,minimax-m2-1,757622126525aeeb131756849d93298070ff3f0319c455ec8c5bb0f6b1cebbe8,flat-ragged,64 KiB single,65536,1,36787660,36465589,4194304,1.0088321897117856,0.008793414072842306
0,ab,2,minimax-m2-1,757622126525aeeb131756849d93298070ff3f0319c455ec8c5bb0f6b1cebbe8,flat-ragged,64 KiB single,65536,1,32918160,33076520,4194304,0.9952123137500559,-0.004799183932635373
0,ab,3,minimax-m2-1,757622126525aeeb131756849d93298070ff3f0319c455ec8c5bb0f6b1cebbe8,flat-ragged,64 KiB single,65536,1,35780820,34404040,4194304,1.0400179746332117,0.039237996305091824
0,ab,4,minimax-m2-1,757622126525aeeb131756849d93298070ff3f0319c455ec8c5bb0f6b1cebbe8,flat-ragged,64 KiB single,65536,1,37980040,36475780,4194304,1.0412399680006843,0.04041227987933026
0,ab,5,minimax-m2-1,757622126525aeeb131756849d93298070ff3f0319c455ec8c5bb0f6b1cebbe8,flat-ragged,64 KiB single,65536,1,40059760,37435449,4194304,1.0701022979582802,0.06775424947237985
0,ab,0,minimax-m2-1,757622126525aeeb131756849d93298070ff3f0319c455ec8c5bb0f6b1cebbe8,nested,140-byte batch 1,140,1,55879000,54473760,4194400,1.0257966404375245,0.025469520901889565
0,ab,1,minimax-m2-1,757622126525aeeb131756849d93298070ff3f0319c455ec8c5bb0f6b1cebbe8,nested,140-byte batch 1,140,1,49877540,48890520,4194400,1.0201883718970468,0.019987288575674153
0,ab,2,minimax-m2-1,757622126525aeeb131756849d93298070ff3f0319c455ec8c5bb0f6b1cebbe8,nested,140-byte batch 1,140,1,50108790,48930090,4194400,1.0240894713253132,0.02380389714152685
0,ab,3,minimax-m2-1,757622126525aeeb131756849d93298070ff3f0319c455ec8c5bb0f6b1cebbe8,nested,140-byte batch 1,140,1,53642460,52786190,4194400,1.0162214776251137,0.016091315188466324
0,ab,4,minimax-m2-1,757622126525aeeb131756849d93298070ff3f0319c455ec8c5bb0f6b1cebbe8,nested,140-byte batch 1,140,1,47331809,46784680,4194400,1.0116946188367646,0.011626765283827965
0,ab,5,minimax-m2-1,757622126525aeeb131756849d93298070ff3f0319c455ec8c5bb0f6b1cebbe8,nested,140-byte batch 1,140,1,44801780,43223190,4194400,1.0365218300639079,0.03587071399743678
0,ab,0,minimax-m2-1,757622126525aeeb131756849d93298070ff3f0319c455ec8c5bb0f6b1cebbe8,nested,140-byte batch 32,140,32,54596919,57110030,4197760,0.9559952778872642,-0.04500230539140325
0,ab,1,minimax-m2-1,757622126525aeeb131756849d93298070ff3f0319c455ec8c5bb0f6b1cebbe8,nested,140-byte batch 32,140,32,52624950,51360809,4197760,1.0246129495351213,0.024314931068045678
0,ab,2,minimax-m2-1,757622126525aeeb131756849d93298070ff3f0319c455ec8c5bb0f6b1cebbe8,nested,140-byte batch 32,140,32,51334169,51046590,4197760,1.005633657409829,0.005617847711745885
0,ab,3,minimax-m2-1,757622126525aeeb131756849d93298070ff3f0319c455ec8c5bb0f6b1cebbe8,nested,140-byte batch 32,140,32,54991319,54400450,4197760,1.0108614726532592,0.01080291052485759
0,ab,4,minimax-m2-1,757622126525aeeb131756849d93298070ff3f0319c455ec8c5bb0f6b1cebbe8,nested,140-byte batch 32,140,32,49632560,47317959,4197760,1.0489159094964344,0.04775716366182471
0,ab,5,minimax-m2-1,757622126525aeeb131756849d93298070ff3f0319c455ec8c5bb0f6b1cebbe8,nested,140-byte batch 32,140,32,45910800,46292220,4197760,0.9917606025375322,-0.008273528908738
0,ab,0,minimax-m2-1,757622126525aeeb131756849d93298070ff3f0319c455ec8c5bb0f6b1cebbe8,nested,140-byte batch 512,140,512,17259509,16941560,4229120,1.0187673980436276,0.018593463261346536
0,ab,1,minimax-m2-1,757622126525aeeb131756849d93298070ff3f0319c455ec8c5bb0f6b1cebbe8,nested,140-byte batch 512,140,512,16590040,16077910,4229120,1.031853020697342,0.03135623511152148
0,ab,2,minimax-m2-1,757622126525aeeb131756849d93298070ff3f0319c455ec8c5bb0f6b1cebbe8,nested,140-byte batch 512,140,512,16483619,15889860,4229120,1.037367163713211,0.036685929950320786
0,ab,3,minimax-m2-1,757622126525aeeb131756849d93298070ff3f0319c455ec8c5bb0f6b1cebbe8,nested,140-byte batch 512,140,512,15233170,15031530,4229120,1.0134144694518787,0.013325292082744572
0,ab,4,minimax-m2-1,757622126525aeeb131756849d93298070ff3f0319c455ec8c5bb0f6b1cebbe8,nested,140-byte batch 512,140,512,14220530,15428370,4229120,0.9217130519944751,-0.0815213272989309
0,ab,5,minimax-m2-1,757622126525aeeb131756849d93298070ff3f0319c455ec8c5bb0f6b1cebbe8,nested,140-byte batch 512,140,512,14236580,14626599,4229120,0.9733349495668815,-0.027027011875378624
0,ab,0,minimax-m2-1,757622126525aeeb131756849d93298070ff3f0319c455ec8c5bb0f6b1cebbe8,nested,4 KiB single,4096,1,41151630,41027310,4194304,1.003030176728623,0.003025594996425031
0,ab,1,minimax-m2-1,757622126525aeeb131756849d93298070ff3f0319c455ec8c5bb0f6b1cebbe8,nested,4 KiB single,4096,1,37839860,41955890,4194304,0.9018962534223443,-0.10325578391341014
0,ab,2,minimax-m2-1,757622126525aeeb131756849d93298070ff3f0319c455ec8c5bb0f6b1cebbe8,nested,4 KiB single,4096,1,36340060,40181070,4194304,0.904407473469472,-0.100475275156613
0,ab,3,minimax-m2-1,757622126525aeeb131756849d93298070ff3f0319c455ec8c5bb0f6b1cebbe8,nested,4 KiB single,4096,1,35737169,36022140,4194304,0.9920890041513358,-0.007942453795285763
0,ab,4,minimax-m2-1,757622126525aeeb131756849d93298070ff3f0319c455ec8c5bb0f6b1cebbe8,nested,4 KiB single,4096,1,42604540,41998410,4194304,1.014432213029017,0.014329059942892183
0,ab,5,minimax-m2-1,757622126525aeeb131756849d93298070ff3f0319c455ec8c5bb0f6b1cebbe8,nested,4 KiB single,4096,1,39049170,39504210,4194304,0.9884812276969973,-0.011585627247797768
0,ab,0,minimax-m2-1,757622126525aeeb131756849d93298070ff3f0319c455ec8c5bb0f6b1cebbe8,nested,64 KiB single,65536,1,41118350,39919190,4194304,1.0300396876790336,0.0295973332264336
0,ab,1,minimax-m2-1,757622126525aeeb131756849d93298070ff3f0319c455ec8c5bb0f6b1cebbe8,nested,64 KiB single,65536,1,39236770,37212420,4194304,1.054399848222717,0.05297174081950682
0,ab,2,minimax-m2-1,757622126525aeeb131756849d93298070ff3f0319c455ec8c5bb0f6b1cebbe8,nested,64 KiB single,65536,1,39809220,37234750,4194304,1.0691415948811258,0.06685607872620716
0,ab,3,minimax-m2-1,757622126525aeeb131756849d93298070ff3f0319c455ec8c5bb0f6b1cebbe8,nested,64 KiB single,65536,1,35541480,33869700,4194304,1.0493591617286246,0.048179655683830945
0,ab,4,minimax-m2-1,757622126525aeeb131756849d93298070ff3f0319c455ec8c5bb0f6b1cebbe8,nested,64 KiB single,65536,1,36445910,35952320,4194304,1.0137290166531674,0.013635627494094733
0,ab,5,minimax-m2-1,757622126525aeeb131756849d93298070ff3f0319c455ec8c5bb0f6b1cebbe8,nested,64 KiB single,65536,1,36572170,36506329,4194304,1.0018035502830207,0.0018019258390932773
0,ab,0,mistral-nemo,e11c71726323d33da7b8d6f6f269f1988931c0a52b7122bcdd8c05042974e0db,flat-ragged,140-byte batch 1,140,1,62120240,62049940,4194400,1.001132958388034,0.0011323170750210472
0,ab,1,mistral-nemo,e11c71726323d33da7b8d6f6f269f1988931c0a52b7122bcdd8c05042974e0db,flat-ragged,140-byte batch 1,140,1,58253779,57165960,4194400,1.0190291390190946,0.01885034953251833
0,ab,2,mistral-nemo,e11c71726323d33da7b8d6f6f269f1988931c0a52b7122bcdd8c05042974e0db,flat-ragged,140-byte batch 1,140,1,52662899,50418100,4194400,1.0445236730459895,0.04356096623442113
0,ab,3,mistral-nemo,e11c71726323d33da7b8d6f6f269f1988931c0a52b7122bcdd8c05042974e0db,flat-ragged,140-byte batch 1,140,1,38880860,38574980,4194400,1.0079294921215773,0.007898218910595034
0,ab,4,mistral-nemo,e11c71726323d33da7b8d6f6f269f1988931c0a52b7122bcdd8c05042974e0db,flat-ragged,140-byte batch 1,140,1,59644210,57659590,4194400,1.0344195995843883,0.03384049607673493
0,ab,5,mistral-nemo,e11c71726323d33da7b8d6f6f269f1988931c0a52b7122bcdd8c05042974e0db,flat-ragged,140-byte batch 1,140,1,52476220,51840690,4194400,1.0122592889870872,0.01218475246208395
0,ab,0,mistral-nemo,e11c71726323d33da7b8d6f6f269f1988931c0a52b7122bcdd8c05042974e0db,flat-ragged,140-byte batch 32,140,32,64447380,57787430,4197760,1.1152491121339019,0.1090777989119564
0,ab,1,mistral-nemo,e11c71726323d33da7b8d6f6f269f1988931c0a52b7122bcdd8c05042974e0db,flat-ragged,140-byte batch 32,140,32,57482349,52828860,4197760,1.0880861142943459,0.0844202944692181
0,ab,2,mistral-nemo,e11c71726323d33da7b8d6f6f269f1988931c0a52b7122bcdd8c05042974e0db,flat-ragged,140-byte batch 32,140,32,53787900,49712360,4197760,1.0819824285147597,0.07879494047242218
0,ab,3,mistral-nemo,e11c71726323d33da7b8d6f6f269f1988931c0a52b7122bcdd8c05042974e0db,flat-ragged,140-byte batch 32,140,32,39007649,36878279,4197760,1.0577404927165934,0.05613502236360012
0,ab,4,mistral-nemo,e11c71726323d33da7b8d6f6f269f1988931c0a52b7122bcdd8c05042974e0db,flat-ragged,140-byte batch 32,140,32,59341899,63260299,4197760,0.9380590976972777,-0.0639423280189167
0,ab,5,mistral-nemo,e11c71726323d33da7b8d6f6f269f1988931c0a52b7122bcdd8c05042974e0db,flat-ragged,140-byte batch 32,140,32,54380420,49825520,4197760,1.0914170087938873,0.08747686002998432
0,ab,0,mistral-nemo,e11c71726323d33da7b8d6f6f269f1988931c0a52b7122bcdd8c05042974e0db,flat-ragged,140-byte batch 512,140,512,17858260,18139860,4229120,0.984476175670595,-0.015645580616189075
0,ab,1,mistral-nemo,e11c71726323d33da7b8d6f6f269f1988931c0a52b7122bcdd8c05042974e0db,flat-ragged,140-byte batch 512,140,512,16788340,17348910,4229120,0.9676884599666492,-0.03284508238423479
0,ab,2,mistral-nemo,e11c71726323d33da7b8d6f6f269f1988931c0a52b7122bcdd8c05042974e0db,flat-ragged,140-byte batch 512,140,512,15924050,16193420,4229120,0.9833654657262024,-0.0167744418405657
0,ab,3,mistral-nemo,e11c71726323d33da7b8d6f6f269f1988931c0a52b7122bcdd8c05042974e0db,flat-ragged,140-byte batch 512,140,512,13423880,13485690,4229120,0.9954166231019695,-0.004593912775516438
0,ab,4,mistral-nemo,e11c71726323d33da7b8d6f6f269f1988931c0a52b7122bcdd8c05042974e0db,flat-ragged,140-byte batch 512,140,512,12826569,13186760,4229120,0.9726854056644695,-0.027694573162481993
0,ab,5,mistral-nemo,e11c71726323d33da7b8d6f6f269f1988931c0a52b7122bcdd8c05042974e0db,flat-ragged,140-byte batch 512,140,512,12313000,12677350,4229120,0.9712597664338367,-0.029161321820502552
0,ab,0,mistral-nemo,e11c71726323d33da7b8d6f6f269f1988931c0a52b7122bcdd8c05042974e0db,flat-ragged,4 KiB single,4096,1,44299900,43408340,4194304,1.0205389102647096,0.020330831168723636
0,ab,1,mistral-nemo,e11c71726323d33da7b8d6f6f269f1988931c0a52b7122bcdd8c05042974e0db,flat-ragged,4 KiB single,4096,1,46116750,44675920,4194304,1.0322507068684876,0.03174157056802537
0,ab,2,mistral-nemo,e11c71726323d33da7b8d6f6f269f1988931c0a52b7122bcdd8c05042974e0db,flat-ragged,4 KiB single,4096,1,40692509,41202630,4194304,0.9876192126570561,-0.012458067815103996
0,ab,3,mistral-nemo,e11c71726323d33da7b8d6f6f269f1988931c0a52b7122bcdd8c05042974e0db,flat-ragged,4 KiB single,4096,1,40720400,38903700,4194304,1.0466973578348588,0.04563983359430636
0,ab,4,mistral-nemo,e11c71726323d33da7b8d6f6f269f1988931c0a52b7122bcdd8c05042974e0db,flat-ragged,4 KiB single,4096,1,39026050,39613420,4194304,0.985172449134662,-0.01493857787031741
0,ab,5,mistral-nemo,e11c71726323d33da7b8d6f6f269f1988931c0a52b7122bcdd8c05042974e0db,flat-ragged,4 KiB single,4096,1,48883909,46244450,4194304,1.0570762329317356,0.05550682626637192
0,ab,0,mistral-nemo,e11c71726323d33da7b8d6f6f269f1988931c0a52b7122bcdd8c05042974e0db,flat-ragged,64 KiB single,65536,1,19313740,18565560,4194304,1.0402993499792088,0.03950850825476798
0,ab,1,mistral-nemo,e11c71726323d33da7b8d6f6f269f1988931c0a52b7122bcdd8c05042974e0db,flat-ragged,64 KiB single,65536,1,18443339,18001349,4194304,1.0245531598770736,0.02425657595687144
0,ab,2,mistral-nemo,e11c71726323d33da7b8d6f6f269f1988931c0a52b7122bcdd8c05042974e0db,flat-ragged,64 KiB single,65536,1,17404040,17395860,4194304,1.0004702268240835,0.0004701163020960204
0,ab,3,mistral-nemo,e11c71726323d33da7b8d6f6f269f1988931c0a52b7122bcdd8c05042974e0db,flat-ragged,64 KiB single,65536,1,18170400,17749750,4194304,1.0236989253369766,0.023422465159874582
0,ab,4,mistral-nemo,e11c71726323d33da7b8d6f6f269f1988931c0a52b7122bcdd8c05042974e0db,flat-ragged,64 KiB single,65536,1,17351709,17033640,4194304,1.0186729906232608,0.018500790689467115
0,ab,5,mistral-nemo,e11c71726323d33da7b8d6f6f269f1988931c0a52b7122bcdd8c05042974e0db,flat-ragged,64 KiB single,65536,1,16961040,16832609,4194304,1.0076298926684508,0.0076009322540034055
0,ab,0,mistral-nemo,e11c71726323d33da7b8d6f6f269f1988931c0a52b7122bcdd8c05042974e0db,nested,140-byte batch 1,140,1,68636090,65959419,4194400,1.040580572730636,0.039778800403844204
0,ab,1,mistral-nemo,e11c71726323d33da7b8d6f6f269f1988931c0a52b7122bcdd8c05042974e0db,nested,140-byte batch 1,140,1,59906709,58350450,4194400,1.026670899710285,0.026321431403306835
0,ab,2,mistral-nemo,e11c71726323d33da7b8d6f6f269f1988931c0a52b7122bcdd8c05042974e0db,nested,140-byte batch 1,140,1,54909569,53507489,4194400,1.0262034348126483,0.02586600663827849
0,ab,3,mistral-nemo,e11c71726323d33da7b8d6f6f269f1988931c0a52b7122bcdd8c05042974e0db,nested,140-byte batch 1,140,1,41455010,41131140,4194400,1.0078740827509278,0.007843243940459883
0,ab,4,mistral-nemo,e11c71726323d33da7b8d6f6f269f1988931c0a52b7122bcdd8c05042974e0db,nested,140-byte batch 1,140,1,59592270,60575229,4194400,0.9837729214362524,-0.01636017945970212
0,ab,5,mistral-nemo,e11c71726323d33da7b8d6f6f269f1988931c0a52b7122bcdd8c05042974e0db,nested,140-byte batch 1,140,1,54397869,54521410,4194400,0.9977340828126052,-0.002268488262374432
0,ab,0,mistral-nemo,e11c71726323d33da7b8d6f6f269f1988931c0a52b7122bcdd8c05042974e0db,nested,140-byte batch 32,140,32,68556909,67607080,4197760,1.0140492534213872,0.01395147738321529
0,ab,1,mistral-nemo,e11c71726323d33da7b8d6f6f269f1988931c0a52b7122bcdd8c05042974e0db,nested,140-byte batch 32,140,32,59564879,61610129,4197760,0.9668033481962033,-0.03376016698524022
0,ab,2,mistral-nemo,e11c71726323d33da7b8d6f6f269f1988931c0a52b7122bcdd8c05042974e0db,nested,140-byte batch 32,140,32,54553290,55903300,4197760,0.9758509783858913,-0.02444539030678015
0,ab,3,mistral-nemo,e11c71726323d33da7b8d6f6f269f1988931c0a52b7122bcdd8c05042974e0db,nested,140-byte batch 32,140,32,40131590,42283809,4197760,0.9491006356593844,-0.05224044209627368
0,ab,4,mistral-nemo,e11c71726323d33da7b8d6f6f269f1988931c0a52b7122bcdd8c05042974e0db,nested,140-byte batch 32,140,32,59398200,61760889,4197760,0.9617445759240933,-0.03900637716382359
0,ab,5,mistral-nemo,e11c71726323d33da7b8d6f6f269f1988931c0a52b7122bcdd8c05042974e0db,nested,140-byte batch 32,140,32,56484159,56055849,4197760,1.0076407726872534,0.007611729829723336
0,ab,0,mistral-nemo,e11c71726323d33da7b8d6f6f269f1988931c0a52b7122bcdd8c05042974e0db,nested,140-byte batch 512,140,512,20693100,20378180,4229120,1.0154537843909515,0.015335590801747649
0,ab,1,mistral-nemo,e11c71726323d33da7b8d6f6f269f1988931c0a52b7122bcdd8c05042974e0db,nested,140-byte batch 512,140,512,18864140,19038450,4229120,0.9908443176834248,-0.009197853175261873
0,ab,2,mistral-nemo,e11c71726323d33da7b8d6f6f269f1988931c0a52b7122bcdd8c05042974e0db,nested,140-byte batch 512,140,512,18378920,18405920,4229120,0.9985330806610048,-0.0014679963185257091
0,ab,3,mistral-nemo,e11c71726323d33da7b8d6f6f269f1988931c0a52b7122bcdd8c05042974e0db,nested,140-byte batch 512,140,512,16141630,16035140,4229120,1.0066410396167418,0.006619085060262676
0,ab,4,mistral-nemo,e11c71726323d33da7b8d6f6f269f1988931c0a52b7122bcdd8c05042974e0db,nested,140-byte batch 512,140,512,14618999,14892410,4229120,0.9816409164131259,-0.018529703066708553
0,ab,5,mistral-nemo,e11c71726323d33da7b8d6f6f269f1988931c0a52b7122bcdd8c05042974e0db,nested,140-byte batch 512,140,512,15119300,14976470,4229120,1.0095369603117423,0.009491770593592453
0,ab,0,mistral-nemo,e11c71726323d33da7b8d6f6f269f1988931c0a52b7122bcdd8c05042974e0db,nested,4 KiB single,4096,1,44246290,46958509,4194304,0.9422422249394673,-0.059492898458783125
0,ab,1,mistral-nemo,e11c71726323d33da7b8d6f6f269f1988931c0a52b7122bcdd8c05042974e0db,nested,4 KiB single,4096,1,43505760,47979020,4194304,0.9067663324511421,-0.0978704889039853
0,ab,2,mistral-nemo,e11c71726323d33da7b8d6f6f269f1988931c0a52b7122bcdd8c05042974e0db,nested,4 KiB single,4096,1,40010279,44419120,4194304,0.9007445217284809,-0.10453361127253379
0,ab,3,mistral-nemo,e11c71726323d33da7b8d6f6f269f1988931c0a52b7122bcdd8c05042974e0db,nested,4 KiB single,4096,1,40881590,38451669,4194304,1.0631941620011345,0.06127773743223551
0,ab,4,mistral-nemo,e11c71726323d33da7b8d6f6f269f1988931c0a52b7122bcdd8c05042974e0db,nested,4 KiB single,4096,1,39418629,38857220,4194304,1.0144479970517706,0.014344619287081532
0,ab,5,mistral-nemo,e11c71726323d33da7b8d6f6f269f1988931c0a52b7122bcdd8c05042974e0db,nested,4 KiB single,4096,1,46167969,47892560,4194304,0.9639904193887318,-0.036673922814409385
0,ab,0,mistral-nemo,e11c71726323d33da7b8d6f6f269f1988931c0a52b7122bcdd8c05042974e0db,nested,64 KiB single,65536,1,43881419,42385200,4194304,1.035300505836943,0.034691728379536796
0,ab,1,mistral-nemo,e11c71726323d33da7b8d6f6f269f1988931c0a52b7122bcdd8c05042974e0db,nested,64 KiB single,65536,1,43197290,41729339,4194304,1.0351779116367024,0.034573307246189657
0,ab,2,mistral-nemo,e11c71726323d33da7b8d6f6f269f1988931c0a52b7122bcdd8c05042974e0db,nested,64 KiB single,65536,1,43055220,41565080,4194304,1.0358507670381003,0.03522308620096733
0,ab,3,mistral-nemo,e11c71726323d33da7b8d6f6f269f1988931c0a52b7122bcdd8c05042974e0db,nested,64 KiB single,65536,1,38045419,36415759,4194304,1.0447515044242246,0.043779062329751255
0,ab,4,mistral-nemo,e11c71726323d33da7b8d6f6f269f1988931c0a52b7122bcdd8c05042974e0db,nested,64 KiB single,65536,1,37152610,34651950,4194304,1.0721650585320595,0.06968002330730926
0,ab,5,mistral-nemo,e11c71726323d33da7b8d6f6f269f1988931c0a52b7122bcdd8c05042974e0db,nested,64 KiB single,65536,1,40472009,37454880,4194304,1.0805536955398067,0.0774735908154734
0,ab,0,nemotron-3,c6021eb6847e682f89aa52d5eb6e8c7d902a23acfc8137e25211cf84828f1592,flat-ragged,140-byte batch 1,140,1,69722800,69718749,4194400,1.000058104886535,5.810319851137265e-05
0,ab,1,nemotron-3,c6021eb6847e682f89aa52d5eb6e8c7d902a23acfc8137e25211cf84828f1592,flat-ragged,140-byte batch 1,140,1,61059920,62570159,4194400,0.975863270540834,-0.024432794041779147
0,ab,2,nemotron-3,c6021eb6847e682f89aa52d5eb6e8c7d902a23acfc8137e25211cf84828f1592,flat-ragged,140-byte batch 1,140,1,57609519,53118269,4194400,1.0845518892944346,0.08116689642367558
0,ab,3,nemotron-3,c6021eb6847e682f89aa52d5eb6e8c7d902a23acfc8137e25211cf84828f1592,flat-ragged,140-byte batch 1,140,1,41784950,40687130,4194400,1.0269819965183093,0.026624400625589125
0,ab,4,nemotron-3,c6021eb6847e682f89aa52d5eb6e8c7d902a23acfc8137e25211cf84828f1592,flat-ragged,140-byte batch 1,140,1,64566849,60524800,4194400,1.0667833516178493,0.06464790729642089
0,ab,5,nemotron-3,c6021eb6847e682f89aa52d5eb6e8c7d902a23acfc8137e25211cf84828f1592,flat-ragged,140-byte batch 1,140,1,58244910,53981180,4194400,1.0789854908692251,0.07602123935447151
0,ab,0,nemotron-3,c6021eb6847e682f89aa52d5eb6e8c7d902a23acfc8137e25211cf84828f1592,flat-ragged,140-byte batch 32,140,32,61581460,65448770,4197760,0.9409108834283669,-0.06090684799585679
0,ab,1,nemotron-3,c6021eb6847e682f89aa52d5eb6e8c7d902a23acfc8137e25211cf84828f1592,flat-ragged,140-byte batch 32,140,32,53708109,54605499,4197760,0.9835659408588135,-0.016570596264015188
0,ab,2,nemotron-3,c6021eb6847e682f89aa52d5eb6e8c7d902a23acfc8137e25211cf84828f1592,flat-ragged,140-byte batch 32,140,32,48878769,49132409,4197760,0.9948376233699431,-0.005175747733926403
0,ab,3,nemotron-3,c6021eb6847e682f89aa52d5eb6e8c7d902a23acfc8137e25211cf84828f1592,flat-ragged,140-byte batch 32,140,32,39131500,38929160,4197760,1.0051976461860466,0.005184185047119673
0,ab,4,nemotron-3,c6021eb6847e682f89aa52d5eb6e8c7d902a23acfc8137e25211cf84828f1592,flat-ragged,140-byte batch 32,140,32,58783989,56752330,4197760,1.0357986887939226,0.03517280911954112
0,ab,5,nemotron-3,c6021eb6847e682f89aa52d5eb6e8c7d902a23acfc8137e25211cf84828f1592,flat-ragged,140-byte batch 32,140,32,52628260,51309969,4197760,1.025692687516533,0.02536817704436723
0,ab,0,nemotron-3,c6021eb6847e682f89aa52d5eb6e8c7d902a23acfc8137e25211cf84828f1592,flat-ragged,140-byte batch 512,140,512,17457210,17773260,4229120,0.9822176685650241,-0.017942336773746854
0,ab,1,nemotron-3,c6021eb6847e682f89aa52d5eb6e8c7d902a23acfc8137e25211cf84828f1592,flat-ragged,140-byte batch 512,140,512,16518270,16812620,4229120,0.982492318270442,-0.01766275382354328
0,ab,2,nemotron-3,c6021eb6847e682f89aa52d5eb6e8c7d902a23acfc8137e25211cf84828f1592,flat-ragged,140-byte batch 512,140,512,15796480,16000210,4229120,0.9872670421200722,-0.01281471675107686
0,ab,3,nemotron-3,c6021eb6847e682f89aa52d5eb6e8c7d902a23acfc8137e25211cf84828f1592,flat-ragged,140-byte batch 512,140,512,13438840,13106250,4229120,1.0253764425369576,0.025059806178219683
0,ab,4,nemotron-3,c6021eb6847e682f89aa52d5eb6e8c7d902a23acfc8137e25211cf84828f1592,flat-ragged,140-byte batch 512,140,512,12784020,13610200,4229120,0.9392969978398554,-0.06262355815428769
0,ab,5,nemotron-3,c6021eb6847e682f89aa52d5eb6e8c7d902a23acfc8137e25211cf84828f1592,flat-ragged,140-byte batch 512,140,512,12524540,12468360,4229120,1.0045058050938536,0.0044956843441109435
0,ab,0,nemotron-3,c6021eb6847e682f89aa52d5eb6e8c7d902a23acfc8137e25211cf84828f1592,flat-ragged,4 KiB single,4096,1,44577809,44441079,4194304,1.0030766579722332,0.0030719347454499476
0,ab,1,nemotron-3,c6021eb6847e682f89aa52d5eb6e8c7d902a23acfc8137e25211cf84828f1592,flat-ragged,4 KiB single,4096,1,44226230,45624829,4194304,0.9693456604516808,-0.031134011967986545
0,ab,2,nemotron-3,c6021eb6847e682f89aa52d5eb6e8c7d902a23acfc8137e25211cf84828f1592,flat-ragged,4 KiB single,4096,1,39617730,41624980,4194304,0.9517777546079301,-0.04942372248679819
0,ab,3,nemotron-3,c6021eb6847e682f89aa52d5eb6e8c7d902a23acfc8137e25211cf84828f1592,flat-ragged,4 KiB single,4096,1,37785619,38841499,4194304,0.9728156732571006,-0.02756065641040492
0,ab,4,nemotron-3,c6021eb6847e682f89aa52d5eb6e8c7d902a23acfc8137e25211cf84828f1592,flat-ragged,4 KiB single,4096,1,39319780,39940520,4194304,0.9844583896253729,-0.015663647285885516
0,ab,5,nemotron-3,c6021eb6847e682f89aa52d5eb6e8c7d902a23acfc8137e25211cf84828f1592,flat-ragged,4 KiB single,4096,1,45337789,46401479,4194304,0.9770763772421995,-0.023190454721391963
0,ab,0,nemotron-3,c6021eb6847e682f89aa52d5eb6e8c7d902a23acfc8137e25211cf84828f1592,flat-ragged,64 KiB single,65536,1,18394080,19013490,4194304,0.9674226036356293,-0.03311985352031387
0,ab,1,nemotron-3,c6021eb6847e682f89aa52d5eb6e8c7d902a23acfc8137e25211cf84828f1592,flat-ragged,64 KiB single,65536,1,17817370,17899520,4194304,0.9954104914545194,-0.00460007267499269
0,ab,2,nemotron-3,c6021eb6847e682f89aa52d5eb6e8c7d902a23acfc8137e25211cf84828f1592,flat-ragged,64 KiB single,65536,1,17095100,17197100,4194304,0.9940687674084584,-0.005948892215082768
0,ab,3,nemotron-3,c6021eb6847e682f89aa52d5eb6e8c7d902a23acfc8137e25211cf84828f1592,flat-ragged,64 KiB single,65536,1,17560390,17671020,4194304,0.9937394672180779,-0.006280212095598995
0,ab,4,nemotron-3,c6021eb6847e682f89aa52d5eb6e8c7d902a23acfc8137e25211cf84828f1592,flat-ragged,64 KiB single,65536,1,17031520,16930500,4194304,1.005966746404418,0.00594901586721214
0,ab,5,nemotron-3,c6021eb6847e682f89aa52d5eb6e8c7d902a23acfc8137e25211cf84828f1592,flat-ragged,64 KiB single,65536,1,16539099,17167560,4194304,0.9633925263695016,-0.03729434237319448
0,ab,0,nemotron-3,c6021eb6847e682f89aa52d5eb6e8c7d902a23acfc8137e25211cf84828f1592,nested,140-byte batch 1,140,1,71610349,69232870,4194400,1.0343403212953617,0.033763852781140004
0,ab,1,nemotron-3,c6021eb6847e682f89aa52d5eb6e8c7d902a23acfc8137e25211cf84828f1592,nested,140-byte batch 1,140,1,59374970,57665159,4194400,1.0296506769364844,0.029219596112294705
0,ab,2,nemotron-3,c6021eb6847e682f89aa52d5eb6e8c7d902a23acfc8137e25211cf84828f1592,nested,140-byte batch 1,140,1,56247750,53360099,4194400,1.0541162976477987,0.052702783356522266
0,ab,3,nemotron-3,c6021eb6847e682f89aa52d5eb6e8c7d902a23acfc8137e25211cf84828f1592,nested,140-byte batch 1,140,1,41885660,40747010,4194400,1.02794438168592,0.027561062150964825
0,ab,4,nemotron-3,c6021eb6847e682f89aa52d5eb6e8c7d902a23acfc8137e25211cf84828f1592,nested,140-byte batch 1,140,1,61526100,57407769,4194400,1.0717382171740553,0.06928183242950162
0,ab,5,nemotron-3,c6021eb6847e682f89aa52d5eb6e8c7d902a23acfc8137e25211cf84828f1592,nested,140-byte batch 1,140,1,58745879,56345210,4194400,1.0426064433871132,0.04172377344701794
0,ab,0,nemotron-3,c6021eb6847e682f89aa52d5eb6e8c7d902a23acfc8137e25211cf84828f1592,nested,140-byte batch 32,140,32,72789829,66653279,4197760,1.0920667383820681,0.08807199118971752
0,ab,1,nemotron-3,c6021eb6847e682f89aa52d5eb6e8c7d902a23acfc8137e25211cf84828f1592,nested,140-byte batch 32,140,32,61676609,60422269,4197760,1.0207595646565342,0.02054702139802613
0,ab,2,nemotron-3,c6021eb6847e682f89aa52d5eb6e8c7d902a23acfc8137e25211cf84828f1592,nested,140-byte batch 32,140,32,53344940,54843390,4197760,0.9726776554111626,-0.027702541087299748
0,ab,3,nemotron-3,c6021eb6847e682f89aa52d5eb6e8c7d902a23acfc8137e25211cf84828f1592,nested,140-byte batch 32,140,32,42277520,41914470,4197760,1.0086616865249638,0.008624389334541002
0,ab,4,nemotron-3,c6021eb6847e682f89aa52d5eb6e8c7d902a23acfc8137e25211cf84828f1592,nested,140-byte batch 32,140,32,59001169,60875370,4197760,0.9692124910288019,-0.03127140214427469
0,ab,5,nemotron-3,c6021eb6847e682f89aa52d5eb6e8c7d902a23acfc8137e25211cf84828f1592,nested,140-byte batch 32,140,32,55245879,55544110,4197760,0.9946307358241945,-0.005383730480209616
0,ab,0,nemotron-3,c6021eb6847e682f89aa52d5eb6e8c7d902a23acfc8137e25211cf84828f1592,nested,140-byte batch 512,140,512,20470730,19883140,4229120,1.0295521733488775,0.02912392453951268
0,ab,1,nemotron-3,c6021eb6847e682f89aa52d5eb6e8c7d902a23acfc8137e25211cf84828f1592,nested,140-byte batch 512,140,512,19256760,18504290,4229120,1.040664624257402,0.03985957082621757
0,ab,2,nemotron-3,c6021eb6847e682f89aa52d5eb6e8c7d902a23acfc8137e25211cf84828f1592,nested,140-byte batch 512,140,512,18392110,17818640,4229120,1.032183713235129,0.031676667916984744
0,ab,3,nemotron-3,c6021eb6847e682f89aa52d5eb6e8c7d902a23acfc8137e25211cf84828f1592,nested,140-byte batch 512,140,512,15810340,14925100,4229120,1.059312165412627,0.05761979694276341
0,ab,4,nemotron-3,c6021eb6847e682f89aa52d5eb6e8c7d902a23acfc8137e25211cf84828f1592,nested,140-byte batch 512,140,512,14642260,13963600,4229120,1.0486020796929159,0.047457924458654245
0,ab,5,nemotron-3,c6021eb6847e682f89aa52d5eb6e8c7d902a23acfc8137e25211cf84828f1592,nested,140-byte batch 512,140,512,14670720,14345010,4229120,1.0227054564618638,0.022451524165028863
0,ab,0,nemotron-3,c6021eb6847e682f89aa52d5eb6e8c7d902a23acfc8137e25211cf84828f1592,nested,4 KiB single,4096,1,44362480,46573550,4194304,0.9525251993889235,-0.04863871627987287
0,ab,1,nemotron-3,c6021eb6847e682f89aa52d5eb6e8c7d902a23acfc8137e25211cf84828f1592,nested,4 KiB single,4096,1,43975220,45970449,4194304,0.9565975742373106,-0.04437248355630958
0,ab,2,nemotron-3,c6021eb6847e682f89aa52d5eb6e8c7d902a23acfc8137e25211cf84828f1592,nested,4 KiB single,4096,1,40406839,41964100,4194304,0.9628906374734595,-0.03781543804263671
0,ab,3,nemotron-3,c6021eb6847e682f89aa52d5eb6e8c7d902a23acfc8137e25211cf84828f1592,nested,4 KiB single,4096,1,37952810,39224969,4194304,0.9675676225518496,-0.03296996241024086
0,ab,4,nemotron-3,c6021eb6847e682f89aa52d5eb6e8c7d902a23acfc8137e25211cf84828f1592,nested,4 KiB single,4096,1,41212610,41884340,4194304,0.9839622637004666,-0.016167732563159586
0,ab,5,nemotron-3,c6021eb6847e682f89aa52d5eb6e8c7d902a23acfc8137e25211cf84828f1592,nested,4 KiB single,4096,1,46505900,45811890,4194304,1.015149123950136,0.015035521849959975
0,ab,0,nemotron-3,c6021eb6847e682f89aa52d5eb6e8c7d902a23acfc8137e25211cf84828f1592,nested,64 KiB single,65536,1,41301899,40911209,4194304,1.0095497055586893,0.009504395358207615
0,ab,1,nemotron-3,c6021eb6847e682f89aa52d5eb6e8c7d902a23acfc8137e25211cf84828f1592,nested,64 KiB single,65536,1,40788620,43411309,4194304,0.9395851205500392,-0.062316862263553346
0,ab,2,nemotron-3,c6021eb6847e682f89aa52d5eb6e8c7d902a23acfc8137e25211cf84828f1592,nested,64 KiB single,65536,1,40727590,43063279,4194304,0.9457614688375217,-0.055764888830898945
0,ab,3,nemotron-3,c6021eb6847e682f89aa52d5eb6e8c7d902a23acfc8137e25211cf84828f1592,nested,64 KiB single,65536,1,37283750,39893859,4194304,0.9345736645833135,-0.06766482738875884
0,ab,4,nemotron-3,c6021eb6847e682f89aa52d5eb6e8c7d902a23acfc8137e25211cf84828f1592,nested,64 KiB single,65536,1,34057249,35321380,4194304,0.9642105999255974,-0.03644554357840943
0,ab,5,nemotron-3,c6021eb6847e682f89aa52d5eb6e8c7d902a23acfc8137e25211cf84828f1592,nested,64 KiB single,65536,1,36592479,38850500,4194304,0.9418792293535476,-0.059878219256000106
0,ab,0,phi-4-mini,382cc235b56c725945e149cc25f191da667c836655efd0857b004320e90e91ea,flat-ragged,140-byte batch 1,140,1,47160610,48531819,4194400,0.971746185734353,-0.028660634408675407
0,ab,1,phi-4-mini,382cc235b56c725945e149cc25f191da667c836655efd0857b004320e90e91ea,flat-ragged,140-byte batch 1,140,1,42117809,40334909,4194400,1.0442024054151207,0.043253345587831615
0,ab,2,phi-4-mini,382cc235b56c725945e149cc25f191da667c836655efd0857b004320e90e91ea,flat-ragged,140-byte batch 1,140,1,41965510,39658050,4194400,1.0581838996118065,0.056554136490089044
0,ab,3,phi-4-mini,382cc235b56c725945e149cc25f191da667c836655efd0857b004320e90e91ea,flat-ragged,140-byte batch 1,140,1,47047189,46219990,4194400,1.0178969965160096,0.017738730804753695
0,ab,4,phi-4-mini,382cc235b56c725945e149cc25f191da667c836655efd0857b004320e90e91ea,flat-ragged,140-byte batch 1,140,1,39610210,39696740,4194400,0.9978202240284718,-0.002182155141171181
0,ab,5,phi-4-mini,382cc235b56c725945e149cc25f191da667c836655efd0857b004320e90e91ea,flat-ragged,140-byte batch 1,140,1,36904620,34853560,4194400,1.058847934041745,0.05718146239153225
0,ab,0,phi-4-mini,382cc235b56c725945e149cc25f191da667c836655efd0857b004320e90e91ea,flat-ragged,140-byte batch 32,140,32,40044490,39575469,4197760,1.0118513061715073,0.01178162940934094
0,ab,1,phi-4-mini,382cc235b56c725945e149cc25f191da667c836655efd0857b004320e90e91ea,flat-ragged,140-byte batch 32,140,32,35575670,36647740,4197760,0.9707466272135744,-0.029689784789402162
0,ab,2,phi-4-mini,382cc235b56c725945e149cc25f191da667c836655efd0857b004320e90e91ea,flat-ragged,140-byte batch 32,140,32,36008110,35790600,4197760,1.0060772940380993,0.006058901765900789
0,ab,3,phi-4-mini,382cc235b56c725945e149cc25f191da667c836655efd0857b004320e90e91ea,flat-ragged,140-byte batch 32,140,32,39561940,38513180,4197760,1.0272311972161219,0.02686702461398048
0,ab,4,phi-4-mini,382cc235b56c725945e149cc25f191da667c836655efd0857b004320e90e91ea,flat-ragged,140-byte batch 32,140,32,34626200,34949460,4197760,0.9907506439298347,-0.009292396970007562
0,ab,5,phi-4-mini,382cc235b56c725945e149cc25f191da667c836655efd0857b004320e90e91ea,flat-ragged,140-byte batch 32,140,32,30283470,32811639,4197760,0.9229490181822371,-0.08018128091027377
0,ab,0,phi-4-mini,382cc235b56c725945e149cc25f191da667c836655efd0857b004320e90e91ea,flat-ragged,140-byte batch 512,140,512,12924080,12336280,4229120,1.0476480754327886,0.04654772361868497
0,ab,1,phi-4-mini,382cc235b56c725945e149cc25f191da667c836655efd0857b004320e90e91ea,flat-ragged,140-byte batch 512,140,512,12263070,11781050,4229120,1.0409148590320896,0.04009999861473278
0,ab,2,phi-4-mini,382cc235b56c725945e149cc25f191da667c836655efd0857b004320e90e91ea,flat-ragged,140-byte batch 512,140,512,11617700,11386270,4229120,1.0203253567674049,0.020121553656706974
0,ab,3,phi-4-mini,382cc235b56c725945e149cc25f191da667c836655efd0857b004320e90e91ea,flat-ragged,140-byte batch 512,140,512,9864670,9653079,4229120,1.0219195346893981,0.02168275550126506
0,ab,4,phi-4-mini,382cc235b56c725945e149cc25f191da667c836655efd0857b004320e90e91ea,flat-ragged,140-byte batch 512,140,512,9483499,9197740,4229120,1.0310683928878182,0.03059553929228894
0,ab,5,phi-4-mini,382cc235b56c725945e149cc25f191da667c836655efd0857b004320e90e91ea,flat-ragged,140-byte batch 512,140,512,9509310,9361500,4229120,1.0157891363563532,0.01566578465992509
0,ab,0,phi-4-mini,382cc235b56c725945e149cc25f191da667c836655efd0857b004320e90e91ea,flat-ragged,4 KiB single,4096,1,29724969,28418339,4194304,1.045978408519935,0.04495272347933428
0,ab,1,phi-4-mini,382cc235b56c725945e149cc25f191da667c836655efd0857b004320e90e91ea,flat-ragged,4 KiB single,4096,1,29262979,29370639,4194304,0.9963344345351152,-0.0036723001125384476
0,ab,2,phi-4-mini,382cc235b56c725945e149cc25f191da667c836655efd0857b004320e90e91ea,flat-ragged,4 KiB single,4096,1,26904280,26933190,4194304,0.9989266031985071,-0.0010739733044207928
0,ab,3,phi-4-mini,382cc235b56c725945e149cc25f191da667c836655efd0857b004320e90e91ea,flat-ragged,4 KiB single,4096,1,26472100,26566760,4194304,0.9964369008490309,-0.0035694621078094188
0,ab,4,phi-4-mini,382cc235b56c725945e149cc25f191da667c836655efd0857b004320e90e91ea,flat-ragged,4 KiB single,4096,1,33109109,34395599,4194304,0.962597249723722,-0.03812017925026394
0,ab,5,phi-4-mini,382cc235b56c725945e149cc25f191da667c836655efd0857b004320e90e91ea,flat-ragged,4 KiB single,4096,1,29841249,29685310,4194304,1.0052530696159143,0.005239320375179365
0,ab,0,phi-4-mini,382cc235b56c725945e149cc25f191da667c836655efd0857b004320e90e91ea,flat-ragged,64 KiB single,65536,1,15367740,16399630,4194304,0.9370784584774169,-0.06498826654863385
0,ab,1,phi-4-mini,382cc235b56c725945e149cc25f191da667c836655efd0857b004320e90e91ea,flat-ragged,64 KiB single,65536,1,15338550,15626350,4194304,0.9815823912813932,-0.018589324538724104
0,ab,2,phi-4-mini,382cc235b56c725945e149cc25f191da667c836655efd0857b004320e90e91ea,flat-ragged,64 KiB single,65536,1,15064550,15059889,4194304,1.0003094976330835,0.0003094497485709206
0,ab,3,phi-4-mini,382cc235b56c725945e149cc25f191da667c836655efd0857b004320e90e91ea,flat-ragged,64 KiB single,65536,1,15328430,15534880,4194304,0.986710550709114,-0.013378544251168313
0,ab,4,phi-4-mini,382cc235b56c725945e149cc25f191da667c836655efd0857b004320e90e91ea,flat-ragged,64 KiB single,65536,1,14788230,15168520,4194304,0.9749289976873156,-0.025390633520809447
0,ab,5,phi-4-mini,382cc235b56c725945e149cc25f191da667c836655efd0857b004320e90e91ea,flat-ragged,64 KiB single,65536,1,14584230,14725400,4194304,0.9904131636492047,-0.009633085894974962
0,ab,0,phi-4-mini,382cc235b56c725945e149cc25f191da667c836655efd0857b004320e90e91ea,nested,140-byte batch 1,140,1,48207980,45645870,4194400,1.0561301602970872,0.05461143554553433
0,ab,1,phi-4-mini,382cc235b56c725945e149cc25f191da667c836655efd0857b004320e90e91ea,nested,140-byte batch 1,140,1,40618920,39472159,4194400,1.029052401212713,0.028638379960277877
0,ab,2,phi-4-mini,382cc235b56c725945e149cc25f191da667c836655efd0857b004320e90e91ea,nested,140-byte batch 1,140,1,40926700,39052120,4194400,1.0480020034763797,0.04688549761112589
0,ab,3,phi-4-mini,382cc235b56c725945e149cc25f191da667c836655efd0857b004320e90e91ea,nested,140-byte batch 1,140,1,43665430,42872819,4194400,1.0184874943726,0.018318678133741093
0,ab,4,phi-4-mini,382cc235b56c725945e149cc25f191da667c836655efd0857b004320e90e91ea,nested,140-byte batch 1,140,1,38818920,37218960,4194400,1.0429877675249388,0.04208944778585114
0,ab,5,phi-4-mini,382cc235b56c725945e149cc25f191da667c836655efd0857b004320e90e91ea,nested,140-byte batch 1,140,1,34857550,34206490,4194400,1.0190332302437344,0.018854364350417374
0,ab,0,phi-4-mini,382cc235b56c725945e149cc25f191da667c836655efd0857b004320e90e91ea,nested,140-byte batch 32,140,32,50490590,48273119,4197760,1.0459359379699498,0.0449121189965911
0,ab,1,phi-4-mini,382cc235b56c725945e149cc25f191da667c836655efd0857b004320e90e91ea,nested,140-byte batch 32,140,32,42536270,41220279,4197760,1.0319258149611263,0.03142677974794938
0,ab,2,phi-4-mini,382cc235b56c725945e149cc25f191da667c836655efd0857b004320e90e91ea,nested,140-byte batch 32,140,32,40928200,42316560,4197760,0.9671910949283212,-0.03335918678729628
0,ab,3,phi-4-mini,382cc235b56c725945e149cc25f191da667c836655efd0857b004320e90e91ea,nested,140-byte batch 32,140,32,45106719,43485760,4197760,1.0372756276997344,0.03659768727653152
0,ab,4,phi-4-mini,382cc235b56c725945e149cc25f191da667c836655efd0857b004320e90e91ea,nested,140-byte batch 32,140,32,37693700,38147299,4197760,0.9881092760984205,-0.011961984011885246
0,ab,5,phi-4-mini,382cc235b56c725945e149cc25f191da667c836655efd0857b004320e90e91ea,nested,140-byte batch 32,140,32,35818479,35646300,4197760,1.0048302067816295,0.004818578761647075
0,ab,0,phi-4-mini,382cc235b56c725945e149cc25f191da667c836655efd0857b004320e90e91ea,nested,140-byte batch 512,140,512,14871170,14903800,4229120,0.997810625478066,-0.002191774706240822
0,ab,1,phi-4-mini,382cc235b56c725945e149cc25f191da667c836655efd0857b004320e90e91ea,nested,140-byte batch 512,140,512,14305060,13961790,4229120,1.0245863889945344,0.0242890082209229
0,ab,2,phi-4-mini,382cc235b56c725945e149cc25f191da667c836655efd0857b004320e90e91ea,nested,140-byte batch 512,140,512,13947890,13222600,4229120,1.0548522983376944,0.05340075555124936
0,ab,3,phi-4-mini,382cc235b56c725945e149cc25f191da667c836655efd0857b004320e90e91ea,nested,140-byte batch 512,140,512,12104390,11955840,4229120,1.0124248902628339,0.012348334790442289
0,ab,4,phi-4-mini,382cc235b56c725945e149cc25f191da667c836655efd0857b004320e90e91ea,nested,140-byte batch 512,140,512,11831960,11231420,4229120,1.0534696414166687,0.05208913696665382
0,ab,5,phi-4-mini,382cc235b56c725945e149cc25f191da667c836655efd0857b004320e90e91ea,nested,140-byte batch 512,140,512,11993140,11443250,4229120,1.0480536560854652,0.046934783143082345
0,ab,0,phi-4-mini,382cc235b56c725945e149cc25f191da667c836655efd0857b004320e90e91ea,nested,4 KiB single,4096,1,32294920,33336420,4194304,0.9687578930191064,-0.0317405507151461
0,ab,1,phi-4-mini,382cc235b56c725945e149cc25f191da667c836655efd0857b004320e90e91ea,nested,4 KiB single,4096,1,29873579,30962470,4194304,0.9648319077903023,-0.03580138163412493
0,ab,2,phi-4-mini,382cc235b56c725945e149cc25f191da667c836655efd0857b004320e90e91ea,nested,4 KiB single,4096,1,29774489,29303910,4194304,1.0160585737534684,0.015930998826669925
0,ab,3,phi-4-mini,382cc235b56c725945e149cc25f191da667c836655efd0857b004320e90e91ea,nested,4 KiB single,4096,1,29020220,29365139,4194304,0.9882541335833622,-0.0118153940836448
0,ab,4,phi-4-mini,382cc235b56c725945e149cc25f191da667c836655efd0857b004320e90e91ea,nested,4 KiB single,4096,1,35486620,33767640,4194304,1.0509061338014738,0.04965277658517288
0,ab,5,phi-4-mini,382cc235b56c725945e149cc25f191da667c836655efd0857b004320e90e91ea,nested,4 KiB single,4096,1,30827820,30943019,4194304,0.9962770601019894,-0.003729887287254728
0,ab,0,phi-4-mini,382cc235b56c725945e149cc25f191da667c836655efd0857b004320e90e91ea,nested,64 KiB single,65536,1,32865750,33433580,4194304,0.9830161771488426,-0.017129702053962297
0,ab,1,phi-4-mini,382cc235b56c725945e149cc25f191da667c836655efd0857b004320e90e91ea,nested,64 KiB single,65536,1,30650660,31829400,4194304,0.9629669425122686,-0.03773619538249197
0,ab,2,phi-4-mini,382cc235b56c725945e149cc25f191da667c836655efd0857b004320e90e91ea,nested,64 KiB single,65536,1,26970720,26158970,4194304,1.031031420579633,0.03055968039938015
0,ab,3,phi-4-mini,382cc235b56c725945e149cc25f191da667c836655efd0857b004320e90e91ea,nested,64 KiB single,65536,1,26991339,27881730,4194304,0.9680654320947804,-0.032455598850772614
0,ab,4,phi-4-mini,382cc235b56c725945e149cc25f191da667c836655efd0857b004320e90e91ea,nested,64 KiB single,65536,1,27603899,27213740,4194304,1.0143368386704656,0.014235038044695527
0,ab,5,phi-4-mini,382cc235b56c725945e149cc25f191da667c836655efd0857b004320e90e91ea,nested,64 KiB single,65536,1,29767210,29967780,4194304,0.9933071452072859,-0.006715352383612578
0,ab,0,qwen-2-5,c0382117ea329cdf097041132f6d735924b697924d6f6fc3945713e96ce87539,flat-ragged,140-byte batch 1,140,1,40628019,41155239,4194400,0.9871894802992154,-0.012893281986640205
0,ab,1,qwen-2-5,c0382117ea329cdf097041132f6d735924b697924d6f6fc3945713e96ce87539,flat-ragged,140-byte batch 1,140,1,37681970,37314500,4194400,1.0098479143496495,0.00979973966305178
0,ab,2,qwen-2-5,c0382117ea329cdf097041132f6d735924b697924d6f6fc3945713e96ce87539,flat-ragged,140-byte batch 1,140,1,34612990,34630580,4194400,0.9994920674155616,-0.0005080616258916317
0,ab,3,qwen-2-5,c0382117ea329cdf097041132f6d735924b697924d6f6fc3945713e96ce87539,flat-ragged,140-byte batch 1,140,1,40370719,40338620,4194400,1.0007957386742532,0.0007954222420880957
0,ab,4,qwen-2-5,c0382117ea329cdf097041132f6d735924b697924d6f6fc3945713e96ce87539,flat-ragged,140-byte batch 1,140,1,35789180,36813860,4194400,0.9721659179450348,-0.028228791614538493
0,ab,5,qwen-2-5,c0382117ea329cdf097041132f6d735924b697924d6f6fc3945713e96ce87539,flat-ragged,140-byte batch 1,140,1,34167470,33560950,4194400,1.0180721940231132,0.017910833121773176
0,ab,0,qwen-2-5,c0382117ea329cdf097041132f6d735924b697924d6f6fc3945713e96ce87539,flat-ragged,140-byte batch 32,140,32,40509019,38740050,4197760,1.0456625378645614,0.044650692044808336
0,ab,1,qwen-2-5,c0382117ea329cdf097041132f6d735924b697924d6f6fc3945713e96ce87539,flat-ragged,140-byte batch 32,140,32,35849559,34771890,4197760,1.0309925344869089,0.030521963967780865
0,ab,2,qwen-2-5,c0382117ea329cdf097041132f6d735924b697924d6f6fc3945713e96ce87539,flat-ragged,140-byte batch 32,140,32,33739880,34331790,4197760,0.9827591279103128,-0.017391226592736682
0,ab,3,qwen-2-5,c0382117ea329cdf097041132f6d735924b697924d6f6fc3945713e96ce87539,flat-ragged,140-byte batch 32,140,32,39254890,38257050,4197760,1.0260825128963158,0.025748165441141776
0,ab,4,qwen-2-5,c0382117ea329cdf097041132f6d735924b697924d6f6fc3945713e96ce87539,flat-ragged,140-byte batch 32,140,32,34864420,34584249,4197760,1.008101115626365,0.008068477739546073
0,ab,5,qwen-2-5,c0382117ea329cdf097041132f6d735924b697924d6f6fc3945713e96ce87539,flat-ragged,140-byte batch 32,140,32,32234400,32764010,4197760,0.983835617190936,-0.016296451585509613
0,ab,0,qwen-2-5,c0382117ea329cdf097041132f6d735924b697924d6f6fc3945713e96ce87539,flat-ragged,140-byte batch 512,140,512,12357270,12013390,4229120,1.0286247262429673,0.028222692804895245
0,ab,1,qwen-2-5,c0382117ea329cdf097041132f6d735924b697924d6f6fc3945713e96ce87539,flat-ragged,140-byte batch 512,140,512,11830240,11643130,4229120,1.0160704209263316,0.015942658689694692
0,ab,2,qwen-2-5,c0382117ea329cdf097041132f6d735924b697924d6f6fc3945713e96ce87539,flat-ragged,140-byte batch 512,140,512,11219620,10933350,4229120,1.026183191793915,0.025846280317251544
0,ab,3,qwen-2-5,c0382117ea329cdf097041132f6d735924b697924d6f6fc3945713e96ce87539,flat-ragged,140-byte batch 512,140,512,9540390,9574510,4229120,0.9964363711563308,-0.0035699936947473213
0,ab,4,qwen-2-5,c0382117ea329cdf097041132f6d735924b697924d6f6fc3945713e96ce87539,flat-ragged,140-byte batch 512,140,512,9344730,9055290,4229120,1.0319636367250524,0.03146343070703967
0,ab,5,qwen-2-5,c0382117ea329cdf097041132f6d735924b697924d6f6fc3945713e96ce87539,flat-ragged,140-byte batch 512,140,512,9176100,9209460,4229120,0.9963776377768078,-0.0036289388640172327
0,ab,0,qwen-2-5,c0382117ea329cdf097041132f6d735924b697924d6f6fc3945713e96ce87539,flat-ragged,4 KiB single,4096,1,31430739,31104470,4194304,1.010489456981585,0.01043482434009826
0,ab,1,qwen-2-5,c0382117ea329cdf097041132f6d735924b697924d6f6fc3945713e96ce87539,flat-ragged,4 KiB single,4096,1,29711220,28985470,4194304,1.0250384071743532,0.024730082302376236
0,ab,2,qwen-2-5,c0382117ea329cdf097041132f6d735924b697924d6f6fc3945713e96ce87539,flat-ragged,4 KiB single,4096,1,26711930,26427430,4194304,1.0107653298107306,0.010707796191703846
0,ab,3,qwen-2-5,c0382117ea329cdf097041132f6d735924b697924d6f6fc3945713e96ce87539,flat-ragged,4 KiB single,4096,1,26103220,25832810,4194304,1.010467695926227,0.010413288945023285
0,ab,4,qwen-2-5,c0382117ea329cdf097041132f6d735924b697924d6f6fc3945713e96ce87539,flat-ragged,4 KiB single,4096,1,29327930,29058650,4194304,1.009266775985808,0.009224102842944304
0,ab,5,qwen-2-5,c0382117ea329cdf097041132f6d735924b697924d6f6fc3945713e96ce87539,flat-ragged,4 KiB single,4096,1,30202280,29697410,4194304,1.017000472431771,0.01685758160099636
0,ab,0,qwen-2-5,c0382117ea329cdf097041132f6d735924b697924d6f6fc3945713e96ce87539,flat-ragged,64 KiB single,65536,1,28605420,28784680,4194304,0.9937723816974863,-0.006247090804342987
0,ab,1,qwen-2-5,c0382117ea329cdf097041132f6d735924b697924d6f6fc3945713e96ce87539,flat-ragged,64 KiB single,65536,1,27985670,28220910,4194304,0.9916643368339292,-0.008370599084440329
0,ab,2,qwen-2-5,c0382117ea329cdf097041132f6d735924b697924d6f6fc3945713e96ce87539,flat-ragged,64 KiB single,65536,1,25106710,25573760,4194304,0.981737139943442,-0.018431684725226494
0,ab,3,qwen-2-5,c0382117ea329cdf097041132f6d735924b697924d6f6fc3945713e96ce87539,flat-ragged,64 KiB single,65536,1,25462200,25773270,4194304,0.9879305187118281,-0.01214290889765874
0,ab,4,qwen-2-5,c0382117ea329cdf097041132f6d735924b697924d6f6fc3945713e96ce87539,flat-ragged,64 KiB single,65536,1,25663070,25646300,4194304,1.000653895493697,0.000653681797190363
0,ab,5,qwen-2-5,c0382117ea329cdf097041132f6d735924b697924d6f6fc3945713e96ce87539,flat-ragged,64 KiB single,65536,1,29798830,29960170,4194304,0.99461485031627,-0.005399701869600191
0,ab,0,qwen-2-5,c0382117ea329cdf097041132f6d735924b697924d6f6fc3945713e96ce87539,nested,140-byte batch 1,140,1,46788230,44559039,4194400,1.0500278069282418,0.04881664660757088
0,ab,1,qwen-2-5,c0382117ea329cdf097041132f6d735924b697924d6f6fc3945713e96ce87539,nested,140-byte batch 1,140,1,41544980,38624409,4194400,1.07561464565063,0.07289226158114946
0,ab,2,qwen-2-5,c0382117ea329cdf097041132f6d735924b697924d6f6fc3945713e96ce87539,nested,140-byte batch 1,140,1,39396350,37248449,4194400,1.0576641728089136,0.05606286604385973
0,ab,3,qwen-2-5,c0382117ea329cdf097041132f6d735924b697924d6f6fc3945713e96ce87539,nested,140-byte batch 1,140,1,46559499,43663500,4194400,1.0663253976433404,0.06421853023657491
0,ab,4,qwen-2-5,c0382117ea329cdf097041132f6d735924b697924d6f6fc3945713e96ce87539,nested,140-byte batch 1,140,1,37964690,40302800,4194400,0.94198641285469,-0.05976442823093276
0,ab,5,qwen-2-5,c0382117ea329cdf097041132f6d735924b697924d6f6fc3945713e96ce87539,nested,140-byte batch 1,140,1,38770450,35295549,4194400,1.0984515356313058,0.09390149319044083
0,ab,0,qwen-2-5,c0382117ea329cdf097041132f6d735924b697924d6f6fc3945713e96ce87539,nested,140-byte batch 32,140,32,43773740,47698290,4197760,0.9177213690469826,-0.08586145398969362
0,ab,1,qwen-2-5,c0382117ea329cdf097041132f6d735924b697924d6f6fc3945713e96ce87539,nested,140-byte batch 32,140,32,40391370,42600659,4197760,0.948139558122798,-0.05325357435221389
0,ab,2,qwen-2-5,c0382117ea329cdf097041132f6d735924b697924d6f6fc3945713e96ce87539,nested,140-byte batch 32,140,32,39697300,40648079,4197760,0.9766094973393453,-0.02366840249981035
0,ab,3,qwen-2-5,c0382117ea329cdf097041132f6d735924b697924d6f6fc3945713e96ce87539,nested,140-byte batch 32,140,32,43613130,44718520,4197760,0.9752811586787756,-0.025029481678646975
0,ab,4,qwen-2-5,c0382117ea329cdf097041132f6d735924b697924d6f6fc3945713e96ce87539,nested,140-byte batch 32,140,32,38500609,37668140,4197760,1.0221000824569517,0.02185941502694537
0,ab,5,qwen-2-5,c0382117ea329cdf097041132f6d735924b697924d6f6fc3945713e96ce87539,nested,140-byte batch 32,140,32,36309800,36995430,4197760,0.9814671704045608,-0.018706714215697747
0,ab,0,qwen-2-5,c0382117ea329cdf097041132f6d735924b697924d6f6fc3945713e96ce87539,nested,140-byte batch 512,140,512,14836609,14562120,4229120,1.0188495219102713,0.018674071020227993
0,ab,1,qwen-2-5,c0382117ea329cdf097041132f6d735924b697924d6f6fc3945713e96ce87539,nested,140-byte batch 512,140,512,14245290,13929990,4229120,1.0226346178281536,0.022382255846641094
0,ab,2,qwen-2-5,c0382117ea329cdf097041132f6d735924b697924d6f6fc3945713e96ce87539,nested,140-byte batch 512,140,512,13847200,13442200,4229120,1.0301289967416047,0.02968403395468213
0,ab,3,qwen-2-5,c0382117ea329cdf097041132f6d735924b697924d6f6fc3945713e96ce87539,nested,140-byte batch 512,140,512,12365670,11700330,4229120,1.0568650627802805,0.055307038171417855
0,ab,4,qwen-2-5,c0382117ea329cdf097041132f6d735924b697924d6f6fc3945713e96ce87539,nested,140-byte batch 512,140,512,11748910,11058000,4229120,1.06248055706276,0.0606063224139524
0,ab,5,qwen-2-5,c0382117ea329cdf097041132f6d735924b697924d6f6fc3945713e96ce87539,nested,140-byte batch 512,140,512,12208400,11602900,4229120,1.0521852295546803,0.05086917253753877
0,ab,0,qwen-2-5,c0382117ea329cdf097041132f6d735924b697924d6f6fc3945713e96ce87539,nested,4 KiB single,4096,1,33592420,33115440,4194304,1.0144035531462061,0.014300807401912079
0,ab,1,qwen-2-5,c0382117ea329cdf097041132f6d735924b697924d6f6fc3945713e96ce87539,nested,4 KiB single,4096,1,31310159,30647949,4194304,1.021606992363502,0.021376870234599363
0,ab,2,qwen-2-5,c0382117ea329cdf097041132f6d735924b697924d6f6fc3945713e96ce87539,nested,4 KiB single,4096,1,27923850,28236330,4194304,0.9889334060056671,-0.011128284302272268
0,ab,3,qwen-2-5,c0382117ea329cdf097041132f6d735924b697924d6f6fc3945713e96ce87539,nested,4 KiB single,4096,1,27179570,26512469,4194304,1.025161783310336,0.024850437511300918
0,ab,4,qwen-2-5,c0382117ea329cdf097041132f6d735924b697924d6f6fc3945713e96ce87539,nested,4 KiB single,4096,1,30001589,31116580,4194304,0.9641673024477626,-0.03649044917267994
0,ab,5,qwen-2-5,c0382117ea329cdf097041132f6d735924b697924d6f6fc3945713e96ce87539,nested,4 KiB single,4096,1,30645609,31448470,4194304,0.9744705863274111,-0.025860943838009867
0,ab,0,qwen-2-5,c0382117ea329cdf097041132f6d735924b697924d6f6fc3945713e96ce87539,nested,64 KiB single,65536,1,32547690,29203390,4194304,1.1145175269035548,0.1084215999682728
0,ab,1,qwen-2-5,c0382117ea329cdf097041132f6d735924b697924d6f6fc3945713e96ce87539,nested,64 KiB single,65536,1,29524610,29775020,4194304,0.9915899300823308,-0.008445634094196316
0,ab,2,qwen-2-5,c0382117ea329cdf097041132f6d735924b697924d6f6fc3945713e96ce87539,nested,64 KiB single,65536,1,27494720,29037880,4194304,0.9468570019574432,-0.05460719829877765
0,ab,3,qwen-2-5,c0382117ea329cdf097041132f6d735924b697924d6f6fc3945713e96ce87539,nested,64 KiB single,65536,1,25702070,26380800,4194304,0.9742718188985929,-0.02606493942919159
0,ab,4,qwen-2-5,c0382117ea329cdf097041132f6d735924b697924d6f6fc3945713e96ce87539,nested,64 KiB single,65536,1,26003110,26338829,4194304,0.9872538372909441,-0.012828091974672651
0,ab,5,qwen-2-5,c0382117ea329cdf097041132f6d735924b697924d6f6fc3945713e96ce87539,nested,64 KiB single,65536,1,29375560,29191149,4194304,1.0063173601011732,0.006297489225591086
0,ab,0,qwen-3,aeb13307a71acd8fe81861d94ad54ab689df773318809eed3cbe794b4492dae4,flat-ragged,140-byte batch 1,140,1,42192899,41546020,4194400,1.0155701797669188,0.015450208234282958
0,ab,1,qwen-3,aeb13307a71acd8fe81861d94ad54ab689df773318809eed3cbe794b4492dae4,flat-ragged,140-byte batch 1,140,1,40239690,39436200,4194400,1.0203744275564075,0.02016964577627207
0,ab,2,qwen-3,aeb13307a71acd8fe81861d94ad54ab689df773318809eed3cbe794b4492dae4,flat-ragged,140-byte batch 1,140,1,37024059,36420380,4194400,1.016575307561316,0.01643943649833267
0,ab,3,qwen-3,aeb13307a71acd8fe81861d94ad54ab689df773318809eed3cbe794b4492dae4,flat-ragged,140-byte batch 1,140,1,41602080,40809890,4194400,1.0194117161305751,0.019225712020967272
0,ab,4,qwen-3,aeb13307a71acd8fe81861d94ad54ab689df773318809eed3cbe794b4492dae4,flat-ragged,140-byte batch 1,140,1,38506690,37501930,4194400,1.0267922210936877,0.026439594113233156
0,ab,5,qwen-3,aeb13307a71acd8fe81861d94ad54ab689df773318809eed3cbe794b4492dae4,flat-ragged,140-byte batch 1,140,1,35566289,34293160,4194400,1.0371248668830753,0.036452333650442204
0,ab,0,qwen-3,aeb13307a71acd8fe81861d94ad54ab689df773318809eed3cbe794b4492dae4,flat-ragged,140-byte batch 32,140,32,40837029,37838890,4197760,1.0792343274340235,0.07625183362831764
0,ab,1,qwen-3,aeb13307a71acd8fe81861d94ad54ab689df773318809eed3cbe794b4492dae4,flat-ragged,140-byte batch 32,140,32,36428359,34618800,4197760,1.0522709914843957,0.05095067761130131
0,ab,2,qwen-3,aeb13307a71acd8fe81861d94ad54ab689df773318809eed3cbe794b4492dae4,flat-ragged,140-byte batch 32,140,32,33938560,32250509,4197760,1.0523418405582374,0.05101800502923755
0,ab,3,qwen-3,aeb13307a71acd8fe81861d94ad54ab689df773318809eed3cbe794b4492dae4,flat-ragged,140-byte batch 32,140,32,40298600,37661810,4197760,1.0700123015861425,0.06767014521720593
0,ab,4,qwen-3,aeb13307a71acd8fe81861d94ad54ab689df773318809eed3cbe794b4492dae4,flat-ragged,140-byte batch 32,140,32,36151039,33430179,4197760,1.081389333871051,0.07824663465750889
0,ab,5,qwen-3,aeb13307a71acd8fe81861d94ad54ab689df773318809eed3cbe794b4492dae4,flat-ragged,140-byte batch 32,140,32,32741619,30902520,4197760,1.0595129135099661,0.05780928695771256
0,ab,0,qwen-3,aeb13307a71acd8fe81861d94ad54ab689df773318809eed3cbe794b4492dae4,flat-ragged,140-byte batch 512,140,512,12492710,12342510,4229120,1.0121693237437117,0.012095872821805279
0,ab,1,qwen-3,aeb13307a71acd8fe81861d94ad54ab689df773318809eed3cbe794b4492dae4,flat-ragged,140-byte batch 512,140,512,12322650,11782330,4229120,1.045858501671571,0.044838080843561584
0,ab,2,qwen-3,aeb13307a71acd8fe81861d94ad54ab689df773318809eed3cbe794b4492dae4,flat-ragged,140-byte batch 512,140,512,11580410,11688850,4229120,0.9907227828229467,-0.009320518575388372
0,ab,3,qwen-3,aeb13307a71acd8fe81861d94ad54ab689df773318809eed3cbe794b4492dae4,flat-ragged,140-byte batch 512,140,512,10265170,9804290,4229120,1.0470079934396066,0.04593656647206107
0,ab,4,qwen-3,aeb13307a71acd8fe81861d94ad54ab689df773318809eed3cbe794b4492dae4,flat-ragged,140-byte batch 512,140,512,9781840,9779260,4229120,1.0002638236430978,0.00026378884776027435
0,ab,5,qwen-3,aeb13307a71acd8fe81861d94ad54ab689df773318809eed3cbe794b4492dae4,flat-ragged,140-byte batch 512,140,512,9776160,9329000,4229120,1.0479322542609069,0.04681894092859529
0,ab,0,qwen-3,aeb13307a71acd8fe81861d94ad54ab689df773318809eed3cbe794b4492dae4,flat-ragged,4 KiB single,4096,1,31153939,30894459,4194304,1.0083989171003125,0.008363842451948052
0,ab,1,qwen-3,aeb13307a71acd8fe81861d94ad54ab689df773318809eed3cbe794b4492dae4,flat-ragged,4 KiB single,4096,1,29063850,29190959,4194304,0.9956456038323372,-0.004363904161742706
0,ab,2,qwen-3,aeb13307a71acd8fe81861d94ad54ab689df773318809eed3cbe794b4492dae4,flat-ragged,4 KiB single,4096,1,26217139,27653529,4194304,0.9480576240377856,-0.053339993724454575
0,ab,3,qwen-3,aeb13307a71acd8fe81861d94ad54ab689df773318809eed3cbe794b4492dae4,flat-ragged,4 KiB single,4096,1,25401310,26659759,4194304,0.9527959348769807,-0.04835452745205771
0,ab,4,qwen-3,aeb13307a71acd8fe81861d94ad54ab689df773318809eed3cbe794b4492dae4,flat-ragged,4 KiB single,4096,1,28157359,29536990,4194304,0.9532914152728494,-0.047834634796571546
0,ab,5,qwen-3,aeb13307a71acd8fe81861d94ad54ab689df773318809eed3cbe794b4492dae4,flat-ragged,4 KiB single,4096,1,29345720,29579550,4194304,0.9920948763588358,-0.007936534779858189
0,ab,0,qwen-3,aeb13307a71acd8fe81861d94ad54ab689df773318809eed3cbe794b4492dae4,flat-ragged,64 KiB single,65536,1,27052099,28635020,4194304,0.9447207999156277,-0.05686584496702488
0,ab,1,qwen-3,aeb13307a71acd8fe81861d94ad54ab689df773318809eed3cbe794b4492dae4,flat-ragged,64 KiB single,65536,1,27824920,28694670,4194304,0.9696894928570359,-0.030779369187661436
0,ab,2,qwen-3,aeb13307a71acd8fe81861d94ad54ab689df773318809eed3cbe794b4492dae4,flat-ragged,64 KiB single,65536,1,25197430,25673050,4194304,0.981473958100031,-0.018699798373575226
0,ab,3,qwen-3,aeb13307a71acd8fe81861d94ad54ab689df773318809eed3cbe794b4492dae4,flat-ragged,64 KiB single,65536,1,25359330,25767420,4194304,0.9841625587660697,-0.01596419357619267
0,ab,4,qwen-3,aeb13307a71acd8fe81861d94ad54ab689df773318809eed3cbe794b4492dae4,flat-ragged,64 KiB single,65536,1,25108080,25322360,4194304,0.9915379135278071,-0.008498093197832245
0,ab,5,qwen-3,aeb13307a71acd8fe81861d94ad54ab689df773318809eed3cbe794b4492dae4,flat-ragged,64 KiB single,65536,1,29444469,29415620,4194304,1.0009807374449358,0.000980256836176151
0,ab,0,qwen-3,aeb13307a71acd8fe81861d94ad54ab689df773318809eed3cbe794b4492dae4,nested,140-byte batch 1,140,1,48214099,43680530,4194400,1.103789239736789,0.09874902359450963
0,ab,1,qwen-3,aeb13307a71acd8fe81861d94ad54ab689df773318809eed3cbe794b4492dae4,nested,140-byte batch 1,140,1,39065250,40011940,4194400,0.976339812565949,-0.02394458455301846
0,ab,2,qwen-3,aeb13307a71acd8fe81861d94ad54ab689df773318809eed3cbe794b4492dae4,nested,140-byte batch 1,140,1,37780040,39150570,4194400,0.9649933576956862,-0.03563406088374609
0,ab,3,qwen-3,aeb13307a71acd8fe81861d94ad54ab689df773318809eed3cbe794b4492dae4,nested,140-byte batch 1,140,1,44084890,43084000,4194400,1.0232311298858046,0.022965394867587353
0,ab,4,qwen-3,aeb13307a71acd8fe81861d94ad54ab689df773318809eed3cbe794b4492dae4,nested,140-byte batch 1,140,1,39380339,38542550,4194400,1.0217367299257574,0.021503855783838535
0,ab,5,qwen-3,aeb13307a71acd8fe81861d94ad54ab689df773318809eed3cbe794b4492dae4,nested,140-byte batch 1,140,1,37634569,35902780,4194400,1.0482355126817477,0.04710828649314326
0,ab,0,qwen-3,aeb13307a71acd8fe81861d94ad54ab689df773318809eed3cbe794b4492dae4,nested,140-byte batch 32,140,32,46465550,46327169,4197760,1.0029870376927197,0.0029825853596185553
0,ab,1,qwen-3,aeb13307a71acd8fe81861d94ad54ab689df773318809eed3cbe794b4492dae4,nested,140-byte batch 32,140,32,42148860,40998340,4197760,1.0280625996076915,0.027676059738986125
0,ab,2,qwen-3,aeb13307a71acd8fe81861d94ad54ab689df773318809eed3cbe794b4492dae4,nested,140-byte batch 32,140,32,40279640,39749459,4197760,1.0133380683244015,0.013249899427657816
0,ab,3,qwen-3,aeb13307a71acd8fe81861d94ad54ab689df773318809eed3cbe794b4492dae4,nested,140-byte batch 32,140,32,45655910,43803620,4197760,1.0422862311379744,0.041416599600067217
0,ab,4,qwen-3,aeb13307a71acd8fe81861d94ad54ab689df773318809eed3cbe794b4492dae4,nested,140-byte batch 32,140,32,39245480,38015130,4197760,1.032364745300095,0.03185203998411309
0,ab,5,qwen-3,aeb13307a71acd8fe81861d94ad54ab689df773318809eed3cbe794b4492dae4,nested,140-byte batch 32,140,32,37375210,36867739,4197760,1.0137646357971668,0.013670763627773896
0,ab,0,qwen-3,aeb13307a71acd8fe81861d94ad54ab689df773318809eed3cbe794b4492dae4,nested,140-byte batch 512,140,512,15284940,14528480,4229120,1.0520673876413775,0.05075716895730039
0,ab,1,qwen-3,aeb13307a71acd8fe81861d94ad54ab689df773318809eed3cbe794b4492dae4,nested,140-byte batch 512,140,512,14393550,13833680,4229120,1.0404715158945415,0.039673991075148816
0,ab,2,qwen-3,aeb13307a71acd8fe81861d94ad54ab689df773318809eed3cbe794b4492dae4,nested,140-byte batch 512,140,512,13976780,13428630,4229120,1.0408195028085516,0.04000838632706286
0,ab,3,qwen-3,aeb13307a71acd8fe81861d94ad54ab689df773318809eed3cbe794b4492dae4,nested,140-byte batch 512,140,512,12962310,12720250,4229120,1.0190295002063638,0.018850703974988486
0,ab,4,qwen-3,aeb13307a71acd8fe81861d94ad54ab689df773318809eed3cbe794b4492dae4,nested,140-byte batch 512,140,512,11753310,11397800,4229120,1.0311911070557476,0.030714548726433977
0,ab,5,qwen-3,aeb13307a71acd8fe81861d94ad54ab689df773318809eed3cbe794b4492dae4,nested,140-byte batch 512,140,512,12527870,12410280,4229120,1.009475209261999,0.009430601026917016
0,ab,0,qwen-3,aeb13307a71acd8fe81861d94ad54ab689df773318809eed3cbe794b4492dae4,nested,4 KiB single,4096,1,33486499,31907560,4194304,1.0494847929456217,0.04829937036473164
0,ab,1,qwen-3,aeb13307a71acd8fe81861d94ad54ab689df773318809eed3cbe794b4492dae4,nested,4 KiB single,4096,1,30768119,29998589,4194304,1.0256522065087794,0.025328709270930568
0,ab,2,qwen-3,aeb13307a71acd8fe81861d94ad54ab689df773318809eed3cbe794b4492dae4,nested,4 KiB single,4096,1,29106870,27383020,4194304,1.0629532462087818,0.0610511155221521
0,ab,3,qwen-3,aeb13307a71acd8fe81861d94ad54ab689df773318809eed3cbe794b4492dae4,nested,4 KiB single,4096,1,26022490,28804520,4194304,0.903416894292979,-0.10157115514727344
0,ab,4,qwen-3,aeb13307a71acd8fe81861d94ad54ab689df773318809eed3cbe794b4492dae4,nested,4 KiB single,4096,1,30356820,30641780,4194304,0.9907002791613281,-0.009343233221292444
0,ab,5,qwen-3,aeb13307a71acd8fe81861d94ad54ab689df773318809eed3cbe794b4492dae4,nested,4 KiB single,4096,1,29769660,30617400,4194304,0.9723118226890591,-0.028078720733037358
0,ab,0,qwen-3,aeb13307a71acd8fe81861d94ad54ab689df773318809eed3cbe794b4492dae4,nested,64 KiB single,65536,1,28504800,34690269,4194304,0.8216944065783981,-0.19638672120166956
0,ab,1,qwen-3,aeb13307a71acd8fe81861d94ad54ab689df773318809eed3cbe794b4492dae4,nested,64 KiB single,65536,1,29220160,28950070,4194304,1.009329511120353,0.009286260031051647
0,ab,2,qwen-3,aeb13307a71acd8fe81861d94ad54ab689df773318809eed3cbe794b4492dae4,nested,64 KiB single,65536,1,29713929,28110180,4194304,1.0570522493986165,0.05548413745316067
0,ab,3,qwen-3,aeb13307a71acd8fe81861d94ad54ab689df773318809eed3cbe794b4492dae4,nested,64 KiB single,65536,1,25592840,27138660,4194304,0.9430399290163921,-0.058646654703856695
0,ab,4,qwen-3,aeb13307a71acd8fe81861d94ad54ab689df773318809eed3cbe794b4492dae4,nested,64 KiB single,65536,1,25983899,27075329,4194304,0.9596891324940133,-0.041145867280111964
0,ab,5,qwen-3,aeb13307a71acd8fe81861d94ad54ab689df773318809eed3cbe794b4492dae4,nested,64 KiB single,65536,1,30679339,29661790,4194304,1.0343050436268344,0.03372974575716295
0,ba,0,deepseek-r1,ecb6f9fc369894346f0511f4074ca75cee5cd5f3b06d02f1ba35fcd39f8e121d,flat-ragged,140-byte batch 1,140,1,49936330,50141929,4194400,0.9958996591455427,-0.004108770302315714
0,ba,1,deepseek-r1,ecb6f9fc369894346f0511f4074ca75cee5cd5f3b06d02f1ba35fcd39f8e121d,flat-ragged,140-byte batch 1,140,1,45887960,51044899,4194400,0.8989724908653458,-0.10650284468354067
0,ba,2,deepseek-r1,ecb6f9fc369894346f0511f4074ca75cee5cd5f3b06d02f1ba35fcd39f8e121d,flat-ragged,140-byte batch 1,140,1,42885330,48473759,4194400,0.8847122831963579,-0.12249279056481155
0,ba,3,deepseek-r1,ecb6f9fc369894346f0511f4074ca75cee5cd5f3b06d02f1ba35fcd39f8e121d,flat-ragged,140-byte batch 1,140,1,35600800,40075710,4194400,0.8883385971203005,-0.11840230560410442
0,ba,4,deepseek-r1,ecb6f9fc369894346f0511f4074ca75cee5cd5f3b06d02f1ba35fcd39f8e121d,flat-ragged,140-byte batch 1,140,1,47131670,51089530,4194400,0.9225308982094765,-0.08063440963435359
0,ba,5,deepseek-r1,ecb6f9fc369894346f0511f4074ca75cee5cd5f3b06d02f1ba35fcd39f8e121d,flat-ragged,140-byte batch 1,140,1,42649919,45755679,4194400,0.9321229611738469,-0.07029054040892017
0,ba,0,deepseek-r1,ecb6f9fc369894346f0511f4074ca75cee5cd5f3b06d02f1ba35fcd39f8e121d,flat-ragged,140-byte batch 32,140,32,44606499,49627790,4197760,0.898820983162861,-0.10667139319039896
0,ba,1,deepseek-r1,ecb6f9fc369894346f0511f4074ca75cee5cd5f3b06d02f1ba35fcd39f8e121d,flat-ragged,140-byte batch 32,140,32,42667510,48112420,4197760,0.8868294299060409,-0.12010261515776154
0,ba,2,deepseek-r1,ecb6f9fc369894346f0511f4074ca75cee5cd5f3b06d02f1ba35fcd39f8e121d,flat-ragged,140-byte batch 32,140,32,40133220,44369540,4197760,0.9045218859605035,-0.10034877768938176
0,ba,3,deepseek-r1,ecb6f9fc369894346f0511f4074ca75cee5cd5f3b06d02f1ba35fcd39f8e121d,flat-ragged,140-byte batch 32,140,32,33104059,36283410,4197760,0.9123745259885992,-0.09170470874619367
0,ba,4,deepseek-r1,ecb6f9fc369894346f0511f4074ca75cee5cd5f3b06d02f1ba35fcd39f8e121d,flat-ragged,140-byte batch 32,140,32,45809730,50080580,4197760,0.9147204365444649,-0.08913679422277213
0,ba,5,deepseek-r1,ecb6f9fc369894346f0511f4074ca75cee5cd5f3b06d02f1ba35fcd39f8e121d,flat-ragged,140-byte batch 32,140,32,40601700,43841640,4197760,0.9260990236679102,-0.07677411304692924
0,ba,0,deepseek-r1,ecb6f9fc369894346f0511f4074ca75cee5cd5f3b06d02f1ba35fcd39f8e121d,flat-ragged,140-byte batch 512,140,512,14260910,14926100,4229120,0.9554344403427553,-0.04558913058853648
0,ba,1,deepseek-r1,ecb6f9fc369894346f0511f4074ca75cee5cd5f3b06d02f1ba35fcd39f8e121d,flat-ragged,140-byte batch 512,140,512,13811740,14017999,4229120,0.98528613106621,-0.014823191601540749
0,ba,2,deepseek-r1,ecb6f9fc369894346f0511f4074ca75cee5cd5f3b06d02f1ba35fcd39f8e121d,flat-ragged,140-byte batch 512,140,512,13416180,13496290,4229120,0.9940642947061749,-0.0059533916144125015
0,ba,3,deepseek-r1,ecb6f9fc369894346f0511f4074ca75cee5cd5f3b06d02f1ba35fcd39f8e121d,flat-ragged,140-byte batch 512,140,512,11371190,12007199,4229120,0.9470310269697371,-0.05442342290115578
0,ba,4,deepseek-r1,ecb6f9fc369894346f0511f4074ca75cee5cd5f3b06d02f1ba35fcd39f8e121d,flat-ragged,140-byte batch 512,140,512,10923000,11379070,4229120,0.959920274679741,-0.04090504517746867
0,ba,5,deepseek-r1,ecb6f9fc369894346f0511f4074ca75cee5cd5f3b06d02f1ba35fcd39f8e121d,flat-ragged,140-byte batch 512,140,512,10991960,11389839,4229120,0.9650671971746045,-0.03555754568968333
0,ba,0,deepseek-r1,ecb6f9fc369894346f0511f4074ca75cee5cd5f3b06d02f1ba35fcd39f8e121d,flat-ragged,4 KiB single,4096,1,33354590,34719930,4194304,0.9606756119611992,-0.0401184795853468
0,ba,1,deepseek-r1,ecb6f9fc369894346f0511f4074ca75cee5cd5f3b06d02f1ba35fcd39f8e121d,flat-ragged,4 KiB single,4096,1,36842540,38693519,4194304,0.9521630741313551,-0.04901896250385192
0,ba,2,deepseek-r1,ecb6f9fc369894346f0511f4074ca75cee5cd5f3b06d02f1ba35fcd39f8e121d,flat-ragged,4 KiB single,4096,1,33382800,35372779,4194304,0.9437426445911982,-0.057901772259925446
0,ba,3,deepseek-r1,ecb6f9fc369894346f0511f4074ca75cee5cd5f3b06d02f1ba35fcd39f8e121d,flat-ragged,4 KiB single,4096,1,31821820,34180660,4194304,0.9309890446819927,-0.07150776903317396
0,ba,4,deepseek-r1,ecb6f9fc369894346f0511f4074ca75cee5cd5f3b06d02f1ba35fcd39f8e121d,flat-ragged,4 KiB single,4096,1,31721030,33601610,4194304,0.9440330388930769,-0.057594114621669086
0,ba,5,deepseek-r1,ecb6f9fc369894346f0511f4074ca75cee5cd5f3b06d02f1ba35fcd39f8e121d,flat-ragged,4 KiB single,4096,1,36442820,38219010,4194304,0.9535260070839093,-0.04758857892410786
0,ba,0,deepseek-r1,ecb6f9fc369894346f0511f4074ca75cee5cd5f3b06d02f1ba35fcd39f8e121d,flat-ragged,64 KiB single,65536,1,32988130,32429820,4194304,1.0172159450777094,0.017069429902769613
0,ba,1,deepseek-r1,ecb6f9fc369894346f0511f4074ca75cee5cd5f3b06d02f1ba35fcd39f8e121d,flat-ragged,64 KiB single,65536,1,34337810,35233690,4194304,0.9745731996847335,-0.025755647735219704
0,ba,2,deepseek-r1,ecb6f9fc369894346f0511f4074ca75cee5cd5f3b06d02f1ba35fcd39f8e121d,flat-ragged,64 KiB single,65536,1,31783380,32567800,4194304,0.9759142465871198,-0.024380558532506154
0,ba,3,deepseek-r1,ecb6f9fc369894346f0511f4074ca75cee5cd5f3b06d02f1ba35fcd39f8e121d,flat-ragged,64 KiB single,65536,1,31357089,31220090,4194304,1.0043881680033593,0.004378568067986747
0,ba,4,deepseek-r1,ecb6f9fc369894346f0511f4074ca75cee5cd5f3b06d02f1ba35fcd39f8e121d,flat-ragged,64 KiB single,65536,1,30568060,30962100,4194304,0.9872734730525384,-0.012808202898950937
0,ba,5,deepseek-r1,ecb6f9fc369894346f0511f4074ca75cee5cd5f3b06d02f1ba35fcd39f8e121d,flat-ragged,64 KiB single,65536,1,33402200,33040700,4194304,1.0109410514910397,0.010881631207883062
0,ba,0,deepseek-r1,ecb6f9fc369894346f0511f4074ca75cee5cd5f3b06d02f1ba35fcd39f8e121d,nested,140-byte batch 1,140,1,54026990,55406880,4194400,0.9750953311213336,-0.025220037254943282
0,ba,1,deepseek-r1,ecb6f9fc369894346f0511f4074ca75cee5cd5f3b06d02f1ba35fcd39f8e121d,nested,140-byte batch 1,140,1,48420289,51871340,4194400,0.9334690216215736,-0.06884750174481553
0,ba,2,deepseek-r1,ecb6f9fc369894346f0511f4074ca75cee5cd5f3b06d02f1ba35fcd39f8e121d,nested,140-byte batch 1,140,1,42694159,47271930,4194400,0.9031609033098501,-0.10185455394159262
0,ba,3,deepseek-r1,ecb6f9fc369894346f0511f4074ca75cee5cd5f3b06d02f1ba35fcd39f8e121d,nested,140-byte batch 1,140,1,40035410,40782560,4194400,0.9816796689565344,-0.018490226535262524
0,ba,4,deepseek-r1,ecb6f9fc369894346f0511f4074ca75cee5cd5f3b06d02f1ba35fcd39f8e121d,nested,140-byte batch 1,140,1,47555859,50740589,4194400,0.9372350604759436,-0.06482116323607962
0,ba,5,deepseek-r1,ecb6f9fc369894346f0511f4074ca75cee5cd5f3b06d02f1ba35fcd39f8e121d,nested,140-byte batch 1,140,1,45852810,49809280,4194400,0.9205676131034217,-0.08276482842267671
0,ba,0,deepseek-r1,ecb6f9fc369894346f0511f4074ca75cee5cd5f3b06d02f1ba35fcd39f8e121d,nested,140-byte batch 32,140,32,52246329,58904440,4197760,0.8869675868236758,-0.11994683981637658
0,ba,1,deepseek-r1,ecb6f9fc369894346f0511f4074ca75cee5cd5f3b06d02f1ba35fcd39f8e121d,nested,140-byte batch 32,140,32,49032560,52936799,4197760,0.9262471650392008,-0.07661416306294722
0,ba,2,deepseek-r1,ecb6f9fc369894346f0511f4074ca75cee5cd5f3b06d02f1ba35fcd39f8e121d,nested,140-byte batch 32,140,32,45383259,48857700,4197760,0.928886521469492,-0.07376869890010239
0,ba,3,deepseek-r1,ecb6f9fc369894346f0511f4074ca75cee5cd5f3b06d02f1ba35fcd39f8e121d,nested,140-byte batch 32,140,32,37940190,42284779,4197760,0.8972540686567145,-0.1084162143793413
0,ba,4,deepseek-r1,ecb6f9fc369894346f0511f4074ca75cee5cd5f3b06d02f1ba35fcd39f8e121d,nested,140-byte batch 32,140,32,47700909,53627170,4197760,0.8894914462202649,-0.11710538831341824
0,ba,5,deepseek-r1,ecb6f9fc369894346f0511f4074ca75cee5cd5f3b06d02f1ba35fcd39f8e121d,nested,140-byte batch 32,140,32,44926649,48501809,4197760,0.9262881102022401,-0.07656995860045389
0,ba,0,deepseek-r1,ecb6f9fc369894346f0511f4074ca75cee5cd5f3b06d02f1ba35fcd39f8e121d,nested,140-byte batch 512,140,512,16593840,16742210,4229120,0.9911379680460345,-0.00890153330714535
0,ba,1,deepseek-r1,ecb6f9fc369894346f0511f4074ca75cee5cd5f3b06d02f1ba35fcd39f8e121d,nested,140-byte batch 512,140,512,15981240,16020490,4229120,0.9975500125152227,-0.002452993615106651
0,ba,2,deepseek-r1,ecb6f9fc369894346f0511f4074ca75cee5cd5f3b06d02f1ba35fcd39f8e121d,nested,140-byte batch 512,140,512,15738990,15871680,4229120,0.9916398264077905,-0.008395315844072293
0,ba,3,deepseek-r1,ecb6f9fc369894346f0511f4074ca75cee5cd5f3b06d02f1ba35fcd39f8e121d,nested,140-byte batch 512,140,512,14605080,14351890,4229120,1.0176415789139968,0.017487772550818934
0,ba,4,deepseek-r1,ecb6f9fc369894346f0511f4074ca75cee5cd5f3b06d02f1ba35fcd39f8e121d,nested,140-byte batch 512,140,512,13215680,13557880,4229120,0.9747600657329907,-0.025563924696225156
0,ba,5,deepseek-r1,ecb6f9fc369894346f0511f4074ca75cee5cd5f3b06d02f1ba35fcd39f8e121d,nested,140-byte batch 512,140,512,14006900,14291410,4229120,0.9800922372250184,-0.02010859212912705
0,ba,0,deepseek-r1,ecb6f9fc369894346f0511f4074ca75cee5cd5f3b06d02f1ba35fcd39f8e121d,nested,4 KiB single,4096,1,35961879,37813829,4194304,0.9510245312634169,-0.050215421539767185
0,ba,1,deepseek-r1,ecb6f9fc369894346f0511f4074ca75cee5cd5f3b06d02f1ba35fcd39f8e121d,nested,4 KiB single,4096,1,36625890,39311609,4194304,0.9316812751164675,-0.07076450227363495
0,ba,2,deepseek-r1,ecb6f9fc369894346f0511f4074ca75cee5cd5f3b06d02f1ba35fcd39f8e121d,nested,4 KiB single,4096,1,34390229,35698030,4194304,0.9633648971665943,-0.03732302185569873
0,ba,3,deepseek-r1,ecb6f9fc369894346f0511f4074ca75cee5cd5f3b06d02f1ba35fcd39f8e121d,nested,4 KiB single,4096,1,32570590,35727390,4194304,0.9116420203099079,-0.09250788755458317
0,ba,4,deepseek-r1,ecb6f9fc369894346f0511f4074ca75cee5cd5f3b06d02f1ba35fcd39f8e121d,nested,4 KiB single,4096,1,33597749,34740460,4194304,0.9671072000773737,-0.03344593126845178
0,ba,5,deepseek-r1,ecb6f9fc369894346f0511f4074ca75cee5cd5f3b06d02f1ba35fcd39f8e121d,nested,4 KiB single,4096,1,37985080,38605360,4194304,0.9839328010410989,-0.01619767588676228
0,ba,0,deepseek-r1,ecb6f9fc369894346f0511f4074ca75cee5cd5f3b06d02f1ba35fcd39f8e121d,nested,64 KiB single,65536,1,34138410,32426669,4194304,1.0527880615798064,0.05144194183978667
0,ba,1,deepseek-r1,ecb6f9fc369894346f0511f4074ca75cee5cd5f3b06d02f1ba35fcd39f8e121d,nested,64 KiB single,65536,1,34267210,35490900,4194304,0.965521020881409,-0.035087405334615206
0,ba,2,deepseek-r1,ecb6f9fc369894346f0511f4074ca75cee5cd5f3b06d02f1ba35fcd39f8e121d,nested,64 KiB single,65536,1,35050340,33607440,4194304,1.042933945578717,0.04203784283261089
0,ba,3,deepseek-r1,ecb6f9fc369894346f0511f4074ca75cee5cd5f3b06d02f1ba35fcd39f8e121d,nested,64 KiB single,65536,1,32234830,32699100,4194304,0.985801749895257,-0.014300009610733948
0,ba,4,deepseek-r1,ecb6f9fc369894346f0511f4074ca75cee5cd5f3b06d02f1ba35fcd39f8e121d,nested,64 KiB single,65536,1,30541000,30447319,4194304,1.003076822625992,0.003072098894165828
0,ba,5,deepseek-r1,ecb6f9fc369894346f0511f4074ca75cee5cd5f3b06d02f1ba35fcd39f8e121d,nested,64 KiB single,65536,1,33419480,32207640,4194304,1.0376258552318642,0.03693527201328841
0,ba,0,gemma-3,4667f2089529e8e7657cfb6d1c19910ae71ff5f28aa7ab2ff2763330affad795,flat-ragged,140-byte batch 1,140,1,226198199,227461488,4194400,0.9944461411419238,-0.005569338874674717
0,ba,1,gemma-3,4667f2089529e8e7657cfb6d1c19910ae71ff5f28aa7ab2ff2763330affad795,flat-ragged,140-byte batch 1,140,1,224867968,208020978,4194400,1.0809869762269841,0.07787449069086308
0,ba,2,gemma-3,4667f2089529e8e7657cfb6d1c19910ae71ff5f28aa7ab2ff2763330affad795,flat-ragged,140-byte batch 1,140,1,207190388,197070689,4194400,1.0513506044523953,0.0500756275618936
0,ba,3,gemma-3,4667f2089529e8e7657cfb6d1c19910ae71ff5f28aa7ab2ff2763330affad795,flat-ragged,140-byte batch 1,140,1,165614399,169643818,4194400,0.9762477699010523,-0.024038862183165623
0,ba,4,gemma-3,4667f2089529e8e7657cfb6d1c19910ae71ff5f28aa7ab2ff2763330affad795,flat-ragged,140-byte batch 1,140,1,164732108,166250009,4194400,0.9908697689153207,-0.009172167096660109
0,ba,5,gemma-3,4667f2089529e8e7657cfb6d1c19910ae71ff5f28aa7ab2ff2763330affad795,flat-ragged,140-byte batch 1,140,1,167521839,165289939,4194400,1.0135029392200332,0.013412586974812834
0,ba,0,gemma-3,4667f2089529e8e7657cfb6d1c19910ae71ff5f28aa7ab2ff2763330affad795,flat-ragged,140-byte batch 32,140,32,77582869,78204180,4197760,0.9920552712144031,-0.007976456299392773
0,ba,1,gemma-3,4667f2089529e8e7657cfb6d1c19910ae71ff5f28aa7ab2ff2763330affad795,flat-ragged,140-byte batch 32,140,32,69935800,71915850,4197760,0.9724671265096637,-0.027919007135768427
0,ba,2,gemma-3,4667f2089529e8e7657cfb6d1c19910ae71ff5f28aa7ab2ff2763330affad795,flat-ragged,140-byte batch 32,140,32,68112959,69407419,4197760,0.9813498323572585,-0.018826275078760345
0,ba,3,gemma-3,4667f2089529e8e7657cfb6d1c19910ae71ff5f28aa7ab2ff2763330affad795,flat-ragged,140-byte batch 32,140,32,58195140,58518289,4197760,0.9944778118854432,-0.005537491761089639
0,ba,4,gemma-3,4667f2089529e8e7657cfb6d1c19910ae71ff5f28aa7ab2ff2763330affad795,flat-ragged,140-byte batch 32,140,32,63499430,63783139,4197760,0.9955519749506213,-0.004457946945625726
0,ba,5,gemma-3,4667f2089529e8e7657cfb6d1c19910ae71ff5f28aa7ab2ff2763330affad795,flat-ragged,140-byte batch 32,140,32,64427730,66082780,4197760,0.9749548974785867,-0.02536406805059162
0,ba,0,gemma-3,4667f2089529e8e7657cfb6d1c19910ae71ff5f28aa7ab2ff2763330affad795,flat-ragged,140-byte batch 512,140,512,61353760,61844740,4229120,0.9920610871676395,-0.007970593787134456
0,ba,1,gemma-3,4667f2089529e8e7657cfb6d1c19910ae71ff5f28aa7ab2ff2763330affad795,flat-ragged,140-byte batch 512,140,512,56254859,56812820,4229120,0.9901789596080602,-0.00986958490906873
0,ba,2,gemma-3,4667f2089529e8e7657cfb6d1c19910ae71ff5f28aa7ab2ff2763330affad795,flat-ragged,140-byte batch 512,140,512,54579770,54304640,4229120,1.0050664178972553,0.005053626787314583
0,ba,3,gemma-3,4667f2089529e8e7657cfb6d1c19910ae71ff5f28aa7ab2ff2763330affad795,flat-ragged,140-byte batch 512,140,512,45259900,44642679,4229120,1.0138258055704945,0.0137311010332955
0,ba,4,gemma-3,4667f2089529e8e7657cfb6d1c19910ae71ff5f28aa7ab2ff2763330affad795,flat-ragged,140-byte batch 512,140,512,46917260,46546019,4229120,1.0079757841374146,0.007944145687404034
0,ba,5,gemma-3,4667f2089529e8e7657cfb6d1c19910ae71ff5f28aa7ab2ff2763330affad795,flat-ragged,140-byte batch 512,140,512,46612950,47724950,4229120,0.9766998184387831,-0.02357592242123546
0,ba,0,gemma-3,4667f2089529e8e7657cfb6d1c19910ae71ff5f28aa7ab2ff2763330affad795,flat-ragged,4 KiB single,4096,1,162079338,168907058,4194304,0.9595770592369207,-0.04126265489165106
0,ba,1,gemma-3,4667f2089529e8e7657cfb6d1c19910ae71ff5f28aa7ab2ff2763330affad795,flat-ragged,4 KiB single,4096,1,166194578,176350698,4194304,0.9424095276333978,-0.05931535616839279
0,ba,2,gemma-3,4667f2089529e8e7657cfb6d1c19910ae71ff5f28aa7ab2ff2763330affad795,flat-ragged,4 KiB single,4096,1,151634709,161064049,4194304,0.9414559607898595,-0.06032770756060968
0,ba,3,gemma-3,4667f2089529e8e7657cfb6d1c19910ae71ff5f28aa7ab2ff2763330affad795,flat-ragged,4 KiB single,4096,1,151744079,160801389,4194304,0.9436739318215716,-0.057974583710789736
0,ba,4,gemma-3,4667f2089529e8e7657cfb6d1c19910ae71ff5f28aa7ab2ff2763330affad795,flat-ragged,4 KiB single,4096,1,165370178,180741739,4194304,0.9149528986218286,-0.08888269194763196
0,ba,5,gemma-3,4667f2089529e8e7657cfb6d1c19910ae71ff5f28aa7ab2ff2763330affad795,flat-ragged,4 KiB single,4096,1,149958069,159701219,4194304,0.9389913861584237,-0.06294897323615926
0,ba,0,gemma-3,4667f2089529e8e7657cfb6d1c19910ae71ff5f28aa7ab2ff2763330affad795,flat-ragged,64 KiB single,65536,1,86766429,91842850,4194304,0.9447270963390182,-0.05685918013821118
0,ba,1,gemma-3,4667f2089529e8e7657cfb6d1c19910ae71ff5f28aa7ab2ff2763330affad795,flat-ragged,64 KiB single,65536,1,85482779,90246729,4194304,0.9472119371772466,-0.054232412337586335
0,ba,2,gemma-3,4667f2089529e8e7657cfb6d1c19910ae71ff5f28aa7ab2ff2763330affad795,flat-ragged,64 KiB single,65536,1,77472160,81114119,4194304,0.9551008006386656,-0.045938393664479334
0,ba,3,gemma-3,4667f2089529e8e7657cfb6d1c19910ae71ff5f28aa7ab2ff2763330affad795,flat-ragged,64 KiB single,65536,1,79955739,83613919,4194304,0.956249150335843,-0.04473678237946672
0,ba,4,gemma-3,4667f2089529e8e7657cfb6d1c19910ae71ff5f28aa7ab2ff2763330affad795,flat-ragged,64 KiB single,65536,1,82531339,87456759,4194304,0.9436816541532256,-0.057966400481607644
0,ba,5,gemma-3,4667f2089529e8e7657cfb6d1c19910ae71ff5f28aa7ab2ff2763330affad795,flat-ragged,64 KiB single,65536,1,90774749,94668499,4194304,0.958869634132469,-0.042000152721495404
0,ba,0,gemma-3,4667f2089529e8e7657cfb6d1c19910ae71ff5f28aa7ab2ff2763330affad795,nested,140-byte batch 1,140,1,238471299,224902959,4194400,1.0603297531536702,0.058579947626994804
0,ba,1,gemma-3,4667f2089529e8e7657cfb6d1c19910ae71ff5f28aa7ab2ff2763330affad795,nested,140-byte batch 1,140,1,212762769,207372129,4194400,1.0259950072654171,0.02566288052369402
0,ba,2,gemma-3,4667f2089529e8e7657cfb6d1c19910ae71ff5f28aa7ab2ff2763330affad795,nested,140-byte batch 1,140,1,210253189,205289299,4194400,1.0241799744272106,0.023892267450564046
0,ba,3,gemma-3,4667f2089529e8e7657cfb6d1c19910ae71ff5f28aa7ab2ff2763330affad795,nested,140-byte batch 1,140,1,170193219,170543839,4194400,0.9979441063244742,-0.002058009925949751
0,ba,4,gemma-3,4667f2089529e8e7657cfb6d1c19910ae71ff5f28aa7ab2ff2763330affad795,nested,140-byte batch 1,140,1,174755568,174241099,4194400,1.002952627152564,0.0029482767103982733
0,ba,5,gemma-3,4667f2089529e8e7657cfb6d1c19910ae71ff5f28aa7ab2ff2763330affad795,nested,140-byte batch 1,140,1,172530848,177256699,4194400,0.9733389427499155,-0.027022909305297646
0,ba,0,gemma-3,4667f2089529e8e7657cfb6d1c19910ae71ff5f28aa7ab2ff2763330affad795,nested,140-byte batch 32,140,32,50321760,53518100,4197760,0.9402755329505345,-0.06158232650926552
0,ba,1,gemma-3,4667f2089529e8e7657cfb6d1c19910ae71ff5f28aa7ab2ff2763330affad795,nested,140-byte batch 32,140,32,50074449,50670530,4197760,0.9882361404153459,-0.01183360127469807
0,ba,2,gemma-3,4667f2089529e8e7657cfb6d1c19910ae71ff5f28aa7ab2ff2763330affad795,nested,140-byte batch 32,140,32,49647289,50274720,4197760,0.9875199503846068,-0.012558579489815544
0,ba,3,gemma-3,4667f2089529e8e7657cfb6d1c19910ae71ff5f28aa7ab2ff2763330affad795,nested,140-byte batch 32,140,32,49208919,49760990,4197760,0.9889055462923869,-0.011156456174658241
0,ba,4,gemma-3,4667f2089529e8e7657cfb6d1c19910ae71ff5f28aa7ab2ff2763330affad795,nested,140-byte batch 32,140,32,49012630,49689080,4197760,0.9863863448467953,-0.013707170651591502
0,ba,5,gemma-3,4667f2089529e8e7657cfb6d1c19910ae71ff5f28aa7ab2ff2763330affad795,nested,140-byte batch 32,140,32,49412939,49732049,4197760,0.9935834133839931,-0.006437261396373172
0,ba,0,gemma-3,4667f2089529e8e7657cfb6d1c19910ae71ff5f28aa7ab2ff2763330affad795,nested,140-byte batch 512,140,512,38735230,39126900,4229120,0.9899897512964226,-0.010060688132921821
0,ba,1,gemma-3,4667f2089529e8e7657cfb6d1c19910ae71ff5f28aa7ab2ff2763330affad795,nested,140-byte batch 512,140,512,38188590,38292299,4229120,0.9972916486419371,-0.002712025577152557
0,ba,2,gemma-3,4667f2089529e8e7657cfb6d1c19910ae71ff5f28aa7ab2ff2763330affad795,nested,140-byte batch 512,140,512,37857730,38471870,4229120,0.984036648075594,-0.01609213864416122
0,ba,3,gemma-3,4667f2089529e8e7657cfb6d1c19910ae71ff5f28aa7ab2ff2763330affad795,nested,140-byte batch 512,140,512,37204419,38033280,4229120,0.9782069545408653,-0.02203402137356433
0,ba,4,gemma-3,4667f2089529e8e7657cfb6d1c19910ae71ff5f28aa7ab2ff2763330affad795,nested,140-byte batch 512,140,512,36840660,37821170,4229120,0.9740751013255274,-0.026266872228419492
0,ba,5,gemma-3,4667f2089529e8e7657cfb6d1c19910ae71ff5f28aa7ab2ff2763330affad795,nested,140-byte batch 512,140,512,37352390,37762370,4229120,0.9891431602412666,-0.010916205316084596
0,ba,0,gemma-3,4667f2089529e8e7657cfb6d1c19910ae71ff5f28aa7ab2ff2763330affad795,nested,4 KiB single,4096,1,139964009,141180669,4194304,0.9913822479478405,-0.008655099600117786
0,ba,1,gemma-3,4667f2089529e8e7657cfb6d1c19910ae71ff5f28aa7ab2ff2763330affad795,nested,4 KiB single,4096,1,137449389,146743479,4194304,0.9366643747079214,-0.06543025225649379
0,ba,2,gemma-3,4667f2089529e8e7657cfb6d1c19910ae71ff5f28aa7ab2ff2763330affad795,nested,4 KiB single,4096,1,139815939,141146609,4194304,0.9905724267169607,-0.009472294146793063
0,ba,3,gemma-3,4667f2089529e8e7657cfb6d1c19910ae71ff5f28aa7ab2ff2763330affad795,nested,4 KiB single,4096,1,145825529,148470069,4194304,0.9821880597361344,-0.01797248210316161
0,ba,4,gemma-3,4667f2089529e8e7657cfb6d1c19910ae71ff5f28aa7ab2ff2763330affad795,nested,4 KiB single,4096,1,145609689,146211759,4194304,0.9958822053430053,-0.004126296119624327
0,ba,5,gemma-3,4667f2089529e8e7657cfb6d1c19910ae71ff5f28aa7ab2ff2763330affad795,nested,4 KiB single,4096,1,137118309,144791409,4194304,0.9470058337508133,-0.054450025571302026
0,ba,0,gemma-3,4667f2089529e8e7657cfb6d1c19910ae71ff5f28aa7ab2ff2763330affad795,nested,64 KiB single,65536,1,74801600,78231019,4194304,0.9561629256037174,-0.044826956179631276
0,ba,1,gemma-3,4667f2089529e8e7657cfb6d1c19910ae71ff5f28aa7ab2ff2763330affad795,nested,64 KiB single,65536,1,73545399,76808350,4194304,0.9575182776351789,-0.043410469195502
0,ba,2,gemma-3,4667f2089529e8e7657cfb6d1c19910ae71ff5f28aa7ab2ff2763330affad795,nested,64 KiB single,65536,1,77222110,78782089,4194304,0.980198811432888,-0.01999985908354425
0,ba,3,gemma-3,4667f2089529e8e7657cfb6d1c19910ae71ff5f28aa7ab2ff2763330affad795,nested,64 KiB single,65536,1,95017509,96649809,4194304,0.9831111926977528,-0.017033049568023293
0,ba,4,gemma-3,4667f2089529e8e7657cfb6d1c19910ae71ff5f28aa7ab2ff2763330affad795,nested,64 KiB single,65536,1,99027130,102707549,4194304,0.9641660322358584,-0.036491766592112944
0,ba,5,gemma-3,4667f2089529e8e7657cfb6d1c19910ae71ff5f28aa7ab2ff2763330affad795,nested,64 KiB single,65536,1,80300390,84129229,4194304,0.9544885999133548,-0.046579579404312045
0,ba,0,glm-4-7,9340665016419c825c4bdabbcc9acc43b7ca2c68ce142724afa829abb1be5efd,flat-ragged,140-byte batch 1,140,1,59120429,58164230,4194400,1.0164396399642874,0.01630597206178728
0,ba,1,glm-4-7,9340665016419c825c4bdabbcc9acc43b7ca2c68ce142724afa829abb1be5efd,flat-ragged,140-byte batch 1,140,1,53719519,53346220,4194400,1.0069976654390882,0.006973295401154187
0,ba,2,glm-4-7,9340665016419c825c4bdabbcc9acc43b7ca2c68ce142724afa829abb1be5efd,flat-ragged,140-byte batch 1,140,1,50656999,50383829,4194400,1.005421779277633,0.005407134342920031
0,ba,3,glm-4-7,9340665016419c825c4bdabbcc9acc43b7ca2c68ce142724afa829abb1be5efd,flat-ragged,140-byte batch 1,140,1,58516629,57660929,4194400,1.0148402048811944,0.014731166485191538
0,ba,4,glm-4-7,9340665016419c825c4bdabbcc9acc43b7ca2c68ce142724afa829abb1be5efd,flat-ragged,140-byte batch 1,140,1,52244980,51628669,4194400,1.0119373792107638,0.011866690700502463
0,ba,5,glm-4-7,9340665016419c825c4bdabbcc9acc43b7ca2c68ce142724afa829abb1be5efd,flat-ragged,140-byte batch 1,140,1,48586879,48086100,4194400,1.010414215334577,0.01036036097197885
0,ba,0,glm-4-7,9340665016419c825c4bdabbcc9acc43b7ca2c68ce142724afa829abb1be5efd,flat-ragged,140-byte batch 32,140,32,55289029,54271249,4197760,1.0187535761338384,0.0185798958821985
0,ba,1,glm-4-7,9340665016419c825c4bdabbcc9acc43b7ca2c68ce142724afa829abb1be5efd,flat-ragged,140-byte batch 32,140,32,50481920,49470350,4197760,1.0204480057246412,0.020241752165407856
0,ba,2,glm-4-7,9340665016419c825c4bdabbcc9acc43b7ca2c68ce142724afa829abb1be5efd,flat-ragged,140-byte batch 32,140,32,49122199,47874769,4197760,1.0260561048346781,0.025722428328247983
0,ba,3,glm-4-7,9340665016419c825c4bdabbcc9acc43b7ca2c68ce142724afa829abb1be5efd,flat-ragged,140-byte batch 32,140,32,56220800,54873080,4197760,1.0245606771116182,0.024263913015856606
0,ba,4,glm-4-7,9340665016419c825c4bdabbcc9acc43b7ca2c68ce142724afa829abb1be5efd,flat-ragged,140-byte batch 32,140,32,49505210,48607860,4197760,1.0184610061006594,0.01829267033635586
0,ba,5,glm-4-7,9340665016419c825c4bdabbcc9acc43b7ca2c68ce142724afa829abb1be5efd,flat-ragged,140-byte batch 32,140,32,48125339,45206570,4197760,1.064565150596473,0.06256640648136266
0,ba,0,glm-4-7,9340665016419c825c4bdabbcc9acc43b7ca2c68ce142724afa829abb1be5efd,flat-ragged,140-byte batch 512,140,512,17691180,16791200,4229120,1.0535983134022584,0.05221127065052995
0,ba,1,glm-4-7,9340665016419c825c4bdabbcc9acc43b7ca2c68ce142724afa829abb1be5efd,flat-ragged,140-byte batch 512,140,512,16836469,16024270,4229120,1.050685553850503,0.0494428595465048
0,ba,2,glm-4-7,9340665016419c825c4bdabbcc9acc43b7ca2c68ce142724afa829abb1be5efd,flat-ragged,140-byte batch 512,140,512,16512980,15774490,4229120,1.0468154596440202,0.04575266004399478
0,ba,3,glm-4-7,9340665016419c825c4bdabbcc9acc43b7ca2c68ce142724afa829abb1be5efd,flat-ragged,140-byte batch 512,140,512,13457100,13304430,4229120,1.0114751252026581,0.011409785333812142
0,ba,4,glm-4-7,9340665016419c825c4bdabbcc9acc43b7ca2c68ce142724afa829abb1be5efd,flat-ragged,140-byte batch 512,140,512,13366650,13146970,4229120,1.0167095536081698,0.016571484938384215
0,ba,5,glm-4-7,9340665016419c825c4bdabbcc9acc43b7ca2c68ce142724afa829abb1be5efd,flat-ragged,140-byte batch 512,140,512,13266030,12657460,4229120,1.0480799465295565,0.046959867845755766
0,ba,0,glm-4-7,9340665016419c825c4bdabbcc9acc43b7ca2c68ce142724afa829abb1be5efd,flat-ragged,4 KiB single,4096,1,45177409,43707449,4194304,1.0336317958067056,0.03307861576994378
0,ba,1,glm-4-7,9340665016419c825c4bdabbcc9acc43b7ca2c68ce142724afa829abb1be5efd,flat-ragged,4 KiB single,4096,1,41515570,40854310,4194304,1.0161858075684058,0.016056213900479975
0,ba,2,glm-4-7,9340665016419c825c4bdabbcc9acc43b7ca2c68ce142724afa829abb1be5efd,flat-ragged,4 KiB single,4096,1,39341430,37820859,4194304,1.0402045601343957,0.039417386248778996
0,ba,3,glm-4-7,9340665016419c825c4bdabbcc9acc43b7ca2c68ce142724afa829abb1be5efd,flat-ragged,4 KiB single,4096,1,37282990,35761270,4194304,1.042552180054008,0.04167172624781945
0,ba,4,glm-4-7,9340665016419c825c4bdabbcc9acc43b7ca2c68ce142724afa829abb1be5efd,flat-ragged,4 KiB single,4096,1,42244319,41208479,4194304,1.025136574441391,0.024825847071718376
0,ba,5,glm-4-7,9340665016419c825c4bdabbcc9acc43b7ca2c68ce142724afa829abb1be5efd,flat-ragged,4 KiB single,4096,1,43345210,41308460,4194304,1.0493058806840052,0.048128879553715746
0,ba,0,glm-4-7,9340665016419c825c4bdabbcc9acc43b7ca2c68ce142724afa829abb1be5efd,flat-ragged,64 KiB single,65536,1,17428750,17160860,4194304,1.0156105230157464,0.015489932172953367
0,ba,1,glm-4-7,9340665016419c825c4bdabbcc9acc43b7ca2c68ce142724afa829abb1be5efd,flat-ragged,64 KiB single,65536,1,17076920,17005010,4194304,1.0042287537613914,0.004219837709225747
0,ba,2,glm-4-7,9340665016419c825c4bdabbcc9acc43b7ca2c68ce142724afa829abb1be5efd,flat-ragged,64 KiB single,65536,1,16705650,16582750,4194304,1.0074113159759388,0.007383987119152943
0,ba,3,glm-4-7,9340665016419c825c4bdabbcc9acc43b7ca2c68ce142724afa829abb1be5efd,flat-ragged,64 KiB single,65536,1,16782510,16927260,4194304,0.9914487046338273,-0.008588067475240805
0,ba,4,glm-4-7,9340665016419c825c4bdabbcc9acc43b7ca2c68ce142724afa829abb1be5efd,flat-ragged,64 KiB single,65536,1,16495550,16400680,4194304,1.0057845162517651,0.005767850176866654
0,ba,5,glm-4-7,9340665016419c825c4bdabbcc9acc43b7ca2c68ce142724afa829abb1be5efd,flat-ragged,64 KiB single,65536,1,16363500,16252710,4194304,1.0068167093364737,0.006793580621710641
0,ba,0,glm-4-7,9340665016419c825c4bdabbcc9acc43b7ca2c68ce142724afa829abb1be5efd,nested,140-byte batch 1,140,1,64707210,65464729,4194400,0.988428593357501,-0.011638876352990313
0,ba,1,glm-4-7,9340665016419c825c4bdabbcc9acc43b7ca2c68ce142724afa829abb1be5efd,nested,140-byte batch 1,140,1,53694459,57742960,4194400,0.9298875395372873,-0.0726916253756037
0,ba,2,glm-4-7,9340665016419c825c4bdabbcc9acc43b7ca2c68ce142724afa829abb1be5efd,nested,140-byte batch 1,140,1,50984640,54757160,4194400,0.9311045350051025,-0.07138372551085298
0,ba,3,glm-4-7,9340665016419c825c4bdabbcc9acc43b7ca2c68ce142724afa829abb1be5efd,nested,140-byte batch 1,140,1,57570170,61775090,4194400,0.9319317867444629,-0.07049565716342296
0,ba,4,glm-4-7,9340665016419c825c4bdabbcc9acc43b7ca2c68ce142724afa829abb1be5efd,nested,140-byte batch 1,140,1,52988230,57329290,4194400,0.9242784970823814,-0.07874184898463289
0,ba,5,glm-4-7,9340665016419c825c4bdabbcc9acc43b7ca2c68ce142724afa829abb1be5efd,nested,140-byte batch 1,140,1,49099610,52199400,4194400,0.9406163672379376,-0.06121990877425413
0,ba,0,glm-4-7,9340665016419c825c4bdabbcc9acc43b7ca2c68ce142724afa829abb1be5efd,nested,140-byte batch 32,140,32,65958559,63766809,4197760,1.0343713294482086,0.03379383100728683
0,ba,1,glm-4-7,9340665016419c825c4bdabbcc9acc43b7ca2c68ce142724afa829abb1be5efd,nested,140-byte batch 32,140,32,57878350,57299740,4197760,1.010097951578838,0.010047307911966823
0,ba,2,glm-4-7,9340665016419c825c4bdabbcc9acc43b7ca2c68ce142724afa829abb1be5efd,nested,140-byte batch 32,140,32,55304310,55288010,4197760,1.0002948197990849,0.000294776348267787
0,ba,3,glm-4-7,9340665016419c825c4bdabbcc9acc43b7ca2c68ce142724afa829abb1be5efd,nested,140-byte batch 32,140,32,62159939,62329080,4197760,0.9972863228528321,-0.0027173658437965025
0,ba,4,glm-4-7,9340665016419c825c4bdabbcc9acc43b7ca2c68ce142724afa829abb1be5efd,nested,140-byte batch 32,140,32,54993260,54508250,4197760,1.0088979191223346,0.008858565908843092
0,ba,5,glm-4-7,9340665016419c825c4bdabbcc9acc43b7ca2c68ce142724afa829abb1be5efd,nested,140-byte batch 32,140,32,53705900,51244300,4197760,1.048036562115201,0.04691847280480003
0,ba,0,glm-4-7,9340665016419c825c4bdabbcc9acc43b7ca2c68ce142724afa829abb1be5efd,nested,140-byte batch 512,140,512,20404930,19640010,4229120,1.0389470270127155,0.03820772622899273
0,ba,1,glm-4-7,9340665016419c825c4bdabbcc9acc43b7ca2c68ce142724afa829abb1be5efd,nested,140-byte batch 512,140,512,18939379,18315240,4229120,1.0340775769250088,0.033509799311585174
0,ba,2,glm-4-7,9340665016419c825c4bdabbcc9acc43b7ca2c68ce142724afa829abb1be5efd,nested,140-byte batch 512,140,512,18248170,18074140,4229120,1.0096286738954108,0.009582613644977412
0,ba,3,glm-4-7,9340665016419c825c4bdabbcc9acc43b7ca2c68ce142724afa829abb1be5efd,nested,140-byte batch 512,140,512,16389320,15543410,4229120,1.0544224208201418,0.05299314859555034
0,ba,4,glm-4-7,9340665016419c825c4bdabbcc9acc43b7ca2c68ce142724afa829abb1be5efd,nested,140-byte batch 512,140,512,15523470,15480420,4229120,1.0027809323002865,0.0027770726619965216
0,ba,5,glm-4-7,9340665016419c825c4bdabbcc9acc43b7ca2c68ce142724afa829abb1be5efd,nested,140-byte batch 512,140,512,15594280,15589580,4229120,1.0003014834267505,0.0003014379897543173
0,ba,0,glm-4-7,9340665016419c825c4bdabbcc9acc43b7ca2c68ce142724afa829abb1be5efd,nested,4 KiB single,4096,1,49234179,48344920,4194304,1.01839405257057,0.01822692827009686
0,ba,1,glm-4-7,9340665016419c825c4bdabbcc9acc43b7ca2c68ce142724afa829abb1be5efd,nested,4 KiB single,4096,1,46306500,41304850,4194304,1.1210911067344391,0.11430241352123877
0,ba,2,glm-4-7,9340665016419c825c4bdabbcc9acc43b7ca2c68ce142724afa829abb1be5efd,nested,4 KiB single,4096,1,43851879,38687020,4194304,1.1335036660874889,0.12531342526766123
0,ba,3,glm-4-7,9340665016419c825c4bdabbcc9acc43b7ca2c68ce142724afa829abb1be5efd,nested,4 KiB single,4096,1,40937480,37740600,4194304,1.084706655432081,0.08130958678051226
0,ba,4,glm-4-7,9340665016419c825c4bdabbcc9acc43b7ca2c68ce142724afa829abb1be5efd,nested,4 KiB single,4096,1,46530269,43006789,4194304,1.081928460178694,0.07874506010409572
0,ba,5,glm-4-7,9340665016419c825c4bdabbcc9acc43b7ca2c68ce142724afa829abb1be5efd,nested,4 KiB single,4096,1,45561969,44337400,4194304,1.0276193236409894,0.02724479070990198
0,ba,0,glm-4-7,9340665016419c825c4bdabbcc9acc43b7ca2c68ce142724afa829abb1be5efd,nested,64 KiB single,65536,1,41916859,43563290,4194304,0.9622059995927764,-0.03852671444961275
0,ba,1,glm-4-7,9340665016419c825c4bdabbcc9acc43b7ca2c68ce142724afa829abb1be5efd,nested,64 KiB single,65536,1,40041239,39057610,4194304,1.0251840550407463,0.024872162363757173
0,ba,2,glm-4-7,9340665016419c825c4bdabbcc9acc43b7ca2c68ce142724afa829abb1be5efd,nested,64 KiB single,65536,1,39992029,41111390,4194304,0.9727724847055768,-0.027605052806789418
0,ba,3,glm-4-7,9340665016419c825c4bdabbcc9acc43b7ca2c68ce142724afa829abb1be5efd,nested,64 KiB single,65536,1,36794030,37540720,4194304,0.9801098647015827,-0.020090606762671766
0,ba,4,glm-4-7,9340665016419c825c4bdabbcc9acc43b7ca2c68ce142724afa829abb1be5efd,nested,64 KiB single,65536,1,36662109,37348159,4194304,0.9816309553571302,-0.018539850470274028
0,ba,5,glm-4-7,9340665016419c825c4bdabbcc9acc43b7ca2c68ce142724afa829abb1be5efd,nested,64 KiB single,65536,1,40266710,40933180,4194304,0.9837180986182847,-0.01641590811861139
0,ba,0,gpt-2,8414cab924d8b9b33013f0d221c5862f365ee9be39c5c2bfae8a5a9e970478a6,flat-ragged,140-byte batch 1,140,1,31274080,31678819,4194400,0.987223671438004,-0.012858647757464819
0,ba,1,gpt-2,8414cab924d8b9b33013f0d221c5862f365ee9be39c5c2bfae8a5a9e970478a6,flat-ragged,140-byte batch 1,140,1,30036440,30354539,4194400,0.9895205458399483,-0.010534750294599219
0,ba,2,gpt-2,8414cab924d8b9b33013f0d221c5862f365ee9be39c5c2bfae8a5a9e970478a6,flat-ragged,140-byte batch 1,140,1,34972899,37787429,4194400,0.9255167637893544,-0.07740303390804122
0,ba,3,gpt-2,8414cab924d8b9b33013f0d221c5862f365ee9be39c5c2bfae8a5a9e970478a6,flat-ragged,140-byte batch 1,140,1,32557130,35210789,4194400,0.9246350600095897,-0.0783561490364001
0,ba,4,gpt-2,8414cab924d8b9b33013f0d221c5862f365ee9be39c5c2bfae8a5a9e970478a6,flat-ragged,140-byte batch 1,140,1,30300090,30217710,4194400,1.0027262158515653,0.002722506465326281
0,ba,5,gpt-2,8414cab924d8b9b33013f0d221c5862f365ee9be39c5c2bfae8a5a9e970478a6,flat-ragged,140-byte batch 1,140,1,23393470,23828700,4194400,0.9817350505902546,-0.018433812948073284
0,ba,0,gpt-2,8414cab924d8b9b33013f0d221c5862f365ee9be39c5c2bfae8a5a9e970478a6,flat-ragged,140-byte batch 32,140,32,27414740,27400790,4197760,1.0005091094088894,0.0005089798566632377
0,ba,1,gpt-2,8414cab924d8b9b33013f0d221c5862f365ee9be39c5c2bfae8a5a9e970478a6,flat-ragged,140-byte batch 32,140,32,25218419,25686850,4197760,0.9817637818572538,-0.01840454757085333
0,ba,2,gpt-2,8414cab924d8b9b33013f0d221c5862f365ee9be39c5c2bfae8a5a9e970478a6,flat-ragged,140-byte batch 32,140,32,32549800,33578470,4197760,0.96936519144559,-0.031113863533896217
0,ba,3,gpt-2,8414cab924d8b9b33013f0d221c5862f365ee9be39c5c2bfae8a5a9e970478a6,flat-ragged,140-byte batch 32,140,32,27718139,30185610,4197760,0.9182567123871275,-0.08527828433126437
0,ba,4,gpt-2,8414cab924d8b9b33013f0d221c5862f365ee9be39c5c2bfae8a5a9e970478a6,flat-ragged,140-byte batch 32,140,32,26192760,27307350,4197760,0.9591835165257705,-0.041672860022650464
0,ba,5,gpt-2,8414cab924d8b9b33013f0d221c5862f365ee9be39c5c2bfae8a5a9e970478a6,flat-ragged,140-byte batch 32,140,32,18536740,20376099,4197760,0.9097295807210203,-0.09460788767605947
0,ba,0,gpt-2,8414cab924d8b9b33013f0d221c5862f365ee9be39c5c2bfae8a5a9e970478a6,flat-ragged,140-byte batch 512,140,512,10778680,11448580,4229120,0.941486193047522,-0.06029559583842691
0,ba,1,gpt-2,8414cab924d8b9b33013f0d221c5862f365ee9be39c5c2bfae8a5a9e970478a6,flat-ragged,140-byte batch 512,140,512,10317680,10875860,4229120,0.9486771620818951,-0.05268672572865875
0,ba,2,gpt-2,8414cab924d8b9b33013f0d221c5862f365ee9be39c5c2bfae8a5a9e970478a6,flat-ragged,140-byte batch 512,140,512,10190280,9969900,4229120,1.0221045346492943,0.021863770943476742
0,ba,3,gpt-2,8414cab924d8b9b33013f0d221c5862f365ee9be39c5c2bfae8a5a9e970478a6,flat-ragged,140-byte batch 512,140,512,8529140,8681250,4229120,0.9824783297336213,-0.017676991732730594
0,ba,4,gpt-2,8414cab924d8b9b33013f0d221c5862f365ee9be39c5c2bfae8a5a9e970478a6,flat-ragged,140-byte batch 512,140,512,8374030,8479370,4229120,0.9875769072466468,-0.01250090448331071
0,ba,5,gpt-2,8414cab924d8b9b33013f0d221c5862f365ee9be39c5c2bfae8a5a9e970478a6,flat-ragged,140-byte batch 512,140,512,8507490,8371930,4229120,1.016192204187087,0.01606250861400689
0,ba,0,gpt-2,8414cab924d8b9b33013f0d221c5862f365ee9be39c5c2bfae8a5a9e970478a6,flat-ragged,4 KiB single,4096,1,21421400,20703930,4194304,1.034653807272339,0.034066885037295574
0,ba,1,gpt-2,8414cab924d8b9b33013f0d221c5862f365ee9be39c5c2bfae8a5a9e970478a6,flat-ragged,4 KiB single,4096,1,20384640,20217279,4194304,1.0082781169513464,0.008244041267057403
0,ba,2,gpt-2,8414cab924d8b9b33013f0d221c5862f365ee9be39c5c2bfae8a5a9e970478a6,flat-ragged,4 KiB single,4096,1,19883200,19548420,4194304,1.0171256807455538,0.016980689318524478
0,ba,3,gpt-2,8414cab924d8b9b33013f0d221c5862f365ee9be39c5c2bfae8a5a9e970478a6,flat-ragged,4 KiB single,4096,1,23620870,23847000,4194304,0.9905174655092884,-0.009527779975984358
0,ba,4,gpt-2,8414cab924d8b9b33013f0d221c5862f365ee9be39c5c2bfae8a5a9e970478a6,flat-ragged,4 KiB single,4096,1,24106519,24108490,4194304,0.9999182445686147,-8.175877354277446e-05
0,ba,5,gpt-2,8414cab924d8b9b33013f0d221c5862f365ee9be39c5c2bfae8a5a9e970478a6,flat-ragged,4 KiB single,4096,1,22226980,22217910,4194304,1.0004082292168794,0.00040814591400302496
0,ba,0,gpt-2,8414cab924d8b9b33013f0d221c5862f365ee9be39c5c2bfae8a5a9e970478a6,flat-ragged,64 KiB single,65536,1,20711770,21703760,4194304,0.9542940946637818,-0.04678337971201475
0,ba,1,gpt-2,8414cab924d8b9b33013f0d221c5862f365ee9be39c5c2bfae8a5a9e970478a6,flat-ragged,64 KiB single,65536,1,18821750,18778190,4194304,1.0023197123897458,0.0023170260105761834
0,ba,2,gpt-2,8414cab924d8b9b33013f0d221c5862f365ee9be39c5c2bfae8a5a9e970478a6,flat-ragged,64 KiB single,65536,1,17659560,17575630,4194304,1.00477536224875,0.004763996376189729
0,ba,3,gpt-2,8414cab924d8b9b33013f0d221c5862f365ee9be39c5c2bfae8a5a9e970478a6,flat-ragged,64 KiB single,65536,1,20669890,20320770,4194304,1.0171804513313225,0.017034536264093153
0,ba,4,gpt-2,8414cab924d8b9b33013f0d221c5862f365ee9be39c5c2bfae8a5a9e970478a6,flat-ragged,64 KiB single,65536,1,22844480,22672590,4194304,1.0075814011544335,0.007552806765450111
0,ba,5,gpt-2,8414cab924d8b9b33013f0d221c5862f365ee9be39c5c2bfae8a5a9e970478a6,flat-ragged,64 KiB single,65536,1,21536190,20837480,4194304,1.033531405908968,0.032981487591836466
0,ba,0,gpt-2,8414cab924d8b9b33013f0d221c5862f365ee9be39c5c2bfae8a5a9e970478a6,nested,140-byte batch 1,140,1,33562110,33520000,4194400,1.0012562649164678,0.0012554764759553107
0,ba,1,gpt-2,8414cab924d8b9b33013f0d221c5862f365ee9be39c5c2bfae8a5a9e970478a6,nested,140-byte batch 1,140,1,32559890,29861850,4194400,1.0903507317865437,0.08649941676468711
0,ba,2,gpt-2,8414cab924d8b9b33013f0d221c5862f365ee9be39c5c2bfae8a5a9e970478a6,nested,140-byte batch 1,140,1,38975840,38305240,4194400,1.0175067432027576,0.01735526553895041
0,ba,3,gpt-2,8414cab924d8b9b33013f0d221c5862f365ee9be39c5c2bfae8a5a9e970478a6,nested,140-byte batch 1,140,1,33875080,32960350,4194400,1.0277524358812937,0.027374316903763244
0,ba,4,gpt-2,8414cab924d8b9b33013f0d221c5862f365ee9be39c5c2bfae8a5a9e970478a6,nested,140-byte batch 1,140,1,31178379,30367409,4194400,1.0267052747239647,0.02635491286092863
0,ba,5,gpt-2,8414cab924d8b9b33013f0d221c5862f365ee9be39c5c2bfae8a5a9e970478a6,nested,140-byte batch 1,140,1,23330550,24947430,4194400,0.9351885144080974,-0.06700715032816308
0,ba,0,gpt-2,8414cab924d8b9b33013f0d221c5862f365ee9be39c5c2bfae8a5a9e970478a6,nested,140-byte batch 32,140,32,34025620,34706020,4197760,0.9803953319913952,-0.019799388670200996
0,ba,1,gpt-2,8414cab924d8b9b33013f0d221c5862f365ee9be39c5c2bfae8a5a9e970478a6,nested,140-byte batch 32,140,32,31179500,31686090,4197760,0.9840122274474383,-0.016116955739367177
0,ba,2,gpt-2,8414cab924d8b9b33013f0d221c5862f365ee9be39c5c2bfae8a5a9e970478a6,nested,140-byte batch 32,140,32,37918829,39177510,4197760,0.9678723584015421,-0.03265506155543826
0,ba,3,gpt-2,8414cab924d8b9b33013f0d221c5862f365ee9be39c5c2bfae8a5a9e970478a6,nested,140-byte batch 32,140,32,34934780,34865420,4197760,1.0019893636732327,0.001987387509758326
0,ba,4,gpt-2,8414cab924d8b9b33013f0d221c5862f365ee9be39c5c2bfae8a5a9e970478a6,nested,140-byte batch 32,140,32,31522629,30523959,4197760,1.0327175776903645,0.03219375265074601
0,ba,5,gpt-2,8414cab924d8b9b33013f0d221c5862f365ee9be39c5c2bfae8a5a9e970478a6,nested,140-byte batch 32,140,32,24736320,25999480,4197760,0.951415951395951,-0.04980392888953709
0,ba,0,gpt-2,8414cab924d8b9b33013f0d221c5862f365ee9be39c5c2bfae8a5a9e970478a6,nested,140-byte batch 512,140,512,13255880,13043119,4229120,1.0163121259569892,0.016180512564367797
0,ba,1,gpt-2,8414cab924d8b9b33013f0d221c5862f365ee9be39c5c2bfae8a5a9e970478a6,nested,140-byte batch 512,140,512,12577739,12290070,4229120,1.023406620141301,0.023136886139967353
0,ba,2,gpt-2,8414cab924d8b9b33013f0d221c5862f365ee9be39c5c2bfae8a5a9e970478a6,nested,140-byte batch 512,140,512,11882450,12468290,4229120,0.9530136049129432,-0.04812609955056552
0,ba,3,gpt-2,8414cab924d8b9b33013f0d221c5862f365ee9be39c5c2bfae8a5a9e970478a6,nested,140-byte batch 512,140,512,10563360,10700980,4229120,0.9871394956349793,-0.01294391657171298
0,ba,4,gpt-2,8414cab924d8b9b33013f0d221c5862f365ee9be39c5c2bfae8a5a9e970478a6,nested,140-byte batch 512,140,512,10107390,10703980,4229120,0.944264656697789,-0.05734879545783749
0,ba,5,gpt-2,8414cab924d8b9b33013f0d221c5862f365ee9be39c5c2bfae8a5a9e970478a6,nested,140-byte batch 512,140,512,10397350,10319030,4229120,1.007589860674889,0.007561202598217041
0,ba,0,gpt-2,8414cab924d8b9b33013f0d221c5862f365ee9be39c5c2bfae8a5a9e970478a6,nested,4 KiB single,4096,1,21438150,21941830,4194304,0.9770447588008839,-0.023222815500603827
0,ba,1,gpt-2,8414cab924d8b9b33013f0d221c5862f365ee9be39c5c2bfae8a5a9e970478a6,nested,4 KiB single,4096,1,23059370,21759020,4194304,1.0597614230787968,0.058043810224171544
0,ba,2,gpt-2,8414cab924d8b9b33013f0d221c5862f365ee9be39c5c2bfae8a5a9e970478a6,nested,4 KiB single,4096,1,22071250,20491580,4194304,1.077088735958867,0.0742617865711972
0,ba,3,gpt-2,8414cab924d8b9b33013f0d221c5862f365ee9be39c5c2bfae8a5a9e970478a6,nested,4 KiB single,4096,1,25456790,24474780,4194304,1.0401233432946078,0.039339305442675984
0,ba,4,gpt-2,8414cab924d8b9b33013f0d221c5862f365ee9be39c5c2bfae8a5a9e970478a6,nested,4 KiB single,4096,1,25240590,25834599,4194304,0.9770072297232095,-0.02326122704533183
0,ba,5,gpt-2,8414cab924d8b9b33013f0d221c5862f365ee9be39c5c2bfae8a5a9e970478a6,nested,4 KiB single,4096,1,23018330,23631569,4194304,0.9740500091212734,-0.02629263259064766
0,ba,0,gpt-2,8414cab924d8b9b33013f0d221c5862f365ee9be39c5c2bfae8a5a9e970478a6,nested,64 KiB single,65536,1,22826270,23917290,4194304,0.9543836279110217,-0.04668956267182337
0,ba,1,gpt-2,8414cab924d8b9b33013f0d221c5862f365ee9be39c5c2bfae8a5a9e970478a6,nested,64 KiB single,65536,1,20778020,20546920,4194304,1.011247427838333,0.01118464584056368
0,ba,2,gpt-2,8414cab924d8b9b33013f0d221c5862f365ee9be39c5c2bfae8a5a9e970478a6,nested,64 KiB single,65536,1,19297890,19481570,4194304,0.9905716017754216,-0.00947312693989363
0,ba,3,gpt-2,8414cab924d8b9b33013f0d221c5862f365ee9be39c5c2bfae8a5a9e970478a6,nested,64 KiB single,65536,1,21817440,23389369,4194304,0.9327930137833133,-0.0695719529258411
0,ba,4,gpt-2,8414cab924d8b9b33013f0d221c5862f365ee9be39c5c2bfae8a5a9e970478a6,nested,64 KiB single,65536,1,22822580,22852010,4194304,0.9987121482968019,-0.0012886816968852184
0,ba,5,gpt-2,8414cab924d8b9b33013f0d221c5862f365ee9be39c5c2bfae8a5a9e970478a6,nested,64 KiB single,65536,1,22259509,23183370,4194304,0.9601498401656015,-0.04066592319418332
0,ba,0,gpt-oss,0614fe83cadab421296e664e1f48f4261fa8fef6e03e63bb75c20f38e37d07d3,flat-ragged,140-byte batch 1,140,1,55307739,58546710,4194400,0.9446771475288706,-0.056912052688192355
0,ba,1,gpt-oss,0614fe83cadab421296e664e1f48f4261fa8fef6e03e63bb75c20f38e37d07d3,flat-ragged,140-byte batch 1,140,1,50048320,56335580,4194400,0.888396285260576,-0.11833736835221854
0,ba,2,gpt-oss,0614fe83cadab421296e664e1f48f4261fa8fef6e03e63bb75c20f38e37d07d3,flat-ragged,140-byte batch 1,140,1,49640570,55450690,4194400,0.895220059479873,-0.11068571441613315
0,ba,3,gpt-oss,0614fe83cadab421296e664e1f48f4261fa8fef6e03e63bb75c20f38e37d07d3,flat-ragged,140-byte batch 1,140,1,53832440,58378310,4194400,0.9221308393476961,-0.081068157307336
0,ba,4,gpt-oss,0614fe83cadab421296e664e1f48f4261fa8fef6e03e63bb75c20f38e37d07d3,flat-ragged,140-byte batch 1,140,1,47319510,51131580,4194400,0.9254458790438316,-0.07747962621078917
0,ba,5,gpt-oss,0614fe83cadab421296e664e1f48f4261fa8fef6e03e63bb75c20f38e37d07d3,flat-ragged,140-byte batch 1,140,1,41111899,45294720,4194400,0.9076532319881876,-0.09689287642111327
0,ba,0,gpt-oss,0614fe83cadab421296e664e1f48f4261fa8fef6e03e63bb75c20f38e37d07d3,flat-ragged,140-byte batch 32,140,32,57036369,53837070,4197760,1.0594255779521433,0.05772685364667105
0,ba,1,gpt-oss,0614fe83cadab421296e664e1f48f4261fa8fef6e03e63bb75c20f38e37d07d3,flat-ragged,140-byte batch 32,140,32,49526550,48092509,4197760,1.0298183860609145,0.02938246248189845
0,ba,2,gpt-oss,0614fe83cadab421296e664e1f48f4261fa8fef6e03e63bb75c20f38e37d07d3,flat-ragged,140-byte batch 32,140,32,46362270,48958939,4197760,0.946962310600726,-0.05449598532012328
0,ba,3,gpt-oss,0614fe83cadab421296e664e1f48f4261fa8fef6e03e63bb75c20f38e37d07d3,flat-ragged,140-byte batch 32,140,32,49604789,50374580,4197760,0.9847186616742015,-0.015399301273755757
0,ba,4,gpt-oss,0614fe83cadab421296e664e1f48f4261fa8fef6e03e63bb75c20f38e37d07d3,flat-ragged,140-byte batch 32,140,32,44438589,44905939,4197760,0.9895926906238393,-0.010461844123700367
0,ba,5,gpt-oss,0614fe83cadab421296e664e1f48f4261fa8fef6e03e63bb75c20f38e37d07d3,flat-ragged,140-byte batch 32,140,32,38162240,39181320,4197760,0.9739906669811023,-0.026353557540436903
0,ba,0,gpt-oss,0614fe83cadab421296e664e1f48f4261fa8fef6e03e63bb75c20f38e37d07d3,flat-ragged,140-byte batch 512,140,512,16240700,15937090,4229120,1.019050529299891,0.018871340155338118
0,ba,1,gpt-oss,0614fe83cadab421296e664e1f48f4261fa8fef6e03e63bb75c20f38e37d07d3,flat-ragged,140-byte batch 512,140,512,15178090,15504700,4229120,0.9789347746167292,-0.02129026316886011
0,ba,2,gpt-oss,0614fe83cadab421296e664e1f48f4261fa8fef6e03e63bb75c20f38e37d07d3,flat-ragged,140-byte batch 512,140,512,14611500,14930410,4229120,0.9786402382787881,-0.02159118276399532
0,ba,3,gpt-oss,0614fe83cadab421296e664e1f48f4261fa8fef6e03e63bb75c20f38e37d07d3,flat-ragged,140-byte batch 512,140,512,12379280,12114219,4229120,1.0218801558730282,0.021644220593410184
0,ba,4,gpt-oss,0614fe83cadab421296e664e1f48f4261fa8fef6e03e63bb75c20f38e37d07d3,flat-ragged,140-byte batch 512,140,512,11525510,11707320,4229120,0.9844703997157334,-0.0156514476670617
0,ba,5,gpt-oss,0614fe83cadab421296e664e1f48f4261fa8fef6e03e63bb75c20f38e37d07d3,flat-ragged,140-byte batch 512,140,512,11426770,11177740,4229120,1.0222791011420913,0.022034547592404183
0,ba,0,gpt-oss,0614fe83cadab421296e664e1f48f4261fa8fef6e03e63bb75c20f38e37d07d3,flat-ragged,4 KiB single,4096,1,38635310,39856050,4194304,0.969371274875458,-0.031107587869334503
0,ba,1,gpt-oss,0614fe83cadab421296e664e1f48f4261fa8fef6e03e63bb75c20f38e37d07d3,flat-ragged,4 KiB single,4096,1,37656049,38530619,4194304,0.9773019478353047,-0.02295961856115383
0,ba,2,gpt-oss,0614fe83cadab421296e664e1f48f4261fa8fef6e03e63bb75c20f38e37d07d3,flat-ragged,4 KiB single,4096,1,34086650,34232450,4194304,0.9957408832847197,-0.0042682125889902415
0,ba,3,gpt-oss,0614fe83cadab421296e664e1f48f4261fa8fef6e03e63bb75c20f38e37d07d3,flat-ragged,4 KiB single,4096,1,33394580,33870059,4194304,0.9859616719297714,-0.014137797417227529
0,ba,4,gpt-oss,0614fe83cadab421296e664e1f48f4261fa8fef6e03e63bb75c20f38e37d07d3,flat-ragged,4 KiB single,4096,1,42377610,43543190,4194304,0.9732316350731308,-0.027133162360713076
0,ba,5,gpt-oss,0614fe83cadab421296e664e1f48f4261fa8fef6e03e63bb75c20f38e37d07d3,flat-ragged,4 KiB single,4096,1,37715210,38811189,4194304,0.9717612619391794,-0.028645119978983065
0,ba,0,gpt-oss,0614fe83cadab421296e664e1f48f4261fa8fef6e03e63bb75c20f38e37d07d3,flat-ragged,64 KiB single,65536,1,18781090,19470320,4194304,0.9646009926904129,-0.03604074222648794
0,ba,1,gpt-oss,0614fe83cadab421296e664e1f48f4261fa8fef6e03e63bb75c20f38e37d07d3,flat-ragged,64 KiB single,65536,1,18344730,18659659,4194304,0.9831224675649217,-0.017021581076361408
0,ba,2,gpt-oss,0614fe83cadab421296e664e1f48f4261fa8fef6e03e63bb75c20f38e37d07d3,flat-ragged,64 KiB single,65536,1,17818850,18292560,4194304,0.9741036793100583,-0.0262375340744298
0,ba,3,gpt-oss,0614fe83cadab421296e664e1f48f4261fa8fef6e03e63bb75c20f38e37d07d3,flat-ragged,64 KiB single,65536,1,18351700,18421300,4194304,0.9962217650220125,-0.003785390537037139
0,ba,4,gpt-oss,0614fe83cadab421296e664e1f48f4261fa8fef6e03e63bb75c20f38e37d07d3,flat-ragged,64 KiB single,65536,1,17575090,17810399,4194304,0.9867881118216386,-0.013299941600923664
0,ba,5,gpt-oss,0614fe83cadab421296e664e1f48f4261fa8fef6e03e63bb75c20f38e37d07d3,flat-ragged,64 KiB single,65536,1,17483250,17623340,4194304,0.9920508825228362,-0.007980880146935976
0,ba,0,gpt-oss,0614fe83cadab421296e664e1f48f4261fa8fef6e03e63bb75c20f38e37d07d3,nested,140-byte batch 1,140,1,62787710,61627490,4194400,1.0188263387004728,0.01865131645926205
0,ba,1,gpt-oss,0614fe83cadab421296e664e1f48f4261fa8fef6e03e63bb75c20f38e37d07d3,nested,140-byte batch 1,140,1,50664990,56416730,4194400,0.8980490361635636,-0.10753060619800137
0,ba,2,gpt-oss,0614fe83cadab421296e664e1f48f4261fa8fef6e03e63bb75c20f38e37d07d3,nested,140-byte batch 1,140,1,53030200,53556660,4194400,0.9901700367423958,-0.009878596316331749
0,ba,3,gpt-oss,0614fe83cadab421296e664e1f48f4261fa8fef6e03e63bb75c20f38e37d07d3,nested,140-byte batch 1,140,1,54777889,55795410,4194400,0.9817633565198284,-0.01840498080899614
0,ba,4,gpt-oss,0614fe83cadab421296e664e1f48f4261fa8fef6e03e63bb75c20f38e37d07d3,nested,140-byte batch 1,140,1,47766529,49065680,4194400,0.9735222053378247,-0.026834644632564787
0,ba,5,gpt-oss,0614fe83cadab421296e664e1f48f4261fa8fef6e03e63bb75c20f38e37d07d3,nested,140-byte batch 1,140,1,41007389,46227790,4194400,0.8870722351209088,-0.11982886242256624
0,ba,0,gpt-oss,0614fe83cadab421296e664e1f48f4261fa8fef6e03e63bb75c20f38e37d07d3,nested,140-byte batch 32,140,32,60764889,61459979,4197760,0.9886903638545012,-0.01137407640499034
0,ba,1,gpt-oss,0614fe83cadab421296e664e1f48f4261fa8fef6e03e63bb75c20f38e37d07d3,nested,140-byte batch 32,140,32,50632790,52799169,4197760,0.9589694489320466,-0.04189606181986638
0,ba,2,gpt-oss,0614fe83cadab421296e664e1f48f4261fa8fef6e03e63bb75c20f38e37d07d3,nested,140-byte batch 32,140,32,53860419,54496429,4197760,0.9883293270463648,-0.011739309805356979
0,ba,3,gpt-oss,0614fe83cadab421296e664e1f48f4261fa8fef6e03e63bb75c20f38e37d07d3,nested,140-byte batch 32,140,32,54222730,56324010,4197760,0.9626929971782904,-0.038020716372080855
0,ba,4,gpt-oss,0614fe83cadab421296e664e1f48f4261fa8fef6e03e63bb75c20f38e37d07d3,nested,140-byte batch 32,140,32,47351550,53204650,4197760,0.8899889389367283,-0.11654624449416125
0,ba,5,gpt-oss,0614fe83cadab421296e664e1f48f4261fa8fef6e03e63bb75c20f38e37d07d3,nested,140-byte batch 32,140,32,41828899,46297120,4197760,0.9034881435389501,-0.10149229184841016
0,ba,0,gpt-oss,0614fe83cadab421296e664e1f48f4261fa8fef6e03e63bb75c20f38e37d07d3,nested,140-byte batch 512,140,512,18946610,19264340,4229120,0.9835068317938741,-0.016630694767516434
0,ba,1,gpt-oss,0614fe83cadab421296e664e1f48f4261fa8fef6e03e63bb75c20f38e37d07d3,nested,140-byte batch 512,140,512,17369439,17615619,4229120,0.9860249021053419,-0.01407366901349016
0,ba,2,gpt-oss,0614fe83cadab421296e664e1f48f4261fa8fef6e03e63bb75c20f38e37d07d3,nested,140-byte batch 512,140,512,16574370,17138000,4229120,0.9671122651417902,-0.03344069394713686
0,ba,3,gpt-oss,0614fe83cadab421296e664e1f48f4261fa8fef6e03e63bb75c20f38e37d07d3,nested,140-byte batch 512,140,512,14447020,14885100,4229120,0.9705692269450659,-0.029872547701086338
0,ba,4,gpt-oss,0614fe83cadab421296e664e1f48f4261fa8fef6e03e63bb75c20f38e37d07d3,nested,140-byte batch 512,140,512,14318530,14082360,4229120,1.016770626514306,0.016631552311306225
0,ba,5,gpt-oss,0614fe83cadab421296e664e1f48f4261fa8fef6e03e63bb75c20f38e37d07d3,nested,140-byte batch 512,140,512,13497590,14483990,4229120,0.9318972189293143,-0.07053275049660673
0,ba,0,gpt-oss,0614fe83cadab421296e664e1f48f4261fa8fef6e03e63bb75c20f38e37d07d3,nested,4 KiB single,4096,1,40558709,46156370,4194304,0.8787239767772033,-0.12928445020506213
0,ba,1,gpt-oss,0614fe83cadab421296e664e1f48f4261fa8fef6e03e63bb75c20f38e37d07d3,nested,4 KiB single,4096,1,39492149,41217770,4194304,0.9581340523759534,-0.04276758138925855
0,ba,2,gpt-oss,0614fe83cadab421296e664e1f48f4261fa8fef6e03e63bb75c20f38e37d07d3,nested,4 KiB single,4096,1,34833039,37925250,4194304,0.9184656396464097,-0.08505078423038955
0,ba,3,gpt-oss,0614fe83cadab421296e664e1f48f4261fa8fef6e03e63bb75c20f38e37d07d3,nested,4 KiB single,4096,1,34543430,37854750,4194304,0.9125256407716337,-0.09153909444451043
0,ba,4,gpt-oss,0614fe83cadab421296e664e1f48f4261fa8fef6e03e63bb75c20f38e37d07d3,nested,4 KiB single,4096,1,43475949,45313980,4194304,0.9594378820840721,-0.04140770551121198
0,ba,5,gpt-oss,0614fe83cadab421296e664e1f48f4261fa8fef6e03e63bb75c20f38e37d07d3,nested,4 KiB single,4096,1,38014340,42026800,4194304,0.9045261594982249,-0.10034405306337517
0,ba,0,gpt-oss,0614fe83cadab421296e664e1f48f4261fa8fef6e03e63bb75c20f38e37d07d3,nested,64 KiB single,65536,1,40947960,44428550,4194304,0.9216587081955184,-0.08158028860033087
0,ba,1,gpt-oss,0614fe83cadab421296e664e1f48f4261fa8fef6e03e63bb75c20f38e37d07d3,nested,64 KiB single,65536,1,35059280,40162690,4194304,0.8729315690756769,-0.13589811215338748
0,ba,2,gpt-oss,0614fe83cadab421296e664e1f48f4261fa8fef6e03e63bb75c20f38e37d07d3,nested,64 KiB single,65536,1,33635260,37538539,4194304,0.8960194215336936,-0.10979319042326925
0,ba,3,gpt-oss,0614fe83cadab421296e664e1f48f4261fa8fef6e03e63bb75c20f38e37d07d3,nested,64 KiB single,65536,1,31546490,33488539,4194304,0.9420085480587851,-0.05974093007456254
0,ba,4,gpt-oss,0614fe83cadab421296e664e1f48f4261fa8fef6e03e63bb75c20f38e37d07d3,nested,64 KiB single,65536,1,35360839,35911490,4194304,0.9846664396269829,-0.015452335134117959
0,ba,5,gpt-oss,0614fe83cadab421296e664e1f48f4261fa8fef6e03e63bb75c20f38e37d07d3,nested,64 KiB single,65536,1,35218990,36349509,4194304,0.9688986445456526,-0.03159527055422491
0,ba,0,llama-3,e134af98b985517b4f068e3755ae90d4e9cd2d45d328325dc503f1c6b2d06cc7,flat-ragged,140-byte batch 1,140,1,51260659,50476739,4194400,1.0155303217983238,0.015410960576602446
0,ba,1,llama-3,e134af98b985517b4f068e3755ae90d4e9cd2d45d328325dc503f1c6b2d06cc7,flat-ragged,140-byte batch 1,140,1,47999589,47814370,4194400,1.003873709932809,0.0038662264381864667
0,ba,2,llama-3,e134af98b985517b4f068e3755ae90d4e9cd2d45d328325dc503f1c6b2d06cc7,flat-ragged,140-byte batch 1,140,1,46504600,42911370,4194400,1.0837360820686919,0.08041440664832059
0,ba,3,llama-3,e134af98b985517b4f068e3755ae90d4e9cd2d45d328325dc503f1c6b2d06cc7,flat-ragged,140-byte batch 1,140,1,33548409,32585799,4194400,1.029540782473985,0.02911286056606715
0,ba,4,llama-3,e134af98b985517b4f068e3755ae90d4e9cd2d45d328325dc503f1c6b2d06cc7,flat-ragged,140-byte batch 1,140,1,49023449,48933690,4194400,1.001834298619213,0.0018326183479332172
0,ba,5,llama-3,e134af98b985517b4f068e3755ae90d4e9cd2d45d328325dc503f1c6b2d06cc7,flat-ragged,140-byte batch 1,140,1,42922200,42290100,4194400,1.0149467605893578,0.014836158496741485
0,ba,0,llama-3,e134af98b985517b4f068e3755ae90d4e9cd2d45d328325dc503f1c6b2d06cc7,flat-ragged,140-byte batch 32,140,32,46700840,50438220,4197760,0.925901826035891,-0.07698706935609723
0,ba,1,llama-3,e134af98b985517b4f068e3755ae90d4e9cd2d45d328325dc503f1c6b2d06cc7,flat-ragged,140-byte batch 32,140,32,43850439,45762219,4197760,0.9582236167350189,-0.04267410785811731
0,ba,2,llama-3,e134af98b985517b4f068e3755ae90d4e9cd2d45d328325dc503f1c6b2d06cc7,flat-ragged,140-byte batch 32,140,32,40551639,41001090,4197760,0.9890380719146735,-0.0110224527366785
0,ba,3,llama-3,e134af98b985517b4f068e3755ae90d4e9cd2d45d328325dc503f1c6b2d06cc7,flat-ragged,140-byte batch 32,140,32,31111050,32192489,4197760,0.9664071019795953,-0.03417010292586264
0,ba,4,llama-3,e134af98b985517b4f068e3755ae90d4e9cd2d45d328325dc503f1c6b2d06cc7,flat-ragged,140-byte batch 32,140,32,44357869,46908500,4197760,0.9456253983819564,-0.05590877315002831
0,ba,5,llama-3,e134af98b985517b4f068e3755ae90d4e9cd2d45d328325dc503f1c6b2d06cc7,flat-ragged,140-byte batch 32,140,32,39832820,41783179,4197760,0.953321909757034,-0.0478026466804844
0,ba,0,llama-3,e134af98b985517b4f068e3755ae90d4e9cd2d45d328325dc503f1c6b2d06cc7,flat-ragged,140-byte batch 512,140,512,14376690,15205070,4229120,0.9455194879076518,-0.056020779876940756
0,ba,1,llama-3,e134af98b985517b4f068e3755ae90d4e9cd2d45d328325dc503f1c6b2d06cc7,flat-ragged,140-byte batch 512,140,512,13644530,14152690,4229120,0.9640944583679851,-0.0365660033129864
0,ba,2,llama-3,e134af98b985517b4f068e3755ae90d4e9cd2d45d328325dc503f1c6b2d06cc7,flat-ragged,140-byte batch 512,140,512,12929500,13245860,4229120,0.9761163110587006,-0.024173528502662564
0,ba,3,llama-3,e134af98b985517b4f068e3755ae90d4e9cd2d45d328325dc503f1c6b2d06cc7,flat-ragged,140-byte batch 512,140,512,10623949,11356500,4229120,0.9354950028617972,-0.06667947495858535
0,ba,4,llama-3,e134af98b985517b4f068e3755ae90d4e9cd2d45d328325dc503f1c6b2d06cc7,flat-ragged,140-byte batch 512,140,512,10427690,10923190,4229120,0.9546377935383344,-0.04642328422574753
0,ba,5,llama-3,e134af98b985517b4f068e3755ae90d4e9cd2d45d328325dc503f1c6b2d06cc7,flat-ragged,140-byte batch 512,140,512,10292020,11042060,4229120,0.9320742687505773,-0.07034277997080665
0,ba,0,llama-3,e134af98b985517b4f068e3755ae90d4e9cd2d45d328325dc503f1c6b2d06cc7,flat-ragged,4 KiB single,4096,1,38240039,35027859,4194304,1.0917035780005853,0.0877393917564289
0,ba,1,llama-3,e134af98b985517b4f068e3755ae90d4e9cd2d45d328325dc503f1c6b2d06cc7,flat-ragged,4 KiB single,4096,1,39588210,38006840,4194304,1.0416075106480833,0.04076520312981463
0,ba,2,llama-3,e134af98b985517b4f068e3755ae90d4e9cd2d45d328325dc503f1c6b2d06cc7,flat-ragged,4 KiB single,4096,1,34560610,34344479,4194304,1.0062930347553096,0.00627331629482718
0,ba,3,llama-3,e134af98b985517b4f068e3755ae90d4e9cd2d45d328325dc503f1c6b2d06cc7,flat-ragged,4 KiB single,4096,1,32223779,31607310,4194304,1.0195040008150014,0.019316235315993417
0,ba,4,llama-3,e134af98b985517b4f068e3755ae90d4e9cd2d45d328325dc503f1c6b2d06cc7,flat-ragged,4 KiB single,4096,1,33368910,32436010,4194304,1.0287612440617697,0.02835540277859314
0,ba,5,llama-3,e134af98b985517b4f068e3755ae90d4e9cd2d45d328325dc503f1c6b2d06cc7,flat-ragged,4 KiB single,4096,1,38901109,38693960,4194304,1.005353522875405,0.005339243711698129
0,ba,0,llama-3,e134af98b985517b4f068e3755ae90d4e9cd2d45d328325dc503f1c6b2d06cc7,flat-ragged,64 KiB single,65536,1,17312550,16764570,4194304,1.0326867912508344,0.03216394111360067
0,ba,1,llama-3,e134af98b985517b4f068e3755ae90d4e9cd2d45d328325dc503f1c6b2d06cc7,flat-ragged,64 KiB single,65536,1,17047030,16488530,4194304,1.0338720310421852,0.033311007346144034
0,ba,2,llama-3,e134af98b985517b4f068e3755ae90d4e9cd2d45d328325dc503f1c6b2d06cc7,flat-ragged,64 KiB single,65536,1,16274570,15952020,4194304,1.0202200097542506,0.02001829987467771
0,ba,3,llama-3,e134af98b985517b4f068e3755ae90d4e9cd2d45d328325dc503f1c6b2d06cc7,flat-ragged,64 KiB single,65536,1,16979890,16535960,4194304,1.0268463397347356,0.026492299240700738
0,ba,4,llama-3,e134af98b985517b4f068e3755ae90d4e9cd2d45d328325dc503f1c6b2d06cc7,flat-ragged,64 KiB single,65536,1,16328460,16047790,4194304,1.0174896356445342,0.017338452183996465
0,ba,5,llama-3,e134af98b985517b4f068e3755ae90d4e9cd2d45d328325dc503f1c6b2d06cc7,flat-ragged,64 KiB single,65536,1,16043020,15607220,4194304,1.0279229741107,0.027540236317858173
0,ba,0,llama-3,e134af98b985517b4f068e3755ae90d4e9cd2d45d328325dc503f1c6b2d06cc7,nested,140-byte batch 1,140,1,55598179,55066449,4194400,1.0096561519701406,0.009609829295171506
0,ba,1,llama-3,e134af98b985517b4f068e3755ae90d4e9cd2d45d328325dc503f1c6b2d06cc7,nested,140-byte batch 1,140,1,50634289,48454459,4194400,1.0449871909621362,0.04400462788914991
0,ba,2,llama-3,e134af98b985517b4f068e3755ae90d4e9cd2d45d328325dc503f1c6b2d06cc7,nested,140-byte batch 1,140,1,45183020,44135300,4194400,1.0237388213063012,0.023461436766601174
0,ba,3,llama-3,e134af98b985517b4f068e3755ae90d4e9cd2d45d328325dc503f1c6b2d06cc7,nested,140-byte batch 1,140,1,36044960,36148860,4194400,0.9971257738141673,-0.002878364705847031
0,ba,4,llama-3,e134af98b985517b4f068e3755ae90d4e9cd2d45d328325dc503f1c6b2d06cc7,nested,140-byte batch 1,140,1,49898030,51158480,4194400,0.9753618559425534,-0.024946742537534067
0,ba,5,llama-3,e134af98b985517b4f068e3755ae90d4e9cd2d45d328325dc503f1c6b2d06cc7,nested,140-byte batch 1,140,1,43975890,46836289,4194400,0.9389277190598939,-0.06301677924375274
0,ba,0,llama-3,e134af98b985517b4f068e3755ae90d4e9cd2d45d328325dc503f1c6b2d06cc7,nested,140-byte batch 32,140,32,54564889,52419890,4197760,1.0409195631658137,0.040104517834584234
0,ba,1,llama-3,e134af98b985517b4f068e3755ae90d4e9cd2d45d328325dc503f1c6b2d06cc7,nested,140-byte batch 32,140,32,49812800,52216629,4197760,0.9539643012956658,-0.04712902825950471
0,ba,2,llama-3,e134af98b985517b4f068e3755ae90d4e9cd2d45d328325dc503f1c6b2d06cc7,nested,140-byte batch 32,140,32,47388849,47601170,4197760,0.9955395844261811,-0.004470392907120617
0,ba,3,llama-3,e134af98b985517b4f068e3755ae90d4e9cd2d45d328325dc503f1c6b2d06cc7,nested,140-byte batch 32,140,32,37341159,39757129,4197760,0.9392317790351512,-0.06269299419970076
0,ba,4,llama-3,e134af98b985517b4f068e3755ae90d4e9cd2d45d328325dc503f1c6b2d06cc7,nested,140-byte batch 32,140,32,51139350,51828020,4197760,0.9867123999720614,-0.013376670083294871
0,ba,5,llama-3,e134af98b985517b4f068e3755ae90d4e9cd2d45d328325dc503f1c6b2d06cc7,nested,140-byte batch 32,140,32,47158410,48945060,4197760,0.9634968268503502,-0.037186084490326204
0,ba,0,llama-3,e134af98b985517b4f068e3755ae90d4e9cd2d45d328325dc503f1c6b2d06cc7,nested,140-byte batch 512,140,512,16961339,17845510,4229120,0.9504541478500754,-0.05081535824872392
0,ba,1,llama-3,e134af98b985517b4f068e3755ae90d4e9cd2d45d328325dc503f1c6b2d06cc7,nested,140-byte batch 512,140,512,16598060,16468760,4229120,1.007851228629235,0.007820568111005496
0,ba,2,llama-3,e134af98b985517b4f068e3755ae90d4e9cd2d45d328325dc503f1c6b2d06cc7,nested,140-byte batch 512,140,512,15150570,15889830,4229120,0.9534759025112289,-0.04764112692884747
0,ba,3,llama-3,e134af98b985517b4f068e3755ae90d4e9cd2d45d328325dc503f1c6b2d06cc7,nested,140-byte batch 512,140,512,13316299,14323320,4229120,0.9296936045553684,-0.07290020458521557
0,ba,4,llama-3,e134af98b985517b4f068e3755ae90d4e9cd2d45d328325dc503f1c6b2d06cc7,nested,140-byte batch 512,140,512,12167230,12531979,4229120,0.9708945410776701,-0.029537425160035585
0,ba,5,llama-3,e134af98b985517b4f068e3755ae90d4e9cd2d45d328325dc503f1c6b2d06cc7,nested,140-byte batch 512,140,512,13283580,13155550,4229120,1.0097320142449384,0.00968496321553681
0,ba,0,llama-3,e134af98b985517b4f068e3755ae90d4e9cd2d45d328325dc503f1c6b2d06cc7,nested,4 KiB single,4096,1,38338420,36693299,4194304,1.0448343715292538,0.04385837671067841
0,ba,1,llama-3,e134af98b985517b4f068e3755ae90d4e9cd2d45d328325dc503f1c6b2d06cc7,nested,4 KiB single,4096,1,39300659,37970100,4194304,1.0350422832702575,0.03444227928406989
0,ba,2,llama-3,e134af98b985517b4f068e3755ae90d4e9cd2d45d328325dc503f1c6b2d06cc7,nested,4 KiB single,4096,1,35270780,34340010,4194304,1.0271045349142298,0.02674371244054015
0,ba,3,llama-3,e134af98b985517b4f068e3755ae90d4e9cd2d45d328325dc503f1c6b2d06cc7,nested,4 KiB single,4096,1,33884470,32425199,4194304,1.0450042264968058,0.044020929903146384
0,ba,4,llama-3,e134af98b985517b4f068e3755ae90d4e9cd2d45d328325dc503f1c6b2d06cc7,nested,4 KiB single,4096,1,31710819,32976620,4194304,0.961615198889395,-0.039140909492707376
0,ba,5,llama-3,e134af98b985517b4f068e3755ae90d4e9cd2d45d328325dc503f1c6b2d06cc7,nested,4 KiB single,4096,1,40424610,38890940,4194304,1.039435148649017,0.03867743930774414
0,ba,0,llama-3,e134af98b985517b4f068e3755ae90d4e9cd2d45d328325dc503f1c6b2d06cc7,nested,64 KiB single,65536,1,35685970,33755490,4194304,1.0571901044837446,0.05561454358665839
0,ba,1,llama-3,e134af98b985517b4f068e3755ae90d4e9cd2d45d328325dc503f1c6b2d06cc7,nested,64 KiB single,65536,1,34261179,35413639,4194304,0.9674571709504353,-0.03308412280953411
0,ba,2,llama-3,e134af98b985517b4f068e3755ae90d4e9cd2d45d328325dc503f1c6b2d06cc7,nested,64 KiB single,65536,1,34730790,34107850,4194304,1.0182638307603675,0.018099050327074963
0,ba,3,llama-3,e134af98b985517b4f068e3755ae90d4e9cd2d45d328325dc503f1c6b2d06cc7,nested,64 KiB single,65536,1,31893900,30331410,4194304,1.0515139256631987,0.05023095968984844
0,ba,4,llama-3,e134af98b985517b4f068e3755ae90d4e9cd2d45d328325dc503f1c6b2d06cc7,nested,64 KiB single,65536,1,28552490,28276360,4194304,1.0097654012043984,0.0097180278376627
0,ba,5,llama-3,e134af98b985517b4f068e3755ae90d4e9cd2d45d328325dc503f1c6b2d06cc7,nested,64 KiB single,65536,1,30739210,30843700,4194304,0.9966122741435042,-0.003393477192709134
0,ba,0,minimax-m2-1,757622126525aeeb131756849d93298070ff3f0319c455ec8c5bb0f6b1cebbe8,flat-ragged,140-byte batch 1,140,1,56787420,53219469,4194400,1.0670422134426032,0.06489053427611632
0,ba,1,minimax-m2-1,757622126525aeeb131756849d93298070ff3f0319c455ec8c5bb0f6b1cebbe8,flat-ragged,140-byte batch 1,140,1,51813610,49443330,4194400,1.0479393277111393,0.046825690817561105
0,ba,2,minimax-m2-1,757622126525aeeb131756849d93298070ff3f0319c455ec8c5bb0f6b1cebbe8,flat-ragged,140-byte batch 1,140,1,50831190,49892349,4194400,1.0188173340966569,0.018642478207573403
0,ba,3,minimax-m2-1,757622126525aeeb131756849d93298070ff3f0319c455ec8c5bb0f6b1cebbe8,flat-ragged,140-byte batch 1,140,1,54523560,55077820,4194400,0.9899367839903612,-0.010114192447481024
0,ba,4,minimax-m2-1,757622126525aeeb131756849d93298070ff3f0319c455ec8c5bb0f6b1cebbe8,flat-ragged,140-byte batch 1,140,1,46730619,49370319,4194400,0.9465326525437278,-0.054949810730526266
0,ba,5,minimax-m2-1,757622126525aeeb131756849d93298070ff3f0319c455ec8c5bb0f6b1cebbe8,flat-ragged,140-byte batch 1,140,1,43184900,43024250,4194400,1.0037339407427206,0.003726986890790652
0,ba,0,minimax-m2-1,757622126525aeeb131756849d93298070ff3f0319c455ec8c5bb0f6b1cebbe8,flat-ragged,140-byte batch 32,140,32,51920730,48983979,4197760,1.0599532961583216,0.0582248469252969
0,ba,1,minimax-m2-1,757622126525aeeb131756849d93298070ff3f0319c455ec8c5bb0f6b1cebbe8,flat-ragged,140-byte batch 32,140,32,46616940,47288849,4197760,0.9857913860411363,-0.01431052278805434
0,ba,2,minimax-m2-1,757622126525aeeb131756849d93298070ff3f0319c455ec8c5bb0f6b1cebbe8,flat-ragged,140-byte batch 32,140,32,46939200,46261740,4197760,1.0146440665655896,0.01453787765908434
0,ba,3,minimax-m2-1,757622126525aeeb131756849d93298070ff3f0319c455ec8c5bb0f6b1cebbe8,flat-ragged,140-byte batch 32,140,32,49449200,49034960,4197760,1.0084478502684615,0.008412366880229198
0,ba,4,minimax-m2-1,757622126525aeeb131756849d93298070ff3f0319c455ec8c5bb0f6b1cebbe8,flat-ragged,140-byte batch 32,140,32,46251309,47151879,4197760,0.9809006550937238,-0.01928409356243793
0,ba,5,minimax-m2-1,757622126525aeeb131756849d93298070ff3f0319c455ec8c5bb0f6b1cebbe8,flat-ragged,140-byte batch 32,140,32,41274610,40325610,4197760,1.0235334319803222,0.023260789953420014
0,ba,0,minimax-m2-1,757622126525aeeb131756849d93298070ff3f0319c455ec8c5bb0f6b1cebbe8,flat-ragged,140-byte batch 512,140,512,15028370,15016569,4229120,1.00078586526656,0.0007855566361354361
0,ba,1,minimax-m2-1,757622126525aeeb131756849d93298070ff3f0319c455ec8c5bb0f6b1cebbe8,flat-ragged,140-byte batch 512,140,512,14728160,14647180,4229120,1.0055287092805578,0.005513482066182257
0,ba,2,minimax-m2-1,757622126525aeeb131756849d93298070ff3f0319c455ec8c5bb0f6b1cebbe8,flat-ragged,140-byte batch 512,140,512,14159959,14437069,4229120,0.9808056607611975,-0.01938094224139955
0,ba,3,minimax-m2-1,757622126525aeeb131756849d93298070ff3f0319c455ec8c5bb0f6b1cebbe8,flat-ragged,140-byte batch 512,140,512,12484840,12676330,4229120,0.9848938927907368,-0.015221366667682725
0,ba,4,minimax-m2-1,757622126525aeeb131756849d93298070ff3f0319c455ec8c5bb0f6b1cebbe8,flat-ragged,140-byte batch 512,140,512,12328490,12521420,4229120,0.9845920031434134,-0.015527933625395875
0,ba,5,minimax-m2-1,757622126525aeeb131756849d93298070ff3f0319c455ec8c5bb0f6b1cebbe8,flat-ragged,140-byte batch 512,140,512,12348750,12225990,4229120,1.0100409046629353,0.009990829699351295
0,ba,0,minimax-m2-1,757622126525aeeb131756849d93298070ff3f0319c455ec8c5bb0f6b1cebbe8,flat-ragged,4 KiB single,4096,1,37568649,36611119,4194304,1.026154076306709,0.02581790731281356
0,ba,1,minimax-m2-1,757622126525aeeb131756849d93298070ff3f0319c455ec8c5bb0f6b1cebbe8,flat-ragged,4 KiB single,4096,1,37302420,36385149,4194304,1.0252100383043643,0.024897507016966768
0,ba,2,minimax-m2-1,757622126525aeeb131756849d93298070ff3f0319c455ec8c5bb0f6b1cebbe8,flat-ragged,4 KiB single,4096,1,34768790,33813889,4194304,1.0282399046143436,0.027848510053788925
0,ba,3,minimax-m2-1,757622126525aeeb131756849d93298070ff3f0319c455ec8c5bb0f6b1cebbe8,flat-ragged,4 KiB single,4096,1,34280900,33762159,4194304,1.0153645683618753,0.015247728655915997
0,ba,4,minimax-m2-1,757622126525aeeb131756849d93298070ff3f0319c455ec8c5bb0f6b1cebbe8,flat-ragged,4 KiB single,4096,1,40972960,38304320,4194304,1.0696694263205822,0.06734965337580424
0,ba,5,minimax-m2-1,757622126525aeeb131756849d93298070ff3f0319c455ec8c5bb0f6b1cebbe8,flat-ragged,4 KiB single,4096,1,37800119,37310289,4194304,1.0131285501433667,0.01304311765304378
0,ba,0,minimax-m2-1,757622126525aeeb131756849d93298070ff3f0319c455ec8c5bb0f6b1cebbe8,flat-ragged,64 KiB single,65536,1,36616649,35205769,4194304,1.0400752501670962,0.03929306646561749
0,ba,1,minimax-m2-1,757622126525aeeb131756849d93298070ff3f0319c455ec8c5bb0f6b1cebbe8,flat-ragged,64 KiB single,65536,1,36823010,35565659,4194304,1.0353529510025388,0.034742384046165746
0,ba,2,minimax-m2-1,757622126525aeeb131756849d93298070ff3f0319c455ec8c5bb0f6b1cebbe8,flat-ragged,64 KiB single,65536,1,32637920,31591720,4194304,1.033116272238422,0.032579741633375174
0,ba,3,minimax-m2-1,757622126525aeeb131756849d93298070ff3f0319c455ec8c5bb0f6b1cebbe8,flat-ragged,64 KiB single,65536,1,34044180,33682450,4194304,1.0107394206775338,0.01068216267964601
0,ba,4,minimax-m2-1,757622126525aeeb131756849d93298070ff3f0319c455ec8c5bb0f6b1cebbe8,flat-ragged,64 KiB single,65536,1,36434960,35894500,4194304,1.0150569028681273,0.014944672861380586
0,ba,5,minimax-m2-1,757622126525aeeb131756849d93298070ff3f0319c455ec8c5bb0f6b1cebbe8,flat-ragged,64 KiB single,65536,1,37919790,37814670,4194304,1.0027798735252746,0.002776016822643448
0,ba,0,minimax-m2-1,757622126525aeeb131756849d93298070ff3f0319c455ec8c5bb0f6b1cebbe8,nested,140-byte batch 1,140,1,56276109,57794830,4194400,0.9737221997192482,-0.026629231915386284
0,ba,1,minimax-m2-1,757622126525aeeb131756849d93298070ff3f0319c455ec8c5bb0f6b1cebbe8,nested,140-byte batch 1,140,1,51274479,49913800,4194400,1.0272605772351533,0.026895625379774506
0,ba,2,minimax-m2-1,757622126525aeeb131756849d93298070ff3f0319c455ec8c5bb0f6b1cebbe8,nested,140-byte batch 1,140,1,49847990,51060149,4194400,0.9762601750339585,-0.02402615531256008
0,ba,3,minimax-m2-1,757622126525aeeb131756849d93298070ff3f0319c455ec8c5bb0f6b1cebbe8,nested,140-byte batch 1,140,1,53519210,53779619,4194400,0.9951578496679198,-0.004853911523664197
0,ba,4,minimax-m2-1,757622126525aeeb131756849d93298070ff3f0319c455ec8c5bb0f6b1cebbe8,nested,140-byte batch 1,140,1,49053129,52426789,4194400,0.9356500738582331,-0.0665137251204566
0,ba,5,minimax-m2-1,757622126525aeeb131756849d93298070ff3f0319c455ec8c5bb0f6b1cebbe8,nested,140-byte batch 1,140,1,43584300,46080180,4194400,0.9458361490775427,-0.0556859288667369
0,ba,0,minimax-m2-1,757622126525aeeb131756849d93298070ff3f0319c455ec8c5bb0f6b1cebbe8,nested,140-byte batch 32,140,32,57967569,56691719,4197760,1.0225050505171664,0.022255548303712937
0,ba,1,minimax-m2-1,757622126525aeeb131756849d93298070ff3f0319c455ec8c5bb0f6b1cebbe8,nested,140-byte batch 32,140,32,49772870,52670420,4197760,0.9449871483842354,-0.056583951174271334
0,ba,2,minimax-m2-1,757622126525aeeb131756849d93298070ff3f0319c455ec8c5bb0f6b1cebbe8,nested,140-byte batch 32,140,32,53377509,52569470,4197760,1.0153708797140242,0.015253944484920116
0,ba,3,minimax-m2-1,757622126525aeeb131756849d93298070ff3f0319c455ec8c5bb0f6b1cebbe8,nested,140-byte batch 32,140,32,55338309,54616959,4197760,1.0132074361738082,0.013120978413563274
0,ba,4,minimax-m2-1,757622126525aeeb131756849d93298070ff3f0319c455ec8c5bb0f6b1cebbe8,nested,140-byte batch 32,140,32,51364850,51905619,4197760,0.9895816867148814,-0.010472963819957467
0,ba,5,minimax-m2-1,757622126525aeeb131756849d93298070ff3f0319c455ec8c5bb0f6b1cebbe8,nested,140-byte batch 32,140,32,45554009,46577420,4197760,0.9780277439153994,-0.02221724133802835
0,ba,0,minimax-m2-1,757622126525aeeb131756849d93298070ff3f0319c455ec8c5bb0f6b1cebbe8,nested,140-byte batch 512,140,512,17347960,17592240,4229120,0.9861143322283007,-0.013982975495037516
0,ba,1,minimax-m2-1,757622126525aeeb131756849d93298070ff3f0319c455ec8c5bb0f6b1cebbe8,nested,140-byte batch 512,140,512,16653420,16547560,4229120,1.0063973177918677,0.0063769418093226555
0,ba,2,minimax-m2-1,757622126525aeeb131756849d93298070ff3f0319c455ec8c5bb0f6b1cebbe8,nested,140-byte batch 512,140,512,16190550,16382650,4229120,0.9882741803066049,-0.011795109301380422
0,ba,3,minimax-m2-1,757622126525aeeb131756849d93298070ff3f0319c455ec8c5bb0f6b1cebbe8,nested,140-byte batch 512,140,512,15032650,15328450,4229120,0.9807025498338058,-0.019486076573164982
0,ba,4,minimax-m2-1,757622126525aeeb131756849d93298070ff3f0319c455ec8c5bb0f6b1cebbe8,nested,140-byte batch 512,140,512,14594190,14478600,4229120,1.007983506692636,0.00795180710721193
0,ba,5,minimax-m2-1,757622126525aeeb131756849d93298070ff3f0319c455ec8c5bb0f6b1cebbe8,nested,140-byte batch 512,140,512,14624920,14895170,4229120,0.9818565347021887,-0.01831007630854084
0,ba,0,minimax-m2-1,757622126525aeeb131756849d93298070ff3f0319c455ec8c5bb0f6b1cebbe8,nested,4 KiB single,4096,1,41204810,41444900,4194304,0.9942070073760584,-0.005809837090460812
0,ba,1,minimax-m2-1,757622126525aeeb131756849d93298070ff3f0319c455ec8c5bb0f6b1cebbe8,nested,4 KiB single,4096,1,38953000,42040510,4194304,0.9265586930320303,-0.07627788606510837
0,ba,2,minimax-m2-1,757622126525aeeb131756849d93298070ff3f0319c455ec8c5bb0f6b1cebbe8,nested,4 KiB single,4096,1,36853130,37171030,4194304,0.991447640810599,-0.00858914047457406
0,ba,3,minimax-m2-1,757622126525aeeb131756849d93298070ff3f0319c455ec8c5bb0f6b1cebbe8,nested,4 KiB single,4096,1,35032090,36053850,4194304,0.971660169440989,-0.028749155569667936
0,ba,4,minimax-m2-1,757622126525aeeb131756849d93298070ff3f0319c455ec8c5bb0f6b1cebbe8,nested,4 KiB single,4096,1,42728869,42187990,4194304,1.0128206866456544,0.012739197402238351
0,ba,5,minimax-m2-1,757622126525aeeb131756849d93298070ff3f0319c455ec8c5bb0f6b1cebbe8,nested,4 KiB single,4096,1,39197859,38847960,4194304,1.0090068822146645,0.008966562175429694
0,ba,0,minimax-m2-1,757622126525aeeb131756849d93298070ff3f0319c455ec8c5bb0f6b1cebbe8,nested,64 KiB single,65536,1,41908420,41582620,4194304,1.007835004143558,0.007804469885583791
0,ba,1,minimax-m2-1,757622126525aeeb131756849d93298070ff3f0319c455ec8c5bb0f6b1cebbe8,nested,64 KiB single,65536,1,38065349,38088790,4194304,0.9993845695807086,-0.0006156198743267621
0,ba,2,minimax-m2-1,757622126525aeeb131756849d93298070ff3f0319c455ec8c5bb0f6b1cebbe8,nested,64 KiB single,65536,1,39305680,39547060,4194304,0.9938963857237428,-0.006122317473444073
0,ba,3,minimax-m2-1,757622126525aeeb131756849d93298070ff3f0319c455ec8c5bb0f6b1cebbe8,nested,64 KiB single,65536,1,34816160,33930570,4194304,1.026100062568946,0.025765268863459534
0,ba,4,minimax-m2-1,757622126525aeeb131756849d93298070ff3f0319c455ec8c5bb0f6b1cebbe8,nested,64 KiB single,65536,1,38370310,39665280,4194304,0.9673525561901996,-0.03319226239439371
0,ba,5,minimax-m2-1,757622126525aeeb131756849d93298070ff3f0319c455ec8c5bb0f6b1cebbe8,nested,64 KiB single,65536,1,37901960,37718360,4194304,1.004867655963833,0.00485584723160173
0,ba,0,mistral-nemo,e11c71726323d33da7b8d6f6f269f1988931c0a52b7122bcdd8c05042974e0db,flat-ragged,140-byte batch 1,140,1,62095120,64615289,4194400,0.9609973268091395,-0.039783651691947024
0,ba,1,mistral-nemo,e11c71726323d33da7b8d6f6f269f1988931c0a52b7122bcdd8c05042974e0db,flat-ragged,140-byte batch 1,140,1,55333790,56555839,4194400,0.978392169197596,-0.021844698323137884
0,ba,2,mistral-nemo,e11c71726323d33da7b8d6f6f269f1988931c0a52b7122bcdd8c05042974e0db,flat-ragged,140-byte batch 1,140,1,50468720,53187079,4194400,0.948890613075405,-0.05246175247900238
0,ba,3,mistral-nemo,e11c71726323d33da7b8d6f6f269f1988931c0a52b7122bcdd8c05042974e0db,flat-ragged,140-byte batch 1,140,1,39774680,38662820,4194400,1.0287578609113355,0.028352114206034014
0,ba,4,mistral-nemo,e11c71726323d33da7b8d6f6f269f1988931c0a52b7122bcdd8c05042974e0db,flat-ragged,140-byte batch 1,140,1,58290330,58569309,4194400,0.9952367715316566,-0.004774608793504476
0,ba,5,mistral-nemo,e11c71726323d33da7b8d6f6f269f1988931c0a52b7122bcdd8c05042974e0db,flat-ragged,140-byte batch 1,140,1,51256129,52225559,4194400,0.9814376328647818,-0.018736809959242724
0,ba,0,mistral-nemo,e11c71726323d33da7b8d6f6f269f1988931c0a52b7122bcdd8c05042974e0db,flat-ragged,140-byte batch 32,140,32,60803050,59938420,4197760,1.014425305171541,0.014322250339542424
0,ba,1,mistral-nemo,e11c71726323d33da7b8d6f6f269f1988931c0a52b7122bcdd8c05042974e0db,flat-ragged,140-byte batch 32,140,32,54369960,55624269,4197760,0.9774503283809447,-0.022807803369295103
0,ba,2,mistral-nemo,e11c71726323d33da7b8d6f6f269f1988931c0a52b7122bcdd8c05042974e0db,flat-ragged,140-byte batch 32,140,32,49157729,49291849,4197760,0.9972790633193735,-0.0027246451573842674
0,ba,3,mistral-nemo,e11c71726323d33da7b8d6f6f269f1988931c0a52b7122bcdd8c05042974e0db,flat-ragged,140-byte batch 32,140,32,35980960,37196969,4197760,0.9673089224017151,-0.0332373698087654
0,ba,4,mistral-nemo,e11c71726323d33da7b8d6f6f269f1988931c0a52b7122bcdd8c05042974e0db,flat-ragged,140-byte batch 32,140,32,55062760,57943539,4197760,0.9502829987654016,-0.050995445311725944
0,ba,5,mistral-nemo,e11c71726323d33da7b8d6f6f269f1988931c0a52b7122bcdd8c05042974e0db,flat-ragged,140-byte batch 32,140,32,49888360,50398320,4197760,0.9898814087453709,-0.010170132174884229
0,ba,0,mistral-nemo,e11c71726323d33da7b8d6f6f269f1988931c0a52b7122bcdd8c05042974e0db,flat-ragged,140-byte batch 512,140,512,17526960,18309140,4229120,0.9572792605223402,-0.043660121818630084
0,ba,1,mistral-nemo,e11c71726323d33da7b8d6f6f269f1988931c0a52b7122bcdd8c05042974e0db,flat-ragged,140-byte batch 512,140,512,16581070,17053210,4229120,0.9723137168896647,-0.02807677259385371
0,ba,2,mistral-nemo,e11c71726323d33da7b8d6f6f269f1988931c0a52b7122bcdd8c05042974e0db,flat-ragged,140-byte batch 512,140,512,16820890,16412059,4229120,1.024910402771523,0.02460519683950463
0,ba,3,mistral-nemo,e11c71726323d33da7b8d6f6f269f1988931c0a52b7122bcdd8c05042974e0db,flat-ragged,140-byte batch 512,140,512,13022209,13621370,4229120,0.9560131616716967,-0.044983598586492805
0,ba,4,mistral-nemo,e11c71726323d33da7b8d6f6f269f1988931c0a52b7122bcdd8c05042974e0db,flat-ragged,140-byte batch 512,140,512,12445940,13091830,4229120,0.9506646511603037,-0.05059390621616481
0,ba,5,mistral-nemo,e11c71726323d33da7b8d6f6f269f1988931c0a52b7122bcdd8c05042974e0db,flat-ragged,140-byte batch 512,140,512,14511800,12705460,4229120,1.142170373996691,0.13293028924518452
0,ba,0,mistral-nemo,e11c71726323d33da7b8d6f6f269f1988931c0a52b7122bcdd8c05042974e0db,flat-ragged,4 KiB single,4096,1,42143639,42901800,4194304,0.9823279909001487,-0.017830023440932243
0,ba,1,mistral-nemo,e11c71726323d33da7b8d6f6f269f1988931c0a52b7122bcdd8c05042974e0db,flat-ragged,4 KiB single,4096,1,42958379,44965730,4194304,0.9553582027913258,-0.04566892736998619
0,ba,2,mistral-nemo,e11c71726323d33da7b8d6f6f269f1988931c0a52b7122bcdd8c05042974e0db,flat-ragged,4 KiB single,4096,1,38861160,40204879,4194304,0.9665782105699161,-0.03399306216962222
0,ba,3,mistral-nemo,e11c71726323d33da7b8d6f6f269f1988931c0a52b7122bcdd8c05042974e0db,flat-ragged,4 KiB single,4096,1,37196270,38675450,4194304,0.9617540325969058,-0.038996544380196216
0,ba,4,mistral-nemo,e11c71726323d33da7b8d6f6f269f1988931c0a52b7122bcdd8c05042974e0db,flat-ragged,4 KiB single,4096,1,38505570,39793959,4194304,0.9676235028537874,-0.03291221069650082
0,ba,5,mistral-nemo,e11c71726323d33da7b8d6f6f269f1988931c0a52b7122bcdd8c05042974e0db,flat-ragged,4 KiB single,4096,1,44210270,46095080,4194304,0.9591103866182682,-0.041749104760141285
0,ba,0,mistral-nemo,e11c71726323d33da7b8d6f6f269f1988931c0a52b7122bcdd8c05042974e0db,flat-ragged,64 KiB single,65536,1,18705019,18857100,4194304,0.9919350801554851,-0.008097617230424481
0,ba,1,mistral-nemo,e11c71726323d33da7b8d6f6f269f1988931c0a52b7122bcdd8c05042974e0db,flat-ragged,64 KiB single,65536,1,18155480,17915830,4194304,1.0133764386020632,0.013287763939442853
0,ba,2,mistral-nemo,e11c71726323d33da7b8d6f6f269f1988931c0a52b7122bcdd8c05042974e0db,flat-ragged,64 KiB single,65536,1,17643580,17706890,4194304,0.9964245556390761,-0.003581851539011294
0,ba,3,mistral-nemo,e11c71726323d33da7b8d6f6f269f1988931c0a52b7122bcdd8c05042974e0db,flat-ragged,64 KiB single,65536,1,17850020,17987100,4194304,0.9923789827153905,-0.007650205627980826
0,ba,4,mistral-nemo,e11c71726323d33da7b8d6f6f269f1988931c0a52b7122bcdd8c05042974e0db,flat-ragged,64 KiB single,65536,1,17385140,17320060,4194304,1.0037574927569535,0.003750451015061307
0,ba,5,mistral-nemo,e11c71726323d33da7b8d6f6f269f1988931c0a52b7122bcdd8c05042974e0db,flat-ragged,64 KiB single,65536,1,17059320,17152740,4194304,0.9945536398266399,-0.005461245665364782
0,ba,0,mistral-nemo,e11c71726323d33da7b8d6f6f269f1988931c0a52b7122bcdd8c05042974e0db,nested,140-byte batch 1,140,1,63960829,68987770,4194400,0.9271328671734135,-0.07565839340292875
0,ba,1,mistral-nemo,e11c71726323d33da7b8d6f6f269f1988931c0a52b7122bcdd8c05042974e0db,nested,140-byte batch 1,140,1,57654269,58258340,4194400,0.9896311669711152,-0.01042296388573927
0,ba,2,mistral-nemo,e11c71726323d33da7b8d6f6f269f1988931c0a52b7122bcdd8c05042974e0db,nested,140-byte batch 1,140,1,53218599,53848090,4194400,0.9883098732007022,-0.011758993565206316
0,ba,3,mistral-nemo,e11c71726323d33da7b8d6f6f269f1988931c0a52b7122bcdd8c05042974e0db,nested,140-byte batch 1,140,1,40866250,41308520,4194400,0.9892934919963242,-0.010764235067073153
0,ba,4,mistral-nemo,e11c71726323d33da7b8d6f6f269f1988931c0a52b7122bcdd8c05042974e0db,nested,140-byte batch 1,140,1,58196450,60470780,4194400,0.9623896037061206,-0.038335916846639485
0,ba,5,mistral-nemo,e11c71726323d33da7b8d6f6f269f1988931c0a52b7122bcdd8c05042974e0db,nested,140-byte batch 1,140,1,54945870,56665449,4194400,0.9696538361497851,-0.030816141126617787
0,ba,0,mistral-nemo,e11c71726323d33da7b8d6f6f269f1988931c0a52b7122bcdd8c05042974e0db,nested,140-byte batch 32,140,32,67580839,69521840,4197760,0.9720807015464493,-0.028316451685833723
0,ba,1,mistral-nemo,e11c71726323d33da7b8d6f6f269f1988931c0a52b7122bcdd8c05042974e0db,nested,140-byte batch 32,140,32,59824379,62644119,4197760,0.954987953458169,-0.04605655276089399
0,ba,2,mistral-nemo,e11c71726323d33da7b8d6f6f269f1988931c0a52b7122bcdd8c05042974e0db,nested,140-byte batch 32,140,32,54413290,57906559,4197760,0.9396740358894404,-0.0622222341872043
0,ba,3,mistral-nemo,e11c71726323d33da7b8d6f6f269f1988931c0a52b7122bcdd8c05042974e0db,nested,140-byte batch 32,140,32,42549620,45783679,4197760,0.9293621860314022,-0.0732567495895724
0,ba,4,mistral-nemo,e11c71726323d33da7b8d6f6f269f1988931c0a52b7122bcdd8c05042974e0db,nested,140-byte batch 32,140,32,59694619,64958630,4197760,0.9189636388575313,-0.08450872339665667
0,ba,5,mistral-nemo,e11c71726323d33da7b8d6f6f269f1988931c0a52b7122bcdd8c05042974e0db,nested,140-byte batch 32,140,32,57379069,59397700,4197760,0.9660149972136969,-0.03457591982419284
0,ba,0,mistral-nemo,e11c71726323d33da7b8d6f6f269f1988931c0a52b7122bcdd8c05042974e0db,nested,140-byte batch 512,140,512,19682740,20669620,4229120,0.9522545649121754,-0.048922879817979915
0,ba,1,mistral-nemo,e11c71726323d33da7b8d6f6f269f1988931c0a52b7122bcdd8c05042974e0db,nested,140-byte batch 512,140,512,18453799,19021380,4229120,0.970160892637653,-0.030293352540788795
0,ba,2,mistral-nemo,e11c71726323d33da7b8d6f6f269f1988931c0a52b7122bcdd8c05042974e0db,nested,140-byte batch 512,140,512,18157880,18380010,4229120,0.9879145876416825,-0.012159034726646806
0,ba,3,mistral-nemo,e11c71726323d33da7b8d6f6f269f1988931c0a52b7122bcdd8c05042974e0db,nested,140-byte batch 512,140,512,15201630,15953560,4229120,0.9528675731310128,-0.048279342873285204
0,ba,4,mistral-nemo,e11c71726323d33da7b8d6f6f269f1988931c0a52b7122bcdd8c05042974e0db,nested,140-byte batch 512,140,512,14305510,15243480,4229120,0.9384674628103294,-0.06350709291157278
0,ba,5,mistral-nemo,e11c71726323d33da7b8d6f6f269f1988931c0a52b7122bcdd8c05042974e0db,nested,140-byte batch 512,140,512,14776009,15707680,4229120,0.9406869123893535,-0.06114491273059342
0,ba,0,mistral-nemo,e11c71726323d33da7b8d6f6f269f1988931c0a52b7122bcdd8c05042974e0db,nested,4 KiB single,4096,1,44679379,47397949,4194304,0.9426437207230212,-0.0590668824544195
0,ba,1,mistral-nemo,e11c71726323d33da7b8d6f6f269f1988931c0a52b7122bcdd8c05042974e0db,nested,4 KiB single,4096,1,43811700,48658930,4194304,0.9003835472748785,-0.1049344428010049
0,ba,2,mistral-nemo,e11c71726323d33da7b8d6f6f269f1988931c0a52b7122bcdd8c05042974e0db,nested,4 KiB single,4096,1,40870710,47403429,4194304,0.8621888935502957,-0.14828089827573573
0,ba,3,mistral-nemo,e11c71726323d33da7b8d6f6f269f1988931c0a52b7122bcdd8c05042974e0db,nested,4 KiB single,4096,1,38490350,38980560,4194304,0.9874242442899743,-0.01265549979264282
0,ba,4,mistral-nemo,e11c71726323d33da7b8d6f6f269f1988931c0a52b7122bcdd8c05042974e0db,nested,4 KiB single,4096,1,39035859,39771569,4194304,0.9815016098560255,-0.01867162506724607
0,ba,5,mistral-nemo,e11c71726323d33da7b8d6f6f269f1988931c0a52b7122bcdd8c05042974e0db,nested,4 KiB single,4096,1,45446640,48538280,4194304,0.9363051183519482,-0.06581387447961091
0,ba,0,mistral-nemo,e11c71726323d33da7b8d6f6f269f1988931c0a52b7122bcdd8c05042974e0db,nested,64 KiB single,65536,1,40598680,42317089,4194304,0.9593920791668822,-0.04145544597610315
0,ba,1,mistral-nemo,e11c71726323d33da7b8d6f6f269f1988931c0a52b7122bcdd8c05042974e0db,nested,64 KiB single,65536,1,40477549,42004230,4194304,0.9636541129310072,-0.03702285277063112
0,ba,2,mistral-nemo,e11c71726323d33da7b8d6f6f269f1988931c0a52b7122bcdd8c05042974e0db,nested,64 KiB single,65536,1,39929520,42364900,4194304,0.9425142039754608,-0.05920428924253762
0,ba,3,mistral-nemo,e11c71726323d33da7b8d6f6f269f1988931c0a52b7122bcdd8c05042974e0db,nested,64 KiB single,65536,1,36161730,39141270,4194304,0.9238772783816162,-0.07917603176553782
0,ba,4,mistral-nemo,e11c71726323d33da7b8d6f6f269f1988931c0a52b7122bcdd8c05042974e0db,nested,64 KiB single,65536,1,34142830,34728790,4194304,0.9831275434588996,-0.017016418056450953
0,ba,5,mistral-nemo,e11c71726323d33da7b8d6f6f269f1988931c0a52b7122bcdd8c05042974e0db,nested,64 KiB single,65536,1,37139950,38200689,4194304,0.9722324641840884,-0.028160342432836678
0,ba,0,nemotron-3,c6021eb6847e682f89aa52d5eb6e8c7d902a23acfc8137e25211cf84828f1592,flat-ragged,140-byte batch 1,140,1,64957790,64130149,4194400,1.0129056459856347,0.012823077775081976
0,ba,1,nemotron-3,c6021eb6847e682f89aa52d5eb6e8c7d902a23acfc8137e25211cf84828f1592,flat-ragged,140-byte batch 1,140,1,57805170,57419940,4194400,1.0067089934263254,0.0066865882847334576
0,ba,2,nemotron-3,c6021eb6847e682f89aa52d5eb6e8c7d902a23acfc8137e25211cf84828f1592,flat-ragged,140-byte batch 1,140,1,52669330,51484790,4194400,1.0230075717508025,0.022746888458034298
0,ba,3,nemotron-3,c6021eb6847e682f89aa52d5eb6e8c7d902a23acfc8137e25211cf84828f1592,flat-ragged,140-byte batch 1,140,1,39927130,39678240,4194400,1.0062727076604203,0.006253116115065005
0,ba,4,nemotron-3,c6021eb6847e682f89aa52d5eb6e8c7d902a23acfc8137e25211cf84828f1592,flat-ragged,140-byte batch 1,140,1,58770639,59921740,4194400,0.9807899269947769,-0.019396984045856245
0,ba,5,nemotron-3,c6021eb6847e682f89aa52d5eb6e8c7d902a23acfc8137e25211cf84828f1592,flat-ragged,140-byte batch 1,140,1,55484829,54026389,4194400,1.026994956113021,0.02663701965200533
0,ba,0,nemotron-3,c6021eb6847e682f89aa52d5eb6e8c7d902a23acfc8137e25211cf84828f1592,flat-ragged,140-byte batch 32,140,32,57737330,64372520,4197760,0.8969251164938082,-0.10878290257783872
0,ba,1,nemotron-3,c6021eb6847e682f89aa52d5eb6e8c7d902a23acfc8137e25211cf84828f1592,flat-ragged,140-byte batch 32,140,32,53194209,56513989,4197760,0.9412573761162037,-0.06053866338749997
0,ba,2,nemotron-3,c6021eb6847e682f89aa52d5eb6e8c7d902a23acfc8137e25211cf84828f1592,flat-ragged,140-byte batch 32,140,32,49081849,49163490,4197760,0.9983393977929557,-0.0016619825352183527
0,ba,3,nemotron-3,c6021eb6847e682f89aa52d5eb6e8c7d902a23acfc8137e25211cf84828f1592,flat-ragged,140-byte batch 32,140,32,36464180,37798120,4197760,0.9647088267882107,-0.035928957072210096
0,ba,4,nemotron-3,c6021eb6847e682f89aa52d5eb6e8c7d902a23acfc8137e25211cf84828f1592,flat-ragged,140-byte batch 32,140,32,55645510,55056820,4197760,1.0106924083156275,0.010635648756949752
0,ba,5,nemotron-3,c6021eb6847e682f89aa52d5eb6e8c7d902a23acfc8137e25211cf84828f1592,flat-ragged,140-byte batch 32,140,32,50067010,49581050,4197760,1.0098013253047282,0.009753603884605904
0,ba,0,nemotron-3,c6021eb6847e682f89aa52d5eb6e8c7d902a23acfc8137e25211cf84828f1592,flat-ragged,140-byte batch 512,140,512,18188980,18340130,4229120,0.991758509890606,-0.008275638943285262
0,ba,1,nemotron-3,c6021eb6847e682f89aa52d5eb6e8c7d902a23acfc8137e25211cf84828f1592,flat-ragged,140-byte batch 512,140,512,16999730,17051010,4229120,0.99699255352029,-0.003011977934560063
0,ba,2,nemotron-3,c6021eb6847e682f89aa52d5eb6e8c7d902a23acfc8137e25211cf84828f1592,flat-ragged,140-byte batch 512,140,512,16492020,15784570,4229120,1.0448190859808029,0.043843746965831175
0,ba,3,nemotron-3,c6021eb6847e682f89aa52d5eb6e8c7d902a23acfc8137e25211cf84828f1592,flat-ragged,140-byte batch 512,140,512,13710490,13833920,4229120,0.9910777277879299,-0.00896231403675993
0,ba,4,nemotron-3,c6021eb6847e682f89aa52d5eb6e8c7d902a23acfc8137e25211cf84828f1592,flat-ragged,140-byte batch 512,140,512,13367320,13196630,4229120,1.0129343627880754,0.01285142828876342
0,ba,5,nemotron-3,c6021eb6847e682f89aa52d5eb6e8c7d902a23acfc8137e25211cf84828f1592,flat-ragged,140-byte batch 512,140,512,13022440,12526360,4229120,1.0396028854351942,0.03883879930577327
0,ba,0,nemotron-3,c6021eb6847e682f89aa52d5eb6e8c7d902a23acfc8137e25211cf84828f1592,flat-ragged,4 KiB single,4096,1,45437559,46845510,4194304,0.969944803674888,-0.030516112531720537
0,ba,1,nemotron-3,c6021eb6847e682f89aa52d5eb6e8c7d902a23acfc8137e25211cf84828f1592,flat-ragged,4 KiB single,4096,1,44087010,45327490,4194304,0.9726329430550864,-0.027748510462184458
0,ba,2,nemotron-3,c6021eb6847e682f89aa52d5eb6e8c7d902a23acfc8137e25211cf84828f1592,flat-ragged,4 KiB single,4096,1,39920840,40960060,4194304,0.9746284551340989,-0.02569895226787947
0,ba,3,nemotron-3,c6021eb6847e682f89aa52d5eb6e8c7d902a23acfc8137e25211cf84828f1592,flat-ragged,4 KiB single,4096,1,38056139,39212470,4194304,0.9705111409712267,-0.029932396818945228
0,ba,4,nemotron-3,c6021eb6847e682f89aa52d5eb6e8c7d902a23acfc8137e25211cf84828f1592,flat-ragged,4 KiB single,4096,1,39446210,40491110,4194304,0.9741943354973475,-0.026144472143795335
0,ba,5,nemotron-3,c6021eb6847e682f89aa52d5eb6e8c7d902a23acfc8137e25211cf84828f1592,flat-ragged,4 KiB single,4096,1,47978490,47038720,4194304,1.01997864737816,0.019781693134081298
0,ba,0,nemotron-3,c6021eb6847e682f89aa52d5eb6e8c7d902a23acfc8137e25211cf84828f1592,flat-ragged,64 KiB single,65536,1,18736000,18805500,4194304,0.9963042726861823,-0.003702573386690851
0,ba,1,nemotron-3,c6021eb6847e682f89aa52d5eb6e8c7d902a23acfc8137e25211cf84828f1592,flat-ragged,64 KiB single,65536,1,18180310,18079500,4194304,1.0055759285378467,0.0055604405947536975
0,ba,2,nemotron-3,c6021eb6847e682f89aa52d5eb6e8c7d902a23acfc8137e25211cf84828f1592,flat-ragged,64 KiB single,65536,1,17457730,17547950,4194304,0.9948586587037233,-0.005154603467868838
0,ba,3,nemotron-3,c6021eb6847e682f89aa52d5eb6e8c7d902a23acfc8137e25211cf84828f1592,flat-ragged,64 KiB single,65536,1,17903220,17986810,4194304,0.9953527056771045,-0.0046581265686093465
0,ba,4,nemotron-3,c6021eb6847e682f89aa52d5eb6e8c7d902a23acfc8137e25211cf84828f1592,flat-ragged,64 KiB single,65536,1,17150190,17331470,4194304,0.9895404140560495,-0.01051467186699693
0,ba,5,nemotron-3,c6021eb6847e682f89aa52d5eb6e8c7d902a23acfc8137e25211cf84828f1592,flat-ragged,64 KiB single,65536,1,16994840,16844640,4194304,1.0089167830241548,0.008877263266732929
0,ba,0,nemotron-3,c6021eb6847e682f89aa52d5eb6e8c7d902a23acfc8137e25211cf84828f1592,nested,140-byte batch 1,140,1,67852620,66358149,4194400,1.022521288229423,0.02227142850236784
0,ba,1,nemotron-3,c6021eb6847e682f89aa52d5eb6e8c7d902a23acfc8137e25211cf84828f1592,nested,140-byte batch 1,140,1,56664410,60614039,4194400,0.9348396994300281,-0.06738020885159444
0,ba,2,nemotron-3,c6021eb6847e682f89aa52d5eb6e8c7d902a23acfc8137e25211cf84828f1592,nested,140-byte batch 1,140,1,53234240,55063660,4194400,0.9667762731354944,-0.03378817210115263
0,ba,3,nemotron-3,c6021eb6847e682f89aa52d5eb6e8c7d902a23acfc8137e25211cf84828f1592,nested,140-byte batch 1,140,1,41968870,43884270,4194400,0.9563533812912919,-0.04462778853068897
0,ba,4,nemotron-3,c6021eb6847e682f89aa52d5eb6e8c7d902a23acfc8137e25211cf84828f1592,nested,140-byte batch 1,140,1,59163380,60023450,4194400,0.9856711002116673,-0.01443254979131412
0,ba,5,nemotron-3,c6021eb6847e682f89aa52d5eb6e8c7d902a23acfc8137e25211cf84828f1592,nested,140-byte batch 1,140,1,55320450,58439230,4194400,0.946632082592464,-0.054844769635071344
0,ba,0,nemotron-3,c6021eb6847e682f89aa52d5eb6e8c7d902a23acfc8137e25211cf84828f1592,nested,140-byte batch 32,140,32,66763619,71341129,4197760,0.9358363111971497,-0.06631469899767142
0,ba,1,nemotron-3,c6021eb6847e682f89aa52d5eb6e8c7d902a23acfc8137e25211cf84828f1592,nested,140-byte batch 32,140,32,58979540,62587870,4197760,0.9423477744169917,-0.059380885259444495
0,ba,2,nemotron-3,c6021eb6847e682f89aa52d5eb6e8c7d902a23acfc8137e25211cf84828f1592,nested,140-byte batch 32,140,32,54066470,56971790,4197760,0.9490042352539739,-0.052342017522342715
0,ba,3,nemotron-3,c6021eb6847e682f89aa52d5eb6e8c7d902a23acfc8137e25211cf84828f1592,nested,140-byte batch 32,140,32,42411930,44319330,4197760,0.9569623457755341,-0.0439912344103311
0,ba,4,nemotron-3,c6021eb6847e682f89aa52d5eb6e8c7d902a23acfc8137e25211cf84828f1592,nested,140-byte batch 32,140,32,59892910,61002030,4197760,0.9818183099808317,-0.018349008132172717
0,ba,5,nemotron-3,c6021eb6847e682f89aa52d5eb6e8c7d902a23acfc8137e25211cf84828f1592,nested,140-byte batch 32,140,32,55350749,60002930,4197760,0.9224674361735336,-0.0807032032313833
0,ba,0,nemotron-3,c6021eb6847e682f89aa52d5eb6e8c7d902a23acfc8137e25211cf84828f1592,nested,140-byte batch 512,140,512,20053170,20355750,4229120,0.9851354040013264,-0.014976181266437443
0,ba,1,nemotron-3,c6021eb6847e682f89aa52d5eb6e8c7d902a23acfc8137e25211cf84828f1592,nested,140-byte batch 512,140,512,19226609,19123480,4229120,1.0053927946168792,0.005378305567624644
0,ba,2,nemotron-3,c6021eb6847e682f89aa52d5eb6e8c7d902a23acfc8137e25211cf84828f1592,nested,140-byte batch 512,140,512,17949529,17994740,4229120,0.9974875435821802,-0.002515617933001828
0,ba,3,nemotron-3,c6021eb6847e682f89aa52d5eb6e8c7d902a23acfc8137e25211cf84828f1592,nested,140-byte batch 512,140,512,15115490,16484510,4229120,0.9169511256324877,-0.0867011062567674
0,ba,4,nemotron-3,c6021eb6847e682f89aa52d5eb6e8c7d902a23acfc8137e25211cf84828f1592,nested,140-byte batch 512,140,512,14869770,14632520,4229120,1.016213885236446,0.0160838439657091
0,ba,5,nemotron-3,c6021eb6847e682f89aa52d5eb6e8c7d902a23acfc8137e25211cf84828f1592,nested,140-byte batch 512,140,512,14983990,15833140,4229120,0.9463688188192614,-0.055122914008593364
0,ba,0,nemotron-3,c6021eb6847e682f89aa52d5eb6e8c7d902a23acfc8137e25211cf84828f1592,nested,4 KiB single,4096,1,44271269,46694409,4194304,0.9481064210492524,-0.05328852453685558
0,ba,1,nemotron-3,c6021eb6847e682f89aa52d5eb6e8c7d902a23acfc8137e25211cf84828f1592,nested,4 KiB single,4096,1,44609090,48983199,4194304,0.910701851057135,-0.09353971184522177
0,ba,2,nemotron-3,c6021eb6847e682f89aa52d5eb6e8c7d902a23acfc8137e25211cf84828f1592,nested,4 KiB single,4096,1,40535250,45250529,4194304,0.8957961574327673,-0.11004239475512415
0,ba,3,nemotron-3,c6021eb6847e682f89aa52d5eb6e8c7d902a23acfc8137e25211cf84828f1592,nested,4 KiB single,4096,1,38629210,39870859,4194304,0.9688582330267828,-0.03163698014054441
0,ba,4,nemotron-3,c6021eb6847e682f89aa52d5eb6e8c7d902a23acfc8137e25211cf84828f1592,nested,4 KiB single,4096,1,41611260,40150520,4194304,1.0363815960540486,0.03573541197776106
0,ba,5,nemotron-3,c6021eb6847e682f89aa52d5eb6e8c7d902a23acfc8137e25211cf84828f1592,nested,4 KiB single,4096,1,47007209,50693900,4194304,0.9272754512870385,-0.0755046148499676
0,ba,0,nemotron-3,c6021eb6847e682f89aa52d5eb6e8c7d902a23acfc8137e25211cf84828f1592,nested,64 KiB single,65536,1,41877299,42112320,4194304,0.9944191865943268,-0.005596444327439854
0,ba,1,nemotron-3,c6021eb6847e682f89aa52d5eb6e8c7d902a23acfc8137e25211cf84828f1592,nested,64 KiB single,65536,1,39919189,42852839,4194304,0.931541291814995,-0.07091476161915843
0,ba,2,nemotron-3,c6021eb6847e682f89aa52d5eb6e8c7d902a23acfc8137e25211cf84828f1592,nested,64 KiB single,65536,1,39895380,40427310,4194304,0.9868423103095407,-0.013245018969707622
0,ba,3,nemotron-3,c6021eb6847e682f89aa52d5eb6e8c7d902a23acfc8137e25211cf84828f1592,nested,64 KiB single,65536,1,36153640,38058760,4194304,0.9499426676013617,-0.051353646101982085
0,ba,4,nemotron-3,c6021eb6847e682f89aa52d5eb6e8c7d902a23acfc8137e25211cf84828f1592,nested,64 KiB single,65536,1,34022240,34624119,4194304,0.9826167706967505,-0.017536091718957293
0,ba,5,nemotron-3,c6021eb6847e682f89aa52d5eb6e8c7d902a23acfc8137e25211cf84828f1592,nested,64 KiB single,65536,1,37910870,37861819,4194304,1.0012955267680086,0.0012946882973013144
0,ba,0,phi-4-mini,382cc235b56c725945e149cc25f191da667c836655efd0857b004320e90e91ea,flat-ragged,140-byte batch 1,140,1,43396390,46681169,4194400,0.9296337458901254,-0.07296459202645811
0,ba,1,phi-4-mini,382cc235b56c725945e149cc25f191da667c836655efd0857b004320e90e91ea,flat-ragged,140-byte batch 1,140,1,39316309,43266920,4194400,0.9086921139752957,-0.09574895067736196
0,ba,2,phi-4-mini,382cc235b56c725945e149cc25f191da667c836655efd0857b004320e90e91ea,flat-ragged,140-byte batch 1,140,1,39437890,41848420,4194400,0.9423985421671833,-0.059327013022361756
0,ba,3,phi-4-mini,382cc235b56c725945e149cc25f191da667c836655efd0857b004320e90e91ea,flat-ragged,140-byte batch 1,140,1,42426070,45561840,4194400,0.9311755188113562,-0.0713074922868085
0,ba,4,phi-4-mini,382cc235b56c725945e149cc25f191da667c836655efd0857b004320e90e91ea,flat-ragged,140-byte batch 1,140,1,38381610,40074189,4194400,0.9577638614221239,-0.04315402260386644
0,ba,5,phi-4-mini,382cc235b56c725945e149cc25f191da667c836655efd0857b004320e90e91ea,flat-ragged,140-byte batch 1,140,1,33179009,36351220,4194400,0.9127344006611058,-0.09131034907602198
0,ba,0,phi-4-mini,382cc235b56c725945e149cc25f191da667c836655efd0857b004320e90e91ea,flat-ragged,140-byte batch 32,140,32,40854159,42133179,4197760,0.969643401462776,-0.030826902434174817
0,ba,1,phi-4-mini,382cc235b56c725945e149cc25f191da667c836655efd0857b004320e90e91ea,flat-ragged,140-byte batch 32,140,32,36493100,37139290,4197760,0.9826009059408514,-0.01755223726465235
0,ba,2,phi-4-mini,382cc235b56c725945e149cc25f191da667c836655efd0857b004320e90e91ea,flat-ragged,140-byte batch 32,140,32,36693059,38615989,4197760,0.9502037873482925,-0.051078804393971326
0,ba,3,phi-4-mini,382cc235b56c725945e149cc25f191da667c836655efd0857b004320e90e91ea,flat-ragged,140-byte batch 32,140,32,39791820,41763520,4197760,0.9527889411620476,-0.048361867681318595
0,ba,4,phi-4-mini,382cc235b56c725945e149cc25f191da667c836655efd0857b004320e90e91ea,flat-ragged,140-byte batch 32,140,32,35059809,38708760,4197760,0.9057331983768016,-0.09901049933561185
0,ba,5,phi-4-mini,382cc235b56c725945e149cc25f191da667c836655efd0857b004320e90e91ea,flat-ragged,140-byte batch 32,140,32,30847840,32787800,4197760,0.9408328707629057,-0.06098976328688108
0,ba,0,phi-4-mini,382cc235b56c725945e149cc25f191da667c836655efd0857b004320e90e91ea,flat-ragged,140-byte batch 512,140,512,12993280,12974290,4229120,1.0014636639076204,0.0014625937956654264
0,ba,1,phi-4-mini,382cc235b56c725945e149cc25f191da667c836655efd0857b004320e90e91ea,flat-ragged,140-byte batch 512,140,512,12369770,12229770,4229120,1.011447476117703,0.011382449552464114
0,ba,2,phi-4-mini,382cc235b56c725945e149cc25f191da667c836655efd0857b004320e90e91ea,flat-ragged,140-byte batch 512,140,512,11856250,11833790,4229120,1.001897954923993,0.0018961560832657235
0,ba,3,phi-4-mini,382cc235b56c725945e149cc25f191da667c836655efd0857b004320e90e91ea,flat-ragged,140-byte batch 512,140,512,10397140,10299460,4229120,1.0094839923646481,0.00943930165112196
0,ba,4,phi-4-mini,382cc235b56c725945e149cc25f191da667c836655efd0857b004320e90e91ea,flat-ragged,140-byte batch 512,140,512,10005380,9619570,4229120,1.0401067823197918,0.03932338319002482
0,ba,5,phi-4-mini,382cc235b56c725945e149cc25f191da667c836655efd0857b004320e90e91ea,flat-ragged,140-byte batch 512,140,512,9994370,9737750,4229120,1.026353110318092,0.026011849641789535
0,ba,0,phi-4-mini,382cc235b56c725945e149cc25f191da667c836655efd0857b004320e90e91ea,flat-ragged,4 KiB single,4096,1,28991820,30107630,4194304,0.9629392947900582,-0.037764906772150206
0,ba,1,phi-4-mini,382cc235b56c725945e149cc25f191da667c836655efd0857b004320e90e91ea,flat-ragged,4 KiB single,4096,1,29245819,29381660,4194304,0.9953766737481817,-0.0046340468807059484
0,ba,2,phi-4-mini,382cc235b56c725945e149cc25f191da667c836655efd0857b004320e90e91ea,flat-ragged,4 KiB single,4096,1,28317690,26905690,4194304,1.0524796056150205,0.051148909298794745
0,ba,3,phi-4-mini,382cc235b56c725945e149cc25f191da667c836655efd0857b004320e90e91ea,flat-ragged,4 KiB single,4096,1,26597320,26953670,4194304,0.9867791658798227,-0.013309007359073411
0,ba,4,phi-4-mini,382cc235b56c725945e149cc25f191da667c836655efd0857b004320e90e91ea,flat-ragged,4 KiB single,4096,1,33433360,32999800,4194304,1.0131382614440088,0.013052703064586457
0,ba,5,phi-4-mini,382cc235b56c725945e149cc25f191da667c836655efd0857b004320e90e91ea,flat-ragged,4 KiB single,4096,1,30212810,30150180,4194304,1.0020772678637409,0.0020751133260373494
0,ba,0,phi-4-mini,382cc235b56c725945e149cc25f191da667c836655efd0857b004320e90e91ea,flat-ragged,64 KiB single,65536,1,15717370,15200100,4194304,1.0340306971664661,0.03346446342744604
0,ba,1,phi-4-mini,382cc235b56c725945e149cc25f191da667c836655efd0857b004320e90e91ea,flat-ragged,64 KiB single,65536,1,15673070,15289120,4194304,1.0251126291114203,0.024802488613702416
0,ba,2,phi-4-mini,382cc235b56c725945e149cc25f191da667c836655efd0857b004320e90e91ea,flat-ragged,64 KiB single,65536,1,15035890,14641610,4194304,1.0269287325642467,0.026572534735489393
0,ba,3,phi-4-mini,382cc235b56c725945e149cc25f191da667c836655efd0857b004320e90e91ea,flat-ragged,64 KiB single,65536,1,15642909,15350870,4194304,1.0190242637713693,0.018845565312714634
0,ba,4,phi-4-mini,382cc235b56c725945e149cc25f191da667c836655efd0857b004320e90e91ea,flat-ragged,64 KiB single,65536,1,15100700,14643910,4194304,1.0311931717690153,0.030716550984974143
0,ba,5,phi-4-mini,382cc235b56c725945e149cc25f191da667c836655efd0857b004320e90e91ea,flat-ragged,64 KiB single,65536,1,14985290,14550460,4194304,1.029884278572636,0.029446445029355922
0,ba,0,phi-4-mini,382cc235b56c725945e149cc25f191da667c836655efd0857b004320e90e91ea,nested,140-byte batch 1,140,1,49985509,47702140,4194400,1.047867223566909,0.04675688280260888
0,ba,1,phi-4-mini,382cc235b56c725945e149cc25f191da667c836655efd0857b004320e90e91ea,nested,140-byte batch 1,140,1,41218410,41767820,4194400,0.9868460934757907,-0.013241185369385821
0,ba,2,phi-4-mini,382cc235b56c725945e149cc25f191da667c836655efd0857b004320e90e91ea,nested,140-byte batch 1,140,1,39942999,41054060,4194400,0.9729366352560502,-0.027436321983483045
0,ba,3,phi-4-mini,382cc235b56c725945e149cc25f191da667c836655efd0857b004320e90e91ea,nested,140-byte batch 1,140,1,44316799,46136080,4194400,0.9605670659492528,-0.04023147521396773
0,ba,4,phi-4-mini,382cc235b56c725945e149cc25f191da667c836655efd0857b004320e90e91ea,nested,140-byte batch 1,140,1,38101820,39850770,4194400,0.956112516771947,-0.044879677488146835
0,ba,5,phi-4-mini,382cc235b56c725945e149cc25f191da667c836655efd0857b004320e90e91ea,nested,140-byte batch 1,140,1,35848960,36091730,4194400,0.9932735283124416,-0.006749196360145297
0,ba,0,phi-4-mini,382cc235b56c725945e149cc25f191da667c836655efd0857b004320e90e91ea,nested,140-byte batch 32,140,32,46078400,48850340,4197760,0.9432564850111586,-0.05841704498387056
0,ba,1,phi-4-mini,382cc235b56c725945e149cc25f191da667c836655efd0857b004320e90e91ea,nested,140-byte batch 32,140,32,42586430,42802069,4197760,0.9949619491525048,-0.005050784612574539
0,ba,2,phi-4-mini,382cc235b56c725945e149cc25f191da667c836655efd0857b004320e90e91ea,nested,140-byte batch 32,140,32,42883400,43541600,4197760,0.9848834218310765,-0.01523199828536124
0,ba,3,phi-4-mini,382cc235b56c725945e149cc25f191da667c836655efd0857b004320e90e91ea,nested,140-byte batch 32,140,32,45667929,45515620,4197760,1.003346301775083,0.003340715366368534
0,ba,4,phi-4-mini,382cc235b56c725945e149cc25f191da667c836655efd0857b004320e90e91ea,nested,140-byte batch 32,140,32,38410920,42093820,4197760,0.9125073466841451,-0.09155914239719391
0,ba,5,phi-4-mini,382cc235b56c725945e149cc25f191da667c836655efd0857b004320e90e91ea,nested,140-byte batch 32,140,32,35403630,37143730,4197760,0.9531522547681668,-0.047980624428593376
0,ba,0,phi-4-mini,382cc235b56c725945e149cc25f191da667c836655efd0857b004320e90e91ea,nested,140-byte batch 512,140,512,15297220,15513780,4229120,0.9860407972782906,-0.014057548685496964
0,ba,1,phi-4-mini,382cc235b56c725945e149cc25f191da667c836655efd0857b004320e90e91ea,nested,140-byte batch 512,140,512,14606710,14319669,4229120,1.0200452259057105,0.019846965436475385
0,ba,2,phi-4-mini,382cc235b56c725945e149cc25f191da667c836655efd0857b004320e90e91ea,nested,140-byte batch 512,140,512,13885640,13773810,4229120,1.0081190316985642,0.008086249679999484
0,ba,3,phi-4-mini,382cc235b56c725945e149cc25f191da667c836655efd0857b004320e90e91ea,nested,140-byte batch 512,140,512,12065960,12083970,4229120,0.9985095957702642,-0.0014915159869021558
0,ba,4,phi-4-mini,382cc235b56c725945e149cc25f191da667c836655efd0857b004320e90e91ea,nested,140-byte batch 512,140,512,11533720,11872210,4229120,0.9714888803348324,-0.028925456102681633
0,ba,5,phi-4-mini,382cc235b56c725945e149cc25f191da667c836655efd0857b004320e90e91ea,nested,140-byte batch 512,140,512,12214690,12041260,4229120,1.0144029777614636,0.014300240186917694
0,ba,0,phi-4-mini,382cc235b56c725945e149cc25f191da667c836655efd0857b004320e90e91ea,nested,4 KiB single,4096,1,34039670,33289140,4194304,1.0225457912099862,0.02229539151151384
0,ba,1,phi-4-mini,382cc235b56c725945e149cc25f191da667c836655efd0857b004320e90e91ea,nested,4 KiB single,4096,1,31396059,31276620,4194304,1.0038187949976691,0.0038115219104575375
0,ba,2,phi-4-mini,382cc235b56c725945e149cc25f191da667c836655efd0857b004320e90e91ea,nested,4 KiB single,4096,1,29036000,29942219,4194304,0.9697344074599147,-0.03073305171897447
0,ba,3,phi-4-mini,382cc235b56c725945e149cc25f191da667c836655efd0857b004320e90e91ea,nested,4 KiB single,4096,1,29162040,28705809,4194304,1.0158933336454652,0.015768357075390486
0,ba,4,phi-4-mini,382cc235b56c725945e149cc25f191da667c836655efd0857b004320e90e91ea,nested,4 KiB single,4096,1,32597669,34143760,4194304,0.95471819741001,-0.04633906329250699
0,ba,5,phi-4-mini,382cc235b56c725945e149cc25f191da667c836655efd0857b004320e90e91ea,nested,4 KiB single,4096,1,30986190,32295230,4194304,0.9594664599075468,-0.04137791994780333
0,ba,0,phi-4-mini,382cc235b56c725945e149cc25f191da667c836655efd0857b004320e90e91ea,nested,64 KiB single,65536,1,32173250,30418729,4194304,1.0576789713994954,0.05607685771289235
0,ba,1,phi-4-mini,382cc235b56c725945e149cc25f191da667c836655efd0857b004320e90e91ea,nested,64 KiB single,65536,1,28492839,28154770,4194304,1.0120075212832498,0.011936002935728801
0,ba,2,phi-4-mini,382cc235b56c725945e149cc25f191da667c836655efd0857b004320e90e91ea,nested,64 KiB single,65536,1,26468600,26308780,4194304,1.006074778077889,0.00605640100043156
0,ba,3,phi-4-mini,382cc235b56c725945e149cc25f191da667c836655efd0857b004320e90e91ea,nested,64 KiB single,65536,1,25169920,24776120,4194304,1.0158943369664015,0.015769344699196698
0,ba,4,phi-4-mini,382cc235b56c725945e149cc25f191da667c836655efd0857b004320e90e91ea,nested,64 KiB single,65536,1,27596590,26661580,4194304,1.035069564519432,0.03446863655477034
0,ba,5,phi-4-mini,382cc235b56c725945e149cc25f191da667c836655efd0857b004320e90e91ea,nested,64 KiB single,65536,1,28721969,27953260,4194304,1.0274997978768845,0.02712847067473887
0,ba,0,qwen-2-5,c0382117ea329cdf097041132f6d735924b697924d6f6fc3945713e96ce87539,flat-ragged,140-byte batch 1,140,1,41874090,42232910,4194400,0.991503782239964,-0.008532516364948938
0,ba,1,qwen-2-5,c0382117ea329cdf097041132f6d735924b697924d6f6fc3945713e96ce87539,flat-ragged,140-byte batch 1,140,1,38626469,39074910,4194400,0.9885235564202195,-0.011542806184774844
0,ba,2,qwen-2-5,c0382117ea329cdf097041132f6d735924b697924d6f6fc3945713e96ce87539,flat-ragged,140-byte batch 1,140,1,36273300,37939980,4194400,0.9560706146919424,-0.04492350391807583
0,ba,3,qwen-2-5,c0382117ea329cdf097041132f6d735924b697924d6f6fc3945713e96ce87539,flat-ragged,140-byte batch 1,140,1,40643549,42917120,4194400,0.9470241479390975,-0.05443068671345726
0,ba,4,qwen-2-5,c0382117ea329cdf097041132f6d735924b697924d6f6fc3945713e96ce87539,flat-ragged,140-byte batch 1,140,1,37097500,46916300,4194400,0.7907166592420971,-0.23481558114769535
0,ba,5,qwen-2-5,c0382117ea329cdf097041132f6d735924b697924d6f6fc3945713e96ce87539,flat-ragged,140-byte batch 1,140,1,33982190,35285250,4194400,0.9630706881770712,-0.03762846574808617
0,ba,0,qwen-2-5,c0382117ea329cdf097041132f6d735924b697924d6f6fc3945713e96ce87539,flat-ragged,140-byte batch 32,140,32,39061430,38497530,4197760,1.0146476929818615,0.014541451729944168
0,ba,1,qwen-2-5,c0382117ea329cdf097041132f6d735924b697924d6f6fc3945713e96ce87539,flat-ragged,140-byte batch 32,140,32,35533880,34706220,4197760,1.023847598499635,0.02356768595089331
0,ba,2,qwen-2-5,c0382117ea329cdf097041132f6d735924b697924d6f6fc3945713e96ce87539,flat-ragged,140-byte batch 32,140,32,34113040,33410170,4197760,1.0210376062139164,0.020819371230876866
0,ba,3,qwen-2-5,c0382117ea329cdf097041132f6d735924b697924d6f6fc3945713e96ce87539,flat-ragged,140-byte batch 32,140,32,38637969,38093050,4197760,1.0143049453903008,0.014203595056171818
0,ba,4,qwen-2-5,c0382117ea329cdf097041132f6d735924b697924d6f6fc3945713e96ce87539,flat-ragged,140-byte batch 32,140,32,36316520,33771930,4197760,1.0753463009072919,0.07264275008243105
0,ba,5,qwen-2-5,c0382117ea329cdf097041132f6d735924b697924d6f6fc3945713e96ce87539,flat-ragged,140-byte batch 32,140,32,32505880,31564510,4197760,1.029823684891671,0.029387607871800277
0,ba,0,qwen-2-5,c0382117ea329cdf097041132f6d735924b697924d6f6fc3945713e96ce87539,flat-ragged,140-byte batch 512,140,512,12206670,12272280,4229120,0.9946538051608992,-0.005360536878459394
0,ba,1,qwen-2-5,c0382117ea329cdf097041132f6d735924b697924d6f6fc3945713e96ce87539,flat-ragged,140-byte batch 512,140,512,11761319,11808730,4229120,0.9959850889977161,-0.004022992395430862
0,ba,2,qwen-2-5,c0382117ea329cdf097041132f6d735924b697924d6f6fc3945713e96ce87539,flat-ragged,140-byte batch 512,140,512,11428300,11419439,4229120,1.000775957557985,0.0007756566585659238
0,ba,3,qwen-2-5,c0382117ea329cdf097041132f6d735924b697924d6f6fc3945713e96ce87539,flat-ragged,140-byte batch 512,140,512,9839890,9771520,4229120,1.0069968643568248,0.006972499885325756
0,ba,4,qwen-2-5,c0382117ea329cdf097041132f6d735924b697924d6f6fc3945713e96ce87539,flat-ragged,140-byte batch 512,140,512,9261030,9424470,4229120,0.982657910736625,-0.017494224757286014
0,ba,5,qwen-2-5,c0382117ea329cdf097041132f6d735924b697924d6f6fc3945713e96ce87539,flat-ragged,140-byte batch 512,140,512,9234810,9480020,4229120,0.9741340208143021,-0.026206386433416204
0,ba,0,qwen-2-5,c0382117ea329cdf097041132f6d735924b697924d6f6fc3945713e96ce87539,flat-ragged,4 KiB single,4096,1,32615420,30755900,4194304,1.06046059455259,0.05870333690894561
0,ba,1,qwen-2-5,c0382117ea329cdf097041132f6d735924b697924d6f6fc3945713e96ce87539,flat-ragged,4 KiB single,4096,1,32089500,29976380,4194304,1.0704928346918474,0.06811913560329132
0,ba,2,qwen-2-5,c0382117ea329cdf097041132f6d735924b697924d6f6fc3945713e96ce87539,flat-ragged,4 KiB single,4096,1,27007320,25852239,4194304,1.0446801145541011,0.04371072808085524
0,ba,3,qwen-2-5,c0382117ea329cdf097041132f6d735924b697924d6f6fc3945713e96ce87539,flat-ragged,4 KiB single,4096,1,25957039,25096169,4194304,1.0343028451872476,0.03372762023149063
0,ba,4,qwen-2-5,c0382117ea329cdf097041132f6d735924b697924d6f6fc3945713e96ce87539,flat-ragged,4 KiB single,4096,1,29916590,28352460,4194304,1.0551673470309102,0.0536993771268811
0,ba,5,qwen-2-5,c0382117ea329cdf097041132f6d735924b697924d6f6fc3945713e96ce87539,flat-ragged,4 KiB single,4096,1,29982719,29001340,4194304,1.03383909157301,0.03327914654236185
0,ba,0,qwen-2-5,c0382117ea329cdf097041132f6d735924b697924d6f6fc3945713e96ce87539,flat-ragged,64 KiB single,65536,1,27018690,26807669,4194304,1.0078716653805297,0.007840845453051122
0,ba,1,qwen-2-5,c0382117ea329cdf097041132f6d735924b697924d6f6fc3945713e96ce87539,flat-ragged,64 KiB single,65536,1,28011939,27296419,4194304,1.026212962220429,0.025875290726823628
0,ba,2,qwen-2-5,c0382117ea329cdf097041132f6d735924b697924d6f6fc3945713e96ce87539,flat-ragged,64 KiB single,65536,1,26350630,24729750,4194304,1.0655437276963982,0.06348521131687178
0,ba,3,qwen-2-5,c0382117ea329cdf097041132f6d735924b697924d6f6fc3945713e96ce87539,flat-ragged,64 KiB single,65536,1,26318349,25152730,4194304,1.0463416495942985,0.045299937163592645
0,ba,4,qwen-2-5,c0382117ea329cdf097041132f6d735924b697924d6f6fc3945713e96ce87539,flat-ragged,64 KiB single,65536,1,26339900,24925980,4194304,1.0567247506417,0.055174266771881704
0,ba,5,qwen-2-5,c0382117ea329cdf097041132f6d735924b697924d6f6fc3945713e96ce87539,flat-ragged,64 KiB single,65536,1,29309729,29165000,4194304,1.004962420709755,0.004950148483326482
0,ba,0,qwen-2-5,c0382117ea329cdf097041132f6d735924b697924d6f6fc3945713e96ce87539,nested,140-byte batch 1,140,1,44115369,46289600,4194400,0.9530298166326777,-0.0481090886896883
0,ba,1,qwen-2-5,c0382117ea329cdf097041132f6d735924b697924d6f6fc3945713e96ce87539,nested,140-byte batch 1,140,1,38653100,40036039,4194400,0.9654576467966773,-0.03515304467679461
0,ba,2,qwen-2-5,c0382117ea329cdf097041132f6d735924b697924d6f6fc3945713e96ce87539,nested,140-byte batch 1,140,1,36779229,39762500,4194400,0.9249727507073248,-0.07799100059841177
0,ba,3,qwen-2-5,c0382117ea329cdf097041132f6d735924b697924d6f6fc3945713e96ce87539,nested,140-byte batch 1,140,1,42761689,43169640,4194400,0.9905500485989691,-0.009494885499191842
0,ba,4,qwen-2-5,c0382117ea329cdf097041132f6d735924b697924d6f6fc3945713e96ce87539,nested,140-byte batch 1,140,1,36035760,38607320,4194400,0.9333919059908846,-0.06893011703724818
0,ba,5,qwen-2-5,c0382117ea329cdf097041132f6d735924b697924d6f6fc3945713e96ce87539,nested,140-byte batch 1,140,1,34796360,41113900,4194400,0.8463405320341783,-0.16683348023044828
0,ba,0,qwen-2-5,c0382117ea329cdf097041132f6d735924b697924d6f6fc3945713e96ce87539,nested,140-byte batch 32,140,32,43755510,47865090,4197760,0.914142436585829,-0.08976888095422916
0,ba,1,qwen-2-5,c0382117ea329cdf097041132f6d735924b697924d6f6fc3945713e96ce87539,nested,140-byte batch 32,140,32,39661760,45066640,4197760,0.8800691598042366,-0.1277547839113386
0,ba,2,qwen-2-5,c0382117ea329cdf097041132f6d735924b697924d6f6fc3945713e96ce87539,nested,140-byte batch 32,140,32,39082999,40048720,4197760,0.9758863454312647,-0.024409148703009274
0,ba,3,qwen-2-5,c0382117ea329cdf097041132f6d735924b697924d6f6fc3945713e96ce87539,nested,140-byte batch 32,140,32,42996919,45137409,4197760,0.9525783591167141,-0.048582908575806626
0,ba,4,qwen-2-5,c0382117ea329cdf097041132f6d735924b697924d6f6fc3945713e96ce87539,nested,140-byte batch 32,140,32,38127050,39228900,4197760,0.9719122891541695,-0.028489716089056132
0,ba,5,qwen-2-5,c0382117ea329cdf097041132f6d735924b697924d6f6fc3945713e96ce87539,nested,140-byte batch 32,140,32,36457440,37059750,4197760,0.9837475967862708,-0.016385922164541503
0,ba,0,qwen-2-5,c0382117ea329cdf097041132f6d735924b697924d6f6fc3945713e96ce87539,nested,140-byte batch 512,140,512,14686130,15024279,4229120,0.9774931628998637,-0.022763981622920485
0,ba,1,qwen-2-5,c0382117ea329cdf097041132f6d735924b697924d6f6fc3945713e96ce87539,nested,140-byte batch 512,140,512,14006040,13956100,4229120,1.0035783635829494,0.0035719764723844355
0,ba,2,qwen-2-5,c0382117ea329cdf097041132f6d735924b697924d6f6fc3945713e96ce87539,nested,140-byte batch 512,140,512,13333120,13866910,4229120,0.9615062043382412,-0.039254261204240026
0,ba,3,qwen-2-5,c0382117ea329cdf097041132f6d735924b697924d6f6fc3945713e96ce87539,nested,140-byte batch 512,140,512,12503390,12255480,4229120,1.020228501862024,0.020026623640482265
0,ba,4,qwen-2-5,c0382117ea329cdf097041132f6d735924b697924d6f6fc3945713e96ce87539,nested,140-byte batch 512,140,512,11028730,11364400,4229120,0.9704630248847278,-0.029981976135718402
0,ba,5,qwen-2-5,c0382117ea329cdf097041132f6d735924b697924d6f6fc3945713e96ce87539,nested,140-byte batch 512,140,512,11633620,11440010,4229120,1.0169239362553004,0.016782321993333703
0,ba,0,qwen-2-5,c0382117ea329cdf097041132f6d735924b697924d6f6fc3945713e96ce87539,nested,4 KiB single,4096,1,32199379,34822550,4194304,0.9246703357450847,-0.07831799878216925
0,ba,1,qwen-2-5,c0382117ea329cdf097041132f6d735924b697924d6f6fc3945713e96ce87539,nested,4 KiB single,4096,1,29518770,32547140,4194304,0.9069543437610801,-0.09766316777336442
0,ba,2,qwen-2-5,c0382117ea329cdf097041132f6d735924b697924d6f6fc3945713e96ce87539,nested,4 KiB single,4096,1,27438080,29988000,4194304,0.914968654128318,-0.08886547207668606
0,ba,3,qwen-2-5,c0382117ea329cdf097041132f6d735924b697924d6f6fc3945713e96ce87539,nested,4 KiB single,4096,1,27442219,26465460,4194304,1.0369069345478976,0.03624218032894603
0,ba,4,qwen-2-5,c0382117ea329cdf097041132f6d735924b697924d6f6fc3945713e96ce87539,nested,4 KiB single,4096,1,30869400,29933420,4194304,1.0312687290660405,0.030789820020420036
0,ba,5,qwen-2-5,c0382117ea329cdf097041132f6d735924b697924d6f6fc3945713e96ce87539,nested,4 KiB single,4096,1,30690050,32587149,4194304,0.9417838301841011,-0.059979510374966516
0,ba,0,qwen-2-5,c0382117ea329cdf097041132f6d735924b697924d6f6fc3945713e96ce87539,nested,64 KiB single,65536,1,30127389,29740060,4194304,1.0130238136708534,0.012939733056231502
0,ba,1,qwen-2-5,c0382117ea329cdf097041132f6d735924b697924d6f6fc3945713e96ce87539,nested,64 KiB single,65536,1,29232680,31878959,4194304,0.9169897925462371,-0.0866589381439652
0,ba,2,qwen-2-5,c0382117ea329cdf097041132f6d735924b697924d6f6fc3945713e96ce87539,nested,64 KiB single,65536,1,28105980,30688290,4194304,0.9158535715088719,-0.08789878351777046
0,ba,3,qwen-2-5,c0382117ea329cdf097041132f6d735924b697924d6f6fc3945713e96ce87539,nested,64 KiB single,65536,1,25453099,26628729,4194304,0.9558510659671364,-0.04515316680436658
0,ba,4,qwen-2-5,c0382117ea329cdf097041132f6d735924b697924d6f6fc3945713e96ce87539,nested,64 KiB single,65536,1,25799530,25876280,4194304,0.9970339631508084,-0.0029704442536605375
0,ba,5,qwen-2-5,c0382117ea329cdf097041132f6d735924b697924d6f6fc3945713e96ce87539,nested,64 KiB single,65536,1,28306150,28709389,4194304,0.9859544555267268,-0.014145116595709948
0,ba,0,qwen-3,aeb13307a71acd8fe81861d94ad54ab689df773318809eed3cbe794b4492dae4,flat-ragged,140-byte batch 1,140,1,42104789,41519070,4194400,1.0141072283170118,0.01400864742523369
0,ba,1,qwen-3,aeb13307a71acd8fe81861d94ad54ab689df773318809eed3cbe794b4492dae4,flat-ragged,140-byte batch 1,140,1,40265690,38908129,4194400,1.034891449033697,0.03429654105634443
0,ba,2,qwen-3,aeb13307a71acd8fe81861d94ad54ab689df773318809eed3cbe794b4492dae4,flat-ragged,140-byte batch 1,140,1,35817860,34822370,4194400,1.0285876578762445,0.02818665533301052
0,ba,3,qwen-3,aeb13307a71acd8fe81861d94ad54ab689df773318809eed3cbe794b4492dae4,flat-ragged,140-byte batch 1,140,1,41228090,42615930,4194400,0.967433774177872,-0.03310830688318776
0,ba,4,qwen-3,aeb13307a71acd8fe81861d94ad54ab689df773318809eed3cbe794b4492dae4,flat-ragged,140-byte batch 1,140,1,38106270,36933080,4194400,1.0317652900868273,0.031271209106364335
0,ba,5,qwen-3,aeb13307a71acd8fe81861d94ad54ab689df773318809eed3cbe794b4492dae4,flat-ragged,140-byte batch 1,140,1,35388210,34142940,4194400,1.0364722545861604,0.035822884167024845
0,ba,0,qwen-3,aeb13307a71acd8fe81861d94ad54ab689df773318809eed3cbe794b4492dae4,flat-ragged,140-byte batch 32,140,32,38574480,37641260,4197760,1.024792475065925,0.024490128741583447
0,ba,1,qwen-3,aeb13307a71acd8fe81861d94ad54ab689df773318809eed3cbe794b4492dae4,flat-ragged,140-byte batch 32,140,32,35032060,34427190,4197760,1.0175695431430796,0.017416983068424145
0,ba,2,qwen-3,aeb13307a71acd8fe81861d94ad54ab689df773318809eed3cbe794b4492dae4,flat-ragged,140-byte batch 32,140,32,32673560,33389680,4197760,0.9785526545926765,-0.02168068205299139
0,ba,3,qwen-3,aeb13307a71acd8fe81861d94ad54ab689df773318809eed3cbe794b4492dae4,flat-ragged,140-byte batch 32,140,32,38011980,39295330,4197760,0.9673409028502878,-0.033204309098596285
0,ba,4,qwen-3,aeb13307a71acd8fe81861d94ad54ab689df773318809eed3cbe794b4492dae4,flat-ragged,140-byte batch 32,140,32,34059820,34245449,4197760,0.9945794549226088,-0.005435289538006107
0,ba,5,qwen-3,aeb13307a71acd8fe81861d94ad54ab689df773318809eed3cbe794b4492dae4,flat-ragged,140-byte batch 32,140,32,32421370,32222950,4197760,1.0061577229893601,0.00613884168407442
0,ba,0,qwen-3,aeb13307a71acd8fe81861d94ad54ab689df773318809eed3cbe794b4492dae4,flat-ragged,140-byte batch 512,140,512,12097870,12162279,4229120,0.9947041997638765,-0.005309872691457041
0,ba,1,qwen-3,aeb13307a71acd8fe81861d94ad54ab689df773318809eed3cbe794b4492dae4,flat-ragged,140-byte batch 512,140,512,11699920,12378450,4229120,0.9451845748054077,-0.05637505330592616
0,ba,2,qwen-3,aeb13307a71acd8fe81861d94ad54ab689df773318809eed3cbe794b4492dae4,flat-ragged,140-byte batch 512,140,512,11219290,12005780,4229120,0.934490720303054,-0.06775358225561587
0,ba,3,qwen-3,aeb13307a71acd8fe81861d94ad54ab689df773318809eed3cbe794b4492dae4,flat-ragged,140-byte batch 512,140,512,9736000,9653980,4229120,1.00849597782469,0.008460090129203516
0,ba,4,qwen-3,aeb13307a71acd8fe81861d94ad54ab689df773318809eed3cbe794b4492dae4,flat-ragged,140-byte batch 512,140,512,9343830,9645300,4229120,0.9687443625392679,-0.0317545176458167
0,ba,5,qwen-3,aeb13307a71acd8fe81861d94ad54ab689df773318809eed3cbe794b4492dae4,flat-ragged,140-byte batch 512,140,512,9321540,9453610,4229120,0.9860296754361562,-0.01406882804116754
0,ba,0,qwen-3,aeb13307a71acd8fe81861d94ad54ab689df773318809eed3cbe794b4492dae4,flat-ragged,4 KiB single,4096,1,32483010,32204050,4194304,1.0086622645288403,0.008624962374757213
0,ba,1,qwen-3,aeb13307a71acd8fe81861d94ad54ab689df773318809eed3cbe794b4492dae4,flat-ragged,4 KiB single,4096,1,30017190,30604880,4194304,0.9807975068028367,-0.019389255807054022
0,ba,2,qwen-3,aeb13307a71acd8fe81861d94ad54ab689df773318809eed3cbe794b4492dae4,flat-ragged,4 KiB single,4096,1,26635550,27806360,4194304,0.9578941652197555,-0.043017981832475786
0,ba,3,qwen-3,aeb13307a71acd8fe81861d94ad54ab689df773318809eed3cbe794b4492dae4,flat-ragged,4 KiB single,4096,1,25505349,26243490,4194304,0.971873367452271,-0.028529763407824402
0,ba,4,qwen-3,aeb13307a71acd8fe81861d94ad54ab689df773318809eed3cbe794b4492dae4,flat-ragged,4 KiB single,4096,1,30187079,29138000,4194304,1.0360038094584392,0.03537082091396636
0,ba,5,qwen-3,aeb13307a71acd8fe81861d94ad54ab689df773318809eed3cbe794b4492dae4,flat-ragged,4 KiB single,4096,1,29657800,30412840,4194304,0.9751736437636209,-0.025139727673713325
0,ba,0,qwen-3,aeb13307a71acd8fe81861d94ad54ab689df773318809eed3cbe794b4492dae4,flat-ragged,64 KiB single,65536,1,26995400,27632679,4194304,0.9769374876753716,-0.023332612942022303
0,ba,1,qwen-3,aeb13307a71acd8fe81861d94ad54ab689df773318809eed3cbe794b4492dae4,flat-ragged,64 KiB single,65536,1,27304010,28212829,4194304,0.9677870305030382,-0.03274322572217987
0,ba,2,qwen-3,aeb13307a71acd8fe81861d94ad54ab689df773318809eed3cbe794b4492dae4,flat-ragged,64 KiB single,65536,1,25197290,26009180,4194304,0.9687844830171501,-0.03171310357553846
0,ba,3,qwen-3,aeb13307a71acd8fe81861d94ad54ab689df773318809eed3cbe794b4492dae4,flat-ragged,64 KiB single,65536,1,25323430,24988040,4194304,1.0134220210948919,0.013332743737624869
0,ba,4,qwen-3,aeb13307a71acd8fe81861d94ad54ab689df773318809eed3cbe794b4492dae4,flat-ragged,64 KiB single,65536,1,25452960,25101810,4194304,1.0139890310698711,0.013892087625147832
0,ba,5,qwen-3,aeb13307a71acd8fe81861d94ad54ab689df773318809eed3cbe794b4492dae4,flat-ragged,64 KiB single,65536,1,29551520,29069090,4194304,1.0165959787526888,0.016459770438235016
0,ba,0,qwen-3,aeb13307a71acd8fe81861d94ad54ab689df773318809eed3cbe794b4492dae4,nested,140-byte batch 1,140,1,45694090,46276210,4194400,0.9874207503164153,-0.012659038271428323
0,ba,1,qwen-3,aeb13307a71acd8fe81861d94ad54ab689df773318809eed3cbe794b4492dae4,nested,140-byte batch 1,140,1,38668580,41577960,4194400,0.9300259079570041,-0.07254283520457881
0,ba,2,qwen-3,aeb13307a71acd8fe81861d94ad54ab689df773318809eed3cbe794b4492dae4,nested,140-byte batch 1,140,1,37200649,40614599,4194400,0.9159427869766731,-0.08780137589114381
0,ba,3,qwen-3,aeb13307a71acd8fe81861d94ad54ab689df773318809eed3cbe794b4492dae4,nested,140-byte batch 1,140,1,42724839,46688149,4194400,0.9151110060071133,-0.08870990302449315
0,ba,4,qwen-3,aeb13307a71acd8fe81861d94ad54ab689df773318809eed3cbe794b4492dae4,nested,140-byte batch 1,140,1,39632530,42561950,4194400,0.9311727963591894,-0.07131041596348556
0,ba,5,qwen-3,aeb13307a71acd8fe81861d94ad54ab689df773318809eed3cbe794b4492dae4,nested,140-byte batch 1,140,1,35838019,38260420,4194400,0.9366865026573153,-0.06540662833247365
0,ba,0,qwen-3,aeb13307a71acd8fe81861d94ad54ab689df773318809eed3cbe794b4492dae4,nested,140-byte batch 32,140,32,46185110,48679610,4197760,0.9487567792757584,-0.05260280481613091
0,ba,1,qwen-3,aeb13307a71acd8fe81861d94ad54ab689df773318809eed3cbe794b4492dae4,nested,140-byte batch 32,140,32,41158459,42276499,4197760,0.9735541015352288,-0.026801881461142762
0,ba,2,qwen-3,aeb13307a71acd8fe81861d94ad54ab689df773318809eed3cbe794b4492dae4,nested,140-byte batch 32,140,32,39834290,40288329,4197760,0.9887302598228882,-0.011333724880469201
0,ba,3,qwen-3,aeb13307a71acd8fe81861d94ad54ab689df773318809eed3cbe794b4492dae4,nested,140-byte batch 32,140,32,45318000,48349949,4197760,0.9372915781152117,-0.06476086253069442
0,ba,4,qwen-3,aeb13307a71acd8fe81861d94ad54ab689df773318809eed3cbe794b4492dae4,nested,140-byte batch 32,140,32,39988170,40252830,4197760,0.9934250585611,-0.0065966515806267995
0,ba,5,qwen-3,aeb13307a71acd8fe81861d94ad54ab689df773318809eed3cbe794b4492dae4,nested,140-byte batch 32,140,32,37658180,37595790,4197760,1.0016594943210397,0.0016581188818177541
0,ba,0,qwen-3,aeb13307a71acd8fe81861d94ad54ab689df773318809eed3cbe794b4492dae4,nested,140-byte batch 512,140,512,15029750,15015520,4229120,1.0009476861274202,0.0009472373564291735
0,ba,1,qwen-3,aeb13307a71acd8fe81861d94ad54ab689df773318809eed3cbe794b4492dae4,nested,140-byte batch 512,140,512,14170970,14442480,4229120,0.9812005971273632,-0.01897835802953795
0,ba,2,qwen-3,aeb13307a71acd8fe81861d94ad54ab689df773318809eed3cbe794b4492dae4,nested,140-byte batch 512,140,512,13577990,13883330,4229120,0.9780067174085756,-0.022238740454981906
0,ba,3,qwen-3,aeb13307a71acd8fe81861d94ad54ab689df773318809eed3cbe794b4492dae4,nested,140-byte batch 512,140,512,13201660,12996550,4229120,1.015781880575999,0.015658641635838157
0,ba,4,qwen-3,aeb13307a71acd8fe81861d94ad54ab689df773318809eed3cbe794b4492dae4,nested,140-byte batch 512,140,512,11770290,11765929,4229120,1.0003706464657403,0.00037057779330724365
0,ba,5,qwen-3,aeb13307a71acd8fe81861d94ad54ab689df773318809eed3cbe794b4492dae4,nested,140-byte batch 512,140,512,11736810,12196789,4229120,0.9622868773084456,-0.038442663511635715
0,ba,0,qwen-3,aeb13307a71acd8fe81861d94ad54ab689df773318809eed3cbe794b4492dae4,nested,4 KiB single,4096,1,33454969,31639709,4194304,1.0573728411977492,0.05578737997805803
0,ba,1,qwen-3,aeb13307a71acd8fe81861d94ad54ab689df773318809eed3cbe794b4492dae4,nested,4 KiB single,4096,1,31903560,30338990,4194304,1.0515696138862896,0.05028391833086925
0,ba,2,qwen-3,aeb13307a71acd8fe81861d94ad54ab689df773318809eed3cbe794b4492dae4,nested,4 KiB single,4096,1,29408130,28928860,4194304,1.0165671927618303,0.016431453979168904
0,ba,3,qwen-3,aeb13307a71acd8fe81861d94ad54ab689df773318809eed3cbe794b4492dae4,nested,4 KiB single,4096,1,26750469,26510020,4194304,1.0090701176385382,0.009029231165660442
0,ba,4,qwen-3,aeb13307a71acd8fe81861d94ad54ab689df773318809eed3cbe794b4492dae4,nested,4 KiB single,4096,1,30770830,30706430,4194304,1.002097280602141,0.0020950843793732256
0,ba,5,qwen-3,aeb13307a71acd8fe81861d94ad54ab689df773318809eed3cbe794b4492dae4,nested,4 KiB single,4096,1,32025739,32547240,4194304,0.9839771052783585,-0.016152649194102465
0,ba,0,qwen-3,aeb13307a71acd8fe81861d94ad54ab689df773318809eed3cbe794b4492dae4,nested,64 KiB single,65536,1,28486470,30140759,4194304,0.9451145540163737,-0.05644913765374018
0,ba,1,qwen-3,aeb13307a71acd8fe81861d94ad54ab689df773318809eed3cbe794b4492dae4,nested,64 KiB single,65536,1,28323190,28870100,4194304,0.9810561792304149,-0.019125553747192305
0,ba,2,qwen-3,aeb13307a71acd8fe81861d94ad54ab689df773318809eed3cbe794b4492dae4,nested,64 KiB single,65536,1,27772280,27885570,4194304,0.9959373252904639,-0.004070949792685672
0,ba,3,qwen-3,aeb13307a71acd8fe81861d94ad54ab689df773318809eed3cbe794b4492dae4,nested,64 KiB single,65536,1,25804260,26220500,4194304,0.9841253980663984,-0.01600195298994788
0,ba,4,qwen-3,aeb13307a71acd8fe81861d94ad54ab689df773318809eed3cbe794b4492dae4,nested,64 KiB single,65536,1,26260680,26575179,4194304,0.988165686485122,-0.011904896422572126
0,ba,5,qwen-3,aeb13307a71acd8fe81861d94ad54ab689df773318809eed3cbe794b4492dae4,nested,64 KiB single,65536,1,28909440,29049039,4194304,0.9951943677035237,-0.004817216475130306
1,ab,0,deepseek-r1,ecb6f9fc369894346f0511f4074ca75cee5cd5f3b06d02f1ba35fcd39f8e121d,flat-ragged,140-byte batch 1,140,1,47410640,48873020,4194400,0.9700779693990672,-0.03037882989129323
1,ab,1,deepseek-r1,ecb6f9fc369894346f0511f4074ca75cee5cd5f3b06d02f1ba35fcd39f8e121d,flat-ragged,140-byte batch 1,140,1,46208390,47926789,4194400,0.9641453342513724,-0.03651323406344203
1,ab,2,deepseek-r1,ecb6f9fc369894346f0511f4074ca75cee5cd5f3b06d02f1ba35fcd39f8e121d,flat-ragged,140-byte batch 1,140,1,41667580,45656390,4194400,0.912634135112303,-0.09142020694520146
1,ab,3,deepseek-r1,ecb6f9fc369894346f0511f4074ca75cee5cd5f3b06d02f1ba35fcd39f8e121d,flat-ragged,140-byte batch 1,140,1,36472990,38044130,4194400,0.9587021703479617,-0.04217481505699879
1,ab,4,deepseek-r1,ecb6f9fc369894346f0511f4074ca75cee5cd5f3b06d02f1ba35fcd39f8e121d,flat-ragged,140-byte batch 1,140,1,46711709,50987320,4194400,0.9161436412033424,-0.08758211306119809
1,ab,5,deepseek-r1,ecb6f9fc369894346f0511f4074ca75cee5cd5f3b06d02f1ba35fcd39f8e121d,flat-ragged,140-byte batch 1,140,1,42375360,44851370,4194400,0.9447952203020777,-0.05678707306385795
1,ab,0,deepseek-r1,ecb6f9fc369894346f0511f4074ca75cee5cd5f3b06d02f1ba35fcd39f8e121d,flat-ragged,140-byte batch 32,140,32,44278550,45473880,4197760,0.9737139210465436,-0.026637734040427883
1,ab,1,deepseek-r1,ecb6f9fc369894346f0511f4074ca75cee5cd5f3b06d02f1ba35fcd39f8e121d,flat-ragged,140-byte batch 32,140,32,43398680,44494129,4197760,0.9753799203485926,-0.02492822198677825
1,ab,2,deepseek-r1,ecb6f9fc369894346f0511f4074ca75cee5cd5f3b06d02f1ba35fcd39f8e121d,flat-ragged,140-byte batch 32,140,32,40235130,41043929,4197760,0.9802943085687532,-0.0199024375369278
1,ab,3,deepseek-r1,ecb6f9fc369894346f0511f4074ca75cee5cd5f3b06d02f1ba35fcd39f8e121d,flat-ragged,140-byte batch 32,140,32,33218150,35129810,4197760,0.9455829678555051,-0.05595364448966054
1,ab,4,deepseek-r1,ecb6f9fc369894346f0511f4074ca75cee5cd5f3b06d02f1ba35fcd39f8e121d,flat-ragged,140-byte batch 32,140,32,46660260,45791370,4197760,1.018974972795092,0.01879719338459761
1,ab,5,deepseek-r1,ecb6f9fc369894346f0511f4074ca75cee5cd5f3b06d02f1ba35fcd39f8e121d,flat-ragged,140-byte batch 32,140,32,39991069,42063709,4197760,0.9507261711039319,-0.050529195749564014
1,ab,0,deepseek-r1,ecb6f9fc369894346f0511f4074ca75cee5cd5f3b06d02f1ba35fcd39f8e121d,flat-ragged,140-byte batch 512,140,512,15023070,14326330,4229120,1.0486335300108263,0.047487916623356434
1,ab,1,deepseek-r1,ecb6f9fc369894346f0511f4074ca75cee5cd5f3b06d02f1ba35fcd39f8e121d,flat-ragged,140-byte batch 512,140,512,13642109,13979150,4229120,0.9758897357850799,-0.024405674581312868
1,ab,2,deepseek-r1,ecb6f9fc369894346f0511f4074ca75cee5cd5f3b06d02f1ba35fcd39f8e121d,flat-ragged,140-byte batch 512,140,512,13373100,13243540,4229120,1.009782882824381,0.009735340243730118
1,ab,3,deepseek-r1,ecb6f9fc369894346f0511f4074ca75cee5cd5f3b06d02f1ba35fcd39f8e121d,flat-ragged,140-byte batch 512,140,512,11581050,11877220,4229120,0.9750640301349979,-0.025252138207265733
1,ab,4,deepseek-r1,ecb6f9fc369894346f0511f4074ca75cee5cd5f3b06d02f1ba35fcd39f8e121d,flat-ragged,140-byte batch 512,140,512,11555400,11614400,4229120,0.9949200991872159,-0.0050928473723546724
1,ab,5,deepseek-r1,ecb6f9fc369894346f0511f4074ca75cee5cd5f3b06d02f1ba35fcd39f8e121d,flat-ragged,140-byte batch 512,140,512,11202440,11491150,4229120,0.9748754476270869,-0.025445562168008726
1,ab,0,deepseek-r1,ecb6f9fc369894346f0511f4074ca75cee5cd5f3b06d02f1ba35fcd39f8e121d,flat-ragged,4 KiB single,4096,1,34492160,34964019,4194304,0.9865044404649248,-0.01358745229804679
1,ab,1,deepseek-r1,ecb6f9fc369894346f0511f4074ca75cee5cd5f3b06d02f1ba35fcd39f8e121d,flat-ragged,4 KiB single,4096,1,36665890,38507729,4194304,0.9521696280764831,-0.04901207931046835
1,ab,2,deepseek-r1,ecb6f9fc369894346f0511f4074ca75cee5cd5f3b06d02f1ba35fcd39f8e121d,flat-ragged,4 KiB single,4096,1,34076070,34961280,4194304,0.9746802748640782,-0.025645784979195025
1,ab,3,deepseek-r1,ecb6f9fc369894346f0511f4074ca75cee5cd5f3b06d02f1ba35fcd39f8e121d,flat-ragged,4 KiB single,4096,1,32267709,33255120,4194304,0.9703080006928256,-0.030141731398125763
1,ab,4,deepseek-r1,ecb6f9fc369894346f0511f4074ca75cee5cd5f3b06d02f1ba35fcd39f8e121d,flat-ragged,4 KiB single,4096,1,32598349,33549690,4194304,0.9716438214481267,-0.028765980516191333
1,ab,5,deepseek-r1,ecb6f9fc369894346f0511f4074ca75cee5cd5f3b06d02f1ba35fcd39f8e121d,flat-ragged,4 KiB single,4096,1,36969579,37986190,4194304,0.9732373528379656,-0.027127287348195177
1,ab,0,deepseek-r1,ecb6f9fc369894346f0511f4074ca75cee5cd5f3b06d02f1ba35fcd39f8e121d,flat-ragged,64 KiB single,65536,1,32134910,33619010,4194304,0.9558553330392536,-0.045148702654307316
1,ab,1,deepseek-r1,ecb6f9fc369894346f0511f4074ca75cee5cd5f3b06d02f1ba35fcd39f8e121d,flat-ragged,64 KiB single,65536,1,33776929,35186600,4194304,0.9599372772589565,-0.04088733284334385
1,ab,2,deepseek-r1,ecb6f9fc369894346f0511f4074ca75cee5cd5f3b06d02f1ba35fcd39f8e121d,flat-ragged,64 KiB single,65536,1,31363779,32595670,4194304,0.9622069127586578,-0.0385257654164032
1,ab,3,deepseek-r1,ecb6f9fc369894346f0511f4074ca75cee5cd5f3b06d02f1ba35fcd39f8e121d,flat-ragged,64 KiB single,65536,1,31563940,32401140,4194304,0.9741614029629821,-0.026178277607262164
1,ab,4,deepseek-r1,ecb6f9fc369894346f0511f4074ca75cee5cd5f3b06d02f1ba35fcd39f8e121d,flat-ragged,64 KiB single,65536,1,29708080,30898229,4194304,0.9614816434948423,-0.03927980566457333
1,ab,5,deepseek-r1,ecb6f9fc369894346f0511f4074ca75cee5cd5f3b06d02f1ba35fcd39f8e121d,flat-ragged,64 KiB single,65536,1,32701950,33357789,4194304,0.9803392544991516,-0.019856589162960424
1,ab,0,deepseek-r1,ecb6f9fc369894346f0511f4074ca75cee5cd5f3b06d02f1ba35fcd39f8e121d,nested,140-byte batch 1,140,1,51930700,49536199,4194400,1.0483384080397449,0.047206442210013314
1,ab,1,deepseek-r1,ecb6f9fc369894346f0511f4074ca75cee5cd5f3b06d02f1ba35fcd39f8e121d,nested,140-byte batch 1,140,1,48956540,47131739,4194400,1.0387170310011264,0.03798632757540254
1,ab,2,deepseek-r1,ecb6f9fc369894346f0511f4074ca75cee5cd5f3b06d02f1ba35fcd39f8e121d,nested,140-byte batch 1,140,1,44655709,43741430,4194400,1.0209019000979163,0.02068645238996074
1,ab,3,deepseek-r1,ecb6f9fc369894346f0511f4074ca75cee5cd5f3b06d02f1ba35fcd39f8e121d,nested,140-byte batch 1,140,1,36629660,37306240,4194400,0.981864159990393,-0.018302310144824224
1,ab,4,deepseek-r1,ecb6f9fc369894346f0511f4074ca75cee5cd5f3b06d02f1ba35fcd39f8e121d,nested,140-byte batch 1,140,1,47878850,48936230,4194400,0.9783926959637063,-0.021844159923521587
1,ab,5,deepseek-r1,ecb6f9fc369894346f0511f4074ca75cee5cd5f3b06d02f1ba35fcd39f8e121d,nested,140-byte batch 1,140,1,44735780,45562599,4194400,0.9818531203630416,-0.018313553746397575
1,ab,0,deepseek-r1,ecb6f9fc369894346f0511f4074ca75cee5cd5f3b06d02f1ba35fcd39f8e121d,nested,140-byte batch 32,140,32,52350750,52200560,4197760,1.002877172198919,0.002873041061087435
1,ab,1,deepseek-r1,ecb6f9fc369894346f0511f4074ca75cee5cd5f3b06d02f1ba35fcd39f8e121d,nested,140-byte batch 32,140,32,49978490,48598370,4197760,1.0283984833236177,0.028002721616228368
1,ab,2,deepseek-r1,ecb6f9fc369894346f0511f4074ca75cee5cd5f3b06d02f1ba35fcd39f8e121d,nested,140-byte batch 32,140,32,46123820,45378109,4197760,1.0164332762301753,0.01629971123351667
1,ab,3,deepseek-r1,ecb6f9fc369894346f0511f4074ca75cee5cd5f3b06d02f1ba35fcd39f8e121d,nested,140-byte batch 32,140,32,38772960,39268810,4197760,0.9873729303230732,-0.012707468640454009
1,ab,4,deepseek-r1,ecb6f9fc369894346f0511f4074ca75cee5cd5f3b06d02f1ba35fcd39f8e121d,nested,140-byte batch 32,140,32,47149559,49101390,4197760,0.9602489664752871,-0.04056268806465614
1,ab,5,deepseek-r1,ecb6f9fc369894346f0511f4074ca75cee5cd5f3b06d02f1ba35fcd39f8e121d,nested,140-byte batch 32,140,32,46756219,46171579,4197760,1.0126623349831723,0.01258283799451801
1,ab,0,deepseek-r1,ecb6f9fc369894346f0511f4074ca75cee5cd5f3b06d02f1ba35fcd39f8e121d,nested,140-byte batch 512,140,512,16796850,16426990,4229120,1.0225153847418182,0.022265655023894024
1,ab,1,deepseek-r1,ecb6f9fc369894346f0511f4074ca75cee5cd5f3b06d02f1ba35fcd39f8e121d,nested,140-byte batch 512,140,512,15576330,15757990,4229120,0.9884718799796167,-0.011595083938848623
1,ab,2,deepseek-r1,ecb6f9fc369894346f0511f4074ca75cee5cd5f3b06d02f1ba35fcd39f8e121d,nested,140-byte batch 512,140,512,15431330,14940509,4229120,1.032851692000587,0.03232360964695414
1,ab,3,deepseek-r1,ecb6f9fc369894346f0511f4074ca75cee5cd5f3b06d02f1ba35fcd39f8e121d,nested,140-byte batch 512,140,512,13977899,14161430,4229120,0.9870400799919217,-0.013044632478582866
1,ab,4,deepseek-r1,ecb6f9fc369894346f0511f4074ca75cee5cd5f3b06d02f1ba35fcd39f8e121d,nested,140-byte batch 512,140,512,13098389,13551789,4229120,0.9665431626776362,-0.034029322585309295
1,ab,5,deepseek-r1,ecb6f9fc369894346f0511f4074ca75cee5cd5f3b06d02f1ba35fcd39f8e121d,nested,140-byte batch 512,140,512,14016510,14154570,4229120,0.990246259688567,-0.00980161962577808
1,ab,0,deepseek-r1,ecb6f9fc369894346f0511f4074ca75cee5cd5f3b06d02f1ba35fcd39f8e121d,nested,4 KiB single,4096,1,36995189,36047379,4194304,1.0262934511826782,0.025953720652074894
1,ab,1,deepseek-r1,ecb6f9fc369894346f0511f4074ca75cee5cd5f3b06d02f1ba35fcd39f8e121d,nested,4 KiB single,4096,1,38290439,37678679,4194304,1.0162362380061147,0.016105839850787958
1,ab,2,deepseek-r1,ecb6f9fc369894346f0511f4074ca75cee5cd5f3b06d02f1ba35fcd39f8e121d,nested,4 KiB single,4096,1,35770949,35344910,4194304,1.012053758235627,0.011981690240607534
1,ab,3,deepseek-r1,ecb6f9fc369894346f0511f4074ca75cee5cd5f3b06d02f1ba35fcd39f8e121d,nested,4 KiB single,4096,1,34913290,34047480,4194304,1.0254294884672817,0.02511153796769225
1,ab,4,deepseek-r1,ecb6f9fc369894346f0511f4074ca75cee5cd5f3b06d02f1ba35fcd39f8e121d,nested,4 KiB single,4096,1,34766290,35241559,4194304,0.9865139621093381,-0.013577800442391609
1,ab,5,deepseek-r1,ecb6f9fc369894346f0511f4074ca75cee5cd5f3b06d02f1ba35fcd39f8e121d,nested,4 KiB single,4096,1,38038450,38461249,4194304,0.9890071432677602,-0.011053724667854259
1,ab,0,deepseek-r1,ecb6f9fc369894346f0511f4074ca75cee5cd5f3b06d02f1ba35fcd39f8e121d,nested,64 KiB single,65536,1,33733459,37398810,4194304,0.9019928441573408,-0.10314869225769974
1,ab,1,deepseek-r1,ecb6f9fc369894346f0511f4074ca75cee5cd5f3b06d02f1ba35fcd39f8e121d,nested,64 KiB single,65536,1,34710359,37499470,4194304,0.925622655466864,-0.07728862688226727
1,ab,2,deepseek-r1,ecb6f9fc369894346f0511f4074ca75cee5cd5f3b06d02f1ba35fcd39f8e121d,nested,64 KiB single,65536,1,35195819,36727150,4194304,0.9583052047327386,-0.04258896643279135
1,ab,3,deepseek-r1,ecb6f9fc369894346f0511f4074ca75cee5cd5f3b06d02f1ba35fcd39f8e121d,nested,64 KiB single,65536,1,32573620,33012240,4194304,0.9867134129644035,-0.013375643449979872
1,ab,4,deepseek-r1,ecb6f9fc369894346f0511f4074ca75cee5cd5f3b06d02f1ba35fcd39f8e121d,nested,64 KiB single,65536,1,29987410,31103620,4194304,0.9641131803950794,-0.036546584214422
1,ab,5,deepseek-r1,ecb6f9fc369894346f0511f4074ca75cee5cd5f3b06d02f1ba35fcd39f8e121d,nested,64 KiB single,65536,1,31674770,32912750,4194304,0.9623860054234301,-0.03833965575799457
1,ab,0,gemma-3,4667f2089529e8e7657cfb6d1c19910ae71ff5f28aa7ab2ff2763330affad795,flat-ragged,140-byte batch 1,140,1,243663108,231896069,4194400,1.0507427273379093,0.04949727347814558
1,ab,1,gemma-3,4667f2089529e8e7657cfb6d1c19910ae71ff5f28aa7ab2ff2763330affad795,flat-ragged,140-byte batch 1,140,1,211428128,208704089,4194400,1.013052159222429,0.012967713795312166
1,ab,2,gemma-3,4667f2089529e8e7657cfb6d1c19910ae71ff5f28aa7ab2ff2763330affad795,flat-ragged,140-byte batch 1,140,1,204710008,199055648,4194400,1.0284059259649845,0.028009958708227183
1,ab,3,gemma-3,4667f2089529e8e7657cfb6d1c19910ae71ff5f28aa7ab2ff2763330affad795,flat-ragged,140-byte batch 1,140,1,174200209,165373309,4194400,1.0533756024679897,0.051999867050873914
1,ab,4,gemma-3,4667f2089529e8e7657cfb6d1c19910ae71ff5f28aa7ab2ff2763330affad795,flat-ragged,140-byte batch 1,140,1,164587318,160430079,4194400,1.0259130895273074,0.025583035097594003
1,ab,5,gemma-3,4667f2089529e8e7657cfb6d1c19910ae71ff5f28aa7ab2ff2763330affad795,flat-ragged,140-byte batch 1,140,1,169651389,167033139,4194400,1.0156750332040398,0.015553448784999972
1,ab,0,gemma-3,4667f2089529e8e7657cfb6d1c19910ae71ff5f28aa7ab2ff2763330affad795,flat-ragged,140-byte batch 32,140,32,78907419,77007919,4197760,1.0246662943846074,0.024366993128066523
1,ab,1,gemma-3,4667f2089529e8e7657cfb6d1c19910ae71ff5f28aa7ab2ff2763330affad795,flat-ragged,140-byte batch 32,140,32,70974149,69445559,4197760,1.0220113427267539,0.021772590278391728
1,ab,2,gemma-3,4667f2089529e8e7657cfb6d1c19910ae71ff5f28aa7ab2ff2763330affad795,flat-ragged,140-byte batch 32,140,32,69064210,66937680,4197760,1.0317688034601737,0.03127461430655702
1,ab,3,gemma-3,4667f2089529e8e7657cfb6d1c19910ae71ff5f28aa7ab2ff2763330affad795,flat-ragged,140-byte batch 32,140,32,58107049,57468760,4197760,1.0111067125861077,0.011045485987559096
1,ab,4,gemma-3,4667f2089529e8e7657cfb6d1c19910ae71ff5f28aa7ab2ff2763330affad795,flat-ragged,140-byte batch 32,140,32,64437690,63022400,4197760,1.022456935946584,0.02220849161423923
1,ab,5,gemma-3,4667f2089529e8e7657cfb6d1c19910ae71ff5f28aa7ab2ff2763330affad795,flat-ragged,140-byte batch 32,140,32,65306179,65841200,4197760,0.9918740697314143,-0.008159125590836591
1,ab,0,gemma-3,4667f2089529e8e7657cfb6d1c19910ae71ff5f28aa7ab2ff2763330affad795,flat-ragged,140-byte batch 512,140,512,63393529,60510919,4229120,1.0476378486335665,0.04653796189680754
1,ab,1,gemma-3,4667f2089529e8e7657cfb6d1c19910ae71ff5f28aa7ab2ff2763330affad795,flat-ragged,140-byte batch 512,140,512,56585059,56280100,4229120,1.005418593783593,0.005403966021771759
1,ab,2,gemma-3,4667f2089529e8e7657cfb6d1c19910ae71ff5f28aa7ab2ff2763330affad795,flat-ragged,140-byte batch 512,140,512,55197980,54202809,4229120,1.018360137017991,0.018193624739650905
1,ab,3,gemma-3,4667f2089529e8e7657cfb6d1c19910ae71ff5f28aa7ab2ff2763330affad795,flat-ragged,140-byte batch 512,140,512,45517270,45072820,4229120,1.0098607098468655,0.009812410299858375
1,ab,4,gemma-3,4667f2089529e8e7657cfb6d1c19910ae71ff5f28aa7ab2ff2763330affad795,flat-ragged,140-byte batch 512,140,512,46702870,44945930,4229120,1.039090080013919,0.03834540712116322
1,ab,5,gemma-3,4667f2089529e8e7657cfb6d1c19910ae71ff5f28aa7ab2ff2763330affad795,flat-ragged,140-byte batch 512,140,512,47878480,47754450,4229120,1.0025972448640912,0.0025938778523583723
1,ab,0,gemma-3,4667f2089529e8e7657cfb6d1c19910ae71ff5f28aa7ab2ff2763330affad795,flat-ragged,4 KiB single,4096,1,162364599,171964179,4194304,0.9441768625546137,-0.05744177598420643
1,ab,1,gemma-3,4667f2089529e8e7657cfb6d1c19910ae71ff5f28aa7ab2ff2763330affad795,flat-ragged,4 KiB single,4096,1,170726748,177341449,4194304,0.9627007615123299,-0.03801265118125484
1,ab,2,gemma-3,4667f2089529e8e7657cfb6d1c19910ae71ff5f28aa7ab2ff2763330affad795,flat-ragged,4 KiB single,4096,1,158341639,158604489,4194304,0.9983427329096594,-0.0016586418765802899
1,ab,3,gemma-3,4667f2089529e8e7657cfb6d1c19910ae71ff5f28aa7ab2ff2763330affad795,flat-ragged,4 KiB single,4096,1,162370799,164976049,4194304,0.9842083137777169,-0.015917703341762127
1,ab,4,gemma-3,4667f2089529e8e7657cfb6d1c19910ae71ff5f28aa7ab2ff2763330affad795,flat-ragged,4 KiB single,4096,1,175598558,176540739,4194304,0.9946630958648021,-0.005351196281294455
1,ab,5,gemma-3,4667f2089529e8e7657cfb6d1c19910ae71ff5f28aa7ab2ff2763330affad795,flat-ragged,4 KiB single,4096,1,155908259,161266169,4194304,0.9667759826303061,-0.03378847258973522
1,ab,0,gemma-3,4667f2089529e8e7657cfb6d1c19910ae71ff5f28aa7ab2ff2763330affad795,flat-ragged,64 KiB single,65536,1,87339259,87608219,4194304,0.9969299684085576,-0.0030747538058034604
1,ab,1,gemma-3,4667f2089529e8e7657cfb6d1c19910ae71ff5f28aa7ab2ff2763330affad795,flat-ragged,64 KiB single,65536,1,87593489,87034089,4194304,1.0064273666379158,0.006406799199569054
1,ab,2,gemma-3,4667f2089529e8e7657cfb6d1c19910ae71ff5f28aa7ab2ff2763330affad795,flat-ragged,64 KiB single,65536,1,78314099,78183349,4194304,1.0016723509759091,0.0016709541541164953
1,ab,3,gemma-3,4667f2089529e8e7657cfb6d1c19910ae71ff5f28aa7ab2ff2763330affad795,flat-ragged,64 KiB single,65536,1,80714779,80445620,4194304,1.003345850277492,0.003340265374484498
1,ab,4,gemma-3,4667f2089529e8e7657cfb6d1c19910ae71ff5f28aa7ab2ff2763330affad795,flat-ragged,64 KiB single,65536,1,83649740,83211889,4194304,1.005261880306551,0.0052480849860936235
1,ab,5,gemma-3,4667f2089529e8e7657cfb6d1c19910ae71ff5f28aa7ab2ff2763330affad795,flat-ragged,64 KiB single,65536,1,92135919,93990549,4194304,0.980267909702283,-0.019929367431042705
1,ab,0,gemma-3,4667f2089529e8e7657cfb6d1c19910ae71ff5f28aa7ab2ff2763330affad795,nested,140-byte batch 1,140,1,218623369,215744838,4194400,1.0133422937331182,0.013254069210713702
1,ab,1,gemma-3,4667f2089529e8e7657cfb6d1c19910ae71ff5f28aa7ab2ff2763330affad795,nested,140-byte batch 1,140,1,207761129,199804788,4194400,1.0398205722677676,0.03904817160323603
1,ab,2,gemma-3,4667f2089529e8e7657cfb6d1c19910ae71ff5f28aa7ab2ff2763330affad795,nested,140-byte batch 1,140,1,203527369,196513568,4194400,1.0356911793490005,0.035069009968338886
1,ab,3,gemma-3,4667f2089529e8e7657cfb6d1c19910ae71ff5f28aa7ab2ff2763330affad795,nested,140-byte batch 1,140,1,166370799,159053239,4194400,1.0460069851202465,0.044980043555659925
1,ab,4,gemma-3,4667f2089529e8e7657cfb6d1c19910ae71ff5f28aa7ab2ff2763330affad795,nested,140-byte batch 1,140,1,164124488,163660069,4194400,1.0028377050238197,0.0028336863396836473
1,ab,5,gemma-3,4667f2089529e8e7657cfb6d1c19910ae71ff5f28aa7ab2ff2763330affad795,nested,140-byte batch 1,140,1,164770318,182430229,4194400,0.9031963556873023,-0.10181530104488003
1,ab,0,gemma-3,4667f2089529e8e7657cfb6d1c19910ae71ff5f28aa7ab2ff2763330affad795,nested,140-byte batch 32,140,32,50190019,53196730,4197760,0.9434794018354136,-0.05818074606482594
1,ab,1,gemma-3,4667f2089529e8e7657cfb6d1c19910ae71ff5f28aa7ab2ff2763330affad795,nested,140-byte batch 32,140,32,52621050,50459590,4197760,1.0428354649730607,0.04194341187084561
1,ab,2,gemma-3,4667f2089529e8e7657cfb6d1c19910ae71ff5f28aa7ab2ff2763330affad795,nested,140-byte batch 32,140,32,49622260,49880470,4197760,0.994823424879517,-0.005190020004511171
1,ab,3,gemma-3,4667f2089529e8e7657cfb6d1c19910ae71ff5f28aa7ab2ff2763330affad795,nested,140-byte batch 32,140,32,49249449,49284680,4197760,0.9992851531145175,-0.0007151025103463722
1,ab,4,gemma-3,4667f2089529e8e7657cfb6d1c19910ae71ff5f28aa7ab2ff2763330affad795,nested,140-byte batch 32,140,32,48741989,49924640,4197760,0.9763112763557233,-0.02397381272428738
1,ab,5,gemma-3,4667f2089529e8e7657cfb6d1c19910ae71ff5f28aa7ab2ff2763330affad795,nested,140-byte batch 32,140,32,50000870,49477930,4197760,1.0105691567937463,0.010513693712475052
1,ab,0,gemma-3,4667f2089529e8e7657cfb6d1c19910ae71ff5f28aa7ab2ff2763330affad795,nested,140-byte batch 512,140,512,38348790,38394060,4229120,0.998820911359726,-0.0011797843121778534
1,ab,1,gemma-3,4667f2089529e8e7657cfb6d1c19910ae71ff5f28aa7ab2ff2763330affad795,nested,140-byte batch 512,140,512,37644880,37633860,4229120,1.0002928214113567,0.00029277854753462094
1,ab,2,gemma-3,4667f2089529e8e7657cfb6d1c19910ae71ff5f28aa7ab2ff2763330affad795,nested,140-byte batch 512,140,512,38037230,37309490,4229120,1.0195054931064456,0.019317699057529336
1,ab,3,gemma-3,4667f2089529e8e7657cfb6d1c19910ae71ff5f28aa7ab2ff2763330affad795,nested,140-byte batch 512,140,512,38914829,36968140,4229120,1.0526585595055635,0.051318925589353824
1,ab,4,gemma-3,4667f2089529e8e7657cfb6d1c19910ae71ff5f28aa7ab2ff2763330affad795,nested,140-byte batch 512,140,512,37341699,36442360,4229120,1.0246783962399801,0.024378803591604655
1,ab,5,gemma-3,4667f2089529e8e7657cfb6d1c19910ae71ff5f28aa7ab2ff2763330affad795,nested,140-byte batch 512,140,512,37503039,37188820,4229120,1.0084492866404473,0.008413791218594811
1,ab,0,gemma-3,4667f2089529e8e7657cfb6d1c19910ae71ff5f28aa7ab2ff2763330affad795,nested,4 KiB single,4096,1,140986649,137296809,4194304,1.0268749144781653,0.0265201265258037
1,ab,1,gemma-3,4667f2089529e8e7657cfb6d1c19910ae71ff5f28aa7ab2ff2763330affad795,nested,4 KiB single,4096,1,137220509,136159149,4194304,1.007794995839758,0.007764771822144077
1,ab,2,gemma-3,4667f2089529e8e7657cfb6d1c19910ae71ff5f28aa7ab2ff2763330affad795,nested,4 KiB single,4096,1,139881229,138382259,4194304,1.010832096620131,0.010773849708147496
1,ab,3,gemma-3,4667f2089529e8e7657cfb6d1c19910ae71ff5f28aa7ab2ff2763330affad795,nested,4 KiB single,4096,1,138425719,147780949,4194304,0.9366952908118082,-0.06539724620382951
1,ab,4,gemma-3,4667f2089529e8e7657cfb6d1c19910ae71ff5f28aa7ab2ff2763330affad795,nested,4 KiB single,4096,1,138084309,149282429,4194304,0.9249870190683995,-0.07797557500774957
1,ab,5,gemma-3,4667f2089529e8e7657cfb6d1c19910ae71ff5f28aa7ab2ff2763330affad795,nested,4 KiB single,4096,1,134626779,144447719,4194304,0.9320104182468952,-0.07041128598252643
1,ab,0,gemma-3,4667f2089529e8e7657cfb6d1c19910ae71ff5f28aa7ab2ff2763330affad795,nested,64 KiB single,65536,1,74222879,76354660,4194304,0.9720805383718557,-0.028316619547007236
1,ab,1,gemma-3,4667f2089529e8e7657cfb6d1c19910ae71ff5f28aa7ab2ff2763330affad795,nested,64 KiB single,65536,1,73575280,74387629,4194304,0.9890795148209388,-0.01098055137899456
1,ab,2,gemma-3,4667f2089529e8e7657cfb6d1c19910ae71ff5f28aa7ab2ff2763330affad795,nested,64 KiB single,65536,1,75802620,77197809,4194304,0.9819270907027944,-0.018238219104189733
1,ab,3,gemma-3,4667f2089529e8e7657cfb6d1c19910ae71ff5f28aa7ab2ff2763330affad795,nested,64 KiB single,65536,1,92811409,94761270,4194304,0.9794234395549997,-0.020791207434443033
1,ab,4,gemma-3,4667f2089529e8e7657cfb6d1c19910ae71ff5f28aa7ab2ff2763330affad795,nested,64 KiB single,65536,1,96790879,99879010,4194304,0.9690812814424172,-0.03140678883173004
1,ab,5,gemma-3,4667f2089529e8e7657cfb6d1c19910ae71ff5f28aa7ab2ff2763330affad795,nested,64 KiB single,65536,1,79043460,78437320,4194304,1.0077276990085842,0.007697993282392656
1,ab,0,glm-4-7,9340665016419c825c4bdabbcc9acc43b7ca2c68ce142724afa829abb1be5efd,flat-ragged,140-byte batch 1,140,1,60792870,57348709,4194400,1.0600564696234052,0.058322179934635184
1,ab,1,glm-4-7,9340665016419c825c4bdabbcc9acc43b7ca2c68ce142724afa829abb1be5efd,flat-ragged,140-byte batch 1,140,1,54722750,55013300,4194400,0.9947185498779386,-0.00529544628151981
1,ab,2,glm-4-7,9340665016419c825c4bdabbcc9acc43b7ca2c68ce142724afa829abb1be5efd,flat-ragged,140-byte batch 1,140,1,50674090,51434220,4194400,0.9852213176363908,-0.014888975092879774
1,ab,3,glm-4-7,9340665016419c825c4bdabbcc9acc43b7ca2c68ce142724afa829abb1be5efd,flat-ragged,140-byte batch 1,140,1,57785780,61876899,4194400,0.9338829342433596,-0.06840418667797482
1,ab,4,glm-4-7,9340665016419c825c4bdabbcc9acc43b7ca2c68ce142724afa829abb1be5efd,flat-ragged,140-byte batch 1,140,1,51461750,51523980,4194400,0.9987922128686487,-0.0012085170940475038
1,ab,5,glm-4-7,9340665016419c825c4bdabbcc9acc43b7ca2c68ce142724afa829abb1be5efd,flat-ragged,140-byte batch 1,140,1,48640180,48908740,4194400,0.9945089568858245,-0.005506174307526931
1,ab,0,glm-4-7,9340665016419c825c4bdabbcc9acc43b7ca2c68ce142724afa829abb1be5efd,flat-ragged,140-byte batch 32,140,32,58472989,60223439,4197760,0.9709340743559995,-0.0294967075827781
1,ab,1,glm-4-7,9340665016419c825c4bdabbcc9acc43b7ca2c68ce142724afa829abb1be5efd,flat-ragged,140-byte batch 32,140,32,52158160,53750339,4197760,0.9703782519399552,-0.03006933304206492
1,ab,2,glm-4-7,9340665016419c825c4bdabbcc9acc43b7ca2c68ce142724afa829abb1be5efd,flat-ragged,140-byte batch 32,140,32,49685620,51902600,4197760,0.9572857621776173,-0.04365333003543131
1,ab,3,glm-4-7,9340665016419c825c4bdabbcc9acc43b7ca2c68ce142724afa829abb1be5efd,flat-ragged,140-byte batch 32,140,32,56623339,57501369,4197760,0.9847302765956755,-0.01538750617590033
1,ab,4,glm-4-7,9340665016419c825c4bdabbcc9acc43b7ca2c68ce142724afa829abb1be5efd,flat-ragged,140-byte batch 32,140,32,50406579,54615260,4197760,0.9229394678337154,-0.08019162860851677
1,ab,5,glm-4-7,9340665016419c825c4bdabbcc9acc43b7ca2c68ce142724afa829abb1be5efd,flat-ragged,140-byte batch 32,140,32,47538770,48363920,4197760,0.9829387278781373,-0.017208492539489025
1,ab,0,glm-4-7,9340665016419c825c4bdabbcc9acc43b7ca2c68ce142724afa829abb1be5efd,flat-ragged,140-byte batch 512,140,512,16862410,17043740,4229120,0.9893609031820481,-0.010696096653498561
1,ab,1,glm-4-7,9340665016419c825c4bdabbcc9acc43b7ca2c68ce142724afa829abb1be5efd,flat-ragged,140-byte batch 512,140,512,16345730,16084290,4229120,1.0162543699473212,0.0161236819418028
1,ab,2,glm-4-7,9340665016419c825c4bdabbcc9acc43b7ca2c68ce142724afa829abb1be5efd,flat-ragged,140-byte batch 512,140,512,15291050,15278670,4229120,1.0008102799523781,0.0008099518528005771
1,ab,3,glm-4-7,9340665016419c825c4bdabbcc9acc43b7ca2c68ce142724afa829abb1be5efd,flat-ragged,140-byte batch 512,140,512,13089190,13129380,4229120,0.9969389262859327,-0.003065768383142031
1,ab,4,glm-4-7,9340665016419c825c4bdabbcc9acc43b7ca2c68ce142724afa829abb1be5efd,flat-ragged,140-byte batch 512,140,512,12486930,12660300,4229120,0.9863060117058837,-0.013788615830500589
1,ab,5,glm-4-7,9340665016419c825c4bdabbcc9acc43b7ca2c68ce142724afa829abb1be5efd,flat-ragged,140-byte batch 512,140,512,12527640,12525050,4229120,1.0002067856016543,0.00020676422445874552
1,ab,0,glm-4-7,9340665016419c825c4bdabbcc9acc43b7ca2c68ce142724afa829abb1be5efd,flat-ragged,4 KiB single,4096,1,44608610,44113740,4194304,1.0112180468035583,0.011155591169277439
1,ab,1,glm-4-7,9340665016419c825c4bdabbcc9acc43b7ca2c68ce142724afa829abb1be5efd,flat-ragged,4 KiB single,4096,1,41782189,40410420,4194304,1.0339459228585102,0.03338247574230247
1,ab,2,glm-4-7,9340665016419c825c4bdabbcc9acc43b7ca2c68ce142724afa829abb1be5efd,flat-ragged,4 KiB single,4096,1,38264820,37071620,4194304,1.0321863463209862,0.031679218899396976
1,ab,3,glm-4-7,9340665016419c825c4bdabbcc9acc43b7ca2c68ce142724afa829abb1be5efd,flat-ragged,4 KiB single,4096,1,36493290,36396700,4194304,1.0026538120214195,0.002650296879940018
1,ab,4,glm-4-7,9340665016419c825c4bdabbcc9acc43b7ca2c68ce142724afa829abb1be5efd,flat-ragged,4 KiB single,4096,1,42604440,40752470,4194304,1.0454443620227192,0.04444202184947238
1,ab,5,glm-4-7,9340665016419c825c4bdabbcc9acc43b7ca2c68ce142724afa829abb1be5efd,flat-ragged,4 KiB single,4096,1,43200380,41601389,4194304,1.038436000297971,0.03771573537479367
1,ab,0,glm-4-7,9340665016419c825c4bdabbcc9acc43b7ca2c68ce142724afa829abb1be5efd,flat-ragged,64 KiB single,65536,1,17124410,17358240,4194304,0.9865291642470665,-0.013562390604131452
1,ab,1,glm-4-7,9340665016419c825c4bdabbcc9acc43b7ca2c68ce142724afa829abb1be5efd,flat-ragged,64 KiB single,65536,1,16642210,16774690,4194304,0.9921023875851059,-0.007928963731952104
1,ab,2,glm-4-7,9340665016419c825c4bdabbcc9acc43b7ca2c68ce142724afa829abb1be5efd,flat-ragged,64 KiB single,65536,1,16111200,16646140,4194304,0.9678640213286683,-0.03266367540695346
1,ab,3,glm-4-7,9340665016419c825c4bdabbcc9acc43b7ca2c68ce142724afa829abb1be5efd,flat-ragged,64 KiB single,65536,1,16325320,17076460,4194304,0.9560131315272603,-0.044983630117896425
1,ab,4,glm-4-7,9340665016419c825c4bdabbcc9acc43b7ca2c68ce142724afa829abb1be5efd,flat-ragged,64 KiB single,65536,1,16093650,16460530,4194304,0.9777115317672032,-0.022540609749026077
1,ab,5,glm-4-7,9340665016419c825c4bdabbcc9acc43b7ca2c68ce142724afa829abb1be5efd,flat-ragged,64 KiB single,65536,1,15673310,16082450,4194304,0.9745598462920761,-0.025769349614304018
1,ab,0,glm-4-7,9340665016419c825c4bdabbcc9acc43b7ca2c68ce142724afa829abb1be5efd,nested,140-byte batch 1,140,1,61018719,65216760,4194400,0.9356294148927362,-0.06653580516314599
1,ab,1,glm-4-7,9340665016419c825c4bdabbcc9acc43b7ca2c68ce142724afa829abb1be5efd,nested,140-byte batch 1,140,1,55228699,57260320,4194400,0.964519566079966,-0.03612516060057557
1,ab,2,glm-4-7,9340665016419c825c4bdabbcc9acc43b7ca2c68ce142724afa829abb1be5efd,nested,140-byte batch 1,140,1,53006949,54821679,4194400,0.9668975844391778,-0.033662699748752176
1,ab,3,glm-4-7,9340665016419c825c4bdabbcc9acc43b7ca2c68ce142724afa829abb1be5efd,nested,140-byte batch 1,140,1,60390010,63353489,4194400,0.9532231129370002,-0.04790628632071971
1,ab,4,glm-4-7,9340665016419c825c4bdabbcc9acc43b7ca2c68ce142724afa829abb1be5efd,nested,140-byte batch 1,140,1,53230780,52141210,4194400,1.0208965231148261,0.020681185481113133
1,ab,5,glm-4-7,9340665016419c825c4bdabbcc9acc43b7ca2c68ce142724afa829abb1be5efd,nested,140-byte batch 1,140,1,49913449,51099019,4194400,0.9767985761135649,-0.02347481389190021
1,ab,0,glm-4-7,9340665016419c825c4bdabbcc9acc43b7ca2c68ce142724afa829abb1be5efd,nested,140-byte batch 32,140,32,61691140,62007640,4197760,0.994895790260684,-0.00511728071481822
1,ab,1,glm-4-7,9340665016419c825c4bdabbcc9acc43b7ca2c68ce142724afa829abb1be5efd,nested,140-byte batch 32,140,32,56798439,55440690,4197760,1.024490117276679,0.024195042263447302
1,ab,2,glm-4-7,9340665016419c825c4bdabbcc9acc43b7ca2c68ce142724afa829abb1be5efd,nested,140-byte batch 32,140,32,55950030,54843900,4197760,1.020168696974504,0.019968002811585592
1,ab,3,glm-4-7,9340665016419c825c4bdabbcc9acc43b7ca2c68ce142724afa829abb1be5efd,nested,140-byte batch 32,140,32,64002289,63030320,4197760,1.0154206578675151,0.015302967885480662
1,ab,4,glm-4-7,9340665016419c825c4bdabbcc9acc43b7ca2c68ce142724afa829abb1be5efd,nested,140-byte batch 32,140,32,52979939,56114219,4197760,0.9441446382778668,-0.05747590605870477
1,ab,5,glm-4-7,9340665016419c825c4bdabbcc9acc43b7ca2c68ce142724afa829abb1be5efd,nested,140-byte batch 32,140,32,50575599,52956669,4197760,0.9550373910413437,-0.046004786344989536
1,ab,0,glm-4-7,9340665016419c825c4bdabbcc9acc43b7ca2c68ce142724afa829abb1be5efd,nested,140-byte batch 512,140,512,19355640,19435699,4229120,0.9958808273373652,-0.004127679824028457
1,ab,1,glm-4-7,9340665016419c825c4bdabbcc9acc43b7ca2c68ce142724afa829abb1be5efd,nested,140-byte batch 512,140,512,18221999,18602370,4229120,0.9795525516372376,-0.02065939154389059
1,ab,2,glm-4-7,9340665016419c825c4bdabbcc9acc43b7ca2c68ce142724afa829abb1be5efd,nested,140-byte batch 512,140,512,17779610,18628910,4229120,0.9544095709303443,-0.04666238003167155
1,ab,3,glm-4-7,9340665016419c825c4bdabbcc9acc43b7ca2c68ce142724afa829abb1be5efd,nested,140-byte batch 512,140,512,15845460,16488579,4229120,0.9609960931139063,-0.03978493545829128
1,ab,4,glm-4-7,9340665016419c825c4bdabbcc9acc43b7ca2c68ce142724afa829abb1be5efd,nested,140-byte batch 512,140,512,15365360,15489180,4229120,0.9920060325982395,-0.008026090467529676
1,ab,5,glm-4-7,9340665016419c825c4bdabbcc9acc43b7ca2c68ce142724afa829abb1be5efd,nested,140-byte batch 512,140,512,15202860,15999470,4229120,0.9502102257137268,-0.05107202864364522
1,ab,0,glm-4-7,9340665016419c825c4bdabbcc9acc43b7ca2c68ce142724afa829abb1be5efd,nested,4 KiB single,4096,1,48107169,43999989,4194304,1.0933450233362558,0.08924182574662658
1,ab,1,glm-4-7,9340665016419c825c4bdabbcc9acc43b7ca2c68ce142724afa829abb1be5efd,nested,4 KiB single,4096,1,46863600,42075150,4194304,1.1138070809016725,0.10778394957975583
1,ab,2,glm-4-7,9340665016419c825c4bdabbcc9acc43b7ca2c68ce142724afa829abb1be5efd,nested,4 KiB single,4096,1,41866580,39314799,4194304,1.0649063727885268,0.0628868824222025
1,ab,3,glm-4-7,9340665016419c825c4bdabbcc9acc43b7ca2c68ce142724afa829abb1be5efd,nested,4 KiB single,4096,1,38838990,37885780,4194304,1.025160099646886,0.024848795170687003
1,ab,4,glm-4-7,9340665016419c825c4bdabbcc9acc43b7ca2c68ce142724afa829abb1be5efd,nested,4 KiB single,4096,1,44827389,43225380,4194304,1.0370617678780383,0.0363914914832052
1,ab,5,glm-4-7,9340665016419c825c4bdabbcc9acc43b7ca2c68ce142724afa829abb1be5efd,nested,4 KiB single,4096,1,43270389,41904550,4194304,1.0325940500494577,0.03207413134092041
1,ab,0,glm-4-7,9340665016419c825c4bdabbcc9acc43b7ca2c68ce142724afa829abb1be5efd,nested,64 KiB single,65536,1,41493439,42501670,4194304,0.9762778497880201,-0.024008050923465005
1,ab,1,glm-4-7,9340665016419c825c4bdabbcc9acc43b7ca2c68ce142724afa829abb1be5efd,nested,64 KiB single,65536,1,38883020,39049409,4194304,0.995739013617338,-0.004270090255327323
1,ab,2,glm-4-7,9340665016419c825c4bdabbcc9acc43b7ca2c68ce142724afa829abb1be5efd,nested,64 KiB single,65536,1,39831120,39013550,4194304,1.0209560524484442,0.020739494620908423
1,ab,3,glm-4-7,9340665016419c825c4bdabbcc9acc43b7ca2c68ce142724afa829abb1be5efd,nested,64 KiB single,65536,1,36304180,36184499,4194304,1.0033075212676013,0.0033020634503865692
1,ab,4,glm-4-7,9340665016419c825c4bdabbcc9acc43b7ca2c68ce142724afa829abb1be5efd,nested,64 KiB single,65536,1,37459049,36431000,4194304,1.028219071669732,0.027828249066477625
1,ab,5,glm-4-7,9340665016419c825c4bdabbcc9acc43b7ca2c68ce142724afa829abb1be5efd,nested,64 KiB single,65536,1,40059920,39382339,4194304,1.0172051995184948,0.01705886615175543
1,ab,0,gpt-2,8414cab924d8b9b33013f0d221c5862f365ee9be39c5c2bfae8a5a9e970478a6,flat-ragged,140-byte batch 1,140,1,31547580,31338400,4194400,1.0066748781048172,0.006652699743165345
1,ab,1,gpt-2,8414cab924d8b9b33013f0d221c5862f365ee9be39c5c2bfae8a5a9e970478a6,flat-ragged,140-byte batch 1,140,1,30444990,29494040,4194400,1.03224210721895,0.03173323956345228
1,ab,2,gpt-2,8414cab924d8b9b33013f0d221c5862f365ee9be39c5c2bfae8a5a9e970478a6,flat-ragged,140-byte batch 1,140,1,36244670,34173019,4194400,1.0606224167668652,0.058855921427067304
1,ab,3,gpt-2,8414cab924d8b9b33013f0d221c5862f365ee9be39c5c2bfae8a5a9e970478a6,flat-ragged,140-byte batch 1,140,1,33540800,32769549,4194400,1.023535600077987,0.02326290819919559
1,ab,4,gpt-2,8414cab924d8b9b33013f0d221c5862f365ee9be39c5c2bfae8a5a9e970478a6,flat-ragged,140-byte batch 1,140,1,30874770,29880410,4194400,1.0332779904961142,0.03273626380432666
1,ab,5,gpt-2,8414cab924d8b9b33013f0d221c5862f365ee9be39c5c2bfae8a5a9e970478a6,flat-ragged,140-byte batch 1,140,1,24015519,22793120,4194400,1.053630174368406,0.05224151033866528
1,ab,0,gpt-2,8414cab924d8b9b33013f0d221c5862f365ee9be39c5c2bfae8a5a9e970478a6,flat-ragged,140-byte batch 32,140,32,27352640,27551680,4197760,0.9927757581388866,-0.007250463058181025
1,ab,1,gpt-2,8414cab924d8b9b33013f0d221c5862f365ee9be39c5c2bfae8a5a9e970478a6,flat-ragged,140-byte batch 32,140,32,25659249,25178230,4197760,1.0191045597724702,0.018924359155591305
1,ab,2,gpt-2,8414cab924d8b9b33013f0d221c5862f365ee9be39c5c2bfae8a5a9e970478a6,flat-ragged,140-byte batch 32,140,32,32158180,32494850,4197760,0.9896392813014986,-0.010414764571299428
1,ab,3,gpt-2,8414cab924d8b9b33013f0d221c5862f365ee9be39c5c2bfae8a5a9e970478a6,flat-ragged,140-byte batch 32,140,32,28023710,29264610,4197760,0.9575972480070638,-0.04332799858642149
1,ab,4,gpt-2,8414cab924d8b9b33013f0d221c5862f365ee9be39c5c2bfae8a5a9e970478a6,flat-ragged,140-byte batch 32,140,32,25743700,27043250,4197760,0.9519454947167962,-0.04924749927855644
1,ab,5,gpt-2,8414cab924d8b9b33013f0d221c5862f365ee9be39c5c2bfae8a5a9e970478a6,flat-ragged,140-byte batch 32,140,32,19356920,19824670,4197760,0.9764056602203215,-0.023877143449899725
1,ab,0,gpt-2,8414cab924d8b9b33013f0d221c5862f365ee9be39c5c2bfae8a5a9e970478a6,flat-ragged,140-byte batch 512,140,512,10745930,10831840,4229120,0.992068752861933,-0.007962866778408685
1,ab,1,gpt-2,8414cab924d8b9b33013f0d221c5862f365ee9be39c5c2bfae8a5a9e970478a6,flat-ragged,140-byte batch 512,140,512,10160760,10429000,4229120,0.974279413174801,-0.026057144636749754
1,ab,2,gpt-2,8414cab924d8b9b33013f0d221c5862f365ee9be39c5c2bfae8a5a9e970478a6,flat-ragged,140-byte batch 512,140,512,9917230,10011310,4229120,0.9906026284272488,-0.00944180546260331
1,ab,3,gpt-2,8414cab924d8b9b33013f0d221c5862f365ee9be39c5c2bfae8a5a9e970478a6,flat-ragged,140-byte batch 512,140,512,8489310,8498040,4229120,0.9989727042941666,-0.0010278237357265237
1,ab,4,gpt-2,8414cab924d8b9b33013f0d221c5862f365ee9be39c5c2bfae8a5a9e970478a6,flat-ragged,140-byte batch 512,140,512,8294460,8441120,4229120,0.982625528365904,-0.017527179159770295
1,ab,5,gpt-2,8414cab924d8b9b33013f0d221c5862f365ee9be39c5c2bfae8a5a9e970478a6,flat-ragged,140-byte batch 512,140,512,8269370,8141080,4229120,1.015758351471795,0.015635477827576832
1,ab,0,gpt-2,8414cab924d8b9b33013f0d221c5862f365ee9be39c5c2bfae8a5a9e970478a6,flat-ragged,4 KiB single,4096,1,20459740,19467550,4194304,1.0509663516980823,0.049710075871442994
1,ab,1,gpt-2,8414cab924d8b9b33013f0d221c5862f365ee9be39c5c2bfae8a5a9e970478a6,flat-ragged,4 KiB single,4096,1,20517920,20056290,4194304,1.0230167194431272,0.022755830377604043
1,ab,2,gpt-2,8414cab924d8b9b33013f0d221c5862f365ee9be39c5c2bfae8a5a9e970478a6,flat-ragged,4 KiB single,4096,1,19867850,19424320,4194304,1.0228337465610122,0.02257695818176832
1,ab,3,gpt-2,8414cab924d8b9b33013f0d221c5862f365ee9be39c5c2bfae8a5a9e970478a6,flat-ragged,4 KiB single,4096,1,23979890,23587189,4194304,1.0166489105590326,0.016511836774792912
1,ab,4,gpt-2,8414cab924d8b9b33013f0d221c5862f365ee9be39c5c2bfae8a5a9e970478a6,flat-ragged,4 KiB single,4096,1,24218740,23776750,4194304,1.0185891679897379,0.018418501197939644
1,ab,5,gpt-2,8414cab924d8b9b33013f0d221c5862f365ee9be39c5c2bfae8a5a9e970478a6,flat-ragged,4 KiB single,4096,1,22400559,23769360,4194304,0.9424132160058158,-0.059311442407875524
1,ab,0,gpt-2,8414cab924d8b9b33013f0d221c5862f365ee9be39c5c2bfae8a5a9e970478a6,flat-ragged,64 KiB single,65536,1,19941800,19403340,4194304,1.027750892372138,0.027372815072912757
1,ab,1,gpt-2,8414cab924d8b9b33013f0d221c5862f365ee9be39c5c2bfae8a5a9e970478a6,flat-ragged,64 KiB single,65536,1,19147620,18786600,4194304,1.0192168886333877,0.019034576178641387
1,ab,2,gpt-2,8414cab924d8b9b33013f0d221c5862f365ee9be39c5c2bfae8a5a9e970478a6,flat-ragged,64 KiB single,65536,1,17723530,17539439,4194304,1.0104958317081862,0.010441132873502191
1,ab,3,gpt-2,8414cab924d8b9b33013f0d221c5862f365ee9be39c5c2bfae8a5a9e970478a6,flat-ragged,64 KiB single,65536,1,21026969,20355210,4194304,1.03300182115537,0.03246895311307231
1,ab,4,gpt-2,8414cab924d8b9b33013f0d221c5862f365ee9be39c5c2bfae8a5a9e970478a6,flat-ragged,64 KiB single,65536,1,23416610,22825810,4194304,1.0258829807134993,0.0255536863584605
1,ab,5,gpt-2,8414cab924d8b9b33013f0d221c5862f365ee9be39c5c2bfae8a5a9e970478a6,flat-ragged,64 KiB single,65536,1,21568310,21209950,4194304,1.0168958436960012,0.016754696576787
1,ab,0,gpt-2,8414cab924d8b9b33013f0d221c5862f365ee9be39c5c2bfae8a5a9e970478a6,nested,140-byte batch 1,140,1,32882090,34052460,4194400,0.9656303832380979,-0.03497414403716072
1,ab,1,gpt-2,8414cab924d8b9b33013f0d221c5862f365ee9be39c5c2bfae8a5a9e970478a6,nested,140-byte batch 1,140,1,31593090,32710540,4194400,0.9658382282897194,-0.034758924332130785
1,ab,2,gpt-2,8414cab924d8b9b33013f0d221c5862f365ee9be39c5c2bfae8a5a9e970478a6,nested,140-byte batch 1,140,1,36203970,38821020,4194400,0.9325867790181711,-0.06979307118473754
1,ab,3,gpt-2,8414cab924d8b9b33013f0d221c5862f365ee9be39c5c2bfae8a5a9e970478a6,nested,140-byte batch 1,140,1,34879980,36482050,4194400,0.9560860752068483,-0.044907333156560446
1,ab,4,gpt-2,8414cab924d8b9b33013f0d221c5862f365ee9be39c5c2bfae8a5a9e970478a6,nested,140-byte batch 1,140,1,30085409,29710310,4194400,1.0126252132677176,0.012546179777277811
1,ab,5,gpt-2,8414cab924d8b9b33013f0d221c5862f365ee9be39c5c2bfae8a5a9e970478a6,nested,140-byte batch 1,140,1,25260110,22564540,4194400,1.1194604454600006,0.11284682410553994
1,ab,0,gpt-2,8414cab924d8b9b33013f0d221c5862f365ee9be39c5c2bfae8a5a9e970478a6,nested,140-byte batch 32,140,32,34472890,33393840,4197760,1.0323128457224446,0.0318017662000734
1,ab,1,gpt-2,8414cab924d8b9b33013f0d221c5862f365ee9be39c5c2bfae8a5a9e970478a6,nested,140-byte batch 32,140,32,30942049,33710670,4197760,0.9178710776142984,-0.085698336552683
1,ab,2,gpt-2,8414cab924d8b9b33013f0d221c5862f365ee9be39c5c2bfae8a5a9e970478a6,nested,140-byte batch 32,140,32,37308780,38573460,4197760,0.9672137267437249,-0.033335787532754416
1,ab,3,gpt-2,8414cab924d8b9b33013f0d221c5862f365ee9be39c5c2bfae8a5a9e970478a6,nested,140-byte batch 32,140,32,35463099,35093180,4197760,1.0105410509962334,0.010485881476005836
1,ab,4,gpt-2,8414cab924d8b9b33013f0d221c5862f365ee9be39c5c2bfae8a5a9e970478a6,nested,140-byte batch 32,140,32,31027950,30690960,4197760,1.0109801061941366,0.010920262489773808
1,ab,5,gpt-2,8414cab924d8b9b33013f0d221c5862f365ee9be39c5c2bfae8a5a9e970478a6,nested,140-byte batch 32,140,32,25481450,25422980,4197760,1.0022998877393603,0.0022972470456444883
1,ab,0,gpt-2,8414cab924d8b9b33013f0d221c5862f365ee9be39c5c2bfae8a5a9e970478a6,nested,140-byte batch 512,140,512,13342090,12996970,4229120,1.0265538814046657,0.026207446508109612
1,ab,1,gpt-2,8414cab924d8b9b33013f0d221c5862f365ee9be39c5c2bfae8a5a9e970478a6,nested,140-byte batch 512,140,512,12419690,12357830,4229120,1.0050057332072055,0.004993246178554037
1,ab,2,gpt-2,8414cab924d8b9b33013f0d221c5862f365ee9be39c5c2bfae8a5a9e970478a6,nested,140-byte batch 512,140,512,11937220,11868870,4229120,1.0057587622073543,0.005742243922516523
1,ab,3,gpt-2,8414cab924d8b9b33013f0d221c5862f365ee9be39c5c2bfae8a5a9e970478a6,nested,140-byte batch 512,140,512,10495439,10556470,4229120,0.9942186166398427,-0.0057981602506090085
1,ab,4,gpt-2,8414cab924d8b9b33013f0d221c5862f365ee9be39c5c2bfae8a5a9e970478a6,nested,140-byte batch 512,140,512,10331350,10768430,4229120,0.9594109819165839,-0.041435743329087706
1,ab,5,gpt-2,8414cab924d8b9b33013f0d221c5862f365ee9be39c5c2bfae8a5a9e970478a6,nested,140-byte batch 512,140,512,10227981,10189880,4229120,1.0037391019325055,0.0037321288674699695
1,ab,0,gpt-2,8414cab924d8b9b33013f0d221c5862f365ee9be39c5c2bfae8a5a9e970478a6,nested,4 KiB single,4096,1,22446360,23270359,4194304,0.9645901896055836,-0.036051941826536406
1,ab,1,gpt-2,8414cab924d8b9b33013f0d221c5862f365ee9be39c5c2bfae8a5a9e970478a6,nested,4 KiB single,4096,1,21654059,20665900,4194304,1.0478159189776395,0.04670792064011559
1,ab,2,gpt-2,8414cab924d8b9b33013f0d221c5862f365ee9be39c5c2bfae8a5a9e970478a6,nested,4 KiB single,4096,1,21571440,21573170,4194304,0.9999198077982976,-8.019541726892848e-05
1,ab,3,gpt-2,8414cab924d8b9b33013f0d221c5862f365ee9be39c5c2bfae8a5a9e970478a6,nested,4 KiB single,4096,1,28178249,24796310,4194304,1.1363888013982726,0.12785551649516277
1,ab,4,gpt-2,8414cab924d8b9b33013f0d221c5862f365ee9be39c5c2bfae8a5a9e970478a6,nested,4 KiB single,4096,1,25089070,25141180,4194304,0.9979273049236352,-0.0020748460815704366
1,ab,5,gpt-2,8414cab924d8b9b33013f0d221c5862f365ee9be39c5c2bfae8a5a9e970478a6,nested,4 KiB single,4096,1,22920830,22189710,4194304,1.0329486054572141,0.03241743619622656
1,ab,0,gpt-2,8414cab924d8b9b33013f0d221c5862f365ee9be39c5c2bfae8a5a9e970478a6,nested,64 KiB single,65536,1,21411280,21832520,4194304,0.9807058461414441,-0.019482715409171746
1,ab,1,gpt-2,8414cab924d8b9b33013f0d221c5862f365ee9be39c5c2bfae8a5a9e970478a6,nested,64 KiB single,65536,1,19406130,19798039,4194304,0.9802046556227109,-0.01999389685186992
1,ab,2,gpt-2,8414cab924d8b9b33013f0d221c5862f365ee9be39c5c2bfae8a5a9e970478a6,nested,64 KiB single,65536,1,19242980,19173319,4194304,1.0036332259427803,0.0036266417205633797
1,ab,3,gpt-2,8414cab924d8b9b33013f0d221c5862f365ee9be39c5c2bfae8a5a9e970478a6,nested,64 KiB single,65536,1,21848200,22048630,4194304,0.9909096392837106,-0.00913193015784619
1,ab,4,gpt-2,8414cab924d8b9b33013f0d221c5862f365ee9be39c5c2bfae8a5a9e970478a6,nested,64 KiB single,65536,1,22644960,22546099,4194304,1.004384838370487,0.004375252976772613
1,ab,5,gpt-2,8414cab924d8b9b33013f0d221c5862f365ee9be39c5c2bfae8a5a9e970478a6,nested,64 KiB single,65536,1,21080059,21880480,4194304,0.9634184899051574,-0.03726739262520348
1,ab,0,gpt-oss,0614fe83cadab421296e664e1f48f4261fa8fef6e03e63bb75c20f38e37d07d3,flat-ragged,140-byte batch 1,140,1,55600979,56535500,4194400,0.9834701912957345,-0.016667950411800726
1,ab,1,gpt-oss,0614fe83cadab421296e664e1f48f4261fa8fef6e03e63bb75c20f38e37d07d3,flat-ragged,140-byte batch 1,140,1,54225649,51804109,4194400,1.0467441684982943,0.045684554846707685
1,ab,2,gpt-oss,0614fe83cadab421296e664e1f48f4261fa8fef6e03e63bb75c20f38e37d07d3,flat-ragged,140-byte batch 1,140,1,50666439,48886580,4194400,1.036407926265245,0.03576081755890123
1,ab,3,gpt-oss,0614fe83cadab421296e664e1f48f4261fa8fef6e03e63bb75c20f38e37d07d3,flat-ragged,140-byte batch 1,140,1,54467349,53199129,4194400,1.0238391121027564,0.023559397185981504
1,ab,4,gpt-oss,0614fe83cadab421296e664e1f48f4261fa8fef6e03e63bb75c20f38e37d07d3,flat-ragged,140-byte batch 1,140,1,50898539,45446750,4194400,1.1199599311281885,0.11329290888863161
1,ab,5,gpt-oss,0614fe83cadab421296e664e1f48f4261fa8fef6e03e63bb75c20f38e37d07d3,flat-ragged,140-byte batch 1,140,1,42061500,39846440,4194400,1.055589909663197,0.05409976673737935
1,ab,0,gpt-oss,0614fe83cadab421296e664e1f48f4261fa8fef6e03e63bb75c20f38e37d07d3,flat-ragged,140-byte batch 32,140,32,51742819,52124459,4197760,0.9926782933133177,-0.0073486419362829266
1,ab,1,gpt-oss,0614fe83cadab421296e664e1f48f4261fa8fef6e03e63bb75c20f38e37d07d3,flat-ragged,140-byte batch 32,140,32,46329430,46958280,4197760,0.9866083255178852,-0.013482151623044886
1,ab,2,gpt-oss,0614fe83cadab421296e664e1f48f4261fa8fef6e03e63bb75c20f38e37d07d3,flat-ragged,140-byte batch 32,140,32,47048100,46766620,4197760,1.0060188228270506,0.006000782066175613
1,ab,3,gpt-oss,0614fe83cadab421296e664e1f48f4261fa8fef6e03e63bb75c20f38e37d07d3,flat-ragged,140-byte batch 32,140,32,49512570,49779230,4197760,0.9946431473528217,-0.005371252028919111
1,ab,4,gpt-oss,0614fe83cadab421296e664e1f48f4261fa8fef6e03e63bb75c20f38e37d07d3,flat-ragged,140-byte batch 32,140,32,44657800,44726159,4197760,0.9984716103164594,-0.0015295588625122499
1,ab,5,gpt-oss,0614fe83cadab421296e664e1f48f4261fa8fef6e03e63bb75c20f38e37d07d3,flat-ragged,140-byte batch 32,140,32,40143040,37952490,4197760,1.0577182155900706,0.056113961090755456
1,ab,0,gpt-oss,0614fe83cadab421296e664e1f48f4261fa8fef6e03e63bb75c20f38e37d07d3,flat-ragged,140-byte batch 512,140,512,16145040,16455420,4229120,0.9811381295646054,-0.019042024471961114
1,ab,1,gpt-oss,0614fe83cadab421296e664e1f48f4261fa8fef6e03e63bb75c20f38e37d07d3,flat-ragged,140-byte batch 512,140,512,15373130,15454120,4229120,0.9947593263155715,-0.005254454181907601
1,ab,2,gpt-oss,0614fe83cadab421296e664e1f48f4261fa8fef6e03e63bb75c20f38e37d07d3,flat-ragged,140-byte batch 512,140,512,14764920,14794230,4229120,0.9980188222029804,-0.0019831429256930958
1,ab,3,gpt-oss,0614fe83cadab421296e664e1f48f4261fa8fef6e03e63bb75c20f38e37d07d3,flat-ragged,140-byte batch 512,140,512,12334000,12428620,4229120,0.9923869263039662,-0.007642201068309942
1,ab,4,gpt-oss,0614fe83cadab421296e664e1f48f4261fa8fef6e03e63bb75c20f38e37d07d3,flat-ragged,140-byte batch 512,140,512,11475340,11853980,4229120,0.9680579855879629,-0.03246329103273739
1,ab,5,gpt-oss,0614fe83cadab421296e664e1f48f4261fa8fef6e03e63bb75c20f38e37d07d3,flat-ragged,140-byte batch 512,140,512,12478860,11419610,4229120,1.0927571081674419,0.08870395958336255
1,ab,0,gpt-oss,0614fe83cadab421296e664e1f48f4261fa8fef6e03e63bb75c20f38e37d07d3,flat-ragged,4 KiB single,4096,1,40306490,40623060,4194304,0.9922071355530578,-0.007823387493136762
1,ab,1,gpt-oss,0614fe83cadab421296e664e1f48f4261fa8fef6e03e63bb75c20f38e37d07d3,flat-ragged,4 KiB single,4096,1,37671800,38080320,4194304,0.989272148973538,-0.010785809304839244
1,ab,2,gpt-oss,0614fe83cadab421296e664e1f48f4261fa8fef6e03e63bb75c20f38e37d07d3,flat-ragged,4 KiB single,4096,1,35214180,34753740,4194304,1.0132486460450012,0.013161650275697693
1,ab,3,gpt-oss,0614fe83cadab421296e664e1f48f4261fa8fef6e03e63bb75c20f38e37d07d3,flat-ragged,4 KiB single,4096,1,33754210,33936760,4194304,0.9946208771845043,-0.005393642388412453
1,ab,4,gpt-oss,0614fe83cadab421296e664e1f48f4261fa8fef6e03e63bb75c20f38e37d07d3,flat-ragged,4 KiB single,4096,1,44083510,42542620,4194304,1.0362199131130148,0.03557939265552603
1,ab,5,gpt-oss,0614fe83cadab421296e664e1f48f4261fa8fef6e03e63bb75c20f38e37d07d3,flat-ragged,4 KiB single,4096,1,39485070,38792489,4194304,1.0178534818943945,0.01769598035760094
1,ab,0,gpt-oss,0614fe83cadab421296e664e1f48f4261fa8fef6e03e63bb75c20f38e37d07d3,flat-ragged,64 KiB single,65536,1,19384980,18199150,4194304,1.0651585376240098,0.06312364970138566
1,ab,1,gpt-oss,0614fe83cadab421296e664e1f48f4261fa8fef6e03e63bb75c20f38e37d07d3,flat-ragged,64 KiB single,65536,1,18673270,18051060,4194304,1.0344694438996935,0.03388868069588772
1,ab,2,gpt-oss,0614fe83cadab421296e664e1f48f4261fa8fef6e03e63bb75c20f38e37d07d3,flat-ragged,64 KiB single,65536,1,18138640,17198359,4194304,1.0546727161585592,0.053230497148684774
1,ab,3,gpt-oss,0614fe83cadab421296e664e1f48f4261fa8fef6e03e63bb75c20f38e37d07d3,flat-ragged,64 KiB single,65536,1,18552580,18098839,4194304,1.0250701716281359,0.024761070372094678
1,ab,4,gpt-oss,0614fe83cadab421296e664e1f48f4261fa8fef6e03e63bb75c20f38e37d07d3,flat-ragged,64 KiB single,65536,1,17885540,18147619,4194304,0.985558491171762,-0.014546802378146234
1,ab,5,gpt-oss,0614fe83cadab421296e664e1f48f4261fa8fef6e03e63bb75c20f38e37d07d3,flat-ragged,64 KiB single,65536,1,17586150,17205470,4194304,1.0221255217090843,0.021884303916001525
1,ab,0,gpt-oss,0614fe83cadab421296e664e1f48f4261fa8fef6e03e63bb75c20f38e37d07d3,nested,140-byte batch 1,140,1,59854530,55968939,4194400,1.0694240603703422,0.06712024222304941
1,ab,1,gpt-oss,0614fe83cadab421296e664e1f48f4261fa8fef6e03e63bb75c20f38e37d07d3,nested,140-byte batch 1,140,1,51624079,48450680,4194400,1.0654975121092212,0.06344183760235046
1,ab,2,gpt-oss,0614fe83cadab421296e664e1f48f4261fa8fef6e03e63bb75c20f38e37d07d3,nested,140-byte batch 1,140,1,52654400,50231030,4194400,1.0482444815485568,0.04711684261276639
1,ab,3,gpt-oss,0614fe83cadab421296e664e1f48f4261fa8fef6e03e63bb75c20f38e37d07d3,nested,140-byte batch 1,140,1,55605500,53360310,4194400,1.042076029918117,0.04121490604180509
1,ab,4,gpt-oss,0614fe83cadab421296e664e1f48f4261fa8fef6e03e63bb75c20f38e37d07d3,nested,140-byte batch 1,140,1,48634909,46270350,4194400,1.051103114629563,0.04984019805233618
1,ab,5,gpt-oss,0614fe83cadab421296e664e1f48f4261fa8fef6e03e63bb75c20f38e37d07d3,nested,140-byte batch 1,140,1,42787550,42693399,4194400,1.0022052823669532,0.002202854300853157
1,ab,0,gpt-oss,0614fe83cadab421296e664e1f48f4261fa8fef6e03e63bb75c20f38e37d07d3,nested,140-byte batch 32,140,32,59546529,57614130,4197760,1.0335403658789952,0.03299015683124034
1,ab,1,gpt-oss,0614fe83cadab421296e664e1f48f4261fa8fef6e03e63bb75c20f38e37d07d3,nested,140-byte batch 32,140,32,53536370,51533999,4197760,1.0388553389772837,0.03811947141035157
1,ab,2,gpt-oss,0614fe83cadab421296e664e1f48f4261fa8fef6e03e63bb75c20f38e37d07d3,nested,140-byte batch 32,140,32,54369510,66391040,4197760,0.8189284276914475,-0.19975858882391784
1,ab,3,gpt-oss,0614fe83cadab421296e664e1f48f4261fa8fef6e03e63bb75c20f38e37d07d3,nested,140-byte batch 32,140,32,57145640,55561359,4197760,1.0285140793622416,0.028115119236664536
1,ab,4,gpt-oss,0614fe83cadab421296e664e1f48f4261fa8fef6e03e63bb75c20f38e37d07d3,nested,140-byte batch 32,140,32,49320040,48305509,4197760,1.0210023871190343,0.02078487720039705
1,ab,5,gpt-oss,0614fe83cadab421296e664e1f48f4261fa8fef6e03e63bb75c20f38e37d07d3,nested,140-byte batch 32,140,32,44570950,44360019,4197760,1.0047549799291113,0.004743710721167119
1,ab,0,gpt-oss,0614fe83cadab421296e664e1f48f4261fa8fef6e03e63bb75c20f38e37d07d3,nested,140-byte batch 512,140,512,18393550,18426789,4229120,0.9981961588641407,-0.0018054700164035612
1,ab,1,gpt-oss,0614fe83cadab421296e664e1f48f4261fa8fef6e03e63bb75c20f38e37d07d3,nested,140-byte batch 512,140,512,17806270,17576120,4229120,1.0130944713622803,0.013009479913537396
1,ab,2,gpt-oss,0614fe83cadab421296e664e1f48f4261fa8fef6e03e63bb75c20f38e37d07d3,nested,140-byte batch 512,140,512,17247660,16677230,4229120,1.034204121427839,0.033632166108225024
1,ab,3,gpt-oss,0614fe83cadab421296e664e1f48f4261fa8fef6e03e63bb75c20f38e37d07d3,nested,140-byte batch 512,140,512,14557920,14672240,4229120,0.9922084153476225,-0.007822097647807665
1,ab,4,gpt-oss,0614fe83cadab421296e664e1f48f4261fa8fef6e03e63bb75c20f38e37d07d3,nested,140-byte batch 512,140,512,14002240,13567190,4229120,1.032066330610834,0.03156293884160308
1,ab,5,gpt-oss,0614fe83cadab421296e664e1f48f4261fa8fef6e03e63bb75c20f38e37d07d3,nested,140-byte batch 512,140,512,14617810,14599970,4229120,1.0012219203190142,0.0012211743819698232
1,ab,0,gpt-oss,0614fe83cadab421296e664e1f48f4261fa8fef6e03e63bb75c20f38e37d07d3,nested,4 KiB single,4096,1,46446379,43055540,4194304,1.0787549987759995,0.07580759726432353
1,ab,1,gpt-oss,0614fe83cadab421296e664e1f48f4261fa8fef6e03e63bb75c20f38e37d07d3,nested,4 KiB single,4096,1,40709029,38257000,4194304,1.0640936037849282,0.06212336053208821
1,ab,2,gpt-oss,0614fe83cadab421296e664e1f48f4261fa8fef6e03e63bb75c20f38e37d07d3,nested,4 KiB single,4096,1,39390329,39725339,4194304,0.9915668435202025,-0.008468916733709825
1,ab,3,gpt-oss,0614fe83cadab421296e664e1f48f4261fa8fef6e03e63bb75c20f38e37d07d3,nested,4 KiB single,4096,1,36653480,35194720,4194304,1.0414482626939496,0.04061230472307785
1,ab,4,gpt-oss,0614fe83cadab421296e664e1f48f4261fa8fef6e03e63bb75c20f38e37d07d3,nested,4 KiB single,4096,1,47206349,47547410,4194304,0.9928269279020666,-0.007198922270539026
1,ab,5,gpt-oss,0614fe83cadab421296e664e1f48f4261fa8fef6e03e63bb75c20f38e37d07d3,nested,4 KiB single,4096,1,42776509,43784760,4194304,0.9769725584883873,-0.023296714858496603
1,ab,0,gpt-oss,0614fe83cadab421296e664e1f48f4261fa8fef6e03e63bb75c20f38e37d07d3,nested,64 KiB single,65536,1,39915800,39968390,4194304,0.9986842101971083,-0.0013166562143880737
1,ab,1,gpt-oss,0614fe83cadab421296e664e1f48f4261fa8fef6e03e63bb75c20f38e37d07d3,nested,64 KiB single,65536,1,35624990,38114149,4194304,0.9346919958779613,-0.06753822013617962
1,ab,2,gpt-oss,0614fe83cadab421296e664e1f48f4261fa8fef6e03e63bb75c20f38e37d07d3,nested,64 KiB single,65536,1,35570030,34851230,4194304,1.0206248100856126,0.020414998666016777
1,ab,3,gpt-oss,0614fe83cadab421296e664e1f48f4261fa8fef6e03e63bb75c20f38e37d07d3,nested,64 KiB single,65536,1,32451799,33157270,4194304,0.9787234895997168,-0.02150611802125677
1,ab,4,gpt-oss,0614fe83cadab421296e664e1f48f4261fa8fef6e03e63bb75c20f38e37d07d3,nested,64 KiB single,65536,1,35646570,35831110,4194304,0.9948497269551515,-0.0051635814152265385
1,ab,5,gpt-oss,0614fe83cadab421296e664e1f48f4261fa8fef6e03e63bb75c20f38e37d07d3,nested,64 KiB single,65536,1,36175910,35837900,4194304,1.0094316352241621,0.009387435055230302
1,ab,0,llama-3,e134af98b985517b4f068e3755ae90d4e9cd2d45d328325dc503f1c6b2d06cc7,flat-ragged,140-byte batch 1,140,1,52473559,50345530,4194400,1.042268479445941,0.041399567960701995
1,ab,1,llama-3,e134af98b985517b4f068e3755ae90d4e9cd2d45d328325dc503f1c6b2d06cc7,flat-ragged,140-byte batch 1,140,1,48845569,47552120,4194400,1.0272006589821863,0.0268372954858561
1,ab,2,llama-3,e134af98b985517b4f068e3755ae90d4e9cd2d45d328325dc503f1c6b2d06cc7,flat-ragged,140-byte batch 1,140,1,42887079,41239970,4194400,1.039939626532221,0.039162660056906884
1,ab,3,llama-3,e134af98b985517b4f068e3755ae90d4e9cd2d45d328325dc503f1c6b2d06cc7,flat-ragged,140-byte batch 1,140,1,34174580,32730880,4194400,1.0441081938524108,0.04316311804906722
1,ab,4,llama-3,e134af98b985517b4f068e3755ae90d4e9cd2d45d328325dc503f1c6b2d06cc7,flat-ragged,140-byte batch 1,140,1,48557880,48333089,4194400,1.0046508717868208,0.0046400898998235265
1,ab,5,llama-3,e134af98b985517b4f068e3755ae90d4e9cd2d45d328325dc503f1c6b2d06cc7,flat-ragged,140-byte batch 1,140,1,43617680,42165640,4194400,1.0344365696809061,0.0338569013704139
1,ab,0,llama-3,e134af98b985517b4f068e3755ae90d4e9cd2d45d328325dc503f1c6b2d06cc7,flat-ragged,140-byte batch 32,140,32,47309980,45870190,4197760,1.0313883591936288,0.030905816158026584
1,ab,1,llama-3,e134af98b985517b4f068e3755ae90d4e9cd2d45d328325dc503f1c6b2d06cc7,flat-ragged,140-byte batch 32,140,32,44135110,43135170,4197760,1.0231815476790749,0.022916937186218428
1,ab,2,llama-3,e134af98b985517b4f068e3755ae90d4e9cd2d45d328325dc503f1c6b2d06cc7,flat-ragged,140-byte batch 32,140,32,41488290,38173119,4197760,1.0868456936935125,0.08327964193862464
1,ab,3,llama-3,e134af98b985517b4f068e3755ae90d4e9cd2d45d328325dc503f1c6b2d06cc7,flat-ragged,140-byte batch 32,140,32,30725240,30592610,4197760,1.0043353607292742,0.004325990126481219
1,ab,4,llama-3,e134af98b985517b4f068e3755ae90d4e9cd2d45d328325dc503f1c6b2d06cc7,flat-ragged,140-byte batch 32,140,32,45051860,46271950,4197760,0.9736321896959172,-0.026721675308211266
1,ab,5,llama-3,e134af98b985517b4f068e3755ae90d4e9cd2d45d328325dc503f1c6b2d06cc7,flat-ragged,140-byte batch 32,140,32,39636559,39233529,4197760,1.0102725910789212,0.010220186596179322
1,ab,0,llama-3,e134af98b985517b4f068e3755ae90d4e9cd2d45d328325dc503f1c6b2d06cc7,flat-ragged,140-byte batch 512,140,512,14190760,13828550,4229120,1.0261929124890172,0.025855752942743507
1,ab,1,llama-3,e134af98b985517b4f068e3755ae90d4e9cd2d45d328325dc503f1c6b2d06cc7,flat-ragged,140-byte batch 512,140,512,13560380,13359379,4229120,1.0150456843839821,0.014933620726167555
1,ab,2,llama-3,e134af98b985517b4f068e3755ae90d4e9cd2d45d328325dc503f1c6b2d06cc7,flat-ragged,140-byte batch 512,140,512,12779390,13020030,4229120,0.9815177077164953,-0.018655223944418597
1,ab,3,llama-3,e134af98b985517b4f068e3755ae90d4e9cd2d45d328325dc503f1c6b2d06cc7,flat-ragged,140-byte batch 512,140,512,10797100,11360780,4229120,0.9503836884439273,-0.050889493353607755
1,ab,4,llama-3,e134af98b985517b4f068e3755ae90d4e9cd2d45d328325dc503f1c6b2d06cc7,flat-ragged,140-byte batch 512,140,512,10034450,10206149,4229120,0.9831769063924111,-0.01696620921567298
1,ab,5,llama-3,e134af98b985517b4f068e3755ae90d4e9cd2d45d328325dc503f1c6b2d06cc7,flat-ragged,140-byte batch 512,140,512,9964160,9989220,4229120,0.9974912956166748,-0.002511856455014258
1,ab,0,llama-3,e134af98b985517b4f068e3755ae90d4e9cd2d45d328325dc503f1c6b2d06cc7,flat-ragged,4 KiB single,4096,1,34680490,34014449,4194304,1.0195811197764808,0.019391876063637965
1,ab,1,llama-3,e134af98b985517b4f068e3755ae90d4e9cd2d45d328325dc503f1c6b2d06cc7,flat-ragged,4 KiB single,4096,1,37447979,38289620,4194304,0.9780190819339549,-0.022226097957747302
1,ab,2,llama-3,e134af98b985517b4f068e3755ae90d4e9cd2d45d328325dc503f1c6b2d06cc7,flat-ragged,4 KiB single,4096,1,33835880,33164570,4194304,1.0202417821186887,0.020039640499163357
1,ab,3,llama-3,e134af98b985517b4f068e3755ae90d4e9cd2d45d328325dc503f1c6b2d06cc7,flat-ragged,4 KiB single,4096,1,31449979,32291760,4194304,0.9739320185706818,-0.026413773904128544
1,ab,4,llama-3,e134af98b985517b4f068e3755ae90d4e9cd2d45d328325dc503f1c6b2d06cc7,flat-ragged,4 KiB single,4096,1,33386600,32373180,4194304,1.0313043080722994,0.030824319653278455
1,ab,5,llama-3,e134af98b985517b4f068e3755ae90d4e9cd2d45d328325dc503f1c6b2d06cc7,flat-ragged,4 KiB single,4096,1,37738949,37838299,4194304,0.9973743534295767,-0.002629099626039826
1,ab,0,llama-3,e134af98b985517b4f068e3755ae90d4e9cd2d45d328325dc503f1c6b2d06cc7,flat-ragged,64 KiB single,65536,1,16778659,16543210,4194304,1.0142323648191613,0.014132035543014098
1,ab,1,llama-3,e134af98b985517b4f068e3755ae90d4e9cd2d45d328325dc503f1c6b2d06cc7,flat-ragged,64 KiB single,65536,1,16435760,16279930,4194304,1.009571908478722,0.009526388010734613
1,ab,2,llama-3,e134af98b985517b4f068e3755ae90d4e9cd2d45d328325dc503f1c6b2d06cc7,flat-ragged,64 KiB single,65536,1,15894520,15825780,4194304,1.0043435457841572,0.004334139816166798
1,ab,3,llama-3,e134af98b985517b4f068e3755ae90d4e9cd2d45d328325dc503f1c6b2d06cc7,flat-ragged,64 KiB single,65536,1,16080200,16214730,4194304,0.9917032229337152,-0.008331386887387443
1,ab,4,llama-3,e134af98b985517b4f068e3755ae90d4e9cd2d45d328325dc503f1c6b2d06cc7,flat-ragged,64 KiB single,65536,1,15750480,15826350,4194304,0.9952060961624127,-0.004805431450857916
1,ab,5,llama-3,e134af98b985517b4f068e3755ae90d4e9cd2d45d328325dc503f1c6b2d06cc7,flat-ragged,64 KiB single,65536,1,15482890,15555670,4194304,0.9953213201360018,-0.0046896591457147255
1,ab,0,llama-3,e134af98b985517b4f068e3755ae90d4e9cd2d45d328325dc503f1c6b2d06cc7,nested,140-byte batch 1,140,1,54775970,54467770,4194400,1.0056583921096824,0.00564244354292871
1,ab,1,llama-3,e134af98b985517b4f068e3755ae90d4e9cd2d45d328325dc503f1c6b2d06cc7,nested,140-byte batch 1,140,1,50515649,51560929,4194400,0.9797272853636908,-0.020481026285782414
1,ab,2,llama-3,e134af98b985517b4f068e3755ae90d4e9cd2d45d328325dc503f1c6b2d06cc7,nested,140-byte batch 1,140,1,46773390,49602749,4194400,0.9429596331445259,-0.05873180411059644
1,ab,3,llama-3,e134af98b985517b4f068e3755ae90d4e9cd2d45d328325dc503f1c6b2d06cc7,nested,140-byte batch 1,140,1,34640440,36747400,4194400,0.9426636986562315,-0.05904568916466136
1,ab,4,llama-3,e134af98b985517b4f068e3755ae90d4e9cd2d45d328325dc503f1c6b2d06cc7,nested,140-byte batch 1,140,1,49149300,49658380,4194400,0.9897483566721267,-0.010304553343699594
1,ab,5,llama-3,e134af98b985517b4f068e3755ae90d4e9cd2d45d328325dc503f1c6b2d06cc7,nested,140-byte batch 1,140,1,46336350,49251360,4194400,0.9408136140809107,-0.061010231193207545
1,ab,0,llama-3,e134af98b985517b4f068e3755ae90d4e9cd2d45d328325dc503f1c6b2d06cc7,nested,140-byte batch 32,140,32,54761830,53623130,4197760,1.0212352393454094,0.02101291357027551
1,ab,1,llama-3,e134af98b985517b4f068e3755ae90d4e9cd2d45d328325dc503f1c6b2d06cc7,nested,140-byte batch 32,140,32,52023440,48333999,4197760,1.0763322107901727,0.07355916017484855
1,ab,2,llama-3,e134af98b985517b4f068e3755ae90d4e9cd2d45d328325dc503f1c6b2d06cc7,nested,140-byte batch 32,140,32,47913189,46713369,4197760,1.025684724216744,0.025360413188000645
1,ab,3,llama-3,e134af98b985517b4f068e3755ae90d4e9cd2d45d328325dc503f1c6b2d06cc7,nested,140-byte batch 32,140,32,36381199,35889710,4197760,1.013694426619775,0.013601505334256261
1,ab,4,llama-3,e134af98b985517b4f068e3755ae90d4e9cd2d45d328325dc503f1c6b2d06cc7,nested,140-byte batch 32,140,32,49828010,50830540,4197760,0.9802770145664398,-0.019920079335631884
1,ab,5,llama-3,e134af98b985517b4f068e3755ae90d4e9cd2d45d328325dc503f1c6b2d06cc7,nested,140-byte batch 32,140,32,44954150,43716869,4197760,1.0283021412169293,0.0279090355390139
1,ab,0,llama-3,e134af98b985517b4f068e3755ae90d4e9cd2d45d328325dc503f1c6b2d06cc7,nested,140-byte batch 512,140,512,16727060,17248679,4229120,0.9697589015367496,-0.030707793496404075
1,ab,1,llama-3,e134af98b985517b4f068e3755ae90d4e9cd2d45d328325dc503f1c6b2d06cc7,nested,140-byte batch 512,140,512,15862580,15671129,4229120,1.0122167968880864,0.012142774096122043
1,ab,2,llama-3,e134af98b985517b4f068e3755ae90d4e9cd2d45d328325dc503f1c6b2d06cc7,nested,140-byte batch 512,140,512,15105620,15521190,4229120,0.9732256354055326,-0.027139327065881992
1,ab,3,llama-3,e134af98b985517b4f068e3755ae90d4e9cd2d45d328325dc503f1c6b2d06cc7,nested,140-byte batch 512,140,512,13701040,14110510,4229120,0.9709812047899048,-0.02944816742819913
1,ab,4,llama-3,e134af98b985517b4f068e3755ae90d4e9cd2d45d328325dc503f1c6b2d06cc7,nested,140-byte batch 512,140,512,12120410,12953850,4229120,0.9356608267040301,-0.06650223280691973
1,ab,5,llama-3,e134af98b985517b4f068e3755ae90d4e9cd2d45d328325dc503f1c6b2d06cc7,nested,140-byte batch 512,140,512,12465900,12332940,4229120,1.0107808843633392,0.010723184959469672
1,ab,0,llama-3,e134af98b985517b4f068e3755ae90d4e9cd2d45d328325dc503f1c6b2d06cc7,nested,4 KiB single,4096,1,35639530,37863050,4194304,0.9412746728010554,-0.06052028740833717
1,ab,1,llama-3,e134af98b985517b4f068e3755ae90d4e9cd2d45d328325dc503f1c6b2d06cc7,nested,4 KiB single,4096,1,37666110,37612249,4194304,1.0014320068975402,0.001430982553458145
1,ab,2,llama-3,e134af98b985517b4f068e3755ae90d4e9cd2d45d328325dc503f1c6b2d06cc7,nested,4 KiB single,4096,1,34532180,34520140,4194304,1.000348781899494,0.00034872108922661717
1,ab,3,llama-3,e134af98b985517b4f068e3755ae90d4e9cd2d45d328325dc503f1c6b2d06cc7,nested,4 KiB single,4096,1,31780840,31896830,4194304,0.9963635884819902,-0.0036430393348988723
1,ab,4,llama-3,e134af98b985517b4f068e3755ae90d4e9cd2d45d328325dc503f1c6b2d06cc7,nested,4 KiB single,4096,1,31681869,33182280,4194304,0.9547827635714001,-0.04627143707735013
1,ab,5,llama-3,e134af98b985517b4f068e3755ae90d4e9cd2d45d328325dc503f1c6b2d06cc7,nested,4 KiB single,4096,1,37696000,38070390,4194304,0.9901658480514647,-0.009882826599652145
1,ab,0,llama-3,e134af98b985517b4f068e3755ae90d4e9cd2d45d328325dc503f1c6b2d06cc7,nested,64 KiB single,65536,1,33035450,33615630,4194304,0.9827407667207189,-0.017409910073356207
1,ab,1,llama-3,e134af98b985517b4f068e3755ae90d4e9cd2d45d328325dc503f1c6b2d06cc7,nested,64 KiB single,65536,1,34422210,34281710,4194304,1.0040983953250873,0.004090019779366534
1,ab,2,llama-3,e134af98b985517b4f068e3755ae90d4e9cd2d45d328325dc503f1c6b2d06cc7,nested,64 KiB single,65536,1,35041609,32865430,4194304,1.0662148342498485,0.06411483850599234
1,ab,3,llama-3,e134af98b985517b4f068e3755ae90d4e9cd2d45d328325dc503f1c6b2d06cc7,nested,64 KiB single,65536,1,30386469,29833410,4194304,1.0185382428626162,0.018368504200342934
1,ab,4,llama-3,e134af98b985517b4f068e3755ae90d4e9cd2d45d328325dc503f1c6b2d06cc7,nested,64 KiB single,65536,1,28566720,28220630,4194304,1.0122637233825043,0.012189133143745751
1,ab,5,llama-3,e134af98b985517b4f068e3755ae90d4e9cd2d45d328325dc503f1c6b2d06cc7,nested,64 KiB single,65536,1,31119430,30585620,4194304,1.017452972998422,0.01730241908315089
1,ab,0,minimax-m2-1,757622126525aeeb131756849d93298070ff3f0319c455ec8c5bb0f6b1cebbe8,flat-ragged,140-byte batch 1,140,1,56413899,50956860,4194400,1.107091351390176,0.1017361719027895
1,ab,1,minimax-m2-1,757622126525aeeb131756849d93298070ff3f0319c455ec8c5bb0f6b1cebbe8,flat-ragged,140-byte batch 1,140,1,49068320,47666260,4194400,1.02941409709929,0.02898980262428147
1,ab,2,minimax-m2-1,757622126525aeeb131756849d93298070ff3f0319c455ec8c5bb0f6b1cebbe8,flat-ragged,140-byte batch 1,140,1,50609950,47166970,4194400,1.072995572961333,0.07045433778854306
1,ab,3,minimax-m2-1,757622126525aeeb131756849d93298070ff3f0319c455ec8c5bb0f6b1cebbe8,flat-ragged,140-byte batch 1,140,1,52429579,51026010,4194400,1.0275069322488668,0.02713541407971924
1,ab,4,minimax-m2-1,757622126525aeeb131756849d93298070ff3f0319c455ec8c5bb0f6b1cebbe8,flat-ragged,140-byte batch 1,140,1,48825390,47039070,4194400,1.0379752405819247,0.03727193145528336
1,ab,5,minimax-m2-1,757622126525aeeb131756849d93298070ff3f0319c455ec8c5bb0f6b1cebbe8,flat-ragged,140-byte batch 1,140,1,43549270,41943610,4194400,1.038281397333229,0.03756684370065075
1,ab,0,minimax-m2-1,757622126525aeeb131756849d93298070ff3f0319c455ec8c5bb0f6b1cebbe8,flat-ragged,140-byte batch 32,140,32,54053310,55473469,4197760,0.9743993114978982,-0.025934088617581123
1,ab,1,minimax-m2-1,757622126525aeeb131756849d93298070ff3f0319c455ec8c5bb0f6b1cebbe8,flat-ragged,140-byte batch 32,140,32,47380430,47729330,4197760,0.9926900293802574,-0.007336819377409891
1,ab,2,minimax-m2-1,757622126525aeeb131756849d93298070ff3f0319c455ec8c5bb0f6b1cebbe8,flat-ragged,140-byte batch 32,140,32,49655239,48718739,4197760,1.0192225829161958,0.01904016308263109
1,ab,3,minimax-m2-1,757622126525aeeb131756849d93298070ff3f0319c455ec8c5bb0f6b1cebbe8,flat-ragged,140-byte batch 32,140,32,51409349,50608080,4197760,1.0158328274852553,0.01570879574140232
1,ab,4,minimax-m2-1,757622126525aeeb131756849d93298070ff3f0319c455ec8c5bb0f6b1cebbe8,flat-ragged,140-byte batch 32,140,32,45913990,47561220,4197760,0.9653661112982383,-0.035247859646958306
1,ab,5,minimax-m2-1,757622126525aeeb131756849d93298070ff3f0319c455ec8c5bb0f6b1cebbe8,flat-ragged,140-byte batch 32,140,32,41880790,42225829,4197760,0.9918287217049072,-0.008204846176310178
1,ab,0,minimax-m2-1,757622126525aeeb131756849d93298070ff3f0319c455ec8c5bb0f6b1cebbe8,flat-ragged,140-byte batch 512,140,512,15170810,14734240,4229120,1.029629624602287,0.029199149809591308
1,ab,1,minimax-m2-1,757622126525aeeb131756849d93298070ff3f0319c455ec8c5bb0f6b1cebbe8,flat-ragged,140-byte batch 512,140,512,14362570,14788780,4229120,0.9711801784866635,-0.029243268186387252
1,ab,2,minimax-m2-1,757622126525aeeb131756849d93298070ff3f0319c455ec8c5bb0f6b1cebbe8,flat-ragged,140-byte batch 512,140,512,14310129,13901640,4229120,1.029384230925272,0.02896078941437795
1,ab,3,minimax-m2-1,757622126525aeeb131756849d93298070ff3f0319c455ec8c5bb0f6b1cebbe8,flat-ragged,140-byte batch 512,140,512,12663440,11998800,4229120,1.0553922058872554,0.05391245697756338
1,ab,4,minimax-m2-1,757622126525aeeb131756849d93298070ff3f0319c455ec8c5bb0f6b1cebbe8,flat-ragged,140-byte batch 512,140,512,12565440,11662630,4229120,1.0774104983181323,0.0745604753398339
1,ab,5,minimax-m2-1,757622126525aeeb131756849d93298070ff3f0319c455ec8c5bb0f6b1cebbe8,flat-ragged,140-byte batch 512,140,512,12253630,11687810,4229120,1.0484111223573962,0.04727580129809352
1,ab,0,minimax-m2-1,757622126525aeeb131756849d93298070ff3f0319c455ec8c5bb0f6b1cebbe8,flat-ragged,4 KiB single,4096,1,37998720,35948390,4194304,1.057035377662254,0.05546817620713961
1,ab,1,minimax-m2-1,757622126525aeeb131756849d93298070ff3f0319c455ec8c5bb0f6b1cebbe8,flat-ragged,4 KiB single,4096,1,37673620,36488110,4194304,1.0324903098571014,0.03197366068271619
1,ab,2,minimax-m2-1,757622126525aeeb131756849d93298070ff3f0319c455ec8c5bb0f6b1cebbe8,flat-ragged,4 KiB single,4096,1,34327060,36976240,4194304,0.9283545325322423,-0.07434157978775348
1,ab,3,minimax-m2-1,757622126525aeeb131756849d93298070ff3f0319c455ec8c5bb0f6b1cebbe8,flat-ragged,4 KiB single,4096,1,34170400,34487010,4194304,0.9908194418710117,-0.009222959162384605
1,ab,4,minimax-m2-1,757622126525aeeb131756849d93298070ff3f0319c455ec8c5bb0f6b1cebbe8,flat-ragged,4 KiB single,4096,1,42428330,39054659,4194304,1.086383317288726,0.0828541217477689
1,ab,5,minimax-m2-1,757622126525aeeb131756849d93298070ff3f0319c455ec8c5bb0f6b1cebbe8,flat-ragged,4 KiB single,4096,1,38953750,39064650,4194304,0.9971611162521615,-0.0028429210210151913
1,ab,0,minimax-m2-1,757622126525aeeb131756849d93298070ff3f0319c455ec8c5bb0f6b1cebbe8,flat-ragged,64 KiB single,65536,1,37385460,35592259,4194304,1.050381769811239,0.04915368838291585
1,ab,1,minimax-m2-1,757622126525aeeb131756849d93298070ff3f0319c455ec8c5bb0f6b1cebbe8,flat-ragged,64 KiB single,65536,1,35641710,35032440,4194304,1.0173915947618835,0.01724209188417982
1,ab,2,minimax-m2-1,757622126525aeeb131756849d93298070ff3f0319c455ec8c5bb0f6b1cebbe8,flat-ragged,64 KiB single,65536,1,33745370,33069960,4194304,1.0204236715133614,0.020217905285123967
1,ab,3,minimax-m2-1,757622126525aeeb131756849d93298070ff3f0319c455ec8c5bb0f6b1cebbe8,flat-ragged,64 KiB single,65536,1,34124860,33294039,4194304,1.0249540465787284,0.024647778979241496
1,ab,4,minimax-m2-1,757622126525aeeb131756849d93298070ff3f0319c455ec8c5bb0f6b1cebbe8,flat-ragged,64 KiB single,65536,1,37757790,36064480,4194304,1.0469522921167864,0.04588336458163599
1,ab,5,minimax-m2-1,757622126525aeeb131756849d93298070ff3f0319c455ec8c5bb0f6b1cebbe8,flat-ragged,64 KiB single,65536,1,37449950,36860660,4194304,1.0159869627944806,0.01586051717876446
1,ab,0,minimax-m2-1,757622126525aeeb131756849d93298070ff3f0319c455ec8c5bb0f6b1cebbe8,nested,140-byte batch 1,140,1,54457740,54531069,4194400,0.9986552803503632,-0.0013456245964623373
1,ab,1,minimax-m2-1,757622126525aeeb131756849d93298070ff3f0319c455ec8c5bb0f6b1cebbe8,nested,140-byte batch 1,140,1,51309829,48764200,4194400,1.0522028250232753,0.050885895183875
1,ab,2,minimax-m2-1,757622126525aeeb131756849d93298070ff3f0319c455ec8c5bb0f6b1cebbe8,nested,140-byte batch 1,140,1,51881289,49722250,4194400,1.0434219891497267,0.04250568589983427
1,ab,3,minimax-m2-1,757622126525aeeb131756849d93298070ff3f0319c455ec8c5bb0f6b1cebbe8,nested,140-byte batch 1,140,1,54323559,52485230,4194400,1.0350256443574697,0.03442620356735926
1,ab,4,minimax-m2-1,757622126525aeeb131756849d93298070ff3f0319c455ec8c5bb0f6b1cebbe8,nested,140-byte batch 1,140,1,49552450,49737450,4194400,0.9962804687413609,-0.0037264659161553248
1,ab,5,minimax-m2-1,757622126525aeeb131756849d93298070ff3f0319c455ec8c5bb0f6b1cebbe8,nested,140-byte batch 1,140,1,45553219,47025379,4194400,0.9686943511927889,-0.03180614389457039
1,ab,0,minimax-m2-1,757622126525aeeb131756849d93298070ff3f0319c455ec8c5bb0f6b1cebbe8,nested,140-byte batch 32,140,32,58581429,54486709,4197760,1.07515080420805,0.07246093472512095
1,ab,1,minimax-m2-1,757622126525aeeb131756849d93298070ff3f0319c455ec8c5bb0f6b1cebbe8,nested,140-byte batch 32,140,32,52055409,49998310,4197760,1.0411433706459279,0.04031950411318483
1,ab,2,minimax-m2-1,757622126525aeeb131756849d93298070ff3f0319c455ec8c5bb0f6b1cebbe8,nested,140-byte batch 32,140,32,52633699,51205350,4197760,1.0278945266461414,0.027512561230405127
1,ab,3,minimax-m2-1,757622126525aeeb131756849d93298070ff3f0319c455ec8c5bb0f6b1cebbe8,nested,140-byte batch 32,140,32,55761110,58771849,4197760,0.9487724301476376,-0.05258630876241876
1,ab,4,minimax-m2-1,757622126525aeeb131756849d93298070ff3f0319c455ec8c5bb0f6b1cebbe8,nested,140-byte batch 32,140,32,49300200,49864430,4197760,0.9886847197491277,-0.011379785089619999
1,ab,5,minimax-m2-1,757622126525aeeb131756849d93298070ff3f0319c455ec8c5bb0f6b1cebbe8,nested,140-byte batch 32,140,32,44842850,46329589,4197760,0.9679095145868875,-0.032616672741214485
1,ab,0,minimax-m2-1,757622126525aeeb131756849d93298070ff3f0319c455ec8c5bb0f6b1cebbe8,nested,140-byte batch 512,140,512,17117700,16862790,4229120,1.015116715561304,0.015003596583618826
1,ab,1,minimax-m2-1,757622126525aeeb131756849d93298070ff3f0319c455ec8c5bb0f6b1cebbe8,nested,140-byte batch 512,140,512,16249799,16383320,4229120,0.9918501866532546,-0.008183204621058648
1,ab,2,minimax-m2-1,757622126525aeeb131756849d93298070ff3f0319c455ec8c5bb0f6b1cebbe8,nested,140-byte batch 512,140,512,16206610,16405270,4229120,0.9878904766578057,-0.012183440964198914
1,ab,3,minimax-m2-1,757622126525aeeb131756849d93298070ff3f0319c455ec8c5bb0f6b1cebbe8,nested,140-byte batch 512,140,512,15276240,15665800,4229120,0.9751330924689451,-0.02518131220390883
1,ab,4,minimax-m2-1,757622126525aeeb131756849d93298070ff3f0319c455ec8c5bb0f6b1cebbe8,nested,140-byte batch 512,140,512,14187240,14093410,4229120,1.0066577215876074,0.006635656839064126
1,ab,5,minimax-m2-1,757622126525aeeb131756849d93298070ff3f0319c455ec8c5bb0f6b1cebbe8,nested,140-byte batch 512,140,512,14128570,13994000,4229120,1.0096162641131914,0.009570322137408462
1,ab,0,minimax-m2-1,757622126525aeeb131756849d93298070ff3f0319c455ec8c5bb0f6b1cebbe8,nested,4 KiB single,4096,1,41625380,42341839,4194304,0.9830791714077416,-0.017065621480284322
1,ab,1,minimax-m2-1,757622126525aeeb131756849d93298070ff3f0319c455ec8c5bb0f6b1cebbe8,nested,4 KiB single,4096,1,39832400,39904470,4194304,0.9981939366692504,-0.0018076962295021884
1,ab,2,minimax-m2-1,757622126525aeeb131756849d93298070ff3f0319c455ec8c5bb0f6b1cebbe8,nested,4 KiB single,4096,1,38380550,37639320,4194304,1.019692970011148,0.019501572190646473
1,ab,3,minimax-m2-1,757622126525aeeb131756849d93298070ff3f0319c455ec8c5bb0f6b1cebbe8,nested,4 KiB single,4096,1,36526620,37306400,4194304,0.979097956382819,-0.02112358386479724
1,ab,4,minimax-m2-1,757622126525aeeb131756849d93298070ff3f0319c455ec8c5bb0f6b1cebbe8,nested,4 KiB single,4096,1,42616180,46050230,4194304,0.9254281683283666,-0.07749876388846169
1,ab,5,minimax-m2-1,757622126525aeeb131756849d93298070ff3f0319c455ec8c5bb0f6b1cebbe8,nested,4 KiB single,4096,1,38357979,40797590,4194304,0.9402020805640725,-0.06166044749934954
1,ab,0,minimax-m2-1,757622126525aeeb131756849d93298070ff3f0319c455ec8c5bb0f6b1cebbe8,nested,64 KiB single,65536,1,40780229,41790239,4194304,0.9758314375756502,-0.02446541488668309
1,ab,1,minimax-m2-1,757622126525aeeb131756849d93298070ff3f0319c455ec8c5bb0f6b1cebbe8,nested,64 KiB single,65536,1,37505649,37029940,4194304,1.0128466046663862,0.012764787014949572
1,ab,2,minimax-m2-1,757622126525aeeb131756849d93298070ff3f0319c455ec8c5bb0f6b1cebbe8,nested,64 KiB single,65536,1,38783930,38669019,4194304,1.0029716554226524,0.0029672487825291574
1,ab,3,minimax-m2-1,757622126525aeeb131756849d93298070ff3f0319c455ec8c5bb0f6b1cebbe8,nested,64 KiB single,65536,1,34918730,34320110,4194304,1.0174422517876545,0.017291881724138862
1,ab,4,minimax-m2-1,757622126525aeeb131756849d93298070ff3f0319c455ec8c5bb0f6b1cebbe8,nested,64 KiB single,65536,1,36222480,36513660,4194304,0.9920254502013767,-0.0080065165814234
1,ab,5,minimax-m2-1,757622126525aeeb131756849d93298070ff3f0319c455ec8c5bb0f6b1cebbe8,nested,64 KiB single,65536,1,37460000,36567480,4194304,1.0244074789949977,0.02411437617073834
1,ab,0,mistral-nemo,e11c71726323d33da7b8d6f6f269f1988931c0a52b7122bcdd8c05042974e0db,flat-ragged,140-byte batch 1,140,1,65675990,61356339,4194400,1.0704026848798784,0.06803491868453175
1,ab,1,mistral-nemo,e11c71726323d33da7b8d6f6f269f1988931c0a52b7122bcdd8c05042974e0db,flat-ragged,140-byte batch 1,140,1,58024869,56478469,4194400,1.0273803455968327,0.027012208633309578
1,ab,2,mistral-nemo,e11c71726323d33da7b8d6f6f269f1988931c0a52b7122bcdd8c05042974e0db,flat-ragged,140-byte batch 1,140,1,52530739,50955310,4194400,1.030917857236076,0.03044952895686545
1,ab,3,mistral-nemo,e11c71726323d33da7b8d6f6f269f1988931c0a52b7122bcdd8c05042974e0db,flat-ragged,140-byte batch 1,140,1,40305729,38458300,4194400,1.0480371987321333,0.046919080242328395
1,ab,4,mistral-nemo,e11c71726323d33da7b8d6f6f269f1988931c0a52b7122bcdd8c05042974e0db,flat-ragged,140-byte batch 1,140,1,59063369,57574729,4194400,1.025855788222642,0.025527179581603186
1,ab,5,mistral-nemo,e11c71726323d33da7b8d6f6f269f1988931c0a52b7122bcdd8c05042974e0db,flat-ragged,140-byte batch 1,140,1,53792489,52024070,4194400,1.0339923231688717,0.033427351657198325
1,ab,0,mistral-nemo,e11c71726323d33da7b8d6f6f269f1988931c0a52b7122bcdd8c05042974e0db,flat-ragged,140-byte batch 32,140,32,60675510,59681109,4197760,1.0166619055285986,0.016524618853620537
1,ab,1,mistral-nemo,e11c71726323d33da7b8d6f6f269f1988931c0a52b7122bcdd8c05042974e0db,flat-ragged,140-byte batch 32,140,32,55709759,53859629,4197760,1.0343509607167922,0.033774138918586556
1,ab,2,mistral-nemo,e11c71726323d33da7b8d6f6f269f1988931c0a52b7122bcdd8c05042974e0db,flat-ragged,140-byte batch 32,140,32,49400569,48987060,4197760,1.0084411883464734,0.008405760743887004
1,ab,3,mistral-nemo,e11c71726323d33da7b8d6f6f269f1988931c0a52b7122bcdd8c05042974e0db,flat-ragged,140-byte batch 32,140,32,37447800,36654520,4197760,1.0216420785212847,0.021411213730246667
1,ab,4,mistral-nemo,e11c71726323d33da7b8d6f6f269f1988931c0a52b7122bcdd8c05042974e0db,flat-ragged,140-byte batch 32,140,32,55716810,54654680,4197760,1.0194334684605235,0.019247049913725004
1,ab,5,mistral-nemo,e11c71726323d33da7b8d6f6f269f1988931c0a52b7122bcdd8c05042974e0db,flat-ragged,140-byte batch 32,140,32,51428610,50575490,4197760,1.016868249818242,0.01672756080637107
1,ab,0,mistral-nemo,e11c71726323d33da7b8d6f6f269f1988931c0a52b7122bcdd8c05042974e0db,flat-ragged,140-byte batch 512,140,512,18155200,18164120,4229120,0.9995089219846599,-0.0004911986336389511
1,ab,1,mistral-nemo,e11c71726323d33da7b8d6f6f269f1988931c0a52b7122bcdd8c05042974e0db,flat-ragged,140-byte batch 512,140,512,16948610,17318170,4229120,0.978660562865476,-0.021570414789367477
1,ab,2,mistral-nemo,e11c71726323d33da7b8d6f6f269f1988931c0a52b7122bcdd8c05042974e0db,flat-ragged,140-byte batch 512,140,512,16109270,15821560,4229120,1.0181846796396816,0.018021315859130853
1,ab,3,mistral-nemo,e11c71726323d33da7b8d6f6f269f1988931c0a52b7122bcdd8c05042974e0db,flat-ragged,140-byte batch 512,140,512,13710280,13112430,4229120,1.0455941423519515,0.04458528112391912
1,ab,4,mistral-nemo,e11c71726323d33da7b8d6f6f269f1988931c0a52b7122bcdd8c05042974e0db,flat-ragged,140-byte batch 512,140,512,12785980,12532110,4229120,1.0202575623737742,0.020055107551508595
1,ab,5,mistral-nemo,e11c71726323d33da7b8d6f6f269f1988931c0a52b7122bcdd8c05042974e0db,flat-ragged,140-byte batch 512,140,512,12557630,12244630,4229120,1.02556222605338,0.025240975434790733
1,ab,0,mistral-nemo,e11c71726323d33da7b8d6f6f269f1988931c0a52b7122bcdd8c05042974e0db,flat-ragged,4 KiB single,4096,1,44630090,42942820,4194304,1.0392910852151769,0.03853883189352688
1,ab,1,mistral-nemo,e11c71726323d33da7b8d6f6f269f1988931c0a52b7122bcdd8c05042974e0db,flat-ragged,4 KiB single,4096,1,44531300,43602269,4194304,1.021306941618107,0.02108312242411992
1,ab,2,mistral-nemo,e11c71726323d33da7b8d6f6f269f1988931c0a52b7122bcdd8c05042974e0db,flat-ragged,4 KiB single,4096,1,41114080,38926560,4194304,1.0561960779478075,0.054673847922513036
1,ab,3,mistral-nemo,e11c71726323d33da7b8d6f6f269f1988931c0a52b7122bcdd8c05042974e0db,flat-ragged,4 KiB single,4096,1,39198030,37039960,4194304,1.0582632918610064,0.05662916056775757
1,ab,4,mistral-nemo,e11c71726323d33da7b8d6f6f269f1988931c0a52b7122bcdd8c05042974e0db,flat-ragged,4 KiB single,4096,1,40086030,37910440,4194304,1.0573876219848675,0.05580135866488883
1,ab,5,mistral-nemo,e11c71726323d33da7b8d6f6f269f1988931c0a52b7122bcdd8c05042974e0db,flat-ragged,4 KiB single,4096,1,46083540,44090110,4194304,1.0452126338537147,0.04422034209003739
1,ab,0,mistral-nemo,e11c71726323d33da7b8d6f6f269f1988931c0a52b7122bcdd8c05042974e0db,flat-ragged,64 KiB single,65536,1,19106239,18344780,4194304,1.041508211055134,0.04066986556216051
1,ab,1,mistral-nemo,e11c71726323d33da7b8d6f6f269f1988931c0a52b7122bcdd8c05042974e0db,flat-ragged,64 KiB single,65536,1,17982430,17765970,4194304,1.0121839674388733,0.012110340350991625
1,ab,2,mistral-nemo,e11c71726323d33da7b8d6f6f269f1988931c0a52b7122bcdd8c05042974e0db,flat-ragged,64 KiB single,65536,1,17258450,17098720,4194304,1.0093416349293982,0.009298271704244687
1,ab,3,mistral-nemo,e11c71726323d33da7b8d6f6f269f1988931c0a52b7122bcdd8c05042974e0db,flat-ragged,64 KiB single,65536,1,17895270,17431520,4194304,1.0266041056660578,0.02625637042114339
1,ab,4,mistral-nemo,e11c71726323d33da7b8d6f6f269f1988931c0a52b7122bcdd8c05042974e0db,flat-ragged,64 KiB single,65536,1,16965509,16804570,4194304,1.0095770971824927,0.00953152750638957
1,ab,5,mistral-nemo,e11c71726323d33da7b8d6f6f269f1988931c0a52b7122bcdd8c05042974e0db,flat-ragged,64 KiB single,65536,1,16670500,16522729,4194304,1.0089434983772958,0.00890374215963629
1,ab,0,mistral-nemo,e11c71726323d33da7b8d6f6f269f1988931c0a52b7122bcdd8c05042974e0db,nested,140-byte batch 1,140,1,61707290,68611709,4194400,0.8993696688126512,-0.10606112901600116
1,ab,1,mistral-nemo,e11c71726323d33da7b8d6f6f269f1988931c0a52b7122bcdd8c05042974e0db,nested,140-byte batch 1,140,1,57177990,59898920,4194400,0.954574640076983,-0.04648944078356429
1,ab,2,mistral-nemo,e11c71726323d33da7b8d6f6f269f1988931c0a52b7122bcdd8c05042974e0db,nested,140-byte batch 1,140,1,53056739,51651140,4194400,1.0272133199770614,0.02684962113687387
1,ab,3,mistral-nemo,e11c71726323d33da7b8d6f6f269f1988931c0a52b7122bcdd8c05042974e0db,nested,140-byte batch 1,140,1,41773560,39446190,4194400,1.0590011354708782,0.05732613882915555
1,ab,4,mistral-nemo,e11c71726323d33da7b8d6f6f269f1988931c0a52b7122bcdd8c05042974e0db,nested,140-byte batch 1,140,1,58896920,56288420,4194400,1.0463416809354393,0.045299967116658485
1,ab,5,mistral-nemo,e11c71726323d33da7b8d6f6f269f1988931c0a52b7122bcdd8c05042974e0db,nested,140-byte batch 1,140,1,56646320,52737330,4194400,1.0741218791319167,0.07150347114898807
1,ab,0,mistral-nemo,e11c71726323d33da7b8d6f6f269f1988931c0a52b7122bcdd8c05042974e0db,nested,140-byte batch 32,140,32,69536220,63261459,4197760,1.099187737671368,0.09457148673901376
1,ab,1,mistral-nemo,e11c71726323d33da7b8d6f6f269f1988931c0a52b7122bcdd8c05042974e0db,nested,140-byte batch 32,140,32,60923789,57571069,4197760,1.0582361949888406,0.056603555201599265
1,ab,2,mistral-nemo,e11c71726323d33da7b8d6f6f269f1988931c0a52b7122bcdd8c05042974e0db,nested,140-byte batch 32,140,32,54723120,53422420,4197760,1.0243474556188208,0.024055781191729363
1,ab,3,mistral-nemo,e11c71726323d33da7b8d6f6f269f1988931c0a52b7122bcdd8c05042974e0db,nested,140-byte batch 32,140,32,43373930,41435960,4197760,1.0467702449756202,0.04570946652360793
1,ab,4,mistral-nemo,e11c71726323d33da7b8d6f6f269f1988931c0a52b7122bcdd8c05042974e0db,nested,140-byte batch 32,140,32,60704230,58639870,4197760,1.0352040343882072,0.03459854196344205
1,ab,5,mistral-nemo,e11c71726323d33da7b8d6f6f269f1988931c0a52b7122bcdd8c05042974e0db,nested,140-byte batch 32,140,32,57195000,54204829,4197760,1.0551642917275876,0.05369648155988447
1,ab,0,mistral-nemo,e11c71726323d33da7b8d6f6f269f1988931c0a52b7122bcdd8c05042974e0db,nested,140-byte batch 512,140,512,20379800,19918520,4229120,1.0231583471061103,0.022894261996212424
1,ab,1,mistral-nemo,e11c71726323d33da7b8d6f6f269f1988931c0a52b7122bcdd8c05042974e0db,nested,140-byte batch 512,140,512,18383839,18345139,4229120,1.0021095506553535,0.002107328677737197
1,ab,2,mistral-nemo,e11c71726323d33da7b8d6f6f269f1988931c0a52b7122bcdd8c05042974e0db,nested,140-byte batch 512,140,512,17436209,17709440,4229120,0.9845714488995699,-0.015548809742940031
1,ab,3,mistral-nemo,e11c71726323d33da7b8d6f6f269f1988931c0a52b7122bcdd8c05042974e0db,nested,140-byte batch 512,140,512,15154860,15430270,4229120,0.9821513168596532,-0.01800989200994586
1,ab,4,mistral-nemo,e11c71726323d33da7b8d6f6f269f1988931c0a52b7122bcdd8c05042974e0db,nested,140-byte batch 512,140,512,14334150,14618340,4229120,0.980559352156264,-0.019632102636946612
1,ab,5,mistral-nemo,e11c71726323d33da7b8d6f6f269f1988931c0a52b7122bcdd8c05042974e0db,nested,140-byte batch 512,140,512,14763010,14879560,4229120,0.9921671070918764,-0.007863731154454929
1,ab,0,mistral-nemo,e11c71726323d33da7b8d6f6f269f1988931c0a52b7122bcdd8c05042974e0db,nested,4 KiB single,4096,1,44992420,45476929,4194304,0.9893460484106128,-0.010711111278502612
1,ab,1,mistral-nemo,e11c71726323d33da7b8d6f6f269f1988931c0a52b7122bcdd8c05042974e0db,nested,4 KiB single,4096,1,44477349,46318530,4194304,0.9602495804594835,-0.040562048663811655
1,ab,2,mistral-nemo,e11c71726323d33da7b8d6f6f269f1988931c0a52b7122bcdd8c05042974e0db,nested,4 KiB single,4096,1,41636150,43742530,4194304,0.9518459494684006,-0.0493520750699756
1,ab,3,mistral-nemo,e11c71726323d33da7b8d6f6f269f1988931c0a52b7122bcdd8c05042974e0db,nested,4 KiB single,4096,1,38094390,39489789,4194304,0.9646643085380882,-0.035975104962750616
1,ab,4,mistral-nemo,e11c71726323d33da7b8d6f6f269f1988931c0a52b7122bcdd8c05042974e0db,nested,4 KiB single,4096,1,38261930,40815749,4194304,0.9374305491735555,-0.06461260476323599
1,ab,5,mistral-nemo,e11c71726323d33da7b8d6f6f269f1988931c0a52b7122bcdd8c05042974e0db,nested,4 KiB single,4096,1,45925560,46452240,4194304,0.9886619030643087,-0.011402863172700466
1,ab,0,mistral-nemo,e11c71726323d33da7b8d6f6f269f1988931c0a52b7122bcdd8c05042974e0db,nested,64 KiB single,65536,1,40155589,41590929,4194304,0.9654891094161422,-0.035120456911889746
1,ab,1,mistral-nemo,e11c71726323d33da7b8d6f6f269f1988931c0a52b7122bcdd8c05042974e0db,nested,64 KiB single,65536,1,40531690,41189429,4194304,0.9840313639696243,-0.01609750848497703
1,ab,2,mistral-nemo,e11c71726323d33da7b8d6f6f269f1988931c0a52b7122bcdd8c05042974e0db,nested,64 KiB single,65536,1,39932529,40969090,4194304,0.9746989498668386,-0.025626625030710837
1,ab,3,mistral-nemo,e11c71726323d33da7b8d6f6f269f1988931c0a52b7122bcdd8c05042974e0db,nested,64 KiB single,65536,1,36378690,36224670,4194304,1.004251798567109,0.0042427852111987996
1,ab,4,mistral-nemo,e11c71726323d33da7b8d6f6f269f1988931c0a52b7122bcdd8c05042974e0db,nested,64 KiB single,65536,1,34559799,34344130,4194304,1.0062796466237462,0.006260011799851726
1,ab,5,mistral-nemo,e11c71726323d33da7b8d6f6f269f1988931c0a52b7122bcdd8c05042974e0db,nested,64 KiB single,65536,1,37150640,36755070,4194304,1.0107623247622708,0.010704823144609434
1,ab,0,nemotron-3,c6021eb6847e682f89aa52d5eb6e8c7d902a23acfc8137e25211cf84828f1592,flat-ragged,140-byte batch 1,140,1,67156499,65052180,4194400,1.0323481703457131,0.031835984527437584
1,ab,1,nemotron-3,c6021eb6847e682f89aa52d5eb6e8c7d902a23acfc8137e25211cf84828f1592,flat-ragged,140-byte batch 1,140,1,58990019,59245770,4194400,0.9956832192407998,-0.004326124958196592
1,ab,2,nemotron-3,c6021eb6847e682f89aa52d5eb6e8c7d902a23acfc8137e25211cf84828f1592,flat-ragged,140-byte batch 1,140,1,53476029,53343790,4194400,1.0024789952120012,0.002475927572101141
1,ab,3,nemotron-3,c6021eb6847e682f89aa52d5eb6e8c7d902a23acfc8137e25211cf84828f1592,flat-ragged,140-byte batch 1,140,1,40657560,39659000,4194400,1.0251786479739782,0.02486688810983111
1,ab,4,nemotron-3,c6021eb6847e682f89aa52d5eb6e8c7d902a23acfc8137e25211cf84828f1592,flat-ragged,140-byte batch 1,140,1,61274750,57443150,4194400,1.066702470181388,0.06457208636930381
1,ab,5,nemotron-3,c6021eb6847e682f89aa52d5eb6e8c7d902a23acfc8137e25211cf84828f1592,flat-ragged,140-byte batch 1,140,1,54947410,53730490,4194400,1.0226485930055729,0.02239592160925577
1,ab,0,nemotron-3,c6021eb6847e682f89aa52d5eb6e8c7d902a23acfc8137e25211cf84828f1592,flat-ragged,140-byte batch 32,140,32,60817980,66755430,4197760,0.911056673591946,-0.09315017334766915
1,ab,1,nemotron-3,c6021eb6847e682f89aa52d5eb6e8c7d902a23acfc8137e25211cf84828f1592,flat-ragged,140-byte batch 32,140,32,55066539,59926589,4197760,0.9188999393908437,-0.08457804243368099
1,ab,2,nemotron-3,c6021eb6847e682f89aa52d5eb6e8c7d902a23acfc8137e25211cf84828f1592,flat-ragged,140-byte batch 32,140,32,49948939,53467990,4197760,0.9341839668930887,-0.06808189345373133
1,ab,3,nemotron-3,c6021eb6847e682f89aa52d5eb6e8c7d902a23acfc8137e25211cf84828f1592,flat-ragged,140-byte batch 32,140,32,37123810,38328979,4197760,0.9685572370711988,-0.03194769920173826
1,ab,4,nemotron-3,c6021eb6847e682f89aa52d5eb6e8c7d902a23acfc8137e25211cf84828f1592,flat-ragged,140-byte batch 32,140,32,55678300,57666069,4197760,0.9655296600848585,-0.03507845766324156
1,ab,5,nemotron-3,c6021eb6847e682f89aa52d5eb6e8c7d902a23acfc8137e25211cf84828f1592,flat-ragged,140-byte batch 32,140,32,50813969,53717579,4197760,0.9459467449193867,-0.05556900652610154
1,ab,0,nemotron-3,c6021eb6847e682f89aa52d5eb6e8c7d902a23acfc8137e25211cf84828f1592,flat-ragged,140-byte batch 512,140,512,18271750,17326080,4229120,1.05458072454935,0.05314327044800275
1,ab,1,nemotron-3,c6021eb6847e682f89aa52d5eb6e8c7d902a23acfc8137e25211cf84828f1592,flat-ragged,140-byte batch 512,140,512,16968350,16512580,4229120,1.0276013802809736,0.02722732946111052
1,ab,2,nemotron-3,c6021eb6847e682f89aa52d5eb6e8c7d902a23acfc8137e25211cf84828f1592,flat-ragged,140-byte batch 512,140,512,16226520,16032470,4229120,1.01210356233319,0.012030899950808319
1,ab,3,nemotron-3,c6021eb6847e682f89aa52d5eb6e8c7d902a23acfc8137e25211cf84828f1592,flat-ragged,140-byte batch 512,140,512,13352060,13186830,4229120,1.0125299256910114,0.01245207579981612
1,ab,4,nemotron-3,c6021eb6847e682f89aa52d5eb6e8c7d902a23acfc8137e25211cf84828f1592,flat-ragged,140-byte batch 512,140,512,12411860,12820560,4229120,0.9681215173128163,-0.032397665170278846
1,ab,5,nemotron-3,c6021eb6847e682f89aa52d5eb6e8c7d902a23acfc8137e25211cf84828f1592,flat-ragged,140-byte batch 512,140,512,12758990,12358630,4229120,1.0323951764880088,0.03188151671658438
1,ab,0,nemotron-3,c6021eb6847e682f89aa52d5eb6e8c7d902a23acfc8137e25211cf84828f1592,flat-ragged,4 KiB single,4096,1,45511809,43960800,4194304,1.0352816372768467,0.03467350301218333
1,ab,1,nemotron-3,c6021eb6847e682f89aa52d5eb6e8c7d902a23acfc8137e25211cf84828f1592,flat-ragged,4 KiB single,4096,1,43784999,45735120,4194304,0.9573605360606904,-0.04357522278065542
1,ab,2,nemotron-3,c6021eb6847e682f89aa52d5eb6e8c7d902a23acfc8137e25211cf84828f1592,flat-ragged,4 KiB single,4096,1,39497590,40568120,4194304,0.9736115452231949,-0.02674287909729312
1,ab,3,nemotron-3,c6021eb6847e682f89aa52d5eb6e8c7d902a23acfc8137e25211cf84828f1592,flat-ragged,4 KiB single,4096,1,38284399,37346489,4194304,1.0251137396074903,0.024803571904881316
1,ab,4,nemotron-3,c6021eb6847e682f89aa52d5eb6e8c7d902a23acfc8137e25211cf84828f1592,flat-ragged,4 KiB single,4096,1,39557000,39296449,4194304,1.0066303955352303,0.006608511144271245
1,ab,5,nemotron-3,c6021eb6847e682f89aa52d5eb6e8c7d902a23acfc8137e25211cf84828f1592,flat-ragged,4 KiB single,4096,1,44966679,43873840,4194304,1.0249086699500203,0.024603506132723923
1,ab,0,nemotron-3,c6021eb6847e682f89aa52d5eb6e8c7d902a23acfc8137e25211cf84828f1592,flat-ragged,64 KiB single,65536,1,18683660,18532290,4194304,1.0081679058551318,0.008134729046370318
1,ab,1,nemotron-3,c6021eb6847e682f89aa52d5eb6e8c7d902a23acfc8137e25211cf84828f1592,flat-ragged,64 KiB single,65536,1,17971300,17671460,4194304,1.0169674718444317,0.01682513213448928
1,ab,2,nemotron-3,c6021eb6847e682f89aa52d5eb6e8c7d902a23acfc8137e25211cf84828f1592,flat-ragged,64 KiB single,65536,1,17295350,17205110,4194304,1.005244953388848,0.005231246527830499
1,ab,3,nemotron-3,c6021eb6847e682f89aa52d5eb6e8c7d902a23acfc8137e25211cf84828f1592,flat-ragged,64 KiB single,65536,1,17631600,17517730,4194304,1.006500271439279,0.006479235783990695
1,ab,4,nemotron-3,c6021eb6847e682f89aa52d5eb6e8c7d902a23acfc8137e25211cf84828f1592,flat-ragged,64 KiB single,65536,1,16944960,16921070,4194304,1.001411849250668,0.0014108535286108668
1,ab,5,nemotron-3,c6021eb6847e682f89aa52d5eb6e8c7d902a23acfc8137e25211cf84828f1592,flat-ragged,64 KiB single,65536,1,16749190,16647499,4194304,1.0061084851244022,0.0060899039592652365
1,ab,0,nemotron-3,c6021eb6847e682f89aa52d5eb6e8c7d902a23acfc8137e25211cf84828f1592,nested,140-byte batch 1,140,1,66411959,69010320,4194400,0.962348225598722,-0.0383789129438481
1,ab,1,nemotron-3,c6021eb6847e682f89aa52d5eb6e8c7d902a23acfc8137e25211cf84828f1592,nested,140-byte batch 1,140,1,57953259,59692079,4194400,0.9708701719033777,-0.029562525187995577
1,ab,2,nemotron-3,c6021eb6847e682f89aa52d5eb6e8c7d902a23acfc8137e25211cf84828f1592,nested,140-byte batch 1,140,1,52950529,55299210,4194400,0.9575277657673591,-0.04340056015732203
1,ab,3,nemotron-3,c6021eb6847e682f89aa52d5eb6e8c7d902a23acfc8137e25211cf84828f1592,nested,140-byte batch 1,140,1,42363740,41505050,4194400,1.020688807747491,0.020477701095805368
1,ab,4,nemotron-3,c6021eb6847e682f89aa52d5eb6e8c7d902a23acfc8137e25211cf84828f1592,nested,140-byte batch 1,140,1,59859970,59771680,4194400,1.001477120937541,0.0014760310675235246
1,ab,5,nemotron-3,c6021eb6847e682f89aa52d5eb6e8c7d902a23acfc8137e25211cf84828f1592,nested,140-byte batch 1,140,1,55882299,54828830,4194400,1.01921377859057,0.019031524769665128
1,ab,0,nemotron-3,c6021eb6847e682f89aa52d5eb6e8c7d902a23acfc8137e25211cf84828f1592,nested,140-byte batch 32,140,32,69488289,69143549,4197760,1.004985859201413,0.004973470965694115
1,ab,1,nemotron-3,c6021eb6847e682f89aa52d5eb6e8c7d902a23acfc8137e25211cf84828f1592,nested,140-byte batch 32,140,32,61710769,61682550,4197760,1.0004574875714445,0.00045738295591112314
1,ab,2,nemotron-3,c6021eb6847e682f89aa52d5eb6e8c7d902a23acfc8137e25211cf84828f1592,nested,140-byte batch 32,140,32,55346900,56342659,4197760,0.982326730444156,-0.017831306573259768
1,ab,3,nemotron-3,c6021eb6847e682f89aa52d5eb6e8c7d902a23acfc8137e25211cf84828f1592,nested,140-byte batch 32,140,32,44255080,43243420,4197760,1.02339454187481,0.023125084049256003
1,ab,4,nemotron-3,c6021eb6847e682f89aa52d5eb6e8c7d902a23acfc8137e25211cf84828f1592,nested,140-byte batch 32,140,32,60241490,59438330,4197760,1.0135124926962114,0.013422013125228656
1,ab,5,nemotron-3,c6021eb6847e682f89aa52d5eb6e8c7d902a23acfc8137e25211cf84828f1592,nested,140-byte batch 32,140,32,56117720,55802469,4197760,1.005649409527023,0.005633511461372405
1,ab,0,nemotron-3,c6021eb6847e682f89aa52d5eb6e8c7d902a23acfc8137e25211cf84828f1592,nested,140-byte batch 512,140,512,20455480,20050530,4229120,1.0201964736094258,0.019995229932812594
1,ab,1,nemotron-3,c6021eb6847e682f89aa52d5eb6e8c7d902a23acfc8137e25211cf84828f1592,nested,140-byte batch 512,140,512,18822780,18244040,4229120,1.0317221404908123,0.031229387096322694
1,ab,2,nemotron-3,c6021eb6847e682f89aa52d5eb6e8c7d902a23acfc8137e25211cf84828f1592,nested,140-byte batch 512,140,512,17952489,17510870,4229120,1.0252197063880892,0.024906937316883194
1,ab,3,nemotron-3,c6021eb6847e682f89aa52d5eb6e8c7d902a23acfc8137e25211cf84828f1592,nested,140-byte batch 512,140,512,15685080,15279870,4229120,1.0265192046790974,0.02617366619526378
1,ab,4,nemotron-3,c6021eb6847e682f89aa52d5eb6e8c7d902a23acfc8137e25211cf84828f1592,nested,140-byte batch 512,140,512,14785940,14487730,4229120,1.0205836249018998,0.020374644939261177
1,ab,5,nemotron-3,c6021eb6847e682f89aa52d5eb6e8c7d902a23acfc8137e25211cf84828f1592,nested,140-byte batch 512,140,512,14890800,14630609,4229120,1.0177840170562962,0.01762773162651684
1,ab,0,nemotron-3,c6021eb6847e682f89aa52d5eb6e8c7d902a23acfc8137e25211cf84828f1592,nested,4 KiB single,4096,1,45665949,43598410,4194304,1.047422348659045,0.0463322399079502
1,ab,1,nemotron-3,c6021eb6847e682f89aa52d5eb6e8c7d902a23acfc8137e25211cf84828f1592,nested,4 KiB single,4096,1,44495649,46491890,4194304,0.9570625973691326,-0.0438864796692299
1,ab,2,nemotron-3,c6021eb6847e682f89aa52d5eb6e8c7d902a23acfc8137e25211cf84828f1592,nested,4 KiB single,4096,1,41989610,42221760,4194304,0.9945016503338563,-0.0055135212285958735
1,ab,3,nemotron-3,c6021eb6847e682f89aa52d5eb6e8c7d902a23acfc8137e25211cf84828f1592,nested,4 KiB single,4096,1,38647629,38861899,4194304,0.9944863734013616,-0.00552888274139806
1,ab,4,nemotron-3,c6021eb6847e682f89aa52d5eb6e8c7d902a23acfc8137e25211cf84828f1592,nested,4 KiB single,4096,1,37751810,43685649,4194304,0.8641696040729531,-0.14598622843224135
1,ab,5,nemotron-3,c6021eb6847e682f89aa52d5eb6e8c7d902a23acfc8137e25211cf84828f1592,nested,4 KiB single,4096,1,46709950,44309219,4194304,1.0541812980273924,0.05276444484088539
1,ab,0,nemotron-3,c6021eb6847e682f89aa52d5eb6e8c7d902a23acfc8137e25211cf84828f1592,nested,64 KiB single,65536,1,41317379,40257049,4194304,1.0263389897257496,0.025998091521570302
1,ab,1,nemotron-3,c6021eb6847e682f89aa52d5eb6e8c7d902a23acfc8137e25211cf84828f1592,nested,64 KiB single,65536,1,41589310,39784490,4194304,1.0453649148198205,0.04436602524488789
1,ab,2,nemotron-3,c6021eb6847e682f89aa52d5eb6e8c7d902a23acfc8137e25211cf84828f1592,nested,64 KiB single,65536,1,41245619,39299359,4194304,1.0495239629735436,0.04833669277019179
1,ab,3,nemotron-3,c6021eb6847e682f89aa52d5eb6e8c7d902a23acfc8137e25211cf84828f1592,nested,64 KiB single,65536,1,36307939,36023560,4194304,1.0078942503184027,0.007863253747286128
1,ab,4,nemotron-3,c6021eb6847e682f89aa52d5eb6e8c7d902a23acfc8137e25211cf84828f1592,nested,64 KiB single,65536,1,34508170,34155080,4194304,1.010337847254347,0.010284777151796027
1,ab,5,nemotron-3,c6021eb6847e682f89aa52d5eb6e8c7d902a23acfc8137e25211cf84828f1592,nested,64 KiB single,65536,1,37229389,38938260,4194304,0.9561133188796829,-0.04487883856240811
1,ab,0,phi-4-mini,382cc235b56c725945e149cc25f191da667c836655efd0857b004320e90e91ea,flat-ragged,140-byte batch 1,140,1,45401500,43960040,4194400,1.0327902340398234,0.03226410469596821
1,ab,1,phi-4-mini,382cc235b56c725945e149cc25f191da667c836655efd0857b004320e90e91ea,flat-ragged,140-byte batch 1,140,1,41360369,41373110,4194400,0.9996920463557127,-0.00030800107174799987
1,ab,2,phi-4-mini,382cc235b56c725945e149cc25f191da667c836655efd0857b004320e90e91ea,flat-ragged,140-byte batch 1,140,1,41367550,40633620,4194400,1.0180621367232356,0.017900954304127616
1,ab,3,phi-4-mini,382cc235b56c725945e149cc25f191da667c836655efd0857b004320e90e91ea,flat-ragged,140-byte batch 1,140,1,44706410,43873719,4194400,1.0189792663804043,0.018801407007484373
1,ab,4,phi-4-mini,382cc235b56c725945e149cc25f191da667c836655efd0857b004320e90e91ea,flat-ragged,140-byte batch 1,140,1,39142459,38509170,4194400,1.016445147999814,0.016311390997045386
1,ab,5,phi-4-mini,382cc235b56c725945e149cc25f191da667c836655efd0857b004320e90e91ea,flat-ragged,140-byte batch 1,140,1,38415499,35026070,4194400,1.0967687496770262,0.09236835658892656
1,ab,0,phi-4-mini,382cc235b56c725945e149cc25f191da667c836655efd0857b004320e90e91ea,flat-ragged,140-byte batch 32,140,32,43533849,39568419,4197760,1.1002170443049544,0.0955074733451782
1,ab,1,phi-4-mini,382cc235b56c725945e149cc25f191da667c836655efd0857b004320e90e91ea,flat-ragged,140-byte batch 32,140,32,36737510,35800640,4197760,1.0261690852454035,0.025832533604594497
1,ab,2,phi-4-mini,382cc235b56c725945e149cc25f191da667c836655efd0857b004320e90e91ea,flat-ragged,140-byte batch 32,140,32,37718089,36318490,4197760,1.0385368169216287,0.037812815724522976
1,ab,3,phi-4-mini,382cc235b56c725945e149cc25f191da667c836655efd0857b004320e90e91ea,flat-ragged,140-byte batch 32,140,32,41863900,39003070,4197760,1.0733488415142705,0.07078351939960693
1,ab,4,phi-4-mini,382cc235b56c725945e149cc25f191da667c836655efd0857b004320e90e91ea,flat-ragged,140-byte batch 32,140,32,36107549,35340200,4197760,1.0217132047922761,0.021480830865945905
1,ab,5,phi-4-mini,382cc235b56c725945e149cc25f191da667c836655efd0857b004320e90e91ea,flat-ragged,140-byte batch 32,140,32,31097130,30427250,4197760,1.0220157917656048,0.02177694348757943
1,ab,0,phi-4-mini,382cc235b56c725945e149cc25f191da667c836655efd0857b004320e90e91ea,flat-ragged,140-byte batch 512,140,512,12805539,12431170,4229120,1.0301153471475333,0.029670783493286956
1,ab,1,phi-4-mini,382cc235b56c725945e149cc25f191da667c836655efd0857b004320e90e91ea,flat-ragged,140-byte batch 512,140,512,12117819,12473470,4229120,0.971487404868092,-0.028926974872366656
1,ab,2,phi-4-mini,382cc235b56c725945e149cc25f191da667c836655efd0857b004320e90e91ea,flat-ragged,140-byte batch 512,140,512,11983660,11956740,4229120,1.002251449809898,0.0022489190945819385
1,ab,3,phi-4-mini,382cc235b56c725945e149cc25f191da667c836655efd0857b004320e90e91ea,flat-ragged,140-byte batch 512,140,512,10160300,10329510,4229120,0.9836187776574107,-0.016516878076686354
1,ab,4,phi-4-mini,382cc235b56c725945e149cc25f191da667c836655efd0857b004320e90e91ea,flat-ragged,140-byte batch 512,140,512,9966420,10091400,4229120,0.9876151970985195,-0.012462133720919272
1,ab,5,phi-4-mini,382cc235b56c725945e149cc25f191da667c836655efd0857b004320e90e91ea,flat-ragged,140-byte batch 512,140,512,9801280,9690820,4229120,1.011398416233095,0.011333943747050799
1,ab,0,phi-4-mini,382cc235b56c725945e149cc25f191da667c836655efd0857b004320e90e91ea,flat-ragged,4 KiB single,4096,1,32479210,28362790,4194304,1.1451345230846472,0.13552211751527
1,ab,1,phi-4-mini,382cc235b56c725945e149cc25f191da667c836655efd0857b004320e90e91ea,flat-ragged,4 KiB single,4096,1,29820600,29217500,4194304,1.0206417386840079,0.020431585033344354
1,ab,2,phi-4-mini,382cc235b56c725945e149cc25f191da667c836655efd0857b004320e90e91ea,flat-ragged,4 KiB single,4096,1,27086060,26907230,4194304,1.0066461690779764,0.006624180668293675
1,ab,3,phi-4-mini,382cc235b56c725945e149cc25f191da667c836655efd0857b004320e90e91ea,flat-ragged,4 KiB single,4096,1,27092550,26545290,4194304,1.020616086695606,0.020406451521953202
1,ab,4,phi-4-mini,382cc235b56c725945e149cc25f191da667c836655efd0857b004320e90e91ea,flat-ragged,4 KiB single,4096,1,34090980,33325430,4194304,1.0229719466485503,0.022712063962544077
1,ab,5,phi-4-mini,382cc235b56c725945e149cc25f191da667c836655efd0857b004320e90e91ea,flat-ragged,4 KiB single,4096,1,30724020,29994790,4194304,1.0243118888313605,0.024021059179443395
1,ab,0,phi-4-mini,382cc235b56c725945e149cc25f191da667c836655efd0857b004320e90e91ea,flat-ragged,64 KiB single,65536,1,16310430,15421550,4194304,1.057638823594256,0.056038898588888136
1,ab,1,phi-4-mini,382cc235b56c725945e149cc25f191da667c836655efd0857b004320e90e91ea,flat-ragged,64 KiB single,65536,1,15856190,15314849,4194304,1.0353474591881382,0.034737079740073416
1,ab,2,phi-4-mini,382cc235b56c725945e149cc25f191da667c836655efd0857b004320e90e91ea,flat-ragged,64 KiB single,65536,1,15432110,14838920,4194304,1.039975281219927,0.03919694481305403
1,ab,3,phi-4-mini,382cc235b56c725945e149cc25f191da667c836655efd0857b004320e90e91ea,flat-ragged,64 KiB single,65536,1,15748580,15328550,4194304,1.0274018090426036,0.02703309984625226
1,ab,4,phi-4-mini,382cc235b56c725945e149cc25f191da667c836655efd0857b004320e90e91ea,flat-ragged,64 KiB single,65536,1,15536890,14589079,4194304,1.0649671579679567,0.06294396109712717
1,ab,5,phi-4-mini,382cc235b56c725945e149cc25f191da667c836655efd0857b004320e90e91ea,flat-ragged,64 KiB single,65536,1,15275610,14581110,4194304,1.0476301186946673,0.04653058342396324
1,ab,0,phi-4-mini,382cc235b56c725945e149cc25f191da667c836655efd0857b004320e90e91ea,nested,140-byte batch 1,140,1,47582320,49205580,4194400,0.9670106520439349,-0.03354576803218687
1,ab,1,phi-4-mini,382cc235b56c725945e149cc25f191da667c836655efd0857b004320e90e91ea,nested,140-byte batch 1,140,1,42282020,42724309,4194400,0.9896478372534943,-0.010406119082814696
1,ab,2,phi-4-mini,382cc235b56c725945e149cc25f191da667c836655efd0857b004320e90e91ea,nested,140-byte batch 1,140,1,41553330,40429230,4194400,1.027804140717001,0.02742462428650028
1,ab,3,phi-4-mini,382cc235b56c725945e149cc25f191da667c836655efd0857b004320e90e91ea,nested,140-byte batch 1,140,1,45365390,45543020,4194400,0.9960997316383499,-0.0039078942434116895
1,ab,4,phi-4-mini,382cc235b56c725945e149cc25f191da667c836655efd0857b004320e90e91ea,nested,140-byte batch 1,140,1,39242870,38108610,4194400,1.0297638775069466,0.02932953082197424
1,ab,5,phi-4-mini,382cc235b56c725945e149cc25f191da667c836655efd0857b004320e90e91ea,nested,140-byte batch 1,140,1,36828410,36542580,4194400,1.007821834145263,0.007791402186712583
1,ab,0,phi-4-mini,382cc235b56c725945e149cc25f191da667c836655efd0857b004320e90e91ea,nested,140-byte batch 32,140,32,48277830,46320789,4197760,1.0422497336994843,0.0413815822733245
1,ab,1,phi-4-mini,382cc235b56c725945e149cc25f191da667c836655efd0857b004320e90e91ea,nested,140-byte batch 32,140,32,42998560,43690110,4197760,0.9841714749630981,-0.015955133938066583
1,ab,2,phi-4-mini,382cc235b56c725945e149cc25f191da667c836655efd0857b004320e90e91ea,nested,140-byte batch 32,140,32,42178460,41623160,4197760,1.0133411302745876,0.013252921070341263
1,ab,3,phi-4-mini,382cc235b56c725945e149cc25f191da667c836655efd0857b004320e90e91ea,nested,140-byte batch 32,140,32,48457709,46434260,4197760,1.0435766393176074,0.04265388932081809
1,ab,4,phi-4-mini,382cc235b56c725945e149cc25f191da667c836655efd0857b004320e90e91ea,nested,140-byte batch 32,140,32,39950990,39006149,4197760,1.0242228731680227,0.02393415251323004
1,ab,5,phi-4-mini,382cc235b56c725945e149cc25f191da667c836655efd0857b004320e90e91ea,nested,140-byte batch 32,140,32,37649289,34922280,4197760,1.0780879427116443,0.0751890486692523
1,ab,0,phi-4-mini,382cc235b56c725945e149cc25f191da667c836655efd0857b004320e90e91ea,nested,140-byte batch 512,140,512,15170320,14953950,4229120,1.0144690867630293,0.01436540841782294
1,ab,1,phi-4-mini,382cc235b56c725945e149cc25f191da667c836655efd0857b004320e90e91ea,nested,140-byte batch 512,140,512,14421510,14056820,4229120,1.0259439901770102,0.025613154787713532
1,ab,2,phi-4-mini,382cc235b56c725945e149cc25f191da667c836655efd0857b004320e90e91ea,nested,140-byte batch 512,140,512,13777850,13607270,4229120,1.0125359458583536,0.01245802145069769
1,ab,3,phi-4-mini,382cc235b56c725945e149cc25f191da667c836655efd0857b004320e90e91ea,nested,140-byte batch 512,140,512,12143010,11850220,4229120,1.0247075581719158,0.024407262781416982
1,ab,4,phi-4-mini,382cc235b56c725945e149cc25f191da667c836655efd0857b004320e90e91ea,nested,140-byte batch 512,140,512,11852260,11486420,4229120,1.031849784354046,0.03135309866833974
1,ab,5,phi-4-mini,382cc235b56c725945e149cc25f191da667c836655efd0857b004320e90e91ea,nested,140-byte batch 512,140,512,11767870,11494750,4229120,1.0237604123621653,0.023482526938953713
1,ab,0,phi-4-mini,382cc235b56c725945e149cc25f191da667c836655efd0857b004320e90e91ea,nested,4 KiB single,4096,1,34760300,32933200,4194304,1.055478969550484,0.05399466347532329
1,ab,1,phi-4-mini,382cc235b56c725945e149cc25f191da667c836655efd0857b004320e90e91ea,nested,4 KiB single,4096,1,31363070,29924090,4194304,1.048087677854197,0.04696724447398968
1,ab,2,phi-4-mini,382cc235b56c725945e149cc25f191da667c836655efd0857b004320e90e91ea,nested,4 KiB single,4096,1,29785479,27784119,4194304,1.072032516129088,0.06955639439856823
1,ab,3,phi-4-mini,382cc235b56c725945e149cc25f191da667c836655efd0857b004320e90e91ea,nested,4 KiB single,4096,1,29159060,27627909,4194304,1.0554204445946307,0.053939213219876575
1,ab,4,phi-4-mini,382cc235b56c725945e149cc25f191da667c836655efd0857b004320e90e91ea,nested,4 KiB single,4096,1,32892200,34312930,4194304,0.9585949086831116,-0.04228670347130358
1,ab,5,phi-4-mini,382cc235b56c725945e149cc25f191da667c836655efd0857b004320e90e91ea,nested,4 KiB single,4096,1,32091109,30104169,4194304,1.0660021540538123,0.06391534642999044
1,ab,0,phi-4-mini,382cc235b56c725945e149cc25f191da667c836655efd0857b004320e90e91ea,nested,64 KiB single,65536,1,30578650,31769030,4194304,0.9625301748274971,-0.03818986284148658
1,ab,1,phi-4-mini,382cc235b56c725945e149cc25f191da667c836655efd0857b004320e90e91ea,nested,64 KiB single,65536,1,28633820,29798430,4194304,0.9609170684495794,-0.0398671708744921
1,ab,2,phi-4-mini,382cc235b56c725945e149cc25f191da667c836655efd0857b004320e90e91ea,nested,64 KiB single,65536,1,27483000,27658540,4194304,0.9936533164801902,-0.006366909338990817
1,ab,3,phi-4-mini,382cc235b56c725945e149cc25f191da667c836655efd0857b004320e90e91ea,nested,64 KiB single,65536,1,25723280,26030850,4194304,0.9881844042741593,-0.011885954647908458
1,ab,4,phi-4-mini,382cc235b56c725945e149cc25f191da667c836655efd0857b004320e90e91ea,nested,64 KiB single,65536,1,27454630,28106400,4194304,0.9768106196453477,-0.023462484371943974
1,ab,5,phi-4-mini,382cc235b56c725945e149cc25f191da667c836655efd0857b004320e90e91ea,nested,64 KiB single,65536,1,28820680,30304230,4194304,0.9510447881368377,-0.05019412171308377
1,ab,0,qwen-2-5,c0382117ea329cdf097041132f6d735924b697924d6f6fc3945713e96ce87539,flat-ragged,140-byte batch 1,140,1,42002150,43607140,4194400,0.9631943301028226,-0.03750009096606201
1,ab,1,qwen-2-5,c0382117ea329cdf097041132f6d735924b697924d6f6fc3945713e96ce87539,flat-ragged,140-byte batch 1,140,1,38323690,38250989,4194400,1.0019006305954599,0.001898826682482802
1,ab,2,qwen-2-5,c0382117ea329cdf097041132f6d735924b697924d6f6fc3945713e96ce87539,flat-ragged,140-byte batch 1,140,1,36361240,35959130,4194400,1.0111824173721666,0.011120356375747178
1,ab,3,qwen-2-5,c0382117ea329cdf097041132f6d735924b697924d6f6fc3945713e96ce87539,flat-ragged,140-byte batch 1,140,1,43257160,42380989,4194400,1.0206736798898204,0.0204628797617577
1,ab,4,qwen-2-5,c0382117ea329cdf097041132f6d735924b697924d6f6fc3945713e96ce87539,flat-ragged,140-byte batch 1,140,1,38194860,36907890,4194400,1.0348697798763353,0.03427560225716345
1,ab,5,qwen-2-5,c0382117ea329cdf097041132f6d735924b697924d6f6fc3945713e96ce87539,flat-ragged,140-byte batch 1,140,1,34729770,35232429,4194400,0.9857330585978049,-0.014369692679157609
1,ab,0,qwen-2-5,c0382117ea329cdf097041132f6d735924b697924d6f6fc3945713e96ce87539,flat-ragged,140-byte batch 32,140,32,38964460,40308730,4197760,0.9666506486312022,-0.0339181221944866
1,ab,1,qwen-2-5,c0382117ea329cdf097041132f6d735924b697924d6f6fc3945713e96ce87539,flat-ragged,140-byte batch 32,140,32,35256389,36222960,4197760,0.9733160680408227,-0.02704641085946831
1,ab,2,qwen-2-5,c0382117ea329cdf097041132f6d735924b697924d6f6fc3945713e96ce87539,flat-ragged,140-byte batch 32,140,32,33159860,34233730,4197760,0.9686312300763019,-0.03187130704228248
1,ab,3,qwen-2-5,c0382117ea329cdf097041132f6d735924b697924d6f6fc3945713e96ce87539,flat-ragged,140-byte batch 32,140,32,38831450,38925270,4197760,0.9975897405464368,-0.002413168804680826
1,ab,4,qwen-2-5,c0382117ea329cdf097041132f6d735924b697924d6f6fc3945713e96ce87539,flat-ragged,140-byte batch 32,140,32,34475500,34691169,4197760,0.9937831728876014,-0.006236232048631361
1,ab,5,qwen-2-5,c0382117ea329cdf097041132f6d735924b697924d6f6fc3945713e96ce87539,flat-ragged,140-byte batch 32,140,32,32836569,32227640,4197760,1.0188946196494686,0.01871833343598947
1,ab,0,qwen-2-5,c0382117ea329cdf097041132f6d735924b697924d6f6fc3945713e96ce87539,flat-ragged,140-byte batch 512,140,512,12299920,12581049,4229120,0.9776545660063799,-0.022598875831172267
1,ab,1,qwen-2-5,c0382117ea329cdf097041132f6d735924b697924d6f6fc3945713e96ce87539,flat-ragged,140-byte batch 512,140,512,11779380,12462540,4229120,0.9451829241872042,-0.05637679965228944
1,ab,2,qwen-2-5,c0382117ea329cdf097041132f6d735924b697924d6f6fc3945713e96ce87539,flat-ragged,140-byte batch 512,140,512,11166270,11463790,4229120,0.9740469774830139,-0.026295745000635747
1,ab,3,qwen-2-5,c0382117ea329cdf097041132f6d735924b697924d6f6fc3945713e96ce87539,flat-ragged,140-byte batch 512,140,512,9569770,9958590,4229120,0.9609563201216237,-0.03982632357176841
1,ab,4,qwen-2-5,c0382117ea329cdf097041132f6d735924b697924d6f6fc3945713e96ce87539,flat-ragged,140-byte batch 512,140,512,9405650,9543010,4229120,0.9856062185830257,-0.014498376783839657
1,ab,5,qwen-2-5,c0382117ea329cdf097041132f6d735924b697924d6f6fc3945713e96ce87539,flat-ragged,140-byte batch 512,140,512,9403210,9310129,4229120,1.0099978206531832,0.009948173081714572
1,ab,0,qwen-2-5,c0382117ea329cdf097041132f6d735924b697924d6f6fc3945713e96ce87539,flat-ragged,4 KiB single,4096,1,31739100,30762829,4194304,1.0317354102901264,0.03124224880923673
1,ab,1,qwen-2-5,c0382117ea329cdf097041132f6d735924b697924d6f6fc3945713e96ce87539,flat-ragged,4 KiB single,4096,1,29283219,28743300,4194304,1.0187841688323889,0.018609924968656717
1,ab,2,qwen-2-5,c0382117ea329cdf097041132f6d735924b697924d6f6fc3945713e96ce87539,flat-ragged,4 KiB single,4096,1,26874110,26518010,4194304,1.0134286094620222,0.01333924482559948
1,ab,3,qwen-2-5,c0382117ea329cdf097041132f6d735924b697924d6f6fc3945713e96ce87539,flat-ragged,4 KiB single,4096,1,25674090,25185309,4194304,1.0194073854722212,0.019221463818318466
1,ab,4,qwen-2-5,c0382117ea329cdf097041132f6d735924b697924d6f6fc3945713e96ce87539,flat-ragged,4 KiB single,4096,1,28866510,28648530,4194304,1.0076087673608385,0.007579966689941825
1,ab,5,qwen-2-5,c0382117ea329cdf097041132f6d735924b697924d6f6fc3945713e96ce87539,flat-ragged,4 KiB single,4096,1,30205070,29305810,4194304,1.0306853828643536,0.030224001204302946
1,ab,0,qwen-2-5,c0382117ea329cdf097041132f6d735924b697924d6f6fc3945713e96ce87539,flat-ragged,64 KiB single,65536,1,28529180,28961669,4194304,0.9850668481847507,-0.015045773935441169
1,ab,1,qwen-2-5,c0382117ea329cdf097041132f6d735924b697924d6f6fc3945713e96ce87539,flat-ragged,64 KiB single,65536,1,28785350,28164480,4194304,1.0220444332719794,0.02180496761918343
1,ab,2,qwen-2-5,c0382117ea329cdf097041132f6d735924b697924d6f6fc3945713e96ce87539,flat-ragged,64 KiB single,65536,1,25218300,25411250,4194304,0.9924069063898864,-0.007622067908289239
1,ab,3,qwen-2-5,c0382117ea329cdf097041132f6d735924b697924d6f6fc3945713e96ce87539,flat-ragged,64 KiB single,65536,1,25221290,25729970,4194304,0.9802300585659447,-0.01996798122912421
1,ab,4,qwen-2-5,c0382117ea329cdf097041132f6d735924b697924d6f6fc3945713e96ce87539,flat-ragged,64 KiB single,65536,1,25524340,25381700,4194304,1.0056197969403153,0.005604064794944501
1,ab,5,qwen-2-5,c0382117ea329cdf097041132f6d735924b697924d6f6fc3945713e96ce87539,flat-ragged,64 KiB single,65536,1,29683190,29926990,4194304,0.9918535074860518,-0.008179856507318669
1,ab,0,qwen-2-5,c0382117ea329cdf097041132f6d735924b697924d6f6fc3945713e96ce87539,nested,140-byte batch 1,140,1,43600189,46240200,4194400,0.9429065834490336,-0.0587880644063052
1,ab,1,qwen-2-5,c0382117ea329cdf097041132f6d735924b697924d6f6fc3945713e96ce87539,nested,140-byte batch 1,140,1,39329450,38228620,4194400,1.0287959649079668,0.02838915235896833
1,ab,2,qwen-2-5,c0382117ea329cdf097041132f6d735924b697924d6f6fc3945713e96ce87539,nested,140-byte batch 1,140,1,37137600,36587360,4194400,1.0150390736035615,0.014927107913936788
1,ab,3,qwen-2-5,c0382117ea329cdf097041132f6d735924b697924d6f6fc3945713e96ce87539,nested,140-byte batch 1,140,1,44210070,41962510,4194400,1.053561143029814,0.05217599057494305
1,ab,4,qwen-2-5,c0382117ea329cdf097041132f6d735924b697924d6f6fc3945713e96ce87539,nested,140-byte batch 1,140,1,36693450,37486990,4194400,0.97883158930605,-0.021395674430056775
1,ab,5,qwen-2-5,c0382117ea329cdf097041132f6d735924b697924d6f6fc3945713e96ce87539,nested,140-byte batch 1,140,1,36179410,36446740,4194400,0.9926651876134875,-0.007361844387099371
1,ab,0,qwen-2-5,c0382117ea329cdf097041132f6d735924b697924d6f6fc3945713e96ce87539,nested,140-byte batch 32,140,32,45996420,48679150,4197760,0.9448895471675245,-0.05668723962375312
1,ab,1,qwen-2-5,c0382117ea329cdf097041132f6d735924b697924d6f6fc3945713e96ce87539,nested,140-byte batch 32,140,32,40353290,44484650,4197760,0.9071284139585227,-0.0974712578979895
1,ab,2,qwen-2-5,c0382117ea329cdf097041132f6d735924b697924d6f6fc3945713e96ce87539,nested,140-byte batch 32,140,32,39447050,41766979,4197760,0.9444554273365091,-0.0571467849630252
1,ab,3,qwen-2-5,c0382117ea329cdf097041132f6d735924b697924d6f6fc3945713e96ce87539,nested,140-byte batch 32,140,32,47888930,45700609,4197760,1.0478838476747652,0.04677274738508201
1,ab,4,qwen-2-5,c0382117ea329cdf097041132f6d735924b697924d6f6fc3945713e96ce87539,nested,140-byte batch 32,140,32,39615370,38766010,4197760,1.0219099154130127,0.021673342508038037
1,ab,5,qwen-2-5,c0382117ea329cdf097041132f6d735924b697924d6f6fc3945713e96ce87539,nested,140-byte batch 32,140,32,38085249,38893610,4197760,0.9792160974514836,-0.021002927968388183
1,ab,0,qwen-2-5,c0382117ea329cdf097041132f6d735924b697924d6f6fc3945713e96ce87539,nested,140-byte batch 512,140,512,14653860,15222070,4229120,0.9626719624860482,-0.038042566455242885
1,ab,1,qwen-2-5,c0382117ea329cdf097041132f6d735924b697924d6f6fc3945713e96ce87539,nested,140-byte batch 512,140,512,14184550,14005300,4229120,1.0127987261965112,0.012717514702117303
1,ab,2,qwen-2-5,c0382117ea329cdf097041132f6d735924b697924d6f6fc3945713e96ce87539,nested,140-byte batch 512,140,512,13681200,13415040,4229120,1.0198404179189924,0.0196461620355335
1,ab,3,qwen-2-5,c0382117ea329cdf097041132f6d735924b697924d6f6fc3945713e96ce87539,nested,140-byte batch 512,140,512,12242810,12360149,4229120,0.990506667840331,-0.009538681073831405
1,ab,4,qwen-2-5,c0382117ea329cdf097041132f6d735924b697924d6f6fc3945713e96ce87539,nested,140-byte batch 512,140,512,11470720,11856599,4229120,0.9674544951718448,-0.0330868885984198
1,ab,5,qwen-2-5,c0382117ea329cdf097041132f6d735924b697924d6f6fc3945713e96ce87539,nested,140-byte batch 512,140,512,12309700,12703970,4229120,0.9689648196587366,-0.03152697357218037
1,ab,0,qwen-2-5,c0382117ea329cdf097041132f6d735924b697924d6f6fc3945713e96ce87539,nested,4 KiB single,4096,1,35838940,34000350,4194304,1.054075619809796,0.05266419309567281
1,ab,1,qwen-2-5,c0382117ea329cdf097041132f6d735924b697924d6f6fc3945713e96ce87539,nested,4 KiB single,4096,1,31392689,33279110,4194304,0.9433151607720278,-0.0583548413977843
1,ab,2,qwen-2-5,c0382117ea329cdf097041132f6d735924b697924d6f6fc3945713e96ce87539,nested,4 KiB single,4096,1,30315920,29291170,4194304,1.0349849459751863,0.03438688166004275
1,ab,3,qwen-2-5,c0382117ea329cdf097041132f6d735924b697924d6f6fc3945713e96ce87539,nested,4 KiB single,4096,1,26776700,29906500,4194304,0.8953471653319512,-0.1105437416931542
1,ab,4,qwen-2-5,c0382117ea329cdf097041132f6d735924b697924d6f6fc3945713e96ce87539,nested,4 KiB single,4096,1,30961300,35238600,4194304,0.878618900864393,-0.12940403519245688
1,ab,5,qwen-2-5,c0382117ea329cdf097041132f6d735924b697924d6f6fc3945713e96ce87539,nested,4 KiB single,4096,1,34744500,31241240,4194304,1.1121357538945318,0.10628226921753756
1,ab,0,qwen-2-5,c0382117ea329cdf097041132f6d735924b697924d6f6fc3945713e96ce87539,nested,64 KiB single,65536,1,29491790,31254550,4194304,0.9435998918557458,-0.058053046056777774
1,ab,1,qwen-2-5,c0382117ea329cdf097041132f6d735924b697924d6f6fc3945713e96ce87539,nested,64 KiB single,65536,1,31220610,29245240,4194304,1.0675450090339487,0.06536162826126714
1,ab,2,qwen-2-5,c0382117ea329cdf097041132f6d735924b697924d6f6fc3945713e96ce87539,nested,64 KiB single,65536,1,27781660,28621149,4194304,0.9706689273725524,-0.029769829312461592
1,ab,3,qwen-2-5,c0382117ea329cdf097041132f6d735924b697924d6f6fc3945713e96ce87539,nested,64 KiB single,65536,1,26015030,25995719,4194304,1.000742853082848,0.0007425773040635523
1,ab,4,qwen-2-5,c0382117ea329cdf097041132f6d735924b697924d6f6fc3945713e96ce87539,nested,64 KiB single,65536,1,26354610,26601859,4194304,0.9907055743735804,-0.00933788831707415
1,ab,5,qwen-2-5,c0382117ea329cdf097041132f6d735924b697924d6f6fc3945713e96ce87539,nested,64 KiB single,65536,1,29668810,29186850,4194304,1.0165129159193267,0.016378060271479058
1,ab,0,qwen-3,aeb13307a71acd8fe81861d94ad54ab689df773318809eed3cbe794b4492dae4,flat-ragged,140-byte batch 1,140,1,43171280,41177109,4194400,1.0484291162840014,0.047292964195174585
1,ab,1,qwen-3,aeb13307a71acd8fe81861d94ad54ab689df773318809eed3cbe794b4492dae4,flat-ragged,140-byte batch 1,140,1,40525310,40434619,4194400,1.002242904774248,0.002240393218087985
1,ab,2,qwen-3,aeb13307a71acd8fe81861d94ad54ab689df773318809eed3cbe794b4492dae4,flat-ragged,140-byte batch 1,140,1,36574580,35498440,4194400,1.0303151349749453,0.029864711732819085
1,ab,3,qwen-3,aeb13307a71acd8fe81861d94ad54ab689df773318809eed3cbe794b4492dae4,flat-ragged,140-byte batch 1,140,1,44291770,43558339,4194400,1.0168379010044437,0.01669771498642482
1,ab,4,qwen-3,aeb13307a71acd8fe81861d94ad54ab689df773318809eed3cbe794b4492dae4,flat-ragged,140-byte batch 1,140,1,37560860,36292699,4194400,1.034942592723677,0.03434595921157696
1,ab,5,qwen-3,aeb13307a71acd8fe81861d94ad54ab689df773318809eed3cbe794b4492dae4,flat-ragged,140-byte batch 1,140,1,35174570,35354949,4194400,0.9948980551492239,-0.005115004209093606
1,ab,0,qwen-3,aeb13307a71acd8fe81861d94ad54ab689df773318809eed3cbe794b4492dae4,flat-ragged,140-byte batch 32,140,32,37159940,40669660,4197760,0.9137017619522759,-0.0902510606087572
1,ab,1,qwen-3,aeb13307a71acd8fe81861d94ad54ab689df773318809eed3cbe794b4492dae4,flat-ragged,140-byte batch 32,140,32,34040649,36268130,4197760,0.9385829652645449,-0.06338402487607021
1,ab,2,qwen-3,aeb13307a71acd8fe81861d94ad54ab689df773318809eed3cbe794b4492dae4,flat-ragged,140-byte batch 32,140,32,32881329,33850399,4197760,0.9713719770334169,-0.029045797506558477
1,ab,3,qwen-3,aeb13307a71acd8fe81861d94ad54ab689df773318809eed3cbe794b4492dae4,flat-ragged,140-byte batch 32,140,32,37463840,39577270,4197760,0.9465999044400991,-0.054878762460661014
1,ab,4,qwen-3,aeb13307a71acd8fe81861d94ad54ab689df773318809eed3cbe794b4492dae4,flat-ragged,140-byte batch 32,140,32,34820500,35312410,4197760,0.986069769806139,-0.014028166430430698
1,ab,5,qwen-3,aeb13307a71acd8fe81861d94ad54ab689df773318809eed3cbe794b4492dae4,flat-ragged,140-byte batch 32,140,32,30889590,32692490,4197760,0.9448527781150962,-0.056726153979367686
1,ab,0,qwen-3,aeb13307a71acd8fe81861d94ad54ab689df773318809eed3cbe794b4492dae4,flat-ragged,140-byte batch 512,140,512,12178150,11993080,4229120,1.0154313987732926,0.015313545618843799
1,ab,1,qwen-3,aeb13307a71acd8fe81861d94ad54ab689df773318809eed3cbe794b4492dae4,flat-ragged,140-byte batch 512,140,512,11569080,11832490,4229120,0.9777384134700304,-0.022513115613577158
1,ab,2,qwen-3,aeb13307a71acd8fe81861d94ad54ab689df773318809eed3cbe794b4492dae4,flat-ragged,140-byte batch 512,140,512,11021980,11308710,4229120,0.9746452071014289,-0.025681764360758027
1,ab,3,qwen-3,aeb13307a71acd8fe81861d94ad54ab689df773318809eed3cbe794b4492dae4,flat-ragged,140-byte batch 512,140,512,9532200,9664640,4229120,0.9862964373220316,-0.013798323193336792
1,ab,4,qwen-3,aeb13307a71acd8fe81861d94ad54ab689df773318809eed3cbe794b4492dae4,flat-ragged,140-byte batch 512,140,512,9279180,9363010,4229120,0.9910466826373143,-0.008993639164945461
1,ab,5,qwen-3,aeb13307a71acd8fe81861d94ad54ab689df773318809eed3cbe794b4492dae4,flat-ragged,140-byte batch 512,140,512,9359810,9282970,4229120,1.0082775232495635,0.008243452439483283
1,ab,0,qwen-3,aeb13307a71acd8fe81861d94ad54ab689df773318809eed3cbe794b4492dae4,flat-ragged,4 KiB single,4096,1,30491509,31136740,4194304,0.9792775030398173,-0.02094022101000099
1,ab,1,qwen-3,aeb13307a71acd8fe81861d94ad54ab689df773318809eed3cbe794b4492dae4,flat-ragged,4 KiB single,4096,1,28539750,29081520,4194304,0.9813706436252301,-0.018805068525685628
1,ab,2,qwen-3,aeb13307a71acd8fe81861d94ad54ab689df773318809eed3cbe794b4492dae4,flat-ragged,4 KiB single,4096,1,25772150,26441840,4194304,0.9746730938542855,-0.025653152560576584
1,ab,3,qwen-3,aeb13307a71acd8fe81861d94ad54ab689df773318809eed3cbe794b4492dae4,flat-ragged,4 KiB single,4096,1,25073520,25483730,4194304,0.9839030628561831,-0.016227900140180627
1,ab,4,qwen-3,aeb13307a71acd8fe81861d94ad54ab689df773318809eed3cbe794b4492dae4,flat-ragged,4 KiB single,4096,1,29139080,28708920,4194304,1.0149834964185347,0.014872352675387807
1,ab,5,qwen-3,aeb13307a71acd8fe81861d94ad54ab689df773318809eed3cbe794b4492dae4,flat-ragged,4 KiB single,4096,1,30281839,30630359,4194304,0.9886217461571377,-0.011443481429157798
1,ab,0,qwen-3,aeb13307a71acd8fe81861d94ad54ab689df773318809eed3cbe794b4492dae4,flat-ragged,64 KiB single,65536,1,26742930,26856270,4194304,0.9957797564591062,-0.0042291739030577745
1,ab,1,qwen-3,aeb13307a71acd8fe81861d94ad54ab689df773318809eed3cbe794b4492dae4,flat-ragged,64 KiB single,65536,1,27615080,28734219,4194304,0.961052047386428,-0.0397267118671559
1,ab,2,qwen-3,aeb13307a71acd8fe81861d94ad54ab689df773318809eed3cbe794b4492dae4,flat-ragged,64 KiB single,65536,1,27419540,26340730,4194304,1.040955964394305,0.04013948748383855
1,ab,3,qwen-3,aeb13307a71acd8fe81861d94ad54ab689df773318809eed3cbe794b4492dae4,flat-ragged,64 KiB single,65536,1,25014440,25350040,4194304,0.9867613621122492,-0.01332704982369119
1,ab,4,qwen-3,aeb13307a71acd8fe81861d94ad54ab689df773318809eed3cbe794b4492dae4,flat-ragged,64 KiB single,65536,1,25185150,25533429,4194304,0.9863598813931337,-0.013733999701685458
1,ab,5,qwen-3,aeb13307a71acd8fe81861d94ad54ab689df773318809eed3cbe794b4492dae4,flat-ragged,64 KiB single,65536,1,29360150,29684750,4194304,0.9890650923453962,-0.010995133200253355
1,ab,0,qwen-3,aeb13307a71acd8fe81861d94ad54ab689df773318809eed3cbe794b4492dae4,nested,140-byte batch 1,140,1,46289840,47222849,4194400,0.9802424245940773,-0.01995536587416363
1,ab,1,qwen-3,aeb13307a71acd8fe81861d94ad54ab689df773318809eed3cbe794b4492dae4,nested,140-byte batch 1,140,1,40086870,40112000,4194400,0.9993735041882729,-0.0006266921422326326
1,ab,2,qwen-3,aeb13307a71acd8fe81861d94ad54ab689df773318809eed3cbe794b4492dae4,nested,140-byte batch 1,140,1,37851749,38568610,4194400,0.9814133566130592,-0.01876154566445316
1,ab,3,qwen-3,aeb13307a71acd8fe81861d94ad54ab689df773318809eed3cbe794b4492dae4,nested,140-byte batch 1,140,1,43496000,44861629,4194400,0.9695590857835323,-0.030913861562838547
1,ab,4,qwen-3,aeb13307a71acd8fe81861d94ad54ab689df773318809eed3cbe794b4492dae4,nested,140-byte batch 1,140,1,38004180,37381090,4194400,1.016668588315643,0.016531192095958335
1,ab,5,qwen-3,aeb13307a71acd8fe81861d94ad54ab689df773318809eed3cbe794b4492dae4,nested,140-byte batch 1,140,1,35887530,35822420,4194400,1.0018175768136268,0.0018159270196724312
1,ab,0,qwen-3,aeb13307a71acd8fe81861d94ad54ab689df773318809eed3cbe794b4492dae4,nested,140-byte batch 32,140,32,46468110,46744050,4197760,0.9940967887891614,-0.005920704038683152
1,ab,1,qwen-3,aeb13307a71acd8fe81861d94ad54ab689df773318809eed3cbe794b4492dae4,nested,140-byte batch 32,140,32,42802210,40931960,4197760,1.0456916795579787,0.044678560775199765
1,ab,2,qwen-3,aeb13307a71acd8fe81861d94ad54ab689df773318809eed3cbe794b4492dae4,nested,140-byte batch 32,140,32,39480540,39619650,4197760,0.9964888634806214,-0.0035173150258334712
1,ab,3,qwen-3,aeb13307a71acd8fe81861d94ad54ab689df773318809eed3cbe794b4492dae4,nested,140-byte batch 32,140,32,43447080,45323860,4197760,0.9585917880780674,-0.04228995887157255
1,ab,4,qwen-3,aeb13307a71acd8fe81861d94ad54ab689df773318809eed3cbe794b4492dae4,nested,140-byte batch 32,140,32,38264540,39440229,4197760,0.9701906142583503,-0.030262717245489002
1,ab,5,qwen-3,aeb13307a71acd8fe81861d94ad54ab689df773318809eed3cbe794b4492dae4,nested,140-byte batch 32,140,32,36490949,38370620,4197760,0.9510127540289941,-0.05022780535002582
1,ab,0,qwen-3,aeb13307a71acd8fe81861d94ad54ab689df773318809eed3cbe794b4492dae4,nested,140-byte batch 512,140,512,14625800,15368480,4229120,0.9516751168625655,-0.049531566234339845
1,ab,1,qwen-3,aeb13307a71acd8fe81861d94ad54ab689df773318809eed3cbe794b4492dae4,nested,140-byte batch 512,140,512,13376660,14242950,4229120,0.9391776282301069,-0.06275065021957577
1,ab,2,qwen-3,aeb13307a71acd8fe81861d94ad54ab689df773318809eed3cbe794b4492dae4,nested,140-byte batch 512,140,512,13073760,13701210,4229120,0.9542047746147968,-0.04687698212434834
1,ab,3,qwen-3,aeb13307a71acd8fe81861d94ad54ab689df773318809eed3cbe794b4492dae4,nested,140-byte batch 512,140,512,12141420,14351260,4229120,0.8460177015816033,-0.16721499573949156
1,ab,4,qwen-3,aeb13307a71acd8fe81861d94ad54ab689df773318809eed3cbe794b4492dae4,nested,140-byte batch 512,140,512,11474250,11641270,4229120,0.9856527681258145,-0.014451148547355935
1,ab,5,qwen-3,aeb13307a71acd8fe81861d94ad54ab689df773318809eed3cbe794b4492dae4,nested,140-byte batch 512,140,512,12584000,12510870,4229120,1.0058453169124129,0.005828299330745635
1,ab,0,qwen-3,aeb13307a71acd8fe81861d94ad54ab689df773318809eed3cbe794b4492dae4,nested,4 KiB single,4096,1,32141909,32379180,4194304,0.9926721121411969,-0.007354868718319841
1,ab,1,qwen-3,aeb13307a71acd8fe81861d94ad54ab689df773318809eed3cbe794b4492dae4,nested,4 KiB single,4096,1,28845880,31918179,4194304,0.9037445400628902,-0.10120854695159999
1,ab,2,qwen-3,aeb13307a71acd8fe81861d94ad54ab689df773318809eed3cbe794b4492dae4,nested,4 KiB single,4096,1,26780700,27914450,4194304,0.9593848347361313,-0.04146299706836238
1,ab,3,qwen-3,aeb13307a71acd8fe81861d94ad54ab689df773318809eed3cbe794b4492dae4,nested,4 KiB single,4096,1,28117520,28508900,4194304,0.9862716555181014,-0.013823449630311554
1,ab,4,qwen-3,aeb13307a71acd8fe81861d94ad54ab689df773318809eed3cbe794b4492dae4,nested,4 KiB single,4096,1,30493940,29270720,4194304,1.0417898842256015,0.04094027638125742
1,ab,5,qwen-3,aeb13307a71acd8fe81861d94ad54ab689df773318809eed3cbe794b4492dae4,nested,4 KiB single,4096,1,30085340,30586139,4194304,0.9836266028870136,-0.01650892255707462
1,ab,0,qwen-3,aeb13307a71acd8fe81861d94ad54ab689df773318809eed3cbe794b4492dae4,nested,64 KiB single,65536,1,28348299,31917570,4194304,0.8881722198776411,-0.11858961349050055
1,ab,1,qwen-3,aeb13307a71acd8fe81861d94ad54ab689df773318809eed3cbe794b4492dae4,nested,64 KiB single,65536,1,28152000,30787490,4194304,0.9143973737384893,-0.08949003862017371
1,ab,2,qwen-3,aeb13307a71acd8fe81861d94ad54ab689df773318809eed3cbe794b4492dae4,nested,64 KiB single,65536,1,30440920,28675970,4194304,1.0615480487669642,0.05972826610797917
1,ab,3,qwen-3,aeb13307a71acd8fe81861d94ad54ab689df773318809eed3cbe794b4492dae4,nested,64 KiB single,65536,1,25561850,26130800,4194304,0.9782268434184946,-0.022013689607009477
1,ab,4,qwen-3,aeb13307a71acd8fe81861d94ad54ab689df773318809eed3cbe794b4492dae4,nested,64 KiB single,65536,1,26231750,26530450,4194304,0.9887412388406529,-0.011322620783371231
1,ab,5,qwen-3,aeb13307a71acd8fe81861d94ad54ab689df773318809eed3cbe794b4492dae4,nested,64 KiB single,65536,1,28199320,28766189,4194304,0.9802939138027634,-0.019902840238510192
1,ba,0,deepseek-r1,ecb6f9fc369894346f0511f4074ca75cee5cd5f3b06d02f1ba35fcd39f8e121d,flat-ragged,140-byte batch 1,140,1,48215950,48403819,4194400,0.9961187153435145,-0.0038888363883918696
1,ba,1,deepseek-r1,ecb6f9fc369894346f0511f4074ca75cee5cd5f3b06d02f1ba35fcd39f8e121d,flat-ragged,140-byte batch 1,140,1,46008289,46981380,4194400,0.9792877305860321,-0.020929777093158883
1,ba,2,deepseek-r1,ecb6f9fc369894346f0511f4074ca75cee5cd5f3b06d02f1ba35fcd39f8e121d,flat-ragged,140-byte batch 1,140,1,43892560,43992599,4194400,0.9977260038671505,-0.002276585588408373
1,ba,3,deepseek-r1,ecb6f9fc369894346f0511f4074ca75cee5cd5f3b06d02f1ba35fcd39f8e121d,flat-ragged,140-byte batch 1,140,1,36117800,37420300,4194400,0.96519268952948,-0.03542751930731204
1,ba,4,deepseek-r1,ecb6f9fc369894346f0511f4074ca75cee5cd5f3b06d02f1ba35fcd39f8e121d,flat-ragged,140-byte batch 1,140,1,47345099,47498530,4194400,0.9967697737172077,-0.003235454726117492
1,ba,5,deepseek-r1,ecb6f9fc369894346f0511f4074ca75cee5cd5f3b06d02f1ba35fcd39f8e121d,flat-ragged,140-byte batch 1,140,1,43910660,45208719,4194400,0.9712874191370032,-0.029132851260431955
1,ba,0,deepseek-r1,ecb6f9fc369894346f0511f4074ca75cee5cd5f3b06d02f1ba35fcd39f8e121d,flat-ragged,140-byte batch 32,140,32,45160520,45370050,4197760,0.9953817551446383,-0.00462894189520608
1,ba,1,deepseek-r1,ecb6f9fc369894346f0511f4074ca75cee5cd5f3b06d02f1ba35fcd39f8e121d,flat-ragged,140-byte batch 32,140,32,43317119,44273860,4197760,0.9783903865621837,-0.021846520329785516
1,ba,2,deepseek-r1,ecb6f9fc369894346f0511f4074ca75cee5cd5f3b06d02f1ba35fcd39f8e121d,flat-ragged,140-byte batch 32,140,32,41548260,40366030,4197760,1.029287745165923,0.02886705349088915
1,ba,3,deepseek-r1,ecb6f9fc369894346f0511f4074ca75cee5cd5f3b06d02f1ba35fcd39f8e121d,flat-ragged,140-byte batch 32,140,32,33780159,33635750,4197760,1.0042933188646008,0.004284128865505874
1,ba,4,deepseek-r1,ecb6f9fc369894346f0511f4074ca75cee5cd5f3b06d02f1ba35fcd39f8e121d,flat-ragged,140-byte batch 32,140,32,46153130,43222370,4197760,1.0678065548002111,0.06560659566803997
1,ba,5,deepseek-r1,ecb6f9fc369894346f0511f4074ca75cee5cd5f3b06d02f1ba35fcd39f8e121d,flat-ragged,140-byte batch 32,140,32,40142469,39239949,4197760,1.0230000298930053,0.02273951619041306
1,ba,0,deepseek-r1,ecb6f9fc369894346f0511f4074ca75cee5cd5f3b06d02f1ba35fcd39f8e121d,flat-ragged,140-byte batch 512,140,512,14370330,14137080,4229120,1.0164991639008905,0.016364531558518674
1,ba,1,deepseek-r1,ecb6f9fc369894346f0511f4074ca75cee5cd5f3b06d02f1ba35fcd39f8e121d,flat-ragged,140-byte batch 512,140,512,13930510,13753120,4229120,1.0128981641983783,0.012815691287586172
1,ba,2,deepseek-r1,ecb6f9fc369894346f0511f4074ca75cee5cd5f3b06d02f1ba35fcd39f8e121d,flat-ragged,140-byte batch 512,140,512,13613929,12986900,4229120,1.0482816530503816,0.04715230270192556
1,ba,3,deepseek-r1,ecb6f9fc369894346f0511f4074ca75cee5cd5f3b06d02f1ba35fcd39f8e121d,flat-ragged,140-byte batch 512,140,512,11620880,11830690,4229120,0.9822656159530847,-0.01789352252478076
1,ba,4,deepseek-r1,ecb6f9fc369894346f0511f4074ca75cee5cd5f3b06d02f1ba35fcd39f8e121d,flat-ragged,140-byte batch 512,140,512,11506860,11274460,4229120,1.0206129606207304,0.020403388588001975
1,ba,5,deepseek-r1,ecb6f9fc369894346f0511f4074ca75cee5cd5f3b06d02f1ba35fcd39f8e121d,flat-ragged,140-byte batch 512,140,512,11204079,11317470,4229120,0.98998088795464,-0.010069641136170433
1,ba,0,deepseek-r1,ecb6f9fc369894346f0511f4074ca75cee5cd5f3b06d02f1ba35fcd39f8e121d,flat-ragged,4 KiB single,4096,1,34596479,34595980,4194304,1.0000144236411281,1.4423537108424742e-05
1,ba,1,deepseek-r1,ecb6f9fc369894346f0511f4074ca75cee5cd5f3b06d02f1ba35fcd39f8e121d,flat-ragged,4 KiB single,4096,1,36819269,38045610,4194304,0.9677665570350955,-0.03276438087704123
1,ba,2,deepseek-r1,ecb6f9fc369894346f0511f4074ca75cee5cd5f3b06d02f1ba35fcd39f8e121d,flat-ragged,4 KiB single,4096,1,33736260,34374699,4194304,0.9814270664595492,-0.0187475762695608
1,ba,3,deepseek-r1,ecb6f9fc369894346f0511f4074ca75cee5cd5f3b06d02f1ba35fcd39f8e121d,flat-ragged,4 KiB single,4096,1,32591349,32160189,4194304,1.013406637628902,0.013317563898989736
1,ba,4,deepseek-r1,ecb6f9fc369894346f0511f4074ca75cee5cd5f3b06d02f1ba35fcd39f8e121d,flat-ragged,4 KiB single,4096,1,33644100,33118250,4194304,1.0158779524884316,0.015753216437131786
1,ba,5,deepseek-r1,ecb6f9fc369894346f0511f4074ca75cee5cd5f3b06d02f1ba35fcd39f8e121d,flat-ragged,4 KiB single,4096,1,37289320,37926910,4194304,0.9831889811218473,-0.01695392795152674
1,ba,0,deepseek-r1,ecb6f9fc369894346f0511f4074ca75cee5cd5f3b06d02f1ba35fcd39f8e121d,flat-ragged,64 KiB single,65536,1,31788830,30910770,4194304,1.028406280400003,0.02801030335322428
1,ba,1,deepseek-r1,ecb6f9fc369894346f0511f4074ca75cee5cd5f3b06d02f1ba35fcd39f8e121d,flat-ragged,64 KiB single,65536,1,33505500,33390690,4194304,1.0034383835733853,0.0034324858478150476
1,ba,2,deepseek-r1,ecb6f9fc369894346f0511f4074ca75cee5cd5f3b06d02f1ba35fcd39f8e121d,flat-ragged,64 KiB single,65536,1,31004959,31067680,4194304,0.9979811495419033,-0.002020891083623846
1,ba,3,deepseek-r1,ecb6f9fc369894346f0511f4074ca75cee5cd5f3b06d02f1ba35fcd39f8e121d,flat-ragged,64 KiB single,65536,1,30853029,30798630,4194304,1.0017662798637472,0.001764721825819578
1,ba,4,deepseek-r1,ecb6f9fc369894346f0511f4074ca75cee5cd5f3b06d02f1ba35fcd39f8e121d,flat-ragged,64 KiB single,65536,1,29546010,29280220,4194304,1.009077459117452,0.009036506628563642
1,ba,5,deepseek-r1,ecb6f9fc369894346f0511f4074ca75cee5cd5f3b06d02f1ba35fcd39f8e121d,flat-ragged,64 KiB single,65536,1,32097170,31791410,4194304,1.0096176923263234,0.00957173674627776
1,ba,0,deepseek-r1,ecb6f9fc369894346f0511f4074ca75cee5cd5f3b06d02f1ba35fcd39f8e121d,nested,140-byte batch 1,140,1,53236329,54744429,4194400,0.9724519914163321,-0.027934570860956204
1,ba,1,deepseek-r1,ecb6f9fc369894346f0511f4074ca75cee5cd5f3b06d02f1ba35fcd39f8e121d,nested,140-byte batch 1,140,1,49989420,47617009,4194400,1.049822763962348,0.048621353695410506
1,ba,2,deepseek-r1,ecb6f9fc369894346f0511f4074ca75cee5cd5f3b06d02f1ba35fcd39f8e121d,nested,140-byte batch 1,140,1,44148070,43542430,4194400,1.0139091915632636,0.013813346487394787
1,ba,3,deepseek-r1,ecb6f9fc369894346f0511f4074ca75cee5cd5f3b06d02f1ba35fcd39f8e121d,nested,140-byte batch 1,140,1,38372960,37009540,4194400,1.0368396905230381,0.03617732763761906
1,ba,4,deepseek-r1,ecb6f9fc369894346f0511f4074ca75cee5cd5f3b06d02f1ba35fcd39f8e121d,nested,140-byte batch 1,140,1,47700150,48255890,4194400,0.9884834783898919,-0.011583350330169767
1,ba,5,deepseek-r1,ecb6f9fc369894346f0511f4074ca75cee5cd5f3b06d02f1ba35fcd39f8e121d,nested,140-byte batch 1,140,1,44179259,44703629,4194400,0.9882700798183521,-0.011799258450312175
1,ba,0,deepseek-r1,ecb6f9fc369894346f0511f4074ca75cee5cd5f3b06d02f1ba35fcd39f8e121d,nested,140-byte batch 32,140,32,51849810,51473859,4197760,1.0073037267324372,0.0072771836841031235
1,ba,1,deepseek-r1,ecb6f9fc369894346f0511f4074ca75cee5cd5f3b06d02f1ba35fcd39f8e121d,nested,140-byte batch 32,140,32,49648820,50101389,4197760,0.9909669370643597,-0.009074108413193798
1,ba,2,deepseek-r1,ecb6f9fc369894346f0511f4074ca75cee5cd5f3b06d02f1ba35fcd39f8e121d,nested,140-byte batch 32,140,32,44969560,45185940,4197760,0.9952113422892165,-0.004800160067375824
1,ba,3,deepseek-r1,ecb6f9fc369894346f0511f4074ca75cee5cd5f3b06d02f1ba35fcd39f8e121d,nested,140-byte batch 32,140,32,39286980,39797920,4197760,0.9871616406083534,-0.012921483344107969
1,ba,4,deepseek-r1,ecb6f9fc369894346f0511f4074ca75cee5cd5f3b06d02f1ba35fcd39f8e121d,nested,140-byte batch 32,140,32,48393920,49400880,4197760,0.9796165574378433,-0.020594051803352723
1,ba,5,deepseek-r1,ecb6f9fc369894346f0511f4074ca75cee5cd5f3b06d02f1ba35fcd39f8e121d,nested,140-byte batch 32,140,32,47002560,45896669,4197760,1.0240952344493672,0.023809524684821896
1,ba,0,deepseek-r1,ecb6f9fc369894346f0511f4074ca75cee5cd5f3b06d02f1ba35fcd39f8e121d,nested,140-byte batch 512,140,512,16738050,17693450,4229120,0.9460026167875683,-0.05550994377386445
1,ba,1,deepseek-r1,ecb6f9fc369894346f0511f4074ca75cee5cd5f3b06d02f1ba35fcd39f8e121d,nested,140-byte batch 512,140,512,15667979,15927680,4229120,0.9836949888496002,-0.016439400662025736
1,ba,2,deepseek-r1,ecb6f9fc369894346f0511f4074ca75cee5cd5f3b06d02f1ba35fcd39f8e121d,nested,140-byte batch 512,140,512,15635070,15552070,4229120,1.0053369101347924,0.005322719297655939
1,ba,3,deepseek-r1,ecb6f9fc369894346f0511f4074ca75cee5cd5f3b06d02f1ba35fcd39f8e121d,nested,140-byte batch 512,140,512,14974379,14530030,4229120,1.0305814234382173,0.030123131752656455
1,ba,4,deepseek-r1,ecb6f9fc369894346f0511f4074ca75cee5cd5f3b06d02f1ba35fcd39f8e121d,nested,140-byte batch 512,140,512,13600150,13582810,4229120,1.0012766136020455,0.0012757994237547077
1,ba,5,deepseek-r1,ecb6f9fc369894346f0511f4074ca75cee5cd5f3b06d02f1ba35fcd39f8e121d,nested,140-byte batch 512,140,512,13279290,14156460,4229120,0.9380374754705626,-0.0639653782467411
1,ba,0,deepseek-r1,ecb6f9fc369894346f0511f4074ca75cee5cd5f3b06d02f1ba35fcd39f8e121d,nested,4 KiB single,4096,1,35992340,35423990,4194304,1.0160442118462658,0.015916863806232355
1,ba,1,deepseek-r1,ecb6f9fc369894346f0511f4074ca75cee5cd5f3b06d02f1ba35fcd39f8e121d,nested,4 KiB single,4096,1,37258570,36551940,4194304,1.0193322160191771,0.019147722715704713
1,ba,2,deepseek-r1,ecb6f9fc369894346f0511f4074ca75cee5cd5f3b06d02f1ba35fcd39f8e121d,nested,4 KiB single,4096,1,35058030,33926590,4194304,1.0333496528828863,0.032805615810751566
1,ba,3,deepseek-r1,ecb6f9fc369894346f0511f4074ca75cee5cd5f3b06d02f1ba35fcd39f8e121d,nested,4 KiB single,4096,1,34575780,33696550,4194304,1.0260925821782942,0.025757978718773583
1,ba,4,deepseek-r1,ecb6f9fc369894346f0511f4074ca75cee5cd5f3b06d02f1ba35fcd39f8e121d,nested,4 KiB single,4096,1,33735450,32285520,4194304,1.0449096065356853,0.04393038075256458
1,ba,5,deepseek-r1,ecb6f9fc369894346f0511f4074ca75cee5cd5f3b06d02f1ba35fcd39f8e121d,nested,4 KiB single,4096,1,38183670,38645859,4194304,0.9880404003958095,-0.012031690981410971
1,ba,0,deepseek-r1,ecb6f9fc369894346f0511f4074ca75cee5cd5f3b06d02f1ba35fcd39f8e121d,nested,64 KiB single,65536,1,33427960,33887070,4194304,0.9864517646406137,-0.013640850162821816
1,ba,1,deepseek-r1,ecb6f9fc369894346f0511f4074ca75cee5cd5f3b06d02f1ba35fcd39f8e121d,nested,64 KiB single,65536,1,35666690,34408749,4194304,1.0365587542865915,0.035906336561235104
1,ba,2,deepseek-r1,ecb6f9fc369894346f0511f4074ca75cee5cd5f3b06d02f1ba35fcd39f8e121d,nested,64 KiB single,65536,1,34810070,33978689,4194304,1.0244677185750162,0.024173178756769192
1,ba,3,deepseek-r1,ecb6f9fc369894346f0511f4074ca75cee5cd5f3b06d02f1ba35fcd39f8e121d,nested,64 KiB single,65536,1,32463600,31271980,4194304,1.0381050384401627,0.037396972726296475
1,ba,4,deepseek-r1,ecb6f9fc369894346f0511f4074ca75cee5cd5f3b06d02f1ba35fcd39f8e121d,nested,64 KiB single,65536,1,29835189,29642440,4194304,1.0065024674082161,0.006481417568341761
1,ba,5,deepseek-r1,ecb6f9fc369894346f0511f4074ca75cee5cd5f3b06d02f1ba35fcd39f8e121d,nested,64 KiB single,65536,1,31551780,31288790,4194304,1.0084052467353324,0.008370119347973375
1,ba,0,gemma-3,4667f2089529e8e7657cfb6d1c19910ae71ff5f28aa7ab2ff2763330affad795,flat-ragged,140-byte batch 1,140,1,226812348,227092129,4194400,0.9987679846006464,-0.001232774954245344
1,ba,1,gemma-3,4667f2089529e8e7657cfb6d1c19910ae71ff5f28aa7ab2ff2763330affad795,flat-ragged,140-byte batch 1,140,1,209744469,219185159,4194400,0.9569282425732119,-0.044026871977633476
1,ba,2,gemma-3,4667f2089529e8e7657cfb6d1c19910ae71ff5f28aa7ab2ff2763330affad795,flat-ragged,140-byte batch 1,140,1,201119769,212782879,4194400,0.9451877422901116,-0.05637170213041939
1,ba,3,gemma-3,4667f2089529e8e7657cfb6d1c19910ae71ff5f28aa7ab2ff2763330affad795,flat-ragged,140-byte batch 1,140,1,167151739,166910139,4194400,1.0014474854640196,0.0014464388667698256
1,ba,4,gemma-3,4667f2089529e8e7657cfb6d1c19910ae71ff5f28aa7ab2ff2763330affad795,flat-ragged,140-byte batch 1,140,1,162766489,168337619,4194400,0.9669050207963319,-0.033655008832281216
1,ba,5,gemma-3,4667f2089529e8e7657cfb6d1c19910ae71ff5f28aa7ab2ff2763330affad795,flat-ragged,140-byte batch 1,140,1,168328588,166683798,4194400,1.009867725716209,0.009819357639134269
1,ba,0,gemma-3,4667f2089529e8e7657cfb6d1c19910ae71ff5f28aa7ab2ff2763330affad795,flat-ragged,140-byte batch 32,140,32,79593830,81874070,4197760,0.9721494241094891,-0.028245757829009302
1,ba,1,gemma-3,4667f2089529e8e7657cfb6d1c19910ae71ff5f28aa7ab2ff2763330affad795,flat-ragged,140-byte batch 32,140,32,70864819,73559610,4197760,0.9633658878833099,-0.037321993464266734
1,ba,2,gemma-3,4667f2089529e8e7657cfb6d1c19910ae71ff5f28aa7ab2ff2763330affad795,flat-ragged,140-byte batch 32,140,32,68533600,71737590,4197760,0.9553373621834801,-0.04569074205174769
1,ba,3,gemma-3,4667f2089529e8e7657cfb6d1c19910ae71ff5f28aa7ab2ff2763330affad795,flat-ragged,140-byte batch 32,140,32,58067480,60418489,4197760,0.9610879212818447,-0.03968938482957734
1,ba,4,gemma-3,4667f2089529e8e7657cfb6d1c19910ae71ff5f28aa7ab2ff2763330affad795,flat-ragged,140-byte batch 32,140,32,64144799,65775160,4197760,0.9752131199680852,-0.025099247287767537
1,ba,5,gemma-3,4667f2089529e8e7657cfb6d1c19910ae71ff5f28aa7ab2ff2763330affad795,flat-ragged,140-byte batch 32,140,32,66343659,67074230,4197760,0.9891080225594837,-0.010951729300189405
1,ba,0,gemma-3,4667f2089529e8e7657cfb6d1c19910ae71ff5f28aa7ab2ff2763330affad795,flat-ragged,140-byte batch 512,140,512,62912100,61827529,4229120,1.017541878472937,0.017389795691998125
1,ba,1,gemma-3,4667f2089529e8e7657cfb6d1c19910ae71ff5f28aa7ab2ff2763330affad795,flat-ragged,140-byte batch 512,140,512,57654620,56674989,4229120,1.0172850673160254,0.017137379968089343
1,ba,2,gemma-3,4667f2089529e8e7657cfb6d1c19910ae71ff5f28aa7ab2ff2763330affad795,flat-ragged,140-byte batch 512,140,512,55353839,54952730,4229120,1.0072991642089484,0.007272654232160692
1,ba,3,gemma-3,4667f2089529e8e7657cfb6d1c19910ae71ff5f28aa7ab2ff2763330affad795,flat-ragged,140-byte batch 512,140,512,45020270,45420050,4229120,0.9911981602838394,-0.008840804718322054
1,ba,4,gemma-3,4667f2089529e8e7657cfb6d1c19910ae71ff5f28aa7ab2ff2763330affad795,flat-ragged,140-byte batch 512,140,512,47431930,46030199,4229120,1.0304524210290726,0.029997949519808154
1,ba,5,gemma-3,4667f2089529e8e7657cfb6d1c19910ae71ff5f28aa7ab2ff2763330affad795,flat-ragged,140-byte batch 512,140,512,48236070,48320099,4229120,0.9982609928013599,-0.001740521026951984
1,ba,0,gemma-3,4667f2089529e8e7657cfb6d1c19910ae71ff5f28aa7ab2ff2763330affad795,flat-ragged,4 KiB single,4096,1,165413339,165681189,4194304,0.9983833409114417,-0.0016179672919987586
1,ba,1,gemma-3,4667f2089529e8e7657cfb6d1c19910ae71ff5f28aa7ab2ff2763330affad795,flat-ragged,4 KiB single,4096,1,173919149,180482948,4194304,0.9636320268882133,-0.03704577208949989
1,ba,2,gemma-3,4667f2089529e8e7657cfb6d1c19910ae71ff5f28aa7ab2ff2763330affad795,flat-ragged,4 KiB single,4096,1,158879639,158712869,4194304,1.0010507654549423,0.0010502137873366869
1,ba,3,gemma-3,4667f2089529e8e7657cfb6d1c19910ae71ff5f28aa7ab2ff2763330affad795,flat-ragged,4 KiB single,4096,1,154466069,149826649,4194304,1.0309652523831057,0.030495501637680295
1,ba,4,gemma-3,4667f2089529e8e7657cfb6d1c19910ae71ff5f28aa7ab2ff2763330affad795,flat-ragged,4 KiB single,4096,1,174923439,169558649,4194304,1.0316397307459084,0.031149507996009237
1,ba,5,gemma-3,4667f2089529e8e7657cfb6d1c19910ae71ff5f28aa7ab2ff2763330affad795,flat-ragged,4 KiB single,4096,1,159870129,155565549,4194304,1.0276705223468212,0.027294612107056592
1,ba,0,gemma-3,4667f2089529e8e7657cfb6d1c19910ae71ff5f28aa7ab2ff2763330affad795,flat-ragged,64 KiB single,65536,1,87675970,88048190,4194304,0.9957725422862185,-0.004236418676787607
1,ba,1,gemma-3,4667f2089529e8e7657cfb6d1c19910ae71ff5f28aa7ab2ff2763330affad795,flat-ragged,64 KiB single,65536,1,87062129,87872869,4194304,0.9907737165153899,-0.009269109256753219
1,ba,2,gemma-3,4667f2089529e8e7657cfb6d1c19910ae71ff5f28aa7ab2ff2763330affad795,flat-ragged,64 KiB single,65536,1,78807959,78973130,4194304,0.9979085164789594,-0.002093673727086083
1,ba,3,gemma-3,4667f2089529e8e7657cfb6d1c19910ae71ff5f28aa7ab2ff2763330affad795,flat-ragged,64 KiB single,65536,1,80805100,81590219,4194304,0.990377290199454,-0.009669307242553628
1,ba,4,gemma-3,4667f2089529e8e7657cfb6d1c19910ae71ff5f28aa7ab2ff2763330affad795,flat-ragged,64 KiB single,65536,1,83494310,84265939,4194304,0.9908429312109132,-0.009199252460151517
1,ba,5,gemma-3,4667f2089529e8e7657cfb6d1c19910ae71ff5f28aa7ab2ff2763330affad795,flat-ragged,64 KiB single,65536,1,91789319,90793090,4194304,1.010972520045303,0.010912758704833301
1,ba,0,gemma-3,4667f2089529e8e7657cfb6d1c19910ae71ff5f28aa7ab2ff2763330affad795,nested,140-byte batch 1,140,1,220936868,216872808,4194400,1.0187393709588526,0.018565952103883735
1,ba,1,gemma-3,4667f2089529e8e7657cfb6d1c19910ae71ff5f28aa7ab2ff2763330affad795,nested,140-byte batch 1,140,1,203215128,199895859,4194400,1.0166049913019959,0.01646863581793911
1,ba,2,gemma-3,4667f2089529e8e7657cfb6d1c19910ae71ff5f28aa7ab2ff2763330affad795,nested,140-byte batch 1,140,1,202326918,196753259,4194400,1.0283281660915207,0.02793434380613441
1,ba,3,gemma-3,4667f2089529e8e7657cfb6d1c19910ae71ff5f28aa7ab2ff2763330affad795,nested,140-byte batch 1,140,1,161246529,159113579,4194400,1.013405204090092,0.013316149323862067
1,ba,4,gemma-3,4667f2089529e8e7657cfb6d1c19910ae71ff5f28aa7ab2ff2763330affad795,nested,140-byte batch 1,140,1,162494879,160417878,4194400,1.0129474409329864,0.012864339352861224
1,ba,5,gemma-3,4667f2089529e8e7657cfb6d1c19910ae71ff5f28aa7ab2ff2763330affad795,nested,140-byte batch 1,140,1,165716559,168624659,4194400,0.9827540051541335,-0.017396439232726924
1,ba,0,gemma-3,4667f2089529e8e7657cfb6d1c19910ae71ff5f28aa7ab2ff2763330affad795,nested,140-byte batch 32,140,32,50226820,51221349,4197760,0.9805837015342957,-0.019607270814518175
1,ba,1,gemma-3,4667f2089529e8e7657cfb6d1c19910ae71ff5f28aa7ab2ff2763330affad795,nested,140-byte batch 32,140,32,49581569,51032260,4197760,0.9715730598644857,-0.02883880983787201
1,ba,2,gemma-3,4667f2089529e8e7657cfb6d1c19910ae71ff5f28aa7ab2ff2763330affad795,nested,140-byte batch 32,140,32,49153770,50990119,4197760,0.9639861793615347,-0.03667832123625721
1,ba,3,gemma-3,4667f2089529e8e7657cfb6d1c19910ae71ff5f28aa7ab2ff2763330affad795,nested,140-byte batch 32,140,32,49125080,50271499,4197760,0.9771954482598579,-0.02306859755060135
1,ba,4,gemma-3,4667f2089529e8e7657cfb6d1c19910ae71ff5f28aa7ab2ff2763330affad795,nested,140-byte batch 32,140,32,49102640,49561820,4197760,0.9907352070605963,-0.009307978074693255
1,ba,5,gemma-3,4667f2089529e8e7657cfb6d1c19910ae71ff5f28aa7ab2ff2763330affad795,nested,140-byte batch 32,140,32,48980070,50093599,4197760,0.9777710321831737,-0.022479754779428453
1,ba,0,gemma-3,4667f2089529e8e7657cfb6d1c19910ae71ff5f28aa7ab2ff2763330affad795,nested,140-byte batch 512,140,512,38052600,39848280,4229120,0.9549370763305217,-0.04610982933129942
1,ba,1,gemma-3,4667f2089529e8e7657cfb6d1c19910ae71ff5f28aa7ab2ff2763330affad795,nested,140-byte batch 512,140,512,38001970,39726100,4229120,0.956599565524932,-0.0443704019228177
1,ba,2,gemma-3,4667f2089529e8e7657cfb6d1c19910ae71ff5f28aa7ab2ff2763330affad795,nested,140-byte batch 512,140,512,37878660,38710210,4229120,0.9785185872151042,-0.02171549670546592
1,ba,3,gemma-3,4667f2089529e8e7657cfb6d1c19910ae71ff5f28aa7ab2ff2763330affad795,nested,140-byte batch 512,140,512,37409600,37785170,4229120,0.9900603861250327,-0.009989341627795465
1,ba,4,gemma-3,4667f2089529e8e7657cfb6d1c19910ae71ff5f28aa7ab2ff2763330affad795,nested,140-byte batch 512,140,512,36561759,37434840,4229120,0.9766773145016782,-0.023598963478414236
1,ba,5,gemma-3,4667f2089529e8e7657cfb6d1c19910ae71ff5f28aa7ab2ff2763330affad795,nested,140-byte batch 512,140,512,37565390,38063290,4229120,0.9869191549127782,-0.013167152819587403
1,ba,0,gemma-3,4667f2089529e8e7657cfb6d1c19910ae71ff5f28aa7ab2ff2763330affad795,nested,4 KiB single,4096,1,143474079,141663959,4194304,1.012777561863847,0.012696617604545896
1,ba,1,gemma-3,4667f2089529e8e7657cfb6d1c19910ae71ff5f28aa7ab2ff2763330affad795,nested,4 KiB single,4096,1,140319269,147020579,4194304,0.9544192381394444,-0.04665225108867335
1,ba,2,gemma-3,4667f2089529e8e7657cfb6d1c19910ae71ff5f28aa7ab2ff2763330affad795,nested,4 KiB single,4096,1,140242559,145552929,4194304,0.9635158836274603,-0.03716630592113762
1,ba,3,gemma-3,4667f2089529e8e7657cfb6d1c19910ae71ff5f28aa7ab2ff2763330affad795,nested,4 KiB single,4096,1,147100569,148485519,4194304,0.9906728278331303,-0.00937094261948975
1,ba,4,gemma-3,4667f2089529e8e7657cfb6d1c19910ae71ff5f28aa7ab2ff2763330affad795,nested,4 KiB single,4096,1,143756129,143818239,4194304,0.9995681354435163,-0.00043195783683855604
1,ba,5,gemma-3,4667f2089529e8e7657cfb6d1c19910ae71ff5f28aa7ab2ff2763330affad795,nested,4 KiB single,4096,1,138179239,140353579,4194304,0.9845081257243893,-0.01561312728095987
1,ba,0,gemma-3,4667f2089529e8e7657cfb6d1c19910ae71ff5f28aa7ab2ff2763330affad795,nested,64 KiB single,65536,1,76111550,74787370,4194304,1.017705930827625,0.017551006876497223
1,ba,1,gemma-3,4667f2089529e8e7657cfb6d1c19910ae71ff5f28aa7ab2ff2763330affad795,nested,64 KiB single,65536,1,73761219,73585610,4194304,1.0023864584393607,0.0023836153697658472
1,ba,2,gemma-3,4667f2089529e8e7657cfb6d1c19910ae71ff5f28aa7ab2ff2763330affad795,nested,64 KiB single,65536,1,75829030,74962710,4194304,1.0115566793142885,0.011490410968557421
1,ba,3,gemma-3,4667f2089529e8e7657cfb6d1c19910ae71ff5f28aa7ab2ff2763330affad795,nested,64 KiB single,65536,1,93443330,94958170,4194304,0.9840472915600628,-0.016081322556234758
1,ba,4,gemma-3,4667f2089529e8e7657cfb6d1c19910ae71ff5f28aa7ab2ff2763330affad795,nested,64 KiB single,65536,1,98135809,99278279,4194304,0.9884922461236461,-0.011574480485542465
1,ba,5,gemma-3,4667f2089529e8e7657cfb6d1c19910ae71ff5f28aa7ab2ff2763330affad795,nested,64 KiB single,65536,1,79230610,79230779,4194304,0.9999978669905543,-2.1330117206051266e-06
1,ba,0,glm-4-7,9340665016419c825c4bdabbcc9acc43b7ca2c68ce142724afa829abb1be5efd,flat-ragged,140-byte batch 1,140,1,58725510,61212650,4194400,0.9593688559472593,-0.041479652451437345
1,ba,1,glm-4-7,9340665016419c825c4bdabbcc9acc43b7ca2c68ce142724afa829abb1be5efd,flat-ragged,140-byte batch 1,140,1,53147559,53962909,4194400,0.9848905476908222,-0.015224763079844257
1,ba,2,glm-4-7,9340665016419c825c4bdabbcc9acc43b7ca2c68ce142724afa829abb1be5efd,flat-ragged,140-byte batch 1,140,1,50837149,50305420,4194400,1.0105700141257146,0.010514542077575925
1,ba,3,glm-4-7,9340665016419c825c4bdabbcc9acc43b7ca2c68ce142724afa829abb1be5efd,flat-ragged,140-byte batch 1,140,1,57911140,60481689,4194400,0.9574987232912758,-0.04343089130548256
1,ba,4,glm-4-7,9340665016419c825c4bdabbcc9acc43b7ca2c68ce142724afa829abb1be5efd,flat-ragged,140-byte batch 1,140,1,51885060,50241859,4194400,1.0327058160805713,0.032182363596251116
1,ba,5,glm-4-7,9340665016419c825c4bdabbcc9acc43b7ca2c68ce142724afa829abb1be5efd,flat-ragged,140-byte batch 1,140,1,47709989,47192299,4194400,1.0109697982715358,0.010910066468024565
1,ba,0,glm-4-7,9340665016419c825c4bdabbcc9acc43b7ca2c68ce142724afa829abb1be5efd,flat-ragged,140-byte batch 32,140,32,56011169,58274220,4197760,0.9611654862132861,-0.03960868274193264
1,ba,1,glm-4-7,9340665016419c825c4bdabbcc9acc43b7ca2c68ce142724afa829abb1be5efd,flat-ragged,140-byte batch 32,140,32,50819510,51306720,4197760,0.9905039729688431,-0.009541401777529254
1,ba,2,glm-4-7,9340665016419c825c4bdabbcc9acc43b7ca2c68ce142724afa829abb1be5efd,flat-ragged,140-byte batch 32,140,32,48098810,53931560,4197760,0.8918490397830139,-0.11445839863589836
1,ba,3,glm-4-7,9340665016419c825c4bdabbcc9acc43b7ca2c68ce142724afa829abb1be5efd,flat-ragged,140-byte batch 32,140,32,54033780,56813120,4197760,0.9510792577489143,-0.050157878427946834
1,ba,4,glm-4-7,9340665016419c825c4bdabbcc9acc43b7ca2c68ce142724afa829abb1be5efd,flat-ragged,140-byte batch 32,140,32,48111620,50914270,4197760,0.9449535464222506,-0.05661950992178193
1,ba,5,glm-4-7,9340665016419c825c4bdabbcc9acc43b7ca2c68ce142724afa829abb1be5efd,flat-ragged,140-byte batch 32,140,32,45114210,50737829,4197760,0.8891631922209364,-0.11747449201231601
1,ba,0,glm-4-7,9340665016419c825c4bdabbcc9acc43b7ca2c68ce142724afa829abb1be5efd,flat-ragged,140-byte batch 512,140,512,16839560,17535760,4229120,0.960298270505527,-0.040511344333763924
1,ba,1,glm-4-7,9340665016419c825c4bdabbcc9acc43b7ca2c68ce142724afa829abb1be5efd,flat-ragged,140-byte batch 512,140,512,15903760,17704540,4229120,0.8982871060191341,-0.10726554460805296
1,ba,2,glm-4-7,9340665016419c825c4bdabbcc9acc43b7ca2c68ce142724afa829abb1be5efd,flat-ragged,140-byte batch 512,140,512,15513880,16531400,4229120,0.9384492541466543,-0.06352649565172769
1,ba,3,glm-4-7,9340665016419c825c4bdabbcc9acc43b7ca2c68ce142724afa829abb1be5efd,flat-ragged,140-byte batch 512,140,512,12981080,14564180,4229120,0.8913018103319239,-0.11507217673351049
1,ba,4,glm-4-7,9340665016419c825c4bdabbcc9acc43b7ca2c68ce142724afa829abb1be5efd,flat-ragged,140-byte batch 512,140,512,12751640,13534270,4229120,0.9421741992734001,-0.059565096583595364
1,ba,5,glm-4-7,9340665016419c825c4bdabbcc9acc43b7ca2c68ce142724afa829abb1be5efd,flat-ragged,140-byte batch 512,140,512,13153370,13218450,4229120,0.9950765785701047,-0.004935581398033928
1,ba,0,glm-4-7,9340665016419c825c4bdabbcc9acc43b7ca2c68ce142724afa829abb1be5efd,flat-ragged,4 KiB single,4096,1,44726420,43567330,4194304,1.0266045681477383,0.02625682091766272
1,ba,1,glm-4-7,9340665016419c825c4bdabbcc9acc43b7ca2c68ce142724afa829abb1be5efd,flat-ragged,4 KiB single,4096,1,40847829,40236730,4194304,1.0151875910393315,0.015073414174830168
1,ba,2,glm-4-7,9340665016419c825c4bdabbcc9acc43b7ca2c68ce142724afa829abb1be5efd,flat-ragged,4 KiB single,4096,1,37780670,36937610,4194304,1.022823891421237,0.02256732300177316
1,ba,3,glm-4-7,9340665016419c825c4bdabbcc9acc43b7ca2c68ce142724afa829abb1be5efd,flat-ragged,4 KiB single,4096,1,36198589,37808470,4194304,0.9574200966079823,-0.04351301142725548
1,ba,4,glm-4-7,9340665016419c825c4bdabbcc9acc43b7ca2c68ce142724afa829abb1be5efd,flat-ragged,4 KiB single,4096,1,41506790,40927020,4194304,1.0141659470931428,0.01406654768922104
1,ba,5,glm-4-7,9340665016419c825c4bdabbcc9acc43b7ca2c68ce142724afa829abb1be5efd,flat-ragged,4 KiB single,4096,1,42120549,41056890,4194304,1.025906954959326,0.025577055462101234
1,ba,0,glm-4-7,9340665016419c825c4bdabbcc9acc43b7ca2c68ce142724afa829abb1be5efd,flat-ragged,64 KiB single,65536,1,17331910,17503240,4194304,0.9902115265516556,-0.009836695492738103
1,ba,1,glm-4-7,9340665016419c825c4bdabbcc9acc43b7ca2c68ce142724afa829abb1be5efd,flat-ragged,64 KiB single,65536,1,16830630,17309620,4194304,0.9723281042564771,-0.02806197566142515
1,ba,2,glm-4-7,9340665016419c825c4bdabbcc9acc43b7ca2c68ce142724afa829abb1be5efd,flat-ragged,64 KiB single,65536,1,16721350,17341240,4194304,0.9642534213239653,-0.036401133729013165
1,ba,3,glm-4-7,9340665016419c825c4bdabbcc9acc43b7ca2c68ce142724afa829abb1be5efd,flat-ragged,64 KiB single,65536,1,16920390,17004770,4194304,0.9950378629055259,-0.004974489376165055
1,ba,4,glm-4-7,9340665016419c825c4bdabbcc9acc43b7ca2c68ce142724afa829abb1be5efd,flat-ragged,64 KiB single,65536,1,16404320,16552760,4194304,0.9910323112278556,-0.009008140513785174
1,ba,5,glm-4-7,9340665016419c825c4bdabbcc9acc43b7ca2c68ce142724afa829abb1be5efd,flat-ragged,64 KiB single,65536,1,16080580,16297950,4194304,0.9866627397924279,-0.013427000280167516
1,ba,0,glm-4-7,9340665016419c825c4bdabbcc9acc43b7ca2c68ce142724afa829abb1be5efd,nested,140-byte batch 1,140,1,60702159,58464689,4194400,1.0382704507330913,0.037556300645683965
1,ba,1,glm-4-7,9340665016419c825c4bdabbcc9acc43b7ca2c68ce142724afa829abb1be5efd,nested,140-byte batch 1,140,1,55075919,54188940,4194400,1.0163682662919777,0.01623575030387365
1,ba,2,glm-4-7,9340665016419c825c4bdabbcc9acc43b7ca2c68ce142724afa829abb1be5efd,nested,140-byte batch 1,140,1,52200299,53533460,4194400,0.9750966778534397,-0.02521865612723908
1,ba,3,glm-4-7,9340665016419c825c4bdabbcc9acc43b7ca2c68ce142724afa829abb1be5efd,nested,140-byte batch 1,140,1,59330239,58813490,4194400,1.0087862325463086,0.008747858218496503
1,ba,4,glm-4-7,9340665016419c825c4bdabbcc9acc43b7ca2c68ce142724afa829abb1be5efd,nested,140-byte batch 1,140,1,52661800,54502819,4194400,0.9662215820433068,-0.0343620900762057
1,ba,5,glm-4-7,9340665016419c825c4bdabbcc9acc43b7ca2c68ce142724afa829abb1be5efd,nested,140-byte batch 1,140,1,50280509,50713949,4194400,0.9914532390289701,-0.008583493981168335
1,ba,0,glm-4-7,9340665016419c825c4bdabbcc9acc43b7ca2c68ce142724afa829abb1be5efd,nested,140-byte batch 32,140,32,65141399,59921890,4197760,1.087105213136635,0.08351839566902393
1,ba,1,glm-4-7,9340665016419c825c4bdabbcc9acc43b7ca2c68ce142724afa829abb1be5efd,nested,140-byte batch 32,140,32,58894079,55468700,4197760,1.061753367214303,0.05992166158771023
1,ba,2,glm-4-7,9340665016419c825c4bdabbcc9acc43b7ca2c68ce142724afa829abb1be5efd,nested,140-byte batch 32,140,32,55335400,53460889,4197760,1.0350632216385327,0.03446250856052588
1,ba,3,glm-4-7,9340665016419c825c4bdabbcc9acc43b7ca2c68ce142724afa829abb1be5efd,nested,140-byte batch 32,140,32,63881519,58869210,4197760,1.085143133396898,0.08171189847319368
1,ba,4,glm-4-7,9340665016419c825c4bdabbcc9acc43b7ca2c68ce142724afa829abb1be5efd,nested,140-byte batch 32,140,32,55434389,52529760,4197760,1.0552949223449717,0.053820275108397354
1,ba,5,glm-4-7,9340665016419c825c4bdabbcc9acc43b7ca2c68ce142724afa829abb1be5efd,nested,140-byte batch 32,140,32,52324870,49965980,4197760,1.0472099216306776,0.04612941000591081
1,ba,0,glm-4-7,9340665016419c825c4bdabbcc9acc43b7ca2c68ce142724afa829abb1be5efd,nested,140-byte batch 512,140,512,20030550,19933640,4229120,1.0048616308912974,0.004849851327004051
1,ba,1,glm-4-7,9340665016419c825c4bdabbcc9acc43b7ca2c68ce142724afa829abb1be5efd,nested,140-byte batch 512,140,512,18064039,18558610,4229120,0.9733508597896071,-0.02701066591687879
1,ba,2,glm-4-7,9340665016419c825c4bdabbcc9acc43b7ca2c68ce142724afa829abb1be5efd,nested,140-byte batch 512,140,512,18121450,17805550,4229120,1.0177416592017658,0.017586113036262247
1,ba,3,glm-4-7,9340665016419c825c4bdabbcc9acc43b7ca2c68ce142724afa829abb1be5efd,nested,140-byte batch 512,140,512,15569709,16120990,4229120,0.9658035269546101,-0.034794853701558444
1,ba,4,glm-4-7,9340665016419c825c4bdabbcc9acc43b7ca2c68ce142724afa829abb1be5efd,nested,140-byte batch 512,140,512,15702750,15679690,4229120,1.001470692341494,0.0014696119326819178
1,ba,5,glm-4-7,9340665016419c825c4bdabbcc9acc43b7ca2c68ce142724afa829abb1be5efd,nested,140-byte batch 512,140,512,15711310,15794470,4229120,0.9947348660638818,-0.0052790435994435735
1,ba,0,glm-4-7,9340665016419c825c4bdabbcc9acc43b7ca2c68ce142724afa829abb1be5efd,nested,4 KiB single,4096,1,47529130,45850570,4194304,1.0366093594910597,0.035955155761320176
1,ba,1,glm-4-7,9340665016419c825c4bdabbcc9acc43b7ca2c68ce142724afa829abb1be5efd,nested,4 KiB single,4096,1,42964600,42184910,4194304,1.018482675440104,0.018313946662885428
1,ba,2,glm-4-7,9340665016419c825c4bdabbcc9acc43b7ca2c68ce142724afa829abb1be5efd,nested,4 KiB single,4096,1,41370400,38743679,4194304,1.0677974076751977,0.06559802935595758
1,ba,3,glm-4-7,9340665016419c825c4bdabbcc9acc43b7ca2c68ce142724afa829abb1be5efd,nested,4 KiB single,4096,1,38125129,39220850,4194304,0.9720627931317144,-0.028334874620956005
1,ba,4,glm-4-7,9340665016419c825c4bdabbcc9acc43b7ca2c68ce142724afa829abb1be5efd,nested,4 KiB single,4096,1,41888770,41018020,4194304,1.0212284747045324,0.021006289569241363
1,ba,5,glm-4-7,9340665016419c825c4bdabbcc9acc43b7ca2c68ce142724afa829abb1be5efd,nested,4 KiB single,4096,1,43316530,42995729,4194304,1.0074612294630474,0.007433532175719212
1,ba,0,glm-4-7,9340665016419c825c4bdabbcc9acc43b7ca2c68ce142724afa829abb1be5efd,nested,64 KiB single,65536,1,41725250,40836069,4194304,1.0217744024284021,0.02154072615077959
1,ba,1,glm-4-7,9340665016419c825c4bdabbcc9acc43b7ca2c68ce142724afa829abb1be5efd,nested,64 KiB single,65536,1,38339400,37945179,4194304,1.0103892249394844,0.010335627843960707
1,ba,2,glm-4-7,9340665016419c825c4bdabbcc9acc43b7ca2c68ce142724afa829abb1be5efd,nested,64 KiB single,65536,1,38991309,38929890,4194304,1.001577682341255,0.0015764391079164564
1,ba,3,glm-4-7,9340665016419c825c4bdabbcc9acc43b7ca2c68ce142724afa829abb1be5efd,nested,64 KiB single,65536,1,36448480,34279700,4194304,1.063267181451413,0.06134641439223012
1,ba,4,glm-4-7,9340665016419c825c4bdabbcc9acc43b7ca2c68ce142724afa829abb1be5efd,nested,64 KiB single,65536,1,36560070,35026610,4194304,1.043779857656793,0.04284860291202514
1,ba,5,glm-4-7,9340665016419c825c4bdabbcc9acc43b7ca2c68ce142724afa829abb1be5efd,nested,64 KiB single,65536,1,39886030,38653230,4194304,1.031893841730691,0.0313957952282176
1,ba,0,gpt-2,8414cab924d8b9b33013f0d221c5862f365ee9be39c5c2bfae8a5a9e970478a6,flat-ragged,140-byte batch 1,140,1,32021850,33350880,4194400,0.9601500769994675,-0.04066567653077001
1,ba,1,gpt-2,8414cab924d8b9b33013f0d221c5862f365ee9be39c5c2bfae8a5a9e970478a6,flat-ragged,140-byte batch 1,140,1,30450930,31100030,4194400,0.9791286374964911,-0.021092248253514547
1,ba,2,gpt-2,8414cab924d8b9b33013f0d221c5862f365ee9be39c5c2bfae8a5a9e970478a6,flat-ragged,140-byte batch 1,140,1,34337030,39477980,4194400,0.8697767717598519,-0.13951868444093954
1,ba,3,gpt-2,8414cab924d8b9b33013f0d221c5862f365ee9be39c5c2bfae8a5a9e970478a6,flat-ragged,140-byte batch 1,140,1,32152229,35013600,4194400,0.9182782975757992,-0.08525477790361058
1,ba,4,gpt-2,8414cab924d8b9b33013f0d221c5862f365ee9be39c5c2bfae8a5a9e970478a6,flat-ragged,140-byte batch 1,140,1,29307380,31443030,4194400,0.9320787468637723,-0.07033797552271946
1,ba,5,gpt-2,8414cab924d8b9b33013f0d221c5862f365ee9be39c5c2bfae8a5a9e970478a6,flat-ragged,140-byte batch 1,140,1,22860460,24622340,4194400,0.9284438440863053,-0.0742453802700713
1,ba,0,gpt-2,8414cab924d8b9b33013f0d221c5862f365ee9be39c5c2bfae8a5a9e970478a6,flat-ragged,140-byte batch 32,140,32,26550310,25404720,4197760,1.045093588907888,0.044106440170156934
1,ba,1,gpt-2,8414cab924d8b9b33013f0d221c5862f365ee9be39c5c2bfae8a5a9e970478a6,flat-ragged,140-byte batch 32,140,32,25606300,25647340,4197760,0.9983998340568652,-0.0016014475760569918
1,ba,2,gpt-2,8414cab924d8b9b33013f0d221c5862f365ee9be39c5c2bfae8a5a9e970478a6,flat-ragged,140-byte batch 32,140,32,30612030,31345470,4197760,0.9766014036477998,-0.023676690075454625
1,ba,3,gpt-2,8414cab924d8b9b33013f0d221c5862f365ee9be39c5c2bfae8a5a9e970478a6,flat-ragged,140-byte batch 32,140,32,28161250,28066900,4197760,1.0033616110079846,0.0033559734244091497
1,ba,4,gpt-2,8414cab924d8b9b33013f0d221c5862f365ee9be39c5c2bfae8a5a9e970478a6,flat-ragged,140-byte batch 32,140,32,25046020,25749510,4197760,0.9726794801143789,-0.027700665130250032
1,ba,5,gpt-2,8414cab924d8b9b33013f0d221c5862f365ee9be39c5c2bfae8a5a9e970478a6,flat-ragged,140-byte batch 32,140,32,18815030,18595160,4197760,1.0118240445363202,0.011754686713044141
1,ba,0,gpt-2,8414cab924d8b9b33013f0d221c5862f365ee9be39c5c2bfae8a5a9e970478a6,flat-ragged,140-byte batch 512,140,512,10717400,11109340,4229120,0.9647197763323474,-0.03591760703404944
1,ba,1,gpt-2,8414cab924d8b9b33013f0d221c5862f365ee9be39c5c2bfae8a5a9e970478a6,flat-ragged,140-byte batch 512,140,512,10023070,10632660,4229120,0.9426681564161743,-0.05904096027841159
1,ba,2,gpt-2,8414cab924d8b9b33013f0d221c5862f365ee9be39c5c2bfae8a5a9e970478a6,flat-ragged,140-byte batch 512,140,512,9491770,10422970,4229120,0.9106588621093604,-0.09358691715438625
1,ba,3,gpt-2,8414cab924d8b9b33013f0d221c5862f365ee9be39c5c2bfae8a5a9e970478a6,flat-ragged,140-byte batch 512,140,512,8183690,8656590,4229120,0.9453710987813908,-0.05617773145056456
1,ba,4,gpt-2,8414cab924d8b9b33013f0d221c5862f365ee9be39c5c2bfae8a5a9e970478a6,flat-ragged,140-byte batch 512,140,512,7805400,8622290,4229120,0.9052583478403069,-0.09953490879336856
1,ba,5,gpt-2,8414cab924d8b9b33013f0d221c5862f365ee9be39c5c2bfae8a5a9e970478a6,flat-ragged,140-byte batch 512,140,512,7989010,8392770,4229120,0.9518919260268064,-0.04930377371609015
1,ba,0,gpt-2,8414cab924d8b9b33013f0d221c5862f365ee9be39c5c2bfae8a5a9e970478a6,flat-ragged,4 KiB single,4096,1,19961560,19216180,4194304,1.0387891870288475,0.03805579165413678
1,ba,1,gpt-2,8414cab924d8b9b33013f0d221c5862f365ee9be39c5c2bfae8a5a9e970478a6,flat-ragged,4 KiB single,4096,1,20671070,20145630,4194304,1.0260820833103754,0.025747746774977116
1,ba,2,gpt-2,8414cab924d8b9b33013f0d221c5862f365ee9be39c5c2bfae8a5a9e970478a6,flat-ragged,4 KiB single,4096,1,19833030,19556510,4194304,1.0141395371669075,0.014040506319770827
1,ba,3,gpt-2,8414cab924d8b9b33013f0d221c5862f365ee9be39c5c2bfae8a5a9e970478a6,flat-ragged,4 KiB single,4096,1,23748180,23292970,4194304,1.0195428062630056,0.019354297657548557
1,ba,4,gpt-2,8414cab924d8b9b33013f0d221c5862f365ee9be39c5c2bfae8a5a9e970478a6,flat-ragged,4 KiB single,4096,1,24292400,23737170,4194304,1.0233907411877659,0.02312137023806569
1,ba,5,gpt-2,8414cab924d8b9b33013f0d221c5862f365ee9be39c5c2bfae8a5a9e970478a6,flat-ragged,4 KiB single,4096,1,22192000,23090260,4194304,0.9610978828302497,-0.03967902001636967
1,ba,0,gpt-2,8414cab924d8b9b33013f0d221c5862f365ee9be39c5c2bfae8a5a9e970478a6,flat-ragged,64 KiB single,65536,1,20164560,19219500,4194304,1.0491719347537658,0.048001219466545966
1,ba,1,gpt-2,8414cab924d8b9b33013f0d221c5862f365ee9be39c5c2bfae8a5a9e970478a6,flat-ragged,64 KiB single,65536,1,19072240,18634140,4194304,1.0235106100952338,0.023238492548361543
1,ba,2,gpt-2,8414cab924d8b9b33013f0d221c5862f365ee9be39c5c2bfae8a5a9e970478a6,flat-ragged,64 KiB single,65536,1,17747320,17399940,4194304,1.019964436658977,0.01976776066773517
1,ba,3,gpt-2,8414cab924d8b9b33013f0d221c5862f365ee9be39c5c2bfae8a5a9e970478a6,flat-ragged,64 KiB single,65536,1,20635640,20265540,4194304,1.0182625284102964,0.01809777133545744
1,ba,4,gpt-2,8414cab924d8b9b33013f0d221c5862f365ee9be39c5c2bfae8a5a9e970478a6,flat-ragged,64 KiB single,65536,1,23179290,22803840,4194304,1.0164643323229772,0.016330264757386838
1,ba,5,gpt-2,8414cab924d8b9b33013f0d221c5862f365ee9be39c5c2bfae8a5a9e970478a6,flat-ragged,64 KiB single,65536,1,21302680,21050540,4194304,1.0119778399984038,0.011906673390747052
1,ba,0,gpt-2,8414cab924d8b9b33013f0d221c5862f365ee9be39c5c2bfae8a5a9e970478a6,nested,140-byte batch 1,140,1,31484890,31412930,4194400,1.0022907764414208,0.0022881566132661223
1,ba,1,gpt-2,8414cab924d8b9b33013f0d221c5862f365ee9be39c5c2bfae8a5a9e970478a6,nested,140-byte batch 1,140,1,29872940,29282820,4194400,1.0201524306743681,0.01995205796847646
1,ba,2,gpt-2,8414cab924d8b9b33013f0d221c5862f365ee9be39c5c2bfae8a5a9e970478a6,nested,140-byte batch 1,140,1,34843349,36112350,4194400,0.9648596394308319,-0.035772639589240665
1,ba,3,gpt-2,8414cab924d8b9b33013f0d221c5862f365ee9be39c5c2bfae8a5a9e970478a6,nested,140-byte batch 1,140,1,33145540,33949200,4194400,0.9763275717837239,-0.023957122051543236
1,ba,4,gpt-2,8414cab924d8b9b33013f0d221c5862f365ee9be39c5c2bfae8a5a9e970478a6,nested,140-byte batch 1,140,1,29502830,31101710,4194400,0.948591894143441,-0.0527766106484931
1,ba,5,gpt-2,8414cab924d8b9b33013f0d221c5862f365ee9be39c5c2bfae8a5a9e970478a6,nested,140-byte batch 1,140,1,22779189,24001850,4194400,0.94905971831338,-0.052283554729961476
1,ba,0,gpt-2,8414cab924d8b9b33013f0d221c5862f365ee9be39c5c2bfae8a5a9e970478a6,nested,140-byte batch 32,140,32,32940280,35369580,4197760,0.9313166851288593,-0.07115590366004824
1,ba,1,gpt-2,8414cab924d8b9b33013f0d221c5862f365ee9be39c5c2bfae8a5a9e970478a6,nested,140-byte batch 32,140,32,31063390,30090780,4197760,1.0323225253715589,0.03181114281857935
1,ba,2,gpt-2,8414cab924d8b9b33013f0d221c5862f365ee9be39c5c2bfae8a5a9e970478a6,nested,140-byte batch 32,140,32,34491240,35905080,4197760,0.9606228422273394,-0.040173410909273115
1,ba,3,gpt-2,8414cab924d8b9b33013f0d221c5862f365ee9be39c5c2bfae8a5a9e970478a6,nested,140-byte batch 32,140,32,36364260,33482000,4197760,1.086083865957828,0.08257844316895877
1,ba,4,gpt-2,8414cab924d8b9b33013f0d221c5862f365ee9be39c5c2bfae8a5a9e970478a6,nested,140-byte batch 32,140,32,29274920,29975830,4197760,0.9766174948283334,-0.023660213498716092
1,ba,5,gpt-2,8414cab924d8b9b33013f0d221c5862f365ee9be39c5c2bfae8a5a9e970478a6,nested,140-byte batch 32,140,32,24756860,23899520,4197760,1.0358726869828347,0.03524424727311015
1,ba,0,gpt-2,8414cab924d8b9b33013f0d221c5862f365ee9be39c5c2bfae8a5a9e970478a6,nested,140-byte batch 512,140,512,12723560,14303170,4229120,0.8895622438941857,-0.11702579805220062
1,ba,1,gpt-2,8414cab924d8b9b33013f0d221c5862f365ee9be39c5c2bfae8a5a9e970478a6,nested,140-byte batch 512,140,512,12156370,12678220,4229120,0.9588388590827419,-0.04203224837090047
1,ba,2,gpt-2,8414cab924d8b9b33013f0d221c5862f365ee9be39c5c2bfae8a5a9e970478a6,nested,140-byte batch 512,140,512,11749500,12021660,4229120,0.9773608636411277,-0.022899336239829662
1,ba,3,gpt-2,8414cab924d8b9b33013f0d221c5862f365ee9be39c5c2bfae8a5a9e970478a6,nested,140-byte batch 512,140,512,10404580,10729090,4229120,0.9697541916416024,-0.030712650277380498
1,ba,4,gpt-2,8414cab924d8b9b33013f0d221c5862f365ee9be39c5c2bfae8a5a9e970478a6,nested,140-byte batch 512,140,512,9872469,10330560,4229120,0.9556567117368274,-0.0453565185597146
1,ba,5,gpt-2,8414cab924d8b9b33013f0d221c5862f365ee9be39c5c2bfae8a5a9e970478a6,nested,140-byte batch 512,140,512,10008730,11161660,4229120,0.8967062247013438,-0.10902697926018004
1,ba,0,gpt-2,8414cab924d8b9b33013f0d221c5862f365ee9be39c5c2bfae8a5a9e970478a6,nested,4 KiB single,4096,1,22692429,22078620,4194304,1.0278010582183126,0.02742162517101826
1,ba,1,gpt-2,8414cab924d8b9b33013f0d221c5862f365ee9be39c5c2bfae8a5a9e970478a6,nested,4 KiB single,4096,1,21601970,21696300,4194304,0.9956522540709706,-0.0043572248609972525
1,ba,2,gpt-2,8414cab924d8b9b33013f0d221c5862f365ee9be39c5c2bfae8a5a9e970478a6,nested,4 KiB single,4096,1,20307349,21122790,4194304,0.9613952039479633,-0.03936971214719827
1,ba,3,gpt-2,8414cab924d8b9b33013f0d221c5862f365ee9be39c5c2bfae8a5a9e970478a6,nested,4 KiB single,4096,1,26448420,24486560,4194304,1.0801198698388013,0.077072025568611
1,ba,4,gpt-2,8414cab924d8b9b33013f0d221c5862f365ee9be39c5c2bfae8a5a9e970478a6,nested,4 KiB single,4096,1,23506019,24777870,4194304,0.9486698816322792,-0.05269440007546854
1,ba,5,gpt-2,8414cab924d8b9b33013f0d221c5862f365ee9be39c5c2bfae8a5a9e970478a6,nested,4 KiB single,4096,1,23652800,22053480,4194304,1.0725200739293754,0.07001108859534165
1,ba,0,gpt-2,8414cab924d8b9b33013f0d221c5862f365ee9be39c5c2bfae8a5a9e970478a6,nested,64 KiB single,65536,1,21129369,21304570,4194304,0.991776365352598,-0.008257635264887262
1,ba,1,gpt-2,8414cab924d8b9b33013f0d221c5862f365ee9be39c5c2bfae8a5a9e970478a6,nested,64 KiB single,65536,1,19215510,19487030,4194304,0.9860666299584904,-0.0140313506398485
1,ba,2,gpt-2,8414cab924d8b9b33013f0d221c5862f365ee9be39c5c2bfae8a5a9e970478a6,nested,64 KiB single,65536,1,19380130,19281230,4194304,1.0051293408148754,0.005116230558482596
1,ba,3,gpt-2,8414cab924d8b9b33013f0d221c5862f365ee9be39c5c2bfae8a5a9e970478a6,nested,64 KiB single,65536,1,22286199,21869050,4194304,1.0190748569325143,0.018895212712727146
1,ba,4,gpt-2,8414cab924d8b9b33013f0d221c5862f365ee9be39c5c2bfae8a5a9e970478a6,nested,64 KiB single,65536,1,22664170,22700260,4194304,0.9984101503683218,-0.0015911147837160018
1,ba,5,gpt-2,8414cab924d8b9b33013f0d221c5862f365ee9be39c5c2bfae8a5a9e970478a6,nested,64 KiB single,65536,1,20990869,21500110,4194304,0.9763144932746856,-0.023970517757056848
1,ba,0,gpt-oss,0614fe83cadab421296e664e1f48f4261fa8fef6e03e63bb75c20f38e37d07d3,flat-ragged,140-byte batch 1,140,1,55556610,55970469,4194400,0.992605761441806,-0.007421711451318045
1,ba,1,gpt-oss,0614fe83cadab421296e664e1f48f4261fa8fef6e03e63bb75c20f38e37d07d3,flat-ragged,140-byte batch 1,140,1,54552660,50735210,4194400,1.075242617503702,0.07254632681642925
1,ba,2,gpt-oss,0614fe83cadab421296e664e1f48f4261fa8fef6e03e63bb75c20f38e37d07d3,flat-ragged,140-byte batch 1,140,1,51052980,50027500,4194400,1.0204983259207436,0.020291062816386155
1,ba,3,gpt-oss,0614fe83cadab421296e664e1f48f4261fa8fef6e03e63bb75c20f38e37d07d3,flat-ragged,140-byte batch 1,140,1,54105469,54204179,4194400,0.9981789226989306,-0.001822737478184373
1,ba,4,gpt-oss,0614fe83cadab421296e664e1f48f4261fa8fef6e03e63bb75c20f38e37d07d3,flat-ragged,140-byte batch 1,140,1,47202879,47324329,4194400,0.9974336667298548,-0.0025696319482521415
1,ba,5,gpt-oss,0614fe83cadab421296e664e1f48f4261fa8fef6e03e63bb75c20f38e37d07d3,flat-ragged,140-byte batch 1,140,1,41565160,41149230,4194400,1.0101078440592934,0.010057101449315247
1,ba,0,gpt-oss,0614fe83cadab421296e664e1f48f4261fa8fef6e03e63bb75c20f38e37d07d3,flat-ragged,140-byte batch 32,140,32,53016779,50118380,4197760,1.0578310591842752,0.05622064127604555
1,ba,1,gpt-oss,0614fe83cadab421296e664e1f48f4261fa8fef6e03e63bb75c20f38e37d07d3,flat-ragged,140-byte batch 32,140,32,46597060,44216920,4197760,1.0538287153424526,0.05242992775036739
1,ba,2,gpt-oss,0614fe83cadab421296e664e1f48f4261fa8fef6e03e63bb75c20f38e37d07d3,flat-ragged,140-byte batch 32,140,32,47342239,44585270,4197760,1.0618358709053461,0.0599993637059954
1,ba,3,gpt-oss,0614fe83cadab421296e664e1f48f4261fa8fef6e03e63bb75c20f38e37d07d3,flat-ragged,140-byte batch 32,140,32,49972750,48327510,4197760,1.0340435499366716,0.03347689312645093
1,ba,4,gpt-oss,0614fe83cadab421296e664e1f48f4261fa8fef6e03e63bb75c20f38e37d07d3,flat-ragged,140-byte batch 32,140,32,43832640,42175650,4197760,1.039287835516465,0.038535705046930394
1,ba,5,gpt-oss,0614fe83cadab421296e664e1f48f4261fa8fef6e03e63bb75c20f38e37d07d3,flat-ragged,140-byte batch 32,140,32,38726010,36558170,4197760,1.0592983729765466,0.05760677667704621
1,ba,0,gpt-oss,0614fe83cadab421296e664e1f48f4261fa8fef6e03e63bb75c20f38e37d07d3,flat-ragged,140-byte batch 512,140,512,16367950,16833020,4229120,0.9723715649360603,-0.028017279114931216
1,ba,1,gpt-oss,0614fe83cadab421296e664e1f48f4261fa8fef6e03e63bb75c20f38e37d07d3,flat-ragged,140-byte batch 512,140,512,15552410,15115900,4229120,1.0288775395444532,0.028468440580693127
1,ba,2,gpt-oss,0614fe83cadab421296e664e1f48f4261fa8fef6e03e63bb75c20f38e37d07d3,flat-ragged,140-byte batch 512,140,512,14977999,14590700,4229120,1.026544237082525,0.026198051611632033
1,ba,3,gpt-oss,0614fe83cadab421296e664e1f48f4261fa8fef6e03e63bb75c20f38e37d07d3,flat-ragged,140-byte batch 512,140,512,12136220,11983440,4229120,1.0127492606463586,0.012668673054835917
1,ba,4,gpt-oss,0614fe83cadab421296e664e1f48f4261fa8fef6e03e63bb75c20f38e37d07d3,flat-ragged,140-byte batch 512,140,512,11875970,11305920,4229120,1.0504204876737142,0.04919054845610138
1,ba,5,gpt-oss,0614fe83cadab421296e664e1f48f4261fa8fef6e03e63bb75c20f38e37d07d3,flat-ragged,140-byte batch 512,140,512,11412880,11321229,4229120,1.0080954991723956,0.00806290640396476
1,ba,0,gpt-oss,0614fe83cadab421296e664e1f48f4261fa8fef6e03e63bb75c20f38e37d07d3,flat-ragged,4 KiB single,4096,1,39501880,39464590,4194304,1.0009448976918296,0.0009444515570179658
1,ba,1,gpt-oss,0614fe83cadab421296e664e1f48f4261fa8fef6e03e63bb75c20f38e37d07d3,flat-ragged,4 KiB single,4096,1,37715089,37136440,4194304,1.0155817035774026,0.015461555303478994
1,ba,2,gpt-oss,0614fe83cadab421296e664e1f48f4261fa8fef6e03e63bb75c20f38e37d07d3,flat-ragged,4 KiB single,4096,1,34003100,33777949,4194304,1.006665620816705,0.006643503794325992
1,ba,3,gpt-oss,0614fe83cadab421296e664e1f48f4261fa8fef6e03e63bb75c20f38e37d07d3,flat-ragged,4 KiB single,4096,1,34187689,32884740,4194304,1.039621690790318,0.038856888121516706
1,ba,4,gpt-oss,0614fe83cadab421296e664e1f48f4261fa8fef6e03e63bb75c20f38e37d07d3,flat-ragged,4 KiB single,4096,1,43749870,41578670,4194304,1.0522190825247657,0.050901345984336994
1,ba,5,gpt-oss,0614fe83cadab421296e664e1f48f4261fa8fef6e03e63bb75c20f38e37d07d3,flat-ragged,4 KiB single,4096,1,38439430,38903840,4194304,0.9880626179832119,-0.012009204717084979
1,ba,0,gpt-oss,0614fe83cadab421296e664e1f48f4261fa8fef6e03e63bb75c20f38e37d07d3,flat-ragged,64 KiB single,65536,1,18713080,18297330,4194304,1.022721894396614,0.022467597026031443
1,ba,1,gpt-oss,0614fe83cadab421296e664e1f48f4261fa8fef6e03e63bb75c20f38e37d07d3,flat-ragged,64 KiB single,65536,1,18259830,18113829,4194304,1.0080601953347357,0.008027885460136148
1,ba,2,gpt-oss,0614fe83cadab421296e664e1f48f4261fa8fef6e03e63bb75c20f38e37d07d3,flat-ragged,64 KiB single,65536,1,17760170,17515069,4194304,1.013993721634782,0.013896713468148398
1,ba,3,gpt-oss,0614fe83cadab421296e664e1f48f4261fa8fef6e03e63bb75c20f38e37d07d3,flat-ragged,64 KiB single,65536,1,18421240,18265600,4194304,1.008520935529082,0.00848483727359093
1,ba,4,gpt-oss,0614fe83cadab421296e664e1f48f4261fa8fef6e03e63bb75c20f38e37d07d3,flat-ragged,64 KiB single,65536,1,17731790,17547760,4194304,1.010487378446024,0.010432767378806508
1,ba,5,gpt-oss,0614fe83cadab421296e664e1f48f4261fa8fef6e03e63bb75c20f38e37d07d3,flat-ragged,64 KiB single,65536,1,17379870,17928620,4194304,0.9693925131995659,-0.031085678728840636
1,ba,0,gpt-oss,0614fe83cadab421296e664e1f48f4261fa8fef6e03e63bb75c20f38e37d07d3,nested,140-byte batch 1,140,1,60404910,56501150,4194400,1.069091691054076,0.06680940109997512
1,ba,1,gpt-oss,0614fe83cadab421296e664e1f48f4261fa8fef6e03e63bb75c20f38e37d07d3,nested,140-byte batch 1,140,1,52224879,47707279,4194400,1.0946941451010024,0.09047500470903153
1,ba,2,gpt-oss,0614fe83cadab421296e664e1f48f4261fa8fef6e03e63bb75c20f38e37d07d3,nested,140-byte batch 1,140,1,51488809,49642529,4194400,1.0371914976370362,0.03651657722979544
1,ba,3,gpt-oss,0614fe83cadab421296e664e1f48f4261fa8fef6e03e63bb75c20f38e37d07d3,nested,140-byte batch 1,140,1,57085999,53177529,4194400,1.0734985260409524,0.07092296529519006
1,ba,4,gpt-oss,0614fe83cadab421296e664e1f48f4261fa8fef6e03e63bb75c20f38e37d07d3,nested,140-byte batch 1,140,1,48005650,46229990,4194400,1.0384092663658375,0.03768999062378697
1,ba,5,gpt-oss,0614fe83cadab421296e664e1f48f4261fa8fef6e03e63bb75c20f38e37d07d3,nested,140-byte batch 1,140,1,43614410,41279630,4194400,1.0565600999815163,0.05501844238269142
1,ba,0,gpt-oss,0614fe83cadab421296e664e1f48f4261fa8fef6e03e63bb75c20f38e37d07d3,nested,140-byte batch 32,140,32,60973110,58724499,4197760,1.0382908502974202,0.03757594809295113
1,ba,1,gpt-oss,0614fe83cadab421296e664e1f48f4261fa8fef6e03e63bb75c20f38e37d07d3,nested,140-byte batch 32,140,32,53041060,50371110,4197760,1.0530055819695059,0.051648534153463224
1,ba,2,gpt-oss,0614fe83cadab421296e664e1f48f4261fa8fef6e03e63bb75c20f38e37d07d3,nested,140-byte batch 32,140,32,54503240,53578680,4197760,1.0172561175452624,0.017108921688669464
1,ba,3,gpt-oss,0614fe83cadab421296e664e1f48f4261fa8fef6e03e63bb75c20f38e37d07d3,nested,140-byte batch 32,140,32,57113959,59963619,4197760,0.9524768510052737,-0.04868947568315041
1,ba,4,gpt-oss,0614fe83cadab421296e664e1f48f4261fa8fef6e03e63bb75c20f38e37d07d3,nested,140-byte batch 32,140,32,50217850,47472630,4197760,1.0578274260347489,0.05621720674296592
1,ba,5,gpt-oss,0614fe83cadab421296e664e1f48f4261fa8fef6e03e63bb75c20f38e37d07d3,nested,140-byte batch 32,140,32,45176610,43170459,4197760,1.0464704579582997,0.04542303312973218
1,ba,0,gpt-oss,0614fe83cadab421296e664e1f48f4261fa8fef6e03e63bb75c20f38e37d07d3,nested,140-byte batch 512,140,512,18797260,18450030,4229120,1.0188200235988776,0.01864511803178997
1,ba,1,gpt-oss,0614fe83cadab421296e664e1f48f4261fa8fef6e03e63bb75c20f38e37d07d3,nested,140-byte batch 512,140,512,17691020,17113930,4229120,1.0337204838397727,0.03316441443521685
1,ba,2,gpt-oss,0614fe83cadab421296e664e1f48f4261fa8fef6e03e63bb75c20f38e37d07d3,nested,140-byte batch 512,140,512,17090230,16967939,4229120,1.007207180553867,0.0071813329460456
1,ba,3,gpt-oss,0614fe83cadab421296e664e1f48f4261fa8fef6e03e63bb75c20f38e37d07d3,nested,140-byte batch 512,140,512,14555280,14575120,4229120,0.9986387762159077,-0.001362151090797658
1,ba,4,gpt-oss,0614fe83cadab421296e664e1f48f4261fa8fef6e03e63bb75c20f38e37d07d3,nested,140-byte batch 512,140,512,13665580,13468650,4229120,1.014621361457904,0.014515499997322665
1,ba,5,gpt-oss,0614fe83cadab421296e664e1f48f4261fa8fef6e03e63bb75c20f38e37d07d3,nested,140-byte batch 512,140,512,14728740,14176909,4229120,1.038924634417841,0.03818617283347667
1,ba,0,gpt-oss,0614fe83cadab421296e664e1f48f4261fa8fef6e03e63bb75c20f38e37d07d3,nested,4 KiB single,4096,1,41087440,41065930,4194304,1.0005237918634742,0.0005236547323993938
1,ba,1,gpt-oss,0614fe83cadab421296e664e1f48f4261fa8fef6e03e63bb75c20f38e37d07d3,nested,4 KiB single,4096,1,37815079,37577929,4194304,1.0063108853071705,0.006291055057713809
1,ba,2,gpt-oss,0614fe83cadab421296e664e1f48f4261fa8fef6e03e63bb75c20f38e37d07d3,nested,4 KiB single,4096,1,36336030,34317820,4194304,1.058809388242027,0.057145058201565825
1,ba,3,gpt-oss,0614fe83cadab421296e664e1f48f4261fa8fef6e03e63bb75c20f38e37d07d3,nested,4 KiB single,4096,1,36149159,35001100,4194304,1.0328006548365622,0.03227419459014334
1,ba,4,gpt-oss,0614fe83cadab421296e664e1f48f4261fa8fef6e03e63bb75c20f38e37d07d3,nested,4 KiB single,4096,1,41511789,40435390,4194304,1.0266202205543213,0.02627206757420954
1,ba,5,gpt-oss,0614fe83cadab421296e664e1f48f4261fa8fef6e03e63bb75c20f38e37d07d3,nested,4 KiB single,4096,1,40110020,37777979,4194304,1.0617301682548979,0.05989981168021768
1,ba,0,gpt-oss,0614fe83cadab421296e664e1f48f4261fa8fef6e03e63bb75c20f38e37d07d3,nested,64 KiB single,65536,1,39201880,40066270,4194304,0.9784259927365337,-0.02181012838751575
1,ba,1,gpt-oss,0614fe83cadab421296e664e1f48f4261fa8fef6e03e63bb75c20f38e37d07d3,nested,64 KiB single,65536,1,35464249,34542000,4194304,1.0266993515140987,0.026349143700978128
1,ba,2,gpt-oss,0614fe83cadab421296e664e1f48f4261fa8fef6e03e63bb75c20f38e37d07d3,nested,64 KiB single,65536,1,34136770,33675790,4194304,1.0136887657275448,0.013595920901819937
1,ba,3,gpt-oss,0614fe83cadab421296e664e1f48f4261fa8fef6e03e63bb75c20f38e37d07d3,nested,64 KiB single,65536,1,32093919,31823909,4194304,1.0084845013854207,0.008448710307348253
1,ba,4,gpt-oss,0614fe83cadab421296e664e1f48f4261fa8fef6e03e63bb75c20f38e37d07d3,nested,64 KiB single,65536,1,35175730,34670899,4194304,1.0145606550323372,0.014455666601312195
1,ba,5,gpt-oss,0614fe83cadab421296e664e1f48f4261fa8fef6e03e63bb75c20f38e37d07d3,nested,64 KiB single,65536,1,36052050,34892270,4194304,1.0332388807033763,0.032698412874302675
1,ba,0,llama-3,e134af98b985517b4f068e3755ae90d4e9cd2d45d328325dc503f1c6b2d06cc7,flat-ragged,140-byte batch 1,140,1,51850620,49231329,4194400,1.0532037434943102,0.05183670303391902
1,ba,1,llama-3,e134af98b985517b4f068e3755ae90d4e9cd2d45d328325dc503f1c6b2d06cc7,flat-ragged,140-byte batch 1,140,1,47690330,46395609,4194400,1.0279061106838796,0.027523830842378128
1,ba,2,llama-3,e134af98b985517b4f068e3755ae90d4e9cd2d45d328325dc503f1c6b2d06cc7,flat-ragged,140-byte batch 1,140,1,42257569,41010630,4194400,1.0304052632207796,0.029952184294327864
1,ba,3,llama-3,e134af98b985517b4f068e3755ae90d4e9cd2d45d328325dc503f1c6b2d06cc7,flat-ragged,140-byte batch 1,140,1,33481510,32119859,4194400,1.0423928075151263,0.041518846876764215
1,ba,4,llama-3,e134af98b985517b4f068e3755ae90d4e9cd2d45d328325dc503f1c6b2d06cc7,flat-ragged,140-byte batch 1,140,1,48326860,46821690,4194400,1.032146853306662,0.03164095665148458
1,ba,5,llama-3,e134af98b985517b4f068e3755ae90d4e9cd2d45d328325dc503f1c6b2d06cc7,flat-ragged,140-byte batch 1,140,1,43098050,42095139,4194400,1.0238248649089863,0.023545481627637695
1,ba,0,llama-3,e134af98b985517b4f068e3755ae90d4e9cd2d45d328325dc503f1c6b2d06cc7,flat-ragged,140-byte batch 32,140,32,46945940,44998259,4197760,1.0432834745895392,0.04237292680872347
1,ba,1,llama-3,e134af98b985517b4f068e3755ae90d4e9cd2d45d328325dc503f1c6b2d06cc7,flat-ragged,140-byte batch 32,140,32,44654170,42465519,4197760,1.0515394854823275,0.05025526703173008
1,ba,2,llama-3,e134af98b985517b4f068e3755ae90d4e9cd2d45d328325dc503f1c6b2d06cc7,flat-ragged,140-byte batch 32,140,32,39904580,37826140,4197760,1.0549471873154386,0.0534907062583695
1,ba,3,llama-3,e134af98b985517b4f068e3755ae90d4e9cd2d45d328325dc503f1c6b2d06cc7,flat-ragged,140-byte batch 32,140,32,31003530,30048230,4197760,1.031792222037704,0.03129731155392886
1,ba,4,llama-3,e134af98b985517b4f068e3755ae90d4e9cd2d45d328325dc503f1c6b2d06cc7,flat-ragged,140-byte batch 32,140,32,45380509,44073470,4197760,1.0296559131831462,0.029224681558713373
1,ba,5,llama-3,e134af98b985517b4f068e3755ae90d4e9cd2d45d328325dc503f1c6b2d06cc7,flat-ragged,140-byte batch 32,140,32,39868999,38642990,4197760,1.031726556356017,0.031233667178702608
1,ba,0,llama-3,e134af98b985517b4f068e3755ae90d4e9cd2d45d328325dc503f1c6b2d06cc7,flat-ragged,140-byte batch 512,140,512,14257950,14809780,4229120,0.9627388117851852,-0.03797312745546469
1,ba,1,llama-3,e134af98b985517b4f068e3755ae90d4e9cd2d45d328325dc503f1c6b2d06cc7,flat-ragged,140-byte batch 512,140,512,13597790,13458820,4229120,1.0103255708895729,0.01027262632582076
1,ba,2,llama-3,e134af98b985517b4f068e3755ae90d4e9cd2d45d328325dc503f1c6b2d06cc7,flat-ragged,140-byte batch 512,140,512,12794960,13053350,4229120,0.9802050814541861,-0.019993462420774075
1,ba,3,llama-3,e134af98b985517b4f068e3755ae90d4e9cd2d45d328325dc503f1c6b2d06cc7,flat-ragged,140-byte batch 512,140,512,10710100,10919529,4229120,0.9808206929071758,-0.01936561603419348
1,ba,4,llama-3,e134af98b985517b4f068e3755ae90d4e9cd2d45d328325dc503f1c6b2d06cc7,flat-ragged,140-byte batch 512,140,512,10297720,10326360,4229120,0.9972265154420338,-0.0027773377925029525
1,ba,5,llama-3,e134af98b985517b4f068e3755ae90d4e9cd2d45d328325dc503f1c6b2d06cc7,flat-ragged,140-byte batch 512,140,512,10106320,10257140,4229120,0.9852960961827566,-0.014813077721075478
1,ba,0,llama-3,e134af98b985517b4f068e3755ae90d4e9cd2d45d328325dc503f1c6b2d06cc7,flat-ragged,4 KiB single,4096,1,34382380,33865660,4194304,1.0152579338480336,0.015142702227987024
1,ba,1,llama-3,e134af98b985517b4f068e3755ae90d4e9cd2d45d328325dc503f1c6b2d06cc7,flat-ragged,4 KiB single,4096,1,37134649,37355860,4194304,0.994078278481609,-0.0059393244387250296
1,ba,2,llama-3,e134af98b985517b4f068e3755ae90d4e9cd2d45d328325dc503f1c6b2d06cc7,flat-ragged,4 KiB single,4096,1,33396640,33135170,4194304,1.0078910112729165,0.007860040066198178
1,ba,3,llama-3,e134af98b985517b4f068e3755ae90d4e9cd2d45d328325dc503f1c6b2d06cc7,flat-ragged,4 KiB single,4096,1,31099400,30801450,4194304,1.0096732459023845,0.009626759601106075
1,ba,4,llama-3,e134af98b985517b4f068e3755ae90d4e9cd2d45d328325dc503f1c6b2d06cc7,flat-ragged,4 KiB single,4096,1,31680330,31323989,4194304,1.0113759776891762,0.011311757838442264
1,ba,5,llama-3,e134af98b985517b4f068e3755ae90d4e9cd2d45d328325dc503f1c6b2d06cc7,flat-ragged,4 KiB single,4096,1,38015180,37184040,4194304,1.0223520628742868,0.022105916681862018
1,ba,0,llama-3,e134af98b985517b4f068e3755ae90d4e9cd2d45d328325dc503f1c6b2d06cc7,flat-ragged,64 KiB single,65536,1,16740180,16845810,4194304,0.9937295980424806,-0.006290143496061922
1,ba,1,llama-3,e134af98b985517b4f068e3755ae90d4e9cd2d45d328325dc503f1c6b2d06cc7,flat-ragged,64 KiB single,65536,1,16313030,16705810,4194304,0.9764884192984357,-0.023792388133129953
1,ba,2,llama-3,e134af98b985517b4f068e3755ae90d4e9cd2d45d328325dc503f1c6b2d06cc7,flat-ragged,64 KiB single,65536,1,15912880,16178500,4194304,0.9835819142689372,-0.01655435609164348
1,ba,3,llama-3,e134af98b985517b4f068e3755ae90d4e9cd2d45d328325dc503f1c6b2d06cc7,flat-ragged,64 KiB single,65536,1,16264410,16363079,4194304,0.9939700223900404,-0.0060482313416691386
1,ba,4,llama-3,e134af98b985517b4f068e3755ae90d4e9cd2d45d328325dc503f1c6b2d06cc7,flat-ragged,64 KiB single,65536,1,15915210,16175849,4194304,0.9838871517655735,-0.0162440716715682
1,ba,5,llama-3,e134af98b985517b4f068e3755ae90d4e9cd2d45d328325dc503f1c6b2d06cc7,flat-ragged,64 KiB single,65536,1,15534560,16091710,4194304,0.9653765821034558,-0.035237013245463876
1,ba,0,llama-3,e134af98b985517b4f068e3755ae90d4e9cd2d45d328325dc503f1c6b2d06cc7,nested,140-byte batch 1,140,1,54189219,51334220,4194400,1.0556159029980392,0.05412439089736179
1,ba,1,llama-3,e134af98b985517b4f068e3755ae90d4e9cd2d45d328325dc503f1c6b2d06cc7,nested,140-byte batch 1,140,1,50098880,49798630,4194400,1.0060292823316626,0.006011178939476265
1,ba,2,llama-3,e134af98b985517b4f068e3755ae90d4e9cd2d45d328325dc503f1c6b2d06cc7,nested,140-byte batch 1,140,1,45336759,44956290,4194400,1.0084630871453137,0.008427476002372251
1,ba,3,llama-3,e134af98b985517b4f068e3755ae90d4e9cd2d45d328325dc503f1c6b2d06cc7,nested,140-byte batch 1,140,1,36334930,34778720,4194400,1.044746040107284,0.04377383206091938
1,ba,4,llama-3,e134af98b985517b4f068e3755ae90d4e9cd2d45d328325dc503f1c6b2d06cc7,nested,140-byte batch 1,140,1,51751160,49480960,4194400,1.0458802739477973,0.04485889823862153
1,ba,5,llama-3,e134af98b985517b4f068e3755ae90d4e9cd2d45d328325dc503f1c6b2d06cc7,nested,140-byte batch 1,140,1,47520799,44618540,4194400,1.065046032434051,0.0630180211700748
1,ba,0,llama-3,e134af98b985517b4f068e3755ae90d4e9cd2d45d328325dc503f1c6b2d06cc7,nested,140-byte batch 32,140,32,55661080,55003700,4197760,1.0119515596223527,0.01188070373384348
1,ba,1,llama-3,e134af98b985517b4f068e3755ae90d4e9cd2d45d328325dc503f1c6b2d06cc7,nested,140-byte batch 32,140,32,51764680,53495550,4197760,0.967644598475948,-0.03289040945651044
1,ba,2,llama-3,e134af98b985517b4f068e3755ae90d4e9cd2d45d328325dc503f1c6b2d06cc7,nested,140-byte batch 32,140,32,47154190,45966410,4197760,1.0258401732917581,0.025511958095401455
1,ba,3,llama-3,e134af98b985517b4f068e3755ae90d4e9cd2d45d328325dc503f1c6b2d06cc7,nested,140-byte batch 32,140,32,39238410,36569290,4197760,1.0729880180884015,0.07044729684660574
1,ba,4,llama-3,e134af98b985517b4f068e3755ae90d4e9cd2d45d328325dc503f1c6b2d06cc7,nested,140-byte batch 32,140,32,50657890,50024340,4197760,1.0126648347584395,0.012585306509535807
1,ba,5,llama-3,e134af98b985517b4f068e3755ae90d4e9cd2d45d328325dc503f1c6b2d06cc7,nested,140-byte batch 32,140,32,47696130,46368729,4197760,1.028627073215658,0.02822497446306782
1,ba,0,llama-3,e134af98b985517b4f068e3755ae90d4e9cd2d45d328325dc503f1c6b2d06cc7,nested,140-byte batch 512,140,512,17161829,17130660,4229120,1.00181948623112,0.0018178329711328498
1,ba,1,llama-3,e134af98b985517b4f068e3755ae90d4e9cd2d45d328325dc503f1c6b2d06cc7,nested,140-byte batch 512,140,512,15947880,16132380,4229120,0.9885633737861369,-0.011502527363126236
1,ba,2,llama-3,e134af98b985517b4f068e3755ae90d4e9cd2d45d328325dc503f1c6b2d06cc7,nested,140-byte batch 512,140,512,15571000,15529619,4229120,1.0026646500471132,0.0026611061612575792
1,ba,3,llama-3,e134af98b985517b4f068e3755ae90d4e9cd2d45d328325dc503f1c6b2d06cc7,nested,140-byte batch 512,140,512,14139340,13351460,4229120,1.0590107748515893,0.05733524112047343
1,ba,4,llama-3,e134af98b985517b4f068e3755ae90d4e9cd2d45d328325dc503f1c6b2d06cc7,nested,140-byte batch 512,140,512,12242970,12685140,4229120,0.9651426787564031,-0.03547933493884395
1,ba,5,llama-3,e134af98b985517b4f068e3755ae90d4e9cd2d45d328325dc503f1c6b2d06cc7,nested,140-byte batch 512,140,512,12860260,12978900,4229120,0.9908590096233116,-0.009183025587615818
1,ba,0,llama-3,e134af98b985517b4f068e3755ae90d4e9cd2d45d328325dc503f1c6b2d06cc7,nested,4 KiB single,4096,1,38114099,37017910,4194304,1.0296123957295267,0.029182416591649437
1,ba,1,llama-3,e134af98b985517b4f068e3755ae90d4e9cd2d45d328325dc503f1c6b2d06cc7,nested,4 KiB single,4096,1,37887940,37361869,4194304,1.0140804251521784,0.013982216769481394
1,ba,2,llama-3,e134af98b985517b4f068e3755ae90d4e9cd2d45d328325dc503f1c6b2d06cc7,nested,4 KiB single,4096,1,34939569,33288130,4194304,1.0496104467268061,0.04841909221342122
1,ba,3,llama-3,e134af98b985517b4f068e3755ae90d4e9cd2d45d328325dc503f1c6b2d06cc7,nested,4 KiB single,4096,1,33894990,31681620,4194304,1.0698629047378259,0.06753051385167787
1,ba,4,llama-3,e134af98b985517b4f068e3755ae90d4e9cd2d45d328325dc503f1c6b2d06cc7,nested,4 KiB single,4096,1,33747220,32616730,4194304,1.0346598202824133,0.03407269663588
1,ba,5,llama-3,e134af98b985517b4f068e3755ae90d4e9cd2d45d328325dc503f1c6b2d06cc7,nested,4 KiB single,4096,1,39354780,37705650,4194304,1.0437369465849282,0.04280749083878715
1,ba,0,llama-3,e134af98b985517b4f068e3755ae90d4e9cd2d45d328325dc503f1c6b2d06cc7,nested,64 KiB single,65536,1,33624570,31866449,4194304,1.05517153793948,0.05370334891416094
1,ba,1,llama-3,e134af98b985517b4f068e3755ae90d4e9cd2d45d328325dc503f1c6b2d06cc7,nested,64 KiB single,65536,1,37028220,34219739,4194304,1.082071958526627,0.07887768332071146
1,ba,2,llama-3,e134af98b985517b4f068e3755ae90d4e9cd2d45d328325dc503f1c6b2d06cc7,nested,64 KiB single,65536,1,33429940,32997320,4194304,1.013110761722467,0.013025559587917023
1,ba,3,llama-3,e134af98b985517b4f068e3755ae90d4e9cd2d45d328325dc503f1c6b2d06cc7,nested,64 KiB single,65536,1,30738990,30387290,4194304,1.011573917911074,0.011507452475229956
1,ba,4,llama-3,e134af98b985517b4f068e3755ae90d4e9cd2d45d328325dc503f1c6b2d06cc7,nested,64 KiB single,65536,1,28885970,28599970,4194304,1.0100000104895215,0.009950341238832863
1,ba,5,llama-3,e134af98b985517b4f068e3755ae90d4e9cd2d45d328325dc503f1c6b2d06cc7,nested,64 KiB single,65536,1,31564239,31072040,4194304,1.0158405756429252,0.01571642310676332
1,ba,0,minimax-m2-1,757622126525aeeb131756849d93298070ff3f0319c455ec8c5bb0f6b1cebbe8,flat-ragged,140-byte batch 1,140,1,55295660,55533130,4194400,0.9957238138747087,-0.00428535515750855
1,ba,1,minimax-m2-1,757622126525aeeb131756849d93298070ff3f0319c455ec8c5bb0f6b1cebbe8,flat-ragged,140-byte batch 1,140,1,49200869,49415200,4194400,0.9956626503585941,-0.004346783230092438
1,ba,2,minimax-m2-1,757622126525aeeb131756849d93298070ff3f0319c455ec8c5bb0f6b1cebbe8,flat-ragged,140-byte batch 1,140,1,49095070,49083859,4194400,1.0002284050241446,0.000228378943688231
1,ba,3,minimax-m2-1,757622126525aeeb131756849d93298070ff3f0319c455ec8c5bb0f6b1cebbe8,flat-ragged,140-byte batch 1,140,1,52255639,52008860,4194400,1.0047449415349616,0.004733719783578554
1,ba,4,minimax-m2-1,757622126525aeeb131756849d93298070ff3f0319c455ec8c5bb0f6b1cebbe8,flat-ragged,140-byte batch 1,140,1,48725260,47394950,4194400,1.0280686022455978,0.02768189850832234
1,ba,5,minimax-m2-1,757622126525aeeb131756849d93298070ff3f0319c455ec8c5bb0f6b1cebbe8,flat-ragged,140-byte batch 1,140,1,42778750,42962180,4194400,0.9957304308114718,-0.004278709826057062
1,ba,0,minimax-m2-1,757622126525aeeb131756849d93298070ff3f0319c455ec8c5bb0f6b1cebbe8,flat-ragged,140-byte batch 32,140,32,51202779,48254860,4197760,1.0610906134635973,0.05929725981511584
1,ba,1,minimax-m2-1,757622126525aeeb131756849d93298070ff3f0319c455ec8c5bb0f6b1cebbe8,flat-ragged,140-byte batch 32,140,32,46625179,44629899,4197760,1.0447072488333438,0.04373670151184235
1,ba,2,minimax-m2-1,757622126525aeeb131756849d93298070ff3f0319c455ec8c5bb0f6b1cebbe8,flat-ragged,140-byte batch 32,140,32,46037730,46193390,4197760,0.9966302538090407,-0.0033754365726793452
1,ba,3,minimax-m2-1,757622126525aeeb131756849d93298070ff3f0319c455ec8c5bb0f6b1cebbe8,flat-ragged,140-byte batch 32,140,32,50970560,48705240,4197760,1.046510806640107,0.04546158931032941
1,ba,4,minimax-m2-1,757622126525aeeb131756849d93298070ff3f0319c455ec8c5bb0f6b1cebbe8,flat-ragged,140-byte batch 32,140,32,45577019,44649949,4197760,1.02076306962859,0.02055045508227441
1,ba,5,minimax-m2-1,757622126525aeeb131756849d93298070ff3f0319c455ec8c5bb0f6b1cebbe8,flat-ragged,140-byte batch 32,140,32,41281300,39772900,4197760,1.0379253210100345,0.037223837078487684
1,ba,0,minimax-m2-1,757622126525aeeb131756849d93298070ff3f0319c455ec8c5bb0f6b1cebbe8,flat-ragged,140-byte batch 512,140,512,14737790,15035070,4229120,0.9802275612950255,-0.019970528869934057
1,ba,1,minimax-m2-1,757622126525aeeb131756849d93298070ff3f0319c455ec8c5bb0f6b1cebbe8,flat-ragged,140-byte batch 512,140,512,14309110,14857750,4229120,0.9630738166949908,-0.037625217271233365
1,ba,2,minimax-m2-1,757622126525aeeb131756849d93298070ff3f0319c455ec8c5bb0f6b1cebbe8,flat-ragged,140-byte batch 512,140,512,13951160,14199330,4229120,0.9825224147899936,-0.017632121463340027
1,ba,3,minimax-m2-1,757622126525aeeb131756849d93298070ff3f0319c455ec8c5bb0f6b1cebbe8,flat-ragged,140-byte batch 512,140,512,12205299,12497950,4229120,0.9765840797890855,-0.023694429157443197
1,ba,4,minimax-m2-1,757622126525aeeb131756849d93298070ff3f0319c455ec8c5bb0f6b1cebbe8,flat-ragged,140-byte batch 512,140,512,11860330,12035400,4229120,0.985453744786214,-0.01465308927351472
1,ba,5,minimax-m2-1,757622126525aeeb131756849d93298070ff3f0319c455ec8c5bb0f6b1cebbe8,flat-ragged,140-byte batch 512,140,512,11808760,11912850,4229120,0.9912623763415136,-0.00877602052059379
1,ba,0,minimax-m2-1,757622126525aeeb131756849d93298070ff3f0319c455ec8c5bb0f6b1cebbe8,flat-ragged,4 KiB single,4096,1,39217829,36599160,4194304,1.0715499754639177,0.06910617550079912
1,ba,1,minimax-m2-1,757622126525aeeb131756849d93298070ff3f0319c455ec8c5bb0f6b1cebbe8,flat-ragged,4 KiB single,4096,1,38472559,36491060,4194304,1.0543009438476163,0.05287793483665217
1,ba,2,minimax-m2-1,757622126525aeeb131756849d93298070ff3f0319c455ec8c5bb0f6b1cebbe8,flat-ragged,4 KiB single,4096,1,35295989,33950299,4194304,1.0396370588665507,0.0388716703858554
1,ba,3,minimax-m2-1,757622126525aeeb131756849d93298070ff3f0319c455ec8c5bb0f6b1cebbe8,flat-ragged,4 KiB single,4096,1,34030829,33732669,4194304,1.0088389092484795,0.008800074758716673
1,ba,4,minimax-m2-1,757622126525aeeb131756849d93298070ff3f0319c455ec8c5bb0f6b1cebbe8,flat-ragged,4 KiB single,4096,1,39863660,38888080,4194304,1.025086864663928,0.024777355013219204
1,ba,5,minimax-m2-1,757622126525aeeb131756849d93298070ff3f0319c455ec8c5bb0f6b1cebbe8,flat-ragged,4 KiB single,4096,1,38059019,37288200,4194304,1.0206719283848509,0.02046116373193658
1,ba,0,minimax-m2-1,757622126525aeeb131756849d93298070ff3f0319c455ec8c5bb0f6b1cebbe8,flat-ragged,64 KiB single,65536,1,37107130,36541429,4194304,1.01548108586558,0.015362476424748243
1,ba,1,minimax-m2-1,757622126525aeeb131756849d93298070ff3f0319c455ec8c5bb0f6b1cebbe8,flat-ragged,64 KiB single,65536,1,36218870,35981939,4194304,1.0065847201842013,0.006563135614671701
1,ba,2,minimax-m2-1,757622126525aeeb131756849d93298070ff3f0319c455ec8c5bb0f6b1cebbe8,flat-ragged,64 KiB single,65536,1,32287799,32172690,4194304,1.0035778481687418,0.0035714628958082644
1,ba,3,minimax-m2-1,757622126525aeeb131756849d93298070ff3f0319c455ec8c5bb0f6b1cebbe8,flat-ragged,64 KiB single,65536,1,33938860,33524820,4194304,1.0123502527381205,0.012274610530239689
1,ba,4,minimax-m2-1,757622126525aeeb131756849d93298070ff3f0319c455ec8c5bb0f6b1cebbe8,flat-ragged,64 KiB single,65536,1,37411639,36437510,4194304,1.0267342362307414,0.026383120662155986
1,ba,5,minimax-m2-1,757622126525aeeb131756849d93298070ff3f0319c455ec8c5bb0f6b1cebbe8,flat-ragged,64 KiB single,65536,1,37405439,37258230,4194304,1.00395104652046,0.0039432616350487905
1,ba,0,minimax-m2-1,757622126525aeeb131756849d93298070ff3f0319c455ec8c5bb0f6b1cebbe8,nested,140-byte batch 1,140,1,52649229,54043270,4194400,0.9742050952875353,-0.026133427395970084
1,ba,1,minimax-m2-1,757622126525aeeb131756849d93298070ff3f0319c455ec8c5bb0f6b1cebbe8,nested,140-byte batch 1,140,1,49355859,48609299,4194400,1.0153583782395217,0.015241632184347615
1,ba,2,minimax-m2-1,757622126525aeeb131756849d93298070ff3f0319c455ec8c5bb0f6b1cebbe8,nested,140-byte batch 1,140,1,50388090,48762709,4194400,1.033332459031347,0.03278897672393655
1,ba,3,minimax-m2-1,757622126525aeeb131756849d93298070ff3f0319c455ec8c5bb0f6b1cebbe8,nested,140-byte batch 1,140,1,51919030,53288850,4194400,0.9742944349521523,-0.02604172640934618
1,ba,4,minimax-m2-1,757622126525aeeb131756849d93298070ff3f0319c455ec8c5bb0f6b1cebbe8,nested,140-byte batch 1,140,1,49428949,48231570,4194400,1.0248256276957188,0.024522478797188524
1,ba,5,minimax-m2-1,757622126525aeeb131756849d93298070ff3f0319c455ec8c5bb0f6b1cebbe8,nested,140-byte batch 1,140,1,44986989,46438619,4194400,0.9687408878373407,-0.031758104462208225
1,ba,0,minimax-m2-1,757622126525aeeb131756849d93298070ff3f0319c455ec8c5bb0f6b1cebbe8,nested,140-byte batch 32,140,32,57231850,57985590,4197760,0.9870012532424004,-0.013083969800322389
1,ba,1,minimax-m2-1,757622126525aeeb131756849d93298070ff3f0319c455ec8c5bb0f6b1cebbe8,nested,140-byte batch 32,140,32,53197729,51829560,4197760,1.0263974650759142,0.026055064592851528
1,ba,2,minimax-m2-1,757622126525aeeb131756849d93298070ff3f0319c455ec8c5bb0f6b1cebbe8,nested,140-byte batch 32,140,32,53256179,51804949,4197760,1.0280133467557317,0.027628150174112014
1,ba,3,minimax-m2-1,757622126525aeeb131756849d93298070ff3f0319c455ec8c5bb0f6b1cebbe8,nested,140-byte batch 32,140,32,54483430,53130649,4197760,1.025461405525086,0.025142663034267293
1,ba,4,minimax-m2-1,757622126525aeeb131756849d93298070ff3f0319c455ec8c5bb0f6b1cebbe8,nested,140-byte batch 32,140,32,48649820,48514600,4197760,1.0027872022030482,0.002783325157390521
1,ba,5,minimax-m2-1,757622126525aeeb131756849d93298070ff3f0319c455ec8c5bb0f6b1cebbe8,nested,140-byte batch 32,140,32,45529440,44134130,4197760,1.0316152148008808,0.031125743656966517
1,ba,0,minimax-m2-1,757622126525aeeb131756849d93298070ff3f0319c455ec8c5bb0f6b1cebbe8,nested,140-byte batch 512,140,512,16764930,18108759,4229120,0.9257912151793505,-0.0771065393267782
1,ba,1,minimax-m2-1,757622126525aeeb131756849d93298070ff3f0319c455ec8c5bb0f6b1cebbe8,nested,140-byte batch 512,140,512,16216840,16846160,4229120,0.9626431186691804,-0.03807252915293567
1,ba,2,minimax-m2-1,757622126525aeeb131756849d93298070ff3f0319c455ec8c5bb0f6b1cebbe8,nested,140-byte batch 512,140,512,15903939,16684490,4229120,0.9532169697725252,-0.04791273096540667
1,ba,3,minimax-m2-1,757622126525aeeb131756849d93298070ff3f0319c455ec8c5bb0f6b1cebbe8,nested,140-byte batch 512,140,512,14421400,15648490,4229120,0.9215841272864027,-0.0816612121853526
1,ba,4,minimax-m2-1,757622126525aeeb131756849d93298070ff3f0319c455ec8c5bb0f6b1cebbe8,nested,140-byte batch 512,140,512,14220310,14733960,4229120,0.9651383606308148,-0.03548380902888599
1,ba,5,minimax-m2-1,757622126525aeeb131756849d93298070ff3f0319c455ec8c5bb0f6b1cebbe8,nested,140-byte batch 512,140,512,14828420,14848100,4229120,0.9986745778921209,-0.0013263012566758394
1,ba,0,minimax-m2-1,757622126525aeeb131756849d93298070ff3f0319c455ec8c5bb0f6b1cebbe8,nested,4 KiB single,4096,1,41132060,41036700,4194304,1.0023237735977795,0.00232107781136973
1,ba,1,minimax-m2-1,757622126525aeeb131756849d93298070ff3f0319c455ec8c5bb0f6b1cebbe8,nested,4 KiB single,4096,1,38013480,37495330,4194304,1.0138190542662247,0.013724441776140945
1,ba,2,minimax-m2-1,757622126525aeeb131756849d93298070ff3f0319c455ec8c5bb0f6b1cebbe8,nested,4 KiB single,4096,1,36861469,35754980,4194304,1.0309464303993459,0.03047724480940051
1,ba,3,minimax-m2-1,757622126525aeeb131756849d93298070ff3f0319c455ec8c5bb0f6b1cebbe8,nested,4 KiB single,4096,1,36360439,35484579,4194304,1.024682834760418,0.02438313520515401
1,ba,4,minimax-m2-1,757622126525aeeb131756849d93298070ff3f0319c455ec8c5bb0f6b1cebbe8,nested,4 KiB single,4096,1,40560340,42430370,4194304,0.9559270871312223,-0.04507363753053033
1,ba,5,minimax-m2-1,757622126525aeeb131756849d93298070ff3f0319c455ec8c5bb0f6b1cebbe8,nested,4 KiB single,4096,1,39190610,40106369,4194304,0.9771667437658094,-0.0230979723452712
1,ba,0,minimax-m2-1,757622126525aeeb131756849d93298070ff3f0319c455ec8c5bb0f6b1cebbe8,nested,64 KiB single,65536,1,41500650,39046229,4194304,1.0628593608873216,0.06096278664386066
1,ba,1,minimax-m2-1,757622126525aeeb131756849d93298070ff3f0319c455ec8c5bb0f6b1cebbe8,nested,64 KiB single,65536,1,37960000,36190570,4194304,1.048892018003585,0.04773438608286978
1,ba,2,minimax-m2-1,757622126525aeeb131756849d93298070ff3f0319c455ec8c5bb0f6b1cebbe8,nested,64 KiB single,65536,1,36733319,39092259,4194304,0.939657107050273,-0.06224025000015076
1,ba,3,minimax-m2-1,757622126525aeeb131756849d93298070ff3f0319c455ec8c5bb0f6b1cebbe8,nested,64 KiB single,65536,1,35023590,34207020,4194304,1.0238714158672693,0.023590948290568157
1,ba,4,minimax-m2-1,757622126525aeeb131756849d93298070ff3f0319c455ec8c5bb0f6b1cebbe8,nested,64 KiB single,65536,1,36406250,37444570,4194304,0.9722704787369704,-0.028121242926173313
1,ba,5,minimax-m2-1,757622126525aeeb131756849d93298070ff3f0319c455ec8c5bb0f6b1cebbe8,nested,64 KiB single,65536,1,36378579,36470670,4194304,0.9974749298545927,-0.002528263511809
1,ba,0,mistral-nemo,e11c71726323d33da7b8d6f6f269f1988931c0a52b7122bcdd8c05042974e0db,flat-ragged,140-byte batch 1,140,1,61691180,63596410,4194400,0.9700418624258822,-0.030416051275866385
1,ba,1,mistral-nemo,e11c71726323d33da7b8d6f6f269f1988931c0a52b7122bcdd8c05042974e0db,flat-ragged,140-byte batch 1,140,1,57933870,57816740,4194400,1.0020258838530156,0.002023834517666149
1,ba,2,mistral-nemo,e11c71726323d33da7b8d6f6f269f1988931c0a52b7122bcdd8c05042974e0db,flat-ragged,140-byte batch 1,140,1,52081870,50722180,4194400,1.0268066159616958,0.02645361327583543
1,ba,3,mistral-nemo,e11c71726323d33da7b8d6f6f269f1988931c0a52b7122bcdd8c05042974e0db,flat-ragged,140-byte batch 1,140,1,39194760,38304090,4194400,1.0232526082723803,0.022986385395072174
1,ba,4,mistral-nemo,e11c71726323d33da7b8d6f6f269f1988931c0a52b7122bcdd8c05042974e0db,flat-ragged,140-byte batch 1,140,1,59773350,57551240,4194400,1.038610983881494,0.03788422803313986
1,ba,5,mistral-nemo,e11c71726323d33da7b8d6f6f269f1988931c0a52b7122bcdd8c05042974e0db,flat-ragged,140-byte batch 1,140,1,51989940,51257709,4194400,1.0142852853606859,0.014184212108036165
1,ba,0,mistral-nemo,e11c71726323d33da7b8d6f6f269f1988931c0a52b7122bcdd8c05042974e0db,flat-ragged,140-byte batch 32,140,32,58417740,58605119,4197760,0.996802685444594,-0.0032024368869733606
1,ba,1,mistral-nemo,e11c71726323d33da7b8d6f6f269f1988931c0a52b7122bcdd8c05042974e0db,flat-ragged,140-byte batch 32,140,32,54162699,53273500,4197760,1.0166912066975138,0.01655343939515958
1,ba,2,mistral-nemo,e11c71726323d33da7b8d6f6f269f1988931c0a52b7122bcdd8c05042974e0db,flat-ragged,140-byte batch 32,140,32,48210639,48794440,4197760,0.9880355015858364,-0.012036649100649425
1,ba,3,mistral-nemo,e11c71726323d33da7b8d6f6f269f1988931c0a52b7122bcdd8c05042974e0db,flat-ragged,140-byte batch 32,140,32,36701609,35774080,4197760,1.0259274033042918,0.02559698723182139
1,ba,4,mistral-nemo,e11c71726323d33da7b8d6f6f269f1988931c0a52b7122bcdd8c05042974e0db,flat-ragged,140-byte batch 32,140,32,54900099,55241320,4197760,0.9938230838799652,-0.0061960721907789815
1,ba,5,mistral-nemo,e11c71726323d33da7b8d6f6f269f1988931c0a52b7122bcdd8c05042974e0db,flat-ragged,140-byte batch 32,140,32,48917289,49452400,4197760,0.9891792713801555,-0.010879698487555822
1,ba,0,mistral-nemo,e11c71726323d33da7b8d6f6f269f1988931c0a52b7122bcdd8c05042974e0db,flat-ragged,140-byte batch 512,140,512,17831850,18514600,4229120,0.9631236969742798,-0.03757342582311223
1,ba,1,mistral-nemo,e11c71726323d33da7b8d6f6f269f1988931c0a52b7122bcdd8c05042974e0db,flat-ragged,140-byte batch 512,140,512,16531690,17501590,4229120,0.9445821779621166,-0.057012588983609856
1,ba,2,mistral-nemo,e11c71726323d33da7b8d6f6f269f1988931c0a52b7122bcdd8c05042974e0db,flat-ragged,140-byte batch 512,140,512,15775900,16482820,4229120,0.9571117078266947,-0.0438351672496246
1,ba,3,mistral-nemo,e11c71726323d33da7b8d6f6f269f1988931c0a52b7122bcdd8c05042974e0db,flat-ragged,140-byte batch 512,140,512,13143829,13694830,4229120,0.9597657656210409,-0.04106601843641835
1,ba,4,mistral-nemo,e11c71726323d33da7b8d6f6f269f1988931c0a52b7122bcdd8c05042974e0db,flat-ragged,140-byte batch 512,140,512,12380050,13548300,4229120,0.9137714694832562,-0.09017477217966839
1,ba,5,mistral-nemo,e11c71726323d33da7b8d6f6f269f1988931c0a52b7122bcdd8c05042974e0db,flat-ragged,140-byte batch 512,140,512,12270040,12664760,4229120,0.968833203313762,-0.03166281471105728
1,ba,0,mistral-nemo,e11c71726323d33da7b8d6f6f269f1988931c0a52b7122bcdd8c05042974e0db,flat-ragged,4 KiB single,4096,1,41911079,42345630,4194304,0.9897379965772147,-0.010315020801477257
1,ba,1,mistral-nemo,e11c71726323d33da7b8d6f6f269f1988931c0a52b7122bcdd8c05042974e0db,flat-ragged,4 KiB single,4096,1,44576800,43480500,4194304,1.0252136014995228,0.024900982586687402
1,ba,2,mistral-nemo,e11c71726323d33da7b8d6f6f269f1988931c0a52b7122bcdd8c05042974e0db,flat-ragged,4 KiB single,4096,1,40134810,39493950,4194304,1.016226789166442,0.016096541930435724
1,ba,3,mistral-nemo,e11c71726323d33da7b8d6f6f269f1988931c0a52b7122bcdd8c05042974e0db,flat-ragged,4 KiB single,4096,1,38996990,37400300,4194304,1.0426919035408806,0.041805737885287575
1,ba,4,mistral-nemo,e11c71726323d33da7b8d6f6f269f1988931c0a52b7122bcdd8c05042974e0db,flat-ragged,4 KiB single,4096,1,39668680,38594279,4194304,1.027838348787394,0.0274579064068795
1,ba,5,mistral-nemo,e11c71726323d33da7b8d6f6f269f1988931c0a52b7122bcdd8c05042974e0db,flat-ragged,4 KiB single,4096,1,44952120,44456780,4194304,1.0111420575219348,0.011080442058595529
1,ba,0,mistral-nemo,e11c71726323d33da7b8d6f6f269f1988931c0a52b7122bcdd8c05042974e0db,flat-ragged,64 KiB single,65536,1,18610960,18595690,4194304,1.0008211580210253,0.0008208210552330807
1,ba,1,mistral-nemo,e11c71726323d33da7b8d6f6f269f1988931c0a52b7122bcdd8c05042974e0db,flat-ragged,64 KiB single,65536,1,17765430,17914570,4194304,0.9916749327502697,-0.008359914158766584
1,ba,2,mistral-nemo,e11c71726323d33da7b8d6f6f269f1988931c0a52b7122bcdd8c05042974e0db,flat-ragged,64 KiB single,65536,1,17191370,17419970,4194304,0.9868771300983871,-0.013209735546808614
1,ba,3,mistral-nemo,e11c71726323d33da7b8d6f6f269f1988931c0a52b7122bcdd8c05042974e0db,flat-ragged,64 KiB single,65536,1,17716890,17727210,4194304,0.9994178440939099,-0.0005823254246336252
1,ba,4,mistral-nemo,e11c71726323d33da7b8d6f6f269f1988931c0a52b7122bcdd8c05042974e0db,flat-ragged,64 KiB single,65536,1,17128140,17211510,4194304,0.9951561484146365,-0.00485562105621523
1,ba,5,mistral-nemo,e11c71726323d33da7b8d6f6f269f1988931c0a52b7122bcdd8c05042974e0db,flat-ragged,64 KiB single,65536,1,16755030,16878530,4194304,0.9926830120869531,-0.00734388836964237
1,ba,0,mistral-nemo,e11c71726323d33da7b8d6f6f269f1988931c0a52b7122bcdd8c05042974e0db,nested,140-byte batch 1,140,1,63847179,64507050,4194400,0.9897705599620507,-0.01028212032753761
1,ba,1,mistral-nemo,e11c71726323d33da7b8d6f6f269f1988931c0a52b7122bcdd8c05042974e0db,nested,140-byte batch 1,140,1,57480090,56806050,4194400,1.0118656375509298,0.01179579283221213
1,ba,2,mistral-nemo,e11c71726323d33da7b8d6f6f269f1988931c0a52b7122bcdd8c05042974e0db,nested,140-byte batch 1,140,1,54076250,52098840,4194400,1.0379549717421732,0.03725240397826916
1,ba,3,mistral-nemo,e11c71726323d33da7b8d6f6f269f1988931c0a52b7122bcdd8c05042974e0db,nested,140-byte batch 1,140,1,42400429,41880529,4194400,1.0124138833107863,0.012337462861090333
1,ba,4,mistral-nemo,e11c71726323d33da7b8d6f6f269f1988931c0a52b7122bcdd8c05042974e0db,nested,140-byte batch 1,140,1,60952449,58317559,4194400,1.0451817607798022,0.04419080405262782
1,ba,5,mistral-nemo,e11c71726323d33da7b8d6f6f269f1988931c0a52b7122bcdd8c05042974e0db,nested,140-byte batch 1,140,1,55134429,54846450,4194400,1.0052506406522208,0.005236904101405674
1,ba,0,mistral-nemo,e11c71726323d33da7b8d6f6f269f1988931c0a52b7122bcdd8c05042974e0db,nested,140-byte batch 32,140,32,69520880,66513959,4197760,1.0452073676745057,0.044215303696599616
1,ba,1,mistral-nemo,e11c71726323d33da7b8d6f6f269f1988931c0a52b7122bcdd8c05042974e0db,nested,140-byte batch 32,140,32,60832540,58982729,4197760,1.0313619093480737,0.030880170934792405
1,ba,2,mistral-nemo,e11c71726323d33da7b8d6f6f269f1988931c0a52b7122bcdd8c05042974e0db,nested,140-byte batch 32,140,32,55926370,54122439,4197760,1.0333305562966222,0.0327871353644979
1,ba,3,mistral-nemo,e11c71726323d33da7b8d6f6f269f1988931c0a52b7122bcdd8c05042974e0db,nested,140-byte batch 32,140,32,44068010,42802220,4197760,1.029572998783708,0.02914415199835098
1,ba,4,mistral-nemo,e11c71726323d33da7b8d6f6f269f1988931c0a52b7122bcdd8c05042974e0db,nested,140-byte batch 32,140,32,61265909,59619009,4197760,1.027623739938381,0.027249088301237845
1,ba,5,mistral-nemo,e11c71726323d33da7b8d6f6f269f1988931c0a52b7122bcdd8c05042974e0db,nested,140-byte batch 32,140,32,56803609,55017160,4197760,1.032470760031961,0.031954725870407936
1,ba,0,mistral-nemo,e11c71726323d33da7b8d6f6f269f1988931c0a52b7122bcdd8c05042974e0db,nested,140-byte batch 512,140,512,20067560,20220660,4229120,0.9924285359627233,-0.007600273080994004
1,ba,1,mistral-nemo,e11c71726323d33da7b8d6f6f269f1988931c0a52b7122bcdd8c05042974e0db,nested,140-byte batch 512,140,512,18522660,18968240,4229120,0.976509154249419,-0.02377115415796794
1,ba,2,mistral-nemo,e11c71726323d33da7b8d6f6f269f1988931c0a52b7122bcdd8c05042974e0db,nested,140-byte batch 512,140,512,17939419,18182810,4229120,0.9866142251940156,-0.01347617188585985
1,ba,3,mistral-nemo,e11c71726323d33da7b8d6f6f269f1988931c0a52b7122bcdd8c05042974e0db,nested,140-byte batch 512,140,512,15516910,16150890,4229120,0.9607464356453421,-0.040044759515086126
1,ba,4,mistral-nemo,e11c71726323d33da7b8d6f6f269f1988931c0a52b7122bcdd8c05042974e0db,nested,140-byte batch 512,140,512,14747820,14678920,4229120,1.0046938058113266,0.004682824254950384
1,ba,5,mistral-nemo,e11c71726323d33da7b8d6f6f269f1988931c0a52b7122bcdd8c05042974e0db,nested,140-byte batch 512,140,512,15334870,15371100,4229120,0.9976429793573655,-0.0023598027883658264
1,ba,0,mistral-nemo,e11c71726323d33da7b8d6f6f269f1988931c0a52b7122bcdd8c05042974e0db,nested,4 KiB single,4096,1,46035430,43412529,4194304,1.0604180650245,0.058663231334868025
1,ba,1,mistral-nemo,e11c71726323d33da7b8d6f6f269f1988931c0a52b7122bcdd8c05042974e0db,nested,4 KiB single,4096,1,46142890,43374129,4194304,1.063834388466913,0.061879728867632246
1,ba,2,mistral-nemo,e11c71726323d33da7b8d6f6f269f1988931c0a52b7122bcdd8c05042974e0db,nested,4 KiB single,4096,1,41245950,40014350,4194304,1.0307789580488,0.030314786363816532
1,ba,3,mistral-nemo,e11c71726323d33da7b8d6f6f269f1988931c0a52b7122bcdd8c05042974e0db,nested,4 KiB single,4096,1,40538000,37518330,4194304,1.0804851921714,0.07741019226321304
1,ba,4,mistral-nemo,e11c71726323d33da7b8d6f6f269f1988931c0a52b7122bcdd8c05042974e0db,nested,4 KiB single,4096,1,38937900,39429010,4194304,0.9875444501396307,-0.0125337704202798
1,ba,5,mistral-nemo,e11c71726323d33da7b8d6f6f269f1988931c0a52b7122bcdd8c05042974e0db,nested,4 KiB single,4096,1,47171250,45075550,4194304,1.0464930544386037,0.0454446259383703
1,ba,0,mistral-nemo,e11c71726323d33da7b8d6f6f269f1988931c0a52b7122bcdd8c05042974e0db,nested,64 KiB single,65536,1,41762920,40109769,4194304,1.0412156699281914,0.04038894389843205
1,ba,1,mistral-nemo,e11c71726323d33da7b8d6f6f269f1988931c0a52b7122bcdd8c05042974e0db,nested,64 KiB single,65536,1,43342770,40163030,4194304,1.0791708195322913,0.07619298656539274
1,ba,2,mistral-nemo,e11c71726323d33da7b8d6f6f269f1988931c0a52b7122bcdd8c05042974e0db,nested,64 KiB single,65536,1,41331530,40111999,4194304,1.0304031469486226,0.029950130467153415
1,ba,3,mistral-nemo,e11c71726323d33da7b8d6f6f269f1988931c0a52b7122bcdd8c05042974e0db,nested,64 KiB single,65536,1,36685409,36099520,4194304,1.0162298279866324,0.016099532223231867
1,ba,4,mistral-nemo,e11c71726323d33da7b8d6f6f269f1988931c0a52b7122bcdd8c05042974e0db,nested,64 KiB single,65536,1,34863980,34297410,4194304,1.0165193231792138,0.016384363427684744
1,ba,5,mistral-nemo,e11c71726323d33da7b8d6f6f269f1988931c0a52b7122bcdd8c05042974e0db,nested,64 KiB single,65536,1,38141880,36895589,4194304,1.0337788617495711,0.03322088643356453
1,ba,0,nemotron-3,c6021eb6847e682f89aa52d5eb6e8c7d902a23acfc8137e25211cf84828f1592,flat-ragged,140-byte batch 1,140,1,65354560,62861530,4194400,1.039659072886072,0.038892844877728816
1,ba,1,nemotron-3,c6021eb6847e682f89aa52d5eb6e8c7d902a23acfc8137e25211cf84828f1592,flat-ragged,140-byte batch 1,140,1,57243889,56594070,4194400,1.011482104043763,0.011416684976576625
1,ba,2,nemotron-3,c6021eb6847e682f89aa52d5eb6e8c7d902a23acfc8137e25211cf84828f1592,flat-ragged,140-byte batch 1,140,1,53341109,52105860,4194400,1.0237065274424029,0.023429891246794482
1,ba,3,nemotron-3,c6021eb6847e682f89aa52d5eb6e8c7d902a23acfc8137e25211cf84828f1592,flat-ragged,140-byte batch 1,140,1,40068390,38962110,4194400,1.0283937394561025,0.02799810873655805
1,ba,4,nemotron-3,c6021eb6847e682f89aa52d5eb6e8c7d902a23acfc8137e25211cf84828f1592,flat-ragged,140-byte batch 1,140,1,58805619,57722410,4194400,1.0187658311563914,0.01859192523760908
1,ba,5,nemotron-3,c6021eb6847e682f89aa52d5eb6e8c7d902a23acfc8137e25211cf84828f1592,flat-ragged,140-byte batch 1,140,1,52806380,51962460,4194400,1.0162409554897902,0.016110481953233762
1,ba,0,nemotron-3,c6021eb6847e682f89aa52d5eb6e8c7d902a23acfc8137e25211cf84828f1592,flat-ragged,140-byte batch 32,140,32,60342570,59585859,4197760,1.0126995064382642,0.012619543983873525
1,ba,1,nemotron-3,c6021eb6847e682f89aa52d5eb6e8c7d902a23acfc8137e25211cf84828f1592,flat-ragged,140-byte batch 32,140,32,54877959,53860369,4197760,1.0188931122993234,0.018716854037402943
1,ba,2,nemotron-3,c6021eb6847e682f89aa52d5eb6e8c7d902a23acfc8137e25211cf84828f1592,flat-ragged,140-byte batch 32,140,32,49186389,48452379,4197760,1.0151491013475313,0.015035499584654914
1,ba,3,nemotron-3,c6021eb6847e682f89aa52d5eb6e8c7d902a23acfc8137e25211cf84828f1592,flat-ragged,140-byte batch 32,140,32,36868020,35714009,4197760,1.0323125583577022,0.031801487830213304
1,ba,4,nemotron-3,c6021eb6847e682f89aa52d5eb6e8c7d902a23acfc8137e25211cf84828f1592,flat-ragged,140-byte batch 32,140,32,55771049,55426489,4197760,1.0062165222119699,0.006197279345723794
1,ba,5,nemotron-3,c6021eb6847e682f89aa52d5eb6e8c7d902a23acfc8137e25211cf84828f1592,flat-ragged,140-byte batch 32,140,32,51568590,49796189,4197760,1.0355931053277994,0.03497431121356154
1,ba,0,nemotron-3,c6021eb6847e682f89aa52d5eb6e8c7d902a23acfc8137e25211cf84828f1592,flat-ragged,140-byte batch 512,140,512,18141600,18073510,4229120,1.0037673921667678,0.0037603133185263875
1,ba,1,nemotron-3,c6021eb6847e682f89aa52d5eb6e8c7d902a23acfc8137e25211cf84828f1592,flat-ragged,140-byte batch 512,140,512,17144470,17204000,4229120,0.9965397581957685,-0.0034662422869830576
1,ba,2,nemotron-3,c6021eb6847e682f89aa52d5eb6e8c7d902a23acfc8137e25211cf84828f1592,flat-ragged,140-byte batch 512,140,512,15904990,16446410,4229120,0.9670797456709397,-0.03347431984432985
1,ba,3,nemotron-3,c6021eb6847e682f89aa52d5eb6e8c7d902a23acfc8137e25211cf84828f1592,flat-ragged,140-byte batch 512,140,512,13672910,13661450,4229120,1.0008388567831379,0.0008385051394253134
1,ba,4,nemotron-3,c6021eb6847e682f89aa52d5eb6e8c7d902a23acfc8137e25211cf84828f1592,flat-ragged,140-byte batch 512,140,512,12642730,13163810,4229120,0.9604157155109349,-0.04038905126315653
1,ba,5,nemotron-3,c6021eb6847e682f89aa52d5eb6e8c7d902a23acfc8137e25211cf84828f1592,flat-ragged,140-byte batch 512,140,512,12860010,12973600,4229120,0.9912445273478449,-0.00879402700887992
1,ba,0,nemotron-3,c6021eb6847e682f89aa52d5eb6e8c7d902a23acfc8137e25211cf84828f1592,flat-ragged,4 KiB single,4096,1,45116929,43537429,4194304,1.0362791289306494,0.035636537017428756
1,ba,1,nemotron-3,c6021eb6847e682f89aa52d5eb6e8c7d902a23acfc8137e25211cf84828f1592,flat-ragged,4 KiB single,4096,1,46171519,45416700,4194304,1.016619855691849,0.016483257309384537
1,ba,2,nemotron-3,c6021eb6847e682f89aa52d5eb6e8c7d902a23acfc8137e25211cf84828f1592,flat-ragged,4 KiB single,4096,1,41985510,41298180,4194304,1.0166431063063797,0.01650612755781392
1,ba,3,nemotron-3,c6021eb6847e682f89aa52d5eb6e8c7d902a23acfc8137e25211cf84828f1592,flat-ragged,4 KiB single,4096,1,39716379,38139800,4194304,1.0413368449755898,0.04050531555933179
1,ba,4,nemotron-3,c6021eb6847e682f89aa52d5eb6e8c7d902a23acfc8137e25211cf84828f1592,flat-ragged,4 KiB single,4096,1,41151500,38311329,4194304,1.0741339722252914,0.07151472967144681
1,ba,5,nemotron-3,c6021eb6847e682f89aa52d5eb6e8c7d902a23acfc8137e25211cf84828f1592,flat-ragged,4 KiB single,4096,1,46592169,45019940,4194304,1.0349229474761628,0.03432697706309113
1,ba,0,nemotron-3,c6021eb6847e682f89aa52d5eb6e8c7d902a23acfc8137e25211cf84828f1592,flat-ragged,64 KiB single,65536,1,18968810,18590570,4194304,1.0203457989722746,0.020141588442628193
1,ba,1,nemotron-3,c6021eb6847e682f89aa52d5eb6e8c7d902a23acfc8137e25211cf84828f1592,flat-ragged,64 KiB single,65536,1,18105110,18368290,4194304,0.9856720467719097,-0.014431589471195466
1,ba,2,nemotron-3,c6021eb6847e682f89aa52d5eb6e8c7d902a23acfc8137e25211cf84828f1592,flat-ragged,64 KiB single,65536,1,17487720,17544500,4194304,0.9967636581264784,-0.003241590154429457
1,ba,3,nemotron-3,c6021eb6847e682f89aa52d5eb6e8c7d902a23acfc8137e25211cf84828f1592,flat-ragged,64 KiB single,65536,1,17933420,18023220,4194304,0.9950175384864636,-0.004994915359329937
1,ba,4,nemotron-3,c6021eb6847e682f89aa52d5eb6e8c7d902a23acfc8137e25211cf84828f1592,flat-ragged,64 KiB single,65536,1,17379650,17239320,4194304,1.0081401122550078,0.008107160242520724
1,ba,5,nemotron-3,c6021eb6847e682f89aa52d5eb6e8c7d902a23acfc8137e25211cf84828f1592,flat-ragged,64 KiB single,65536,1,16942730,17037929,4194304,0.994412525137298,-0.005603143191893289
1,ba,0,nemotron-3,c6021eb6847e682f89aa52d5eb6e8c7d902a23acfc8137e25211cf84828f1592,nested,140-byte batch 1,140,1,64722020,68549299,4194400,0.9441674961548476,-0.05745169620847379
1,ba,1,nemotron-3,c6021eb6847e682f89aa52d5eb6e8c7d902a23acfc8137e25211cf84828f1592,nested,140-byte batch 1,140,1,58623619,59054810,4194400,0.9926984609721037,-0.00732832573308054
1,ba,2,nemotron-3,c6021eb6847e682f89aa52d5eb6e8c7d902a23acfc8137e25211cf84828f1592,nested,140-byte batch 1,140,1,53038979,54194769,4194400,0.9786734029625627,-0.021557294803395702
1,ba,3,nemotron-3,c6021eb6847e682f89aa52d5eb6e8c7d902a23acfc8137e25211cf84828f1592,nested,140-byte batch 1,140,1,41439129,40291280,4194400,1.0284887697784733,0.02809051102206708
1,ba,4,nemotron-3,c6021eb6847e682f89aa52d5eb6e8c7d902a23acfc8137e25211cf84828f1592,nested,140-byte batch 1,140,1,59171379,58106940,4194400,1.0183186208050192,0.01815285619643498
1,ba,5,nemotron-3,c6021eb6847e682f89aa52d5eb6e8c7d902a23acfc8137e25211cf84828f1592,nested,140-byte batch 1,140,1,57095870,55055850,4194400,1.037053646433576,0.03638366024642226
1,ba,0,nemotron-3,c6021eb6847e682f89aa52d5eb6e8c7d902a23acfc8137e25211cf84828f1592,nested,140-byte batch 32,140,32,68871360,68003830,4197760,1.0127570755941246,0.012676389592302367
1,ba,1,nemotron-3,c6021eb6847e682f89aa52d5eb6e8c7d902a23acfc8137e25211cf84828f1592,nested,140-byte batch 32,140,32,60400810,60551220,4197760,0.9975159872914204,-0.0024871029867353034
1,ba,2,nemotron-3,c6021eb6847e682f89aa52d5eb6e8c7d902a23acfc8137e25211cf84828f1592,nested,140-byte batch 32,140,32,55771540,55170100,4197760,1.0109015571840545,0.010842563570450941
1,ba,3,nemotron-3,c6021eb6847e682f89aa52d5eb6e8c7d902a23acfc8137e25211cf84828f1592,nested,140-byte batch 32,140,32,45285290,43334470,4197760,1.0450177422269153,0.04403386348022069
1,ba,4,nemotron-3,c6021eb6847e682f89aa52d5eb6e8c7d902a23acfc8137e25211cf84828f1592,nested,140-byte batch 32,140,32,60738659,59788620,4197760,1.0158899636753616,0.01576503982191362
1,ba,5,nemotron-3,c6021eb6847e682f89aa52d5eb6e8c7d902a23acfc8137e25211cf84828f1592,nested,140-byte batch 32,140,32,58194780,55015100,4197760,1.0577964958711337,0.05618796698697984
1,ba,0,nemotron-3,c6021eb6847e682f89aa52d5eb6e8c7d902a23acfc8137e25211cf84828f1592,nested,140-byte batch 512,140,512,20326470,20612900,4229120,0.9861043327236827,-0.013993115856038843
1,ba,1,nemotron-3,c6021eb6847e682f89aa52d5eb6e8c7d902a23acfc8137e25211cf84828f1592,nested,140-byte batch 512,140,512,18562290,19142269,4229120,0.9697016586696174,-0.030766823175401713
1,ba,2,nemotron-3,c6021eb6847e682f89aa52d5eb6e8c7d902a23acfc8137e25211cf84828f1592,nested,140-byte batch 512,140,512,18546880,18689840,4229120,0.9923509243524824,-0.0076784798660119455
1,ba,3,nemotron-3,c6021eb6847e682f89aa52d5eb6e8c7d902a23acfc8137e25211cf84828f1592,nested,140-byte batch 512,140,512,15455940,15988659,4229120,0.9666814458923666,-0.033886262938382344
1,ba,4,nemotron-3,c6021eb6847e682f89aa52d5eb6e8c7d902a23acfc8137e25211cf84828f1592,nested,140-byte batch 512,140,512,14761680,15030990,4229120,0.982083016487936,-0.01807943602573379
1,ba,5,nemotron-3,c6021eb6847e682f89aa52d5eb6e8c7d902a23acfc8137e25211cf84828f1592,nested,140-byte batch 512,140,512,15832550,15440860,4229120,1.0253671103811575,0.02505070493707531
1,ba,0,nemotron-3,c6021eb6847e682f89aa52d5eb6e8c7d902a23acfc8137e25211cf84828f1592,nested,4 KiB single,4096,1,45247509,48123279,4194304,0.9402416032373854,-0.061618412022659504
1,ba,1,nemotron-3,c6021eb6847e682f89aa52d5eb6e8c7d902a23acfc8137e25211cf84828f1592,nested,4 KiB single,4096,1,44902990,44884760,4194304,1.0004061512192557,0.00040606876217517935
1,ba,2,nemotron-3,c6021eb6847e682f89aa52d5eb6e8c7d902a23acfc8137e25211cf84828f1592,nested,4 KiB single,4096,1,42422849,43516929,4194304,0.9748585200026408,-0.02546292620302839
1,ba,3,nemotron-3,c6021eb6847e682f89aa52d5eb6e8c7d902a23acfc8137e25211cf84828f1592,nested,4 KiB single,4096,1,41425030,39759450,4194304,1.0418914245544142,0.041037738818018
1,ba,4,nemotron-3,c6021eb6847e682f89aa52d5eb6e8c7d902a23acfc8137e25211cf84828f1592,nested,4 KiB single,4096,1,41709109,42702399,4194304,0.9767392459613334,-0.02353555512923822
1,ba,5,nemotron-3,c6021eb6847e682f89aa52d5eb6e8c7d902a23acfc8137e25211cf84828f1592,nested,4 KiB single,4096,1,47481109,46344400,4194304,1.0245274294197357,0.024231461808141865
1,ba,0,nemotron-3,c6021eb6847e682f89aa52d5eb6e8c7d902a23acfc8137e25211cf84828f1592,nested,64 KiB single,65536,1,40517690,40615409,4194304,0.9975940412172138,-0.002408857752419502
1,ba,1,nemotron-3,c6021eb6847e682f89aa52d5eb6e8c7d902a23acfc8137e25211cf84828f1592,nested,64 KiB single,65536,1,40510350,42389480,4194304,0.9556698973424539,-0.04534272122590044
1,ba,2,nemotron-3,c6021eb6847e682f89aa52d5eb6e8c7d902a23acfc8137e25211cf84828f1592,nested,64 KiB single,65536,1,40034659,41029910,4194304,0.9757432809382228,-0.024555758993573786
1,ba,3,nemotron-3,c6021eb6847e682f89aa52d5eb6e8c7d902a23acfc8137e25211cf84828f1592,nested,64 KiB single,65536,1,36600370,35998260,4194304,1.0167260862052776,0.016587745691155956
1,ba,4,nemotron-3,c6021eb6847e682f89aa52d5eb6e8c7d902a23acfc8137e25211cf84828f1592,nested,64 KiB single,65536,1,34478429,34049890,4194304,1.0125856206877615,0.012507080065487477
1,ba,5,nemotron-3,c6021eb6847e682f89aa52d5eb6e8c7d902a23acfc8137e25211cf84828f1592,nested,64 KiB single,65536,1,37629479,36844290,4194304,1.0213110091143023,0.02108710505454157
1,ba,0,phi-4-mini,382cc235b56c725945e149cc25f191da667c836655efd0857b004320e90e91ea,flat-ragged,140-byte batch 1,140,1,45142720,43224960,4194400,1.0443669583499904,0.043410920373773663
1,ba,1,phi-4-mini,382cc235b56c725945e149cc25f191da667c836655efd0857b004320e90e91ea,flat-ragged,140-byte batch 1,140,1,41605180,39353029,4194400,1.0572294193669312,0.05565173098750065
1,ba,2,phi-4-mini,382cc235b56c725945e149cc25f191da667c836655efd0857b004320e90e91ea,flat-ragged,140-byte batch 1,140,1,39598819,38297580,4194400,1.0339770554693013,0.033412585771660196
1,ba,3,phi-4-mini,382cc235b56c725945e149cc25f191da667c836655efd0857b004320e90e91ea,flat-ragged,140-byte batch 1,140,1,42908099,42958029,4194400,0.9988377027260724,-0.0011629732652567568
1,ba,4,phi-4-mini,382cc235b56c725945e149cc25f191da667c836655efd0857b004320e90e91ea,flat-ragged,140-byte batch 1,140,1,37095529,37758359,4194400,0.9824454765102477,-0.017710431424663896
1,ba,5,phi-4-mini,382cc235b56c725945e149cc25f191da667c836655efd0857b004320e90e91ea,flat-ragged,140-byte batch 1,140,1,34605870,33572620,4194400,1.0307765673337381,0.030312467032580982
1,ba,0,phi-4-mini,382cc235b56c725945e149cc25f191da667c836655efd0857b004320e90e91ea,flat-ragged,140-byte batch 32,140,32,41169070,40866569,4197760,1.007402162877926,0.0073749013173067795
1,ba,1,phi-4-mini,382cc235b56c725945e149cc25f191da667c836655efd0857b004320e90e91ea,flat-ragged,140-byte batch 32,140,32,37020989,36405070,4197760,1.016918495143671,0.01677697141991121
1,ba,2,phi-4-mini,382cc235b56c725945e149cc25f191da667c836655efd0857b004320e90e91ea,flat-ragged,140-byte batch 32,140,32,36768720,35950370,4197760,1.0227633262188958,0.02250810753363107
1,ba,3,phi-4-mini,382cc235b56c725945e149cc25f191da667c836655efd0857b004320e90e91ea,flat-ragged,140-byte batch 32,140,32,38617469,39358310,4197760,0.981177011919465,-0.019002395409286412
1,ba,4,phi-4-mini,382cc235b56c725945e149cc25f191da667c836655efd0857b004320e90e91ea,flat-ragged,140-byte batch 32,140,32,35200310,34661839,4197760,1.01553498070313,0.01541554822309558
1,ba,5,phi-4-mini,382cc235b56c725945e149cc25f191da667c836655efd0857b004320e90e91ea,flat-ragged,140-byte batch 32,140,32,31053690,30630300,4197760,1.0138225874379292,0.013727926782201062
1,ba,0,phi-4-mini,382cc235b56c725945e149cc25f191da667c836655efd0857b004320e90e91ea,flat-ragged,140-byte batch 512,140,512,12327169,12553740,4229120,0.9819519123384745,-0.018212940932120114
1,ba,1,phi-4-mini,382cc235b56c725945e149cc25f191da667c836655efd0857b004320e90e91ea,flat-ragged,140-byte batch 512,140,512,12614350,11947630,4229120,1.055803535931394,0.05430212245594196
1,ba,2,phi-4-mini,382cc235b56c725945e149cc25f191da667c836655efd0857b004320e90e91ea,flat-ragged,140-byte batch 512,140,512,11660380,11396120,4229120,1.023188594012699,0.022923823852008366
1,ba,3,phi-4-mini,382cc235b56c725945e149cc25f191da667c836655efd0857b004320e90e91ea,flat-ragged,140-byte batch 512,140,512,9877050,10031900,4229120,0.9845642400741634,-0.015556131559762406
1,ba,4,phi-4-mini,382cc235b56c725945e149cc25f191da667c836655efd0857b004320e90e91ea,flat-ragged,140-byte batch 512,140,512,9490060,9482190,4229120,1.0008299770411688,0.000829632800685691
1,ba,5,phi-4-mini,382cc235b56c725945e149cc25f191da667c836655efd0857b004320e90e91ea,flat-ragged,140-byte batch 512,140,512,9339780,9649940,4229120,0.9678588675162747,-0.03266900035550198
1,ba,0,phi-4-mini,382cc235b56c725945e149cc25f191da667c836655efd0857b004320e90e91ea,flat-ragged,4 KiB single,4096,1,30841210,29161880,4194304,1.0575864793353515,0.0559894057439958
1,ba,1,phi-4-mini,382cc235b56c725945e149cc25f191da667c836655efd0857b004320e90e91ea,flat-ragged,4 KiB single,4096,1,28889980,28934949,4194304,0.9984458586742282,-0.001555350256130153
1,ba,2,phi-4-mini,382cc235b56c725945e149cc25f191da667c836655efd0857b004320e90e91ea,flat-ragged,4 KiB single,4096,1,26594179,26808630,4194304,0.9920006729176388,-0.008031493353100357
1,ba,3,phi-4-mini,382cc235b56c725945e149cc25f191da667c836655efd0857b004320e90e91ea,flat-ragged,4 KiB single,4096,1,26316650,26407810,4194304,0.9965479909163236,-0.0034579810144335847
1,ba,4,phi-4-mini,382cc235b56c725945e149cc25f191da667c836655efd0857b004320e90e91ea,flat-ragged,4 KiB single,4096,1,33924140,33280530,4194304,1.019338934806627,0.019154314055801185
1,ba,5,phi-4-mini,382cc235b56c725945e149cc25f191da667c836655efd0857b004320e90e91ea,flat-ragged,4 KiB single,4096,1,30611260,30021120,4194304,1.0196574944572354,0.019466781158370118
1,ba,0,phi-4-mini,382cc235b56c725945e149cc25f191da667c836655efd0857b004320e90e91ea,flat-ragged,64 KiB single,65536,1,15643940,15728470,4194304,0.994625669248185,-0.005388824419831082
1,ba,1,phi-4-mini,382cc235b56c725945e149cc25f191da667c836655efd0857b004320e90e91ea,flat-ragged,64 KiB single,65536,1,15288049,15731970,4194304,0.9717822370624912,-0.02862353556543804
1,ba,2,phi-4-mini,382cc235b56c725945e149cc25f191da667c836655efd0857b004320e90e91ea,flat-ragged,64 KiB single,65536,1,14773540,14991550,4194304,0.9854578078984495,-0.0146489661942928
1,ba,3,phi-4-mini,382cc235b56c725945e149cc25f191da667c836655efd0857b004320e90e91ea,flat-ragged,64 KiB single,65536,1,15366280,15534600,4194304,0.9891648320523219,-0.010894295875147626
1,ba,4,phi-4-mini,382cc235b56c725945e149cc25f191da667c836655efd0857b004320e90e91ea,flat-ragged,64 KiB single,65536,1,14685050,15086670,4194304,0.9733791486126494,-0.026981603003252162
1,ba,5,phi-4-mini,382cc235b56c725945e149cc25f191da667c836655efd0857b004320e90e91ea,flat-ragged,64 KiB single,65536,1,14564600,14869980,4194304,0.9794633214032568,-0.020750488543430572
1,ba,0,phi-4-mini,382cc235b56c725945e149cc25f191da667c836655efd0857b004320e90e91ea,nested,140-byte batch 1,140,1,46819960,47171929,4194400,0.9925385921784119,-0.007489383369783075
1,ba,1,phi-4-mini,382cc235b56c725945e149cc25f191da667c836655efd0857b004320e90e91ea,nested,140-byte batch 1,140,1,41149000,38683260,4194400,1.0637417839137653,0.06179267717528075
1,ba,2,phi-4-mini,382cc235b56c725945e149cc25f191da667c836655efd0857b004320e90e91ea,nested,140-byte batch 1,140,1,40336140,39283289,4194400,1.0268014982146734,0.026448629124295447
1,ba,3,phi-4-mini,382cc235b56c725945e149cc25f191da667c836655efd0857b004320e90e91ea,nested,140-byte batch 1,140,1,43587260,41949470,4194400,1.0390419712096481,0.03829910707564781
1,ba,4,phi-4-mini,382cc235b56c725945e149cc25f191da667c836655efd0857b004320e90e91ea,nested,140-byte batch 1,140,1,38770650,36887809,4194400,1.0510423647010316,0.049782400027274944
1,ba,5,phi-4-mini,382cc235b56c725945e149cc25f191da667c836655efd0857b004320e90e91ea,nested,140-byte batch 1,140,1,35336719,33227320,4194400,1.0634838741132298,0.06155019250909026
1,ba,0,phi-4-mini,382cc235b56c725945e149cc25f191da667c836655efd0857b004320e90e91ea,nested,140-byte batch 32,140,32,47997220,45983619,4197760,1.043789528614527,0.04285786819230529
1,ba,1,phi-4-mini,382cc235b56c725945e149cc25f191da667c836655efd0857b004320e90e91ea,nested,140-byte batch 32,140,32,42548830,39641690,4197760,1.0733354203617453,0.07077101532272553
1,ba,2,phi-4-mini,382cc235b56c725945e149cc25f191da667c836655efd0857b004320e90e91ea,nested,140-byte batch 32,140,32,42637090,38900030,4197760,1.0960683063740568,0.09172950991779896
1,ba,3,phi-4-mini,382cc235b56c725945e149cc25f191da667c836655efd0857b004320e90e91ea,nested,140-byte batch 32,140,32,45553269,43222610,4197760,1.0539222180243164,0.05251865045516609
1,ba,4,phi-4-mini,382cc235b56c725945e149cc25f191da667c836655efd0857b004320e90e91ea,nested,140-byte batch 32,140,32,40165400,38082950,4197760,1.05468195084677,0.05323925308561212
1,ba,5,phi-4-mini,382cc235b56c725945e149cc25f191da667c836655efd0857b004320e90e91ea,nested,140-byte batch 32,140,32,36413950,35095540,4197760,1.037566311844753,0.03687788611132487
1,ba,0,phi-4-mini,382cc235b56c725945e149cc25f191da667c836655efd0857b004320e90e91ea,nested,140-byte batch 512,140,512,16030810,14852109,4229120,1.0793625336307457,0.07637062023380707
1,ba,1,phi-4-mini,382cc235b56c725945e149cc25f191da667c836655efd0857b004320e90e91ea,nested,140-byte batch 512,140,512,14331940,14112840,4229120,1.0155248695514156,0.015405591695509098
1,ba,2,phi-4-mini,382cc235b56c725945e149cc25f191da667c836655efd0857b004320e90e91ea,nested,140-byte batch 512,140,512,13811830,13528630,4229120,1.0209333834985508,0.020717290725344544
1,ba,3,phi-4-mini,382cc235b56c725945e149cc25f191da667c836655efd0857b004320e90e91ea,nested,140-byte batch 512,140,512,12209240,12306580,4229120,0.9920904101708192,-0.00794103656509655
1,ba,4,phi-4-mini,382cc235b56c725945e149cc25f191da667c836655efd0857b004320e90e91ea,nested,140-byte batch 512,140,512,11693260,11606360,4229120,1.007487274218618,0.0074593837104105715
1,ba,5,phi-4-mini,382cc235b56c725945e149cc25f191da667c836655efd0857b004320e90e91ea,nested,140-byte batch 512,140,512,11676340,11573380,4229120,1.0088962774919685,0.00885693875542096
1,ba,0,phi-4-mini,382cc235b56c725945e149cc25f191da667c836655efd0857b004320e90e91ea,nested,4 KiB single,4096,1,35087050,34434629,4194304,1.0189466539627885,0.018769401508861486
1,ba,1,phi-4-mini,382cc235b56c725945e149cc25f191da667c836655efd0857b004320e90e91ea,nested,4 KiB single,4096,1,30765049,30880710,4194304,0.9962545874107169,-0.003752444210053349
1,ba,2,phi-4-mini,382cc235b56c725945e149cc25f191da667c836655efd0857b004320e90e91ea,nested,4 KiB single,4096,1,30065000,28990470,4194304,1.0370649389264817,0.036394549202324274
1,ba,3,phi-4-mini,382cc235b56c725945e149cc25f191da667c836655efd0857b004320e90e91ea,nested,4 KiB single,4096,1,29829670,27849510,4194304,1.0711021486553982,0.06868816381332142
1,ba,4,phi-4-mini,382cc235b56c725945e149cc25f191da667c836655efd0857b004320e90e91ea,nested,4 KiB single,4096,1,35794370,33931890,4194304,1.0548887786680907,0.05343533830720696
1,ba,5,phi-4-mini,382cc235b56c725945e149cc25f191da667c836655efd0857b004320e90e91ea,nested,4 KiB single,4096,1,31993970,31839899,4194304,1.0048389286661996,0.004827258682551806
1,ba,0,phi-4-mini,382cc235b56c725945e149cc25f191da667c836655efd0857b004320e90e91ea,nested,64 KiB single,65536,1,30927949,31018489,4194304,0.9970810957297114,-0.0029231725792384774
1,ba,1,phi-4-mini,382cc235b56c725945e149cc25f191da667c836655efd0857b004320e90e91ea,nested,64 KiB single,65536,1,28570660,27663610,4194304,1.0327885623026063,0.03226248603371232
1,ba,2,phi-4-mini,382cc235b56c725945e149cc25f191da667c836655efd0857b004320e90e91ea,nested,64 KiB single,65536,1,26590310,25734030,4194304,1.0332742287158287,0.032732623170181996
1,ba,3,phi-4-mini,382cc235b56c725945e149cc25f191da667c836655efd0857b004320e90e91ea,nested,64 KiB single,65536,1,25372130,27763700,4194304,0.9138598241588837,-0.0900780845425025
1,ba,4,phi-4-mini,382cc235b56c725945e149cc25f191da667c836655efd0857b004320e90e91ea,nested,64 KiB single,65536,1,27938319,26785220,4194304,1.0430498237460808,0.04214894452878612
1,ba,5,phi-4-mini,382cc235b56c725945e149cc25f191da667c836655efd0857b004320e90e91ea,nested,64 KiB single,65536,1,28819709,29103970,4194304,0.990232913241733,-0.009815097623443155
1,ba,0,qwen-2-5,c0382117ea329cdf097041132f6d735924b697924d6f6fc3945713e96ce87539,flat-ragged,140-byte batch 1,140,1,44530150,42787719,4194400,1.0407226896110073,0.03991536568307432
1,ba,1,qwen-2-5,c0382117ea329cdf097041132f6d735924b697924d6f6fc3945713e96ce87539,flat-ragged,140-byte batch 1,140,1,40917619,37867449,4194400,1.080548599933415,0.07746887506795659
1,ba,2,qwen-2-5,c0382117ea329cdf097041132f6d735924b697924d6f6fc3945713e96ce87539,flat-ragged,140-byte batch 1,140,1,38017270,36344490,4194400,1.046025683673096,0.04499791952206221
1,ba,3,qwen-2-5,c0382117ea329cdf097041132f6d735924b697924d6f6fc3945713e96ce87539,flat-ragged,140-byte batch 1,140,1,43056560,41854409,4194400,1.0287222070200537,0.028317456381794472
1,ba,4,qwen-2-5,c0382117ea329cdf097041132f6d735924b697924d6f6fc3945713e96ce87539,flat-ragged,140-byte batch 1,140,1,39802699,38429640,4194400,1.035729166341397,0.03510568721009702
1,ba,5,qwen-2-5,c0382117ea329cdf097041132f6d735924b697924d6f6fc3945713e96ce87539,flat-ragged,140-byte batch 1,140,1,36312159,34701620,4194400,1.0464110609245332,0.04536627212033283
1,ba,0,qwen-2-5,c0382117ea329cdf097041132f6d735924b697924d6f6fc3945713e96ce87539,flat-ragged,140-byte batch 32,140,32,40829209,38814290,4197760,1.0519117830056919,0.05060925434090094
1,ba,1,qwen-2-5,c0382117ea329cdf097041132f6d735924b697924d6f6fc3945713e96ce87539,flat-ragged,140-byte batch 32,140,32,36471910,35615920,4197760,1.0240339151705193,0.023749646352561847
1,ba,2,qwen-2-5,c0382117ea329cdf097041132f6d735924b697924d6f6fc3945713e96ce87539,flat-ragged,140-byte batch 32,140,32,35794630,34175510,4197760,1.047376615594032,0.046288576467399895
1,ba,3,qwen-2-5,c0382117ea329cdf097041132f6d735924b697924d6f6fc3945713e96ce87539,flat-ragged,140-byte batch 32,140,32,40106119,39347260,4197760,1.019286196802522,0.019102575260571835
1,ba,4,qwen-2-5,c0382117ea329cdf097041132f6d735924b697924d6f6fc3945713e96ce87539,flat-ragged,140-byte batch 32,140,32,37673300,35630910,4197760,1.0573207364055535,0.055738101167398996
1,ba,5,qwen-2-5,c0382117ea329cdf097041132f6d735924b697924d6f6fc3945713e96ce87539,flat-ragged,140-byte batch 32,140,32,32832250,31916189,4197760,1.0287020796875217,0.028297890818519397
1,ba,0,qwen-2-5,c0382117ea329cdf097041132f6d735924b697924d6f6fc3945713e96ce87539,flat-ragged,140-byte batch 512,140,512,12874980,12165070,4229120,1.0583564254048683,0.05671716271869876
1,ba,1,qwen-2-5,c0382117ea329cdf097041132f6d735924b697924d6f6fc3945713e96ce87539,flat-ragged,140-byte batch 512,140,512,11960000,11965010,4229120,0.9995812790795828,-0.00041880860850051225
1,ba,2,qwen-2-5,c0382117ea329cdf097041132f6d735924b697924d6f6fc3945713e96ce87539,flat-ragged,140-byte batch 512,140,512,11421050,11382390,4229120,1.0033964747298239,0.0033907197369722215
1,ba,3,qwen-2-5,c0382117ea329cdf097041132f6d735924b697924d6f6fc3945713e96ce87539,flat-ragged,140-byte batch 512,140,512,9843310,9707040,4229120,1.0140382650117852,0.013940641154993142
1,ba,4,qwen-2-5,c0382117ea329cdf097041132f6d735924b697924d6f6fc3945713e96ce87539,flat-ragged,140-byte batch 512,140,512,9721070,9634690,4229120,1.0089655193887919,0.008925567733835188
1,ba,5,qwen-2-5,c0382117ea329cdf097041132f6d735924b697924d6f6fc3945713e96ce87539,flat-ragged,140-byte batch 512,140,512,9544630,9290120,4229120,1.0273957709911175,0.027027222818223007
1,ba,0,qwen-2-5,c0382117ea329cdf097041132f6d735924b697924d6f6fc3945713e96ce87539,flat-ragged,4 KiB single,4096,1,32671970,30896890,4194304,1.0574517370518521,0.055861992175165014
1,ba,1,qwen-2-5,c0382117ea329cdf097041132f6d735924b697924d6f6fc3945713e96ce87539,flat-ragged,4 KiB single,4096,1,30404419,29532250,4194304,1.0295327650280626,0.029105073135713085
1,ba,2,qwen-2-5,c0382117ea329cdf097041132f6d735924b697924d6f6fc3945713e96ce87539,flat-ragged,4 KiB single,4096,1,28241570,25994720,4194304,1.0864348606178484,0.08290156550505716
1,ba,3,qwen-2-5,c0382117ea329cdf097041132f6d735924b697924d6f6fc3945713e96ce87539,flat-ragged,4 KiB single,4096,1,26780040,25369680,4194304,1.0555923448778226,0.05410207370507034
1,ba,4,qwen-2-5,c0382117ea329cdf097041132f6d735924b697924d6f6fc3945713e96ce87539,flat-ragged,4 KiB single,4096,1,30751240,29922000,4194304,1.0277133881425038,0.027336322850699212
1,ba,5,qwen-2-5,c0382117ea329cdf097041132f6d735924b697924d6f6fc3945713e96ce87539,flat-ragged,4 KiB single,4096,1,31701370,30122250,4194304,1.052423706728415,0.051095796278077026
1,ba,0,qwen-2-5,c0382117ea329cdf097041132f6d735924b697924d6f6fc3945713e96ce87539,flat-ragged,64 KiB single,65536,1,28363180,28206870,4194304,1.005541557783618,0.005526259842544184
1,ba,1,qwen-2-5,c0382117ea329cdf097041132f6d735924b697924d6f6fc3945713e96ce87539,flat-ragged,64 KiB single,65536,1,28648380,28911200,4194304,0.9909094053515592,-0.009132166236061251
1,ba,2,qwen-2-5,c0382117ea329cdf097041132f6d735924b697924d6f6fc3945713e96ce87539,flat-ragged,64 KiB single,65536,1,26171030,25282750,4194304,1.035133836311319,0.03453072880317617
1,ba,3,qwen-2-5,c0382117ea329cdf097041132f6d735924b697924d6f6fc3945713e96ce87539,flat-ragged,64 KiB single,65536,1,27169870,24930179,4194304,1.0898385446811272,0.08602956112383273
1,ba,4,qwen-2-5,c0382117ea329cdf097041132f6d735924b697924d6f6fc3945713e96ce87539,flat-ragged,64 KiB single,65536,1,26571650,25204720,4194304,1.0542330960232846,0.05281357939057245
1,ba,5,qwen-2-5,c0382117ea329cdf097041132f6d735924b697924d6f6fc3945713e96ce87539,flat-ragged,64 KiB single,65536,1,30684330,31662470,4194304,0.9691072743219338,-0.031379967004265624
1,ba,0,qwen-2-5,c0382117ea329cdf097041132f6d735924b697924d6f6fc3945713e96ce87539,nested,140-byte batch 1,140,1,45110730,45632079,4194400,0.9885749452704095,-0.011490822077602046
1,ba,1,qwen-2-5,c0382117ea329cdf097041132f6d735924b697924d6f6fc3945713e96ce87539,nested,140-byte batch 1,140,1,39265280,40105270,4194400,0.9790553710272989,-0.021167079289727206
1,ba,2,qwen-2-5,c0382117ea329cdf097041132f6d735924b697924d6f6fc3945713e96ce87539,nested,140-byte batch 1,140,1,37758740,38318780,4194400,0.9853847121437582,-0.014723143358608524
1,ba,3,qwen-2-5,c0382117ea329cdf097041132f6d735924b697924d6f6fc3945713e96ce87539,nested,140-byte batch 1,140,1,44692569,43227049,4194400,1.0339028463404938,0.033340812620062346
1,ba,4,qwen-2-5,c0382117ea329cdf097041132f6d735924b697924d6f6fc3945713e96ce87539,nested,140-byte batch 1,140,1,38340809,38086350,4194400,1.006681107535902,0.0066588878501163224
1,ba,5,qwen-2-5,c0382117ea329cdf097041132f6d735924b697924d6f6fc3945713e96ce87539,nested,140-byte batch 1,140,1,36735339,35196220,4194400,1.0437296675608916,0.04280051681200527
1,ba,0,qwen-2-5,c0382117ea329cdf097041132f6d735924b697924d6f6fc3945713e96ce87539,nested,140-byte batch 32,140,32,46742110,45435599,4197760,1.0287552278115668,0.028349554708567776
1,ba,1,qwen-2-5,c0382117ea329cdf097041132f6d735924b697924d6f6fc3945713e96ce87539,nested,140-byte batch 32,140,32,41666009,41992439,4197760,0.9922264577201624,-0.007803913757990723
1,ba,2,qwen-2-5,c0382117ea329cdf097041132f6d735924b697924d6f6fc3945713e96ce87539,nested,140-byte batch 32,140,32,39768059,39379700,4197760,1.0098619085467893,0.009813597294461346
1,ba,3,qwen-2-5,c0382117ea329cdf097041132f6d735924b697924d6f6fc3945713e96ce87539,nested,140-byte batch 32,140,32,45027180,44260840,4197760,1.0173141765949314,0.017165994231065292
1,ba,4,qwen-2-5,c0382117ea329cdf097041132f6d735924b697924d6f6fc3945713e96ce87539,nested,140-byte batch 32,140,32,40955550,40190019,4197760,1.019047788954765,0.01886865103568046
1,ba,5,qwen-2-5,c0382117ea329cdf097041132f6d735924b697924d6f6fc3945713e96ce87539,nested,140-byte batch 32,140,32,39007710,37355739,4197760,1.0442226828921788,0.04327276450515098
1,ba,0,qwen-2-5,c0382117ea329cdf097041132f6d735924b697924d6f6fc3945713e96ce87539,nested,140-byte batch 512,140,512,14950709,15066049,4229120,0.9923443764187944,-0.007685078293171539
1,ba,1,qwen-2-5,c0382117ea329cdf097041132f6d735924b697924d6f6fc3945713e96ce87539,nested,140-byte batch 512,140,512,13753050,14122530,4229120,0.9738375489377612,-0.026510776788423025
1,ba,2,qwen-2-5,c0382117ea329cdf097041132f6d735924b697924d6f6fc3945713e96ce87539,nested,140-byte batch 512,140,512,13549700,14076710,4229120,0.9625615644564675,-0.03815725179409331
1,ba,3,qwen-2-5,c0382117ea329cdf097041132f6d735924b697924d6f6fc3945713e96ce87539,nested,140-byte batch 512,140,512,12088590,12611500,4229120,0.9585370495182968,-0.04234706359892533
1,ba,4,qwen-2-5,c0382117ea329cdf097041132f6d735924b697924d6f6fc3945713e96ce87539,nested,140-byte batch 512,140,512,11616560,11709370,4229120,0.9920738690467549,-0.007957709704753369
1,ba,5,qwen-2-5,c0382117ea329cdf097041132f6d735924b697924d6f6fc3945713e96ce87539,nested,140-byte batch 512,140,512,11479320,12554330,4229120,0.9143713762502659,-0.08951847030485262
1,ba,0,qwen-2-5,c0382117ea329cdf097041132f6d735924b697924d6f6fc3945713e96ce87539,nested,4 KiB single,4096,1,32845990,33855360,4194304,0.9701858140040455,-0.030267665001228475
1,ba,1,qwen-2-5,c0382117ea329cdf097041132f6d735924b697924d6f6fc3945713e96ce87539,nested,4 KiB single,4096,1,30544719,32699770,4194304,0.934095836148083,-0.06817623772157344
1,ba,2,qwen-2-5,c0382117ea329cdf097041132f6d735924b697924d6f6fc3945713e96ce87539,nested,4 KiB single,4096,1,28248260,29167859,4194304,0.9684721802858414,-0.03203552108472044
1,ba,3,qwen-2-5,c0382117ea329cdf097041132f6d735924b697924d6f6fc3945713e96ce87539,nested,4 KiB single,4096,1,28639010,26208510,4194304,1.0927370537279686,0.08868560726760394
1,ba,4,qwen-2-5,c0382117ea329cdf097041132f6d735924b697924d6f6fc3945713e96ce87539,nested,4 KiB single,4096,1,30869299,30979520,4194304,0.9964421333836031,-0.003564210876317375
1,ba,5,qwen-2-5,c0382117ea329cdf097041132f6d735924b697924d6f6fc3945713e96ce87539,nested,4 KiB single,4096,1,31427320,30938949,4194304,1.0157849899813984,0.01566170272670792
1,ba,0,qwen-2-5,c0382117ea329cdf097041132f6d735924b697924d6f6fc3945713e96ce87539,nested,64 KiB single,65536,1,30139749,29896710,4194304,1.0081292891425178,0.008096424462388752
1,ba,1,qwen-2-5,c0382117ea329cdf097041132f6d735924b697924d6f6fc3945713e96ce87539,nested,64 KiB single,65536,1,29382220,29481380,4194304,0.9966365210855123,-0.0033691481254423472
1,ba,2,qwen-2-5,c0382117ea329cdf097041132f6d735924b697924d6f6fc3945713e96ce87539,nested,64 KiB single,65536,1,29330499,28940930,4194304,1.013460832115623,0.013371040001934856
1,ba,3,qwen-2-5,c0382117ea329cdf097041132f6d735924b697924d6f6fc3945713e96ce87539,nested,64 KiB single,65536,1,26660230,25959860,4194304,1.0269789590544787,0.026621442960963183
1,ba,4,qwen-2-5,c0382117ea329cdf097041132f6d735924b697924d6f6fc3945713e96ce87539,nested,64 KiB single,65536,1,26689140,26727760,4194304,0.9985550603567227,-0.0014459845752607177
1,ba,5,qwen-2-5,c0382117ea329cdf097041132f6d735924b697924d6f6fc3945713e96ce87539,nested,64 KiB single,65536,1,28976970,28752480,4194304,1.00780767432931,0.007777352168201172
1,ba,0,qwen-3,aeb13307a71acd8fe81861d94ad54ab689df773318809eed3cbe794b4492dae4,flat-ragged,140-byte batch 1,140,1,42221300,42626729,4194400,0.9904888550092595,-0.009556664790469342
1,ba,1,qwen-3,aeb13307a71acd8fe81861d94ad54ab689df773318809eed3cbe794b4492dae4,flat-ragged,140-byte batch 1,140,1,39330409,40476199,4194400,0.971692253020102,-0.028716136773133564
1,ba,2,qwen-3,aeb13307a71acd8fe81861d94ad54ab689df773318809eed3cbe794b4492dae4,flat-ragged,140-byte batch 1,140,1,35518700,36678440,4194400,0.9683808798847497,-0.032129798139636734
1,ba,3,qwen-3,aeb13307a71acd8fe81861d94ad54ab689df773318809eed3cbe794b4492dae4,flat-ragged,140-byte batch 1,140,1,42263550,42222780,4194400,1.0009655925071728,0.000965126622606787
1,ba,4,qwen-3,aeb13307a71acd8fe81861d94ad54ab689df773318809eed3cbe794b4492dae4,flat-ragged,140-byte batch 1,140,1,37245700,36813280,4194400,1.011746304594429,0.011677852278340315
1,ba,5,qwen-3,aeb13307a71acd8fe81861d94ad54ab689df773318809eed3cbe794b4492dae4,flat-ragged,140-byte batch 1,140,1,35764880,35972190,4194400,0.9942369369226617,-0.005779733605078307
1,ba,0,qwen-3,aeb13307a71acd8fe81861d94ad54ab689df773318809eed3cbe794b4492dae4,flat-ragged,140-byte batch 32,140,32,38977770,39107349,4197760,0.9966865818493603,-0.0033189196764920725
1,ba,1,qwen-3,aeb13307a71acd8fe81861d94ad54ab689df773318809eed3cbe794b4492dae4,flat-ragged,140-byte batch 32,140,32,36207490,35146550,4197760,1.0301861775906882,0.029739540849753825
1,ba,2,qwen-3,aeb13307a71acd8fe81861d94ad54ab689df773318809eed3cbe794b4492dae4,flat-ragged,140-byte batch 32,140,32,34341790,33931889,4197760,1.0120801114255678,0.01200772921988375
1,ba,3,qwen-3,aeb13307a71acd8fe81861d94ad54ab689df773318809eed3cbe794b4492dae4,flat-ragged,140-byte batch 32,140,32,40150130,38542110,4197760,1.041721120094359,0.0408742684445344
1,ba,4,qwen-3,aeb13307a71acd8fe81861d94ad54ab689df773318809eed3cbe794b4492dae4,flat-ragged,140-byte batch 32,140,32,34743240,34133199,4197760,1.0178723652594062,0.017714532330145374
1,ba,5,qwen-3,aeb13307a71acd8fe81861d94ad54ab689df773318809eed3cbe794b4492dae4,flat-ragged,140-byte batch 32,140,32,32950100,31685780,4197760,1.039901810843855,0.03912629604598699
1,ba,0,qwen-3,aeb13307a71acd8fe81861d94ad54ab689df773318809eed3cbe794b4492dae4,flat-ragged,140-byte batch 512,140,512,12188080,12534830,4229120,0.9723370799603983,-0.028052744556765968
1,ba,1,qwen-3,aeb13307a71acd8fe81861d94ad54ab689df773318809eed3cbe794b4492dae4,flat-ragged,140-byte batch 512,140,512,11728360,12196580,4229120,0.9616105498426608,-0.039145744127161715
1,ba,2,qwen-3,aeb13307a71acd8fe81861d94ad54ab689df773318809eed3cbe794b4492dae4,flat-ragged,140-byte batch 512,140,512,11751480,11917870,4229120,0.9860386126044335,-0.014059764289844543
1,ba,3,qwen-3,aeb13307a71acd8fe81861d94ad54ab689df773318809eed3cbe794b4492dae4,flat-ragged,140-byte batch 512,140,512,9737060,10064210,4229120,0.9674937228058635,-0.033046342155202704
1,ba,4,qwen-3,aeb13307a71acd8fe81861d94ad54ab689df773318809eed3cbe794b4492dae4,flat-ragged,140-byte batch 512,140,512,9403929,9637990,4229120,0.9757147496521578,-0.024584999987353664
1,ba,5,qwen-3,aeb13307a71acd8fe81861d94ad54ab689df773318809eed3cbe794b4492dae4,flat-ragged,140-byte batch 512,140,512,9673410,9797969,4229120,0.9872872633093654,-0.01279423497527729
1,ba,0,qwen-3,aeb13307a71acd8fe81861d94ad54ab689df773318809eed3cbe794b4492dae4,flat-ragged,4 KiB single,4096,1,31695140,31309249,4194304,1.0123251439215293,0.012249807723198178
1,ba,1,qwen-3,aeb13307a71acd8fe81861d94ad54ab689df773318809eed3cbe794b4492dae4,flat-ragged,4 KiB single,4096,1,29661199,29277639,4194304,1.0131007831608279,0.013015710111277251
1,ba,2,qwen-3,aeb13307a71acd8fe81861d94ad54ab689df773318809eed3cbe794b4492dae4,flat-ragged,4 KiB single,4096,1,26117760,26804520,4194304,0.9743789480281684,-0.025954987321300728
1,ba,3,qwen-3,aeb13307a71acd8fe81861d94ad54ab689df773318809eed3cbe794b4492dae4,flat-ragged,4 KiB single,4096,1,26748550,25569900,4194304,1.046095213512763,0.045064387802921366
1,ba,4,qwen-3,aeb13307a71acd8fe81861d94ad54ab689df773318809eed3cbe794b4492dae4,flat-ragged,4 KiB single,4096,1,29947280,29148850,4194304,1.0273914751353828,0.027023041503838465
1,ba,5,qwen-3,aeb13307a71acd8fe81861d94ad54ab689df773318809eed3cbe794b4492dae4,flat-ragged,4 KiB single,4096,1,30637840,30261320,4194304,1.0124422860602247,0.012365516951914048
1,ba,0,qwen-3,aeb13307a71acd8fe81861d94ad54ab689df773318809eed3cbe794b4492dae4,flat-ragged,64 KiB single,65536,1,29269320,27495970,4194304,1.0644949059807673,0.0625004199766474
1,ba,1,qwen-3,aeb13307a71acd8fe81861d94ad54ab689df773318809eed3cbe794b4492dae4,flat-ragged,64 KiB single,65536,1,28956530,27802790,4194304,1.0414972741944244,0.04065936452336146
1,ba,2,qwen-3,aeb13307a71acd8fe81861d94ad54ab689df773318809eed3cbe794b4492dae4,flat-ragged,64 KiB single,65536,1,25787800,24912670,4194304,1.0351279088110588,0.03452500247386137
1,ba,3,qwen-3,aeb13307a71acd8fe81861d94ad54ab689df773318809eed3cbe794b4492dae4,flat-ragged,64 KiB single,65536,1,26446869,25052390,4194304,1.0556625136364235,0.05416854484505967
1,ba,4,qwen-3,aeb13307a71acd8fe81861d94ad54ab689df773318809eed3cbe794b4492dae4,flat-ragged,64 KiB single,65536,1,25665520,25085310,4194304,1.0231294729863813,0.02286604102021153
1,ba,5,qwen-3,aeb13307a71acd8fe81861d94ad54ab689df773318809eed3cbe794b4492dae4,flat-ragged,64 KiB single,65536,1,30457190,29075189,4194304,1.0475319696116163,0.04643689226405677
1,ba,0,qwen-3,aeb13307a71acd8fe81861d94ad54ab689df773318809eed3cbe794b4492dae4,nested,140-byte batch 1,140,1,45107610,45596470,4194400,0.9892785559934794,-0.010779332826955403
1,ba,1,qwen-3,aeb13307a71acd8fe81861d94ad54ab689df773318809eed3cbe794b4492dae4,nested,140-byte batch 1,140,1,40021570,40418279,4194400,0.9901849111388439,-0.009863574366388595
1,ba,2,qwen-3,aeb13307a71acd8fe81861d94ad54ab689df773318809eed3cbe794b4492dae4,nested,140-byte batch 1,140,1,38784770,38594359,4194400,1.0049336484640152,0.004921517902688041
1,ba,3,qwen-3,aeb13307a71acd8fe81861d94ad54ab689df773318809eed3cbe794b4492dae4,nested,140-byte batch 1,140,1,44172369,43831350,4194400,1.0077802531749536,0.007750143080486358
1,ba,4,qwen-3,aeb13307a71acd8fe81861d94ad54ab689df773318809eed3cbe794b4492dae4,nested,140-byte batch 1,140,1,40507429,37272130,4194400,1.0868020958287063,0.0832395270083014
1,ba,5,qwen-3,aeb13307a71acd8fe81861d94ad54ab689df773318809eed3cbe794b4492dae4,nested,140-byte batch 1,140,1,37404140,35801609,4194400,1.0447614239907486,0.04378855695061638
1,ba,0,qwen-3,aeb13307a71acd8fe81861d94ad54ab689df773318809eed3cbe794b4492dae4,nested,140-byte batch 32,140,32,46966870,46102990,4197760,1.0187380471418448,0.018564652637203975
1,ba,1,qwen-3,aeb13307a71acd8fe81861d94ad54ab689df773318809eed3cbe794b4492dae4,nested,140-byte batch 32,140,32,42466739,40637199,4197760,1.045021311631247,0.04403727911432099
1,ba,2,qwen-3,aeb13307a71acd8fe81861d94ad54ab689df773318809eed3cbe794b4492dae4,nested,140-byte batch 32,140,32,41138080,39129670,4197760,1.0513270364917466,0.05005321046838323
1,ba,3,qwen-3,aeb13307a71acd8fe81861d94ad54ab689df773318809eed3cbe794b4492dae4,nested,140-byte batch 32,140,32,44560819,44761250,4197760,0.9955222206707811,-0.004487834611196249
1,ba,4,qwen-3,aeb13307a71acd8fe81861d94ad54ab689df773318809eed3cbe794b4492dae4,nested,140-byte batch 32,140,32,39840299,39195909,4197760,1.0164402361481144,0.016306558602914453
1,ba,5,qwen-3,aeb13307a71acd8fe81861d94ad54ab689df773318809eed3cbe794b4492dae4,nested,140-byte batch 32,140,32,39389250,37392509,4197760,1.053399492395656,0.052022546194675834
1,ba,0,qwen-3,aeb13307a71acd8fe81861d94ad54ab689df773318809eed3cbe794b4492dae4,nested,140-byte batch 512,140,512,14735590,15020720,4229120,0.9810175544181637,-0.01916492516488547
1,ba,1,qwen-3,aeb13307a71acd8fe81861d94ad54ab689df773318809eed3cbe794b4492dae4,nested,140-byte batch 512,140,512,13942820,14258899,4229120,0.9778328607278864,-0.02241652260346743
1,ba,2,qwen-3,aeb13307a71acd8fe81861d94ad54ab689df773318809eed3cbe794b4492dae4,nested,140-byte batch 512,140,512,13989370,13878010,4229120,1.0080242051994486,0.007992182455558177
1,ba,3,qwen-3,aeb13307a71acd8fe81861d94ad54ab689df773318809eed3cbe794b4492dae4,nested,140-byte batch 512,140,512,12476790,12478380,4229120,0.9998725796136999,-0.0001274285049671778
1,ba,4,qwen-3,aeb13307a71acd8fe81861d94ad54ab689df773318809eed3cbe794b4492dae4,nested,140-byte batch 512,140,512,11681899,11634660,4229120,1.0040601960005706,0.004051975648104926
1,ba,5,qwen-3,aeb13307a71acd8fe81861d94ad54ab689df773318809eed3cbe794b4492dae4,nested,140-byte batch 512,140,512,11994530,12820130,4229120,0.9356012770541329,-0.06656587931565594
1,ba,0,qwen-3,aeb13307a71acd8fe81861d94ad54ab689df773318809eed3cbe794b4492dae4,nested,4 KiB single,4096,1,33245170,31942220,4194304,1.040790840461308,0.03998084769829104
1,ba,1,qwen-3,aeb13307a71acd8fe81861d94ad54ab689df773318809eed3cbe794b4492dae4,nested,4 KiB single,4096,1,31746860,29855330,4194304,1.0633565262886058,0.06143043944745751
1,ba,2,qwen-3,aeb13307a71acd8fe81861d94ad54ab689df773318809eed3cbe794b4492dae4,nested,4 KiB single,4096,1,28758030,27446940,4194304,1.047768166505993,0.04666234626112932
1,ba,3,qwen-3,aeb13307a71acd8fe81861d94ad54ab689df773318809eed3cbe794b4492dae4,nested,4 KiB single,4096,1,26959129,26903960,4194304,1.0020505903220196,0.002048490731461992
1,ba,4,qwen-3,aeb13307a71acd8fe81861d94ad54ab689df773318809eed3cbe794b4492dae4,nested,4 KiB single,4096,1,30524890,29290520,4194304,1.0421423040628846,0.041278502205133336
1,ba,5,qwen-3,aeb13307a71acd8fe81861d94ad54ab689df773318809eed3cbe794b4492dae4,nested,4 KiB single,4096,1,31390240,30994409,4194304,1.012771045255291,0.012690183191139844
1,ba,0,qwen-3,aeb13307a71acd8fe81861d94ad54ab689df773318809eed3cbe794b4492dae4,nested,64 KiB single,65536,1,29958479,29361170,4194304,1.0203435012978026,0.02013933658148332
1,ba,1,qwen-3,aeb13307a71acd8fe81861d94ad54ab689df773318809eed3cbe794b4492dae4,nested,64 KiB single,65536,1,29548160,28563849,4194304,1.0344600267281905,0.0338795772714967
1,ba,2,qwen-3,aeb13307a71acd8fe81861d94ad54ab689df773318809eed3cbe794b4492dae4,nested,64 KiB single,65536,1,28544050,27737660,4194304,1.0290720269842517,0.02865745147147566
1,ba,3,qwen-3,aeb13307a71acd8fe81861d94ad54ab689df773318809eed3cbe794b4492dae4,nested,64 KiB single,65536,1,26121430,25639050,4194304,1.0188142696394757,0.018639470345724867
1,ba,4,qwen-3,aeb13307a71acd8fe81861d94ad54ab689df773318809eed3cbe794b4492dae4,nested,64 KiB single,65536,1,26090050,26519530,4194304,0.983805142851325,-0.016327427097129723
1,ba,5,qwen-3,aeb13307a71acd8fe81861d94ad54ab689df773318809eed3cbe794b4492dae4,nested,64 KiB single,65536,1,30018870,28865479,4194304,1.039957452291022,0.03917980105776023
