host,host_fingerprint,source_commit,binary_sha256,cargo_lock_sha256,cpu_set,rayon_threads,tokenizer_sha256,model,corpus,batch,add_special_tokens,track,panel,implementation,rounds,total_bytes,snaptokens_elapsed_ns,competitor_elapsed_ns,snaptokens_mib_s,competitor_mib_s,speedup,observed,practical
verda-amd-epyc-9655-32c,198bafb07ddea8ca108101f41fb68707e2e354fbe0f02c72aeafc42b5ac2f0fc,e23b4ff90410bc70a095af8c2c0b0dd63b848493,131b836037daaf7026091cf1057ec66ea3f8bf6df69c9d19e247bcba09ff424b,964c40835860a00ee8e98dcc228cdbf0ded4ae08f13c84a4f2972fcd674427a5,0-31,32,ecb6f9fc369894346f0511f4074ca75cee5cd5f3b06d02f1ba35fcd39f8e121d,deepseek-r1,enwik8-140,1,False,novel_inputs_persistent_instance,core-novel,fastokens,14,58719738,12974281074,14394331971,4.316193373436708,3.890385890052091,1.1094512203721045,win,material_win
verda-amd-epyc-9655-32c,198bafb07ddea8ca108101f41fb68707e2e354fbe0f02c72aeafc42b5ac2f0fc,e23b4ff90410bc70a095af8c2c0b0dd63b848493,131b836037daaf7026091cf1057ec66ea3f8bf6df69c9d19e247bcba09ff424b,964c40835860a00ee8e98dcc228cdbf0ded4ae08f13c84a4f2972fcd674427a5,0-31,32,ecb6f9fc369894346f0511f4074ca75cee5cd5f3b06d02f1ba35fcd39f8e121d,deepseek-r1,enwik8-140,1,False,novel_inputs_persistent_instance,core-novel,gigatoken,14,58719738,12974281074,544751201,4.316193373436708,102.7983158071167,0.041987004743689584,loss,material_loss
verda-amd-epyc-9655-32c,198bafb07ddea8ca108101f41fb68707e2e354fbe0f02c72aeafc42b5ac2f0fc,e23b4ff90410bc70a095af8c2c0b0dd63b848493,131b836037daaf7026091cf1057ec66ea3f8bf6df69c9d19e247bcba09ff424b,964c40835860a00ee8e98dcc228cdbf0ded4ae08f13c84a4f2972fcd674427a5,0-31,32,ecb6f9fc369894346f0511f4074ca75cee5cd5f3b06d02f1ba35fcd39f8e121d,deepseek-r1,enwik8-140,1,False,novel_inputs_persistent_instance,core-novel,huggingface,14,58719738,12974281074,12629492224,4.316193373436708,4.434026721223792,0.9734252057564141,loss,material_loss
verda-amd-epyc-9655-32c,198bafb07ddea8ca108101f41fb68707e2e354fbe0f02c72aeafc42b5ac2f0fc,e23b4ff90410bc70a095af8c2c0b0dd63b848493,131b836037daaf7026091cf1057ec66ea3f8bf6df69c9d19e247bcba09ff424b,964c40835860a00ee8e98dcc228cdbf0ded4ae08f13c84a4f2972fcd674427a5,0-31,32,ecb6f9fc369894346f0511f4074ca75cee5cd5f3b06d02f1ba35fcd39f8e121d,deepseek-r1,enwik8-140,1,False,novel_inputs_persistent_instance,core-novel,kitoken,14,58719738,12974281074,3095474316,4.316193373436708,18.090767449515514,0.23858542129191426,loss,material_loss
verda-amd-epyc-9655-32c,198bafb07ddea8ca108101f41fb68707e2e354fbe0f02c72aeafc42b5ac2f0fc,e23b4ff90410bc70a095af8c2c0b0dd63b848493,131b836037daaf7026091cf1057ec66ea3f8bf6df69c9d19e247bcba09ff424b,964c40835860a00ee8e98dcc228cdbf0ded4ae08f13c84a4f2972fcd674427a5,0-31,32,ecb6f9fc369894346f0511f4074ca75cee5cd5f3b06d02f1ba35fcd39f8e121d,deepseek-r1,enwik8-140,1024,False,novel_inputs_persistent_instance,deep-novel,fastokens,14,60209272,383825171,1306130493,149.59945478906064,43.961944555809374,3.4029307916337777,win,material_win
verda-amd-epyc-9655-32c,198bafb07ddea8ca108101f41fb68707e2e354fbe0f02c72aeafc42b5ac2f0fc,e23b4ff90410bc70a095af8c2c0b0dd63b848493,131b836037daaf7026091cf1057ec66ea3f8bf6df69c9d19e247bcba09ff424b,964c40835860a00ee8e98dcc228cdbf0ded4ae08f13c84a4f2972fcd674427a5,0-31,32,ecb6f9fc369894346f0511f4074ca75cee5cd5f3b06d02f1ba35fcd39f8e121d,deepseek-r1,enwik8-140,1024,False,novel_inputs_persistent_instance,deep-novel,gigatoken,14,60209272,383825171,394987492,149.59945478906064,145.37178386377352,1.0290817847378748,win,material_win
verda-amd-epyc-9655-32c,198bafb07ddea8ca108101f41fb68707e2e354fbe0f02c72aeafc42b5ac2f0fc,e23b4ff90410bc70a095af8c2c0b0dd63b848493,131b836037daaf7026091cf1057ec66ea3f8bf6df69c9d19e247bcba09ff424b,964c40835860a00ee8e98dcc228cdbf0ded4ae08f13c84a4f2972fcd674427a5,0-31,32,ecb6f9fc369894346f0511f4074ca75cee5cd5f3b06d02f1ba35fcd39f8e121d,deepseek-r1,enwik8-140,1024,False,novel_inputs_persistent_instance,deep-novel,huggingface,14,60209272,383825171,1334496361,149.59945478906064,43.02749561107119,3.4768338864362804,win,material_win
verda-amd-epyc-9655-32c,198bafb07ddea8ca108101f41fb68707e2e354fbe0f02c72aeafc42b5ac2f0fc,e23b4ff90410bc70a095af8c2c0b0dd63b848493,131b836037daaf7026091cf1057ec66ea3f8bf6df69c9d19e247bcba09ff424b,964c40835860a00ee8e98dcc228cdbf0ded4ae08f13c84a4f2972fcd674427a5,0-31,32,ecb6f9fc369894346f0511f4074ca75cee5cd5f3b06d02f1ba35fcd39f8e121d,deepseek-r1,enwik8-140,1024,False,novel_inputs_persistent_instance,deep-novel,kitoken,14,60209272,383825171,1390961154,149.59945478906064,41.28083386857687,3.623944595337652,win,material_win
verda-amd-epyc-9655-32c,198bafb07ddea8ca108101f41fb68707e2e354fbe0f02c72aeafc42b5ac2f0fc,e23b4ff90410bc70a095af8c2c0b0dd63b848493,131b836037daaf7026091cf1057ec66ea3f8bf6df69c9d19e247bcba09ff424b,964c40835860a00ee8e98dcc228cdbf0ded4ae08f13c84a4f2972fcd674427a5,0-31,32,ecb6f9fc369894346f0511f4074ca75cee5cd5f3b06d02f1ba35fcd39f8e121d,deepseek-r1,enwik8-140,128,False,novel_inputs_persistent_instance,deep-novel,fastokens,14,58954924,869368134,2331201239,64.67202402024367,24.11795082461451,2.6814891733770403,win,material_win
verda-amd-epyc-9655-32c,198bafb07ddea8ca108101f41fb68707e2e354fbe0f02c72aeafc42b5ac2f0fc,e23b4ff90410bc70a095af8c2c0b0dd63b848493,131b836037daaf7026091cf1057ec66ea3f8bf6df69c9d19e247bcba09ff424b,964c40835860a00ee8e98dcc228cdbf0ded4ae08f13c84a4f2972fcd674427a5,0-31,32,ecb6f9fc369894346f0511f4074ca75cee5cd5f3b06d02f1ba35fcd39f8e121d,deepseek-r1,enwik8-140,128,False,novel_inputs_persistent_instance,deep-novel,gigatoken,14,58954924,869368134,388752339,64.67202402024367,144.6262599708305,0.44716653831252573,loss,material_loss
verda-amd-epyc-9655-32c,198bafb07ddea8ca108101f41fb68707e2e354fbe0f02c72aeafc42b5ac2f0fc,e23b4ff90410bc70a095af8c2c0b0dd63b848493,131b836037daaf7026091cf1057ec66ea3f8bf6df69c9d19e247bcba09ff424b,964c40835860a00ee8e98dcc228cdbf0ded4ae08f13c84a4f2972fcd674427a5,0-31,32,ecb6f9fc369894346f0511f4074ca75cee5cd5f3b06d02f1ba35fcd39f8e121d,deepseek-r1,enwik8-140,128,False,novel_inputs_persistent_instance,deep-novel,huggingface,14,58954924,869368134,2097406059,64.67202402024367,26.806348061800094,2.412563765535947,win,material_win
verda-amd-epyc-9655-32c,198bafb07ddea8ca108101f41fb68707e2e354fbe0f02c72aeafc42b5ac2f0fc,e23b4ff90410bc70a095af8c2c0b0dd63b848493,131b836037daaf7026091cf1057ec66ea3f8bf6df69c9d19e247bcba09ff424b,964c40835860a00ee8e98dcc228cdbf0ded4ae08f13c84a4f2972fcd674427a5,0-31,32,ecb6f9fc369894346f0511f4074ca75cee5cd5f3b06d02f1ba35fcd39f8e121d,deepseek-r1,enwik8-140,128,False,novel_inputs_persistent_instance,deep-novel,kitoken,14,58954924,869368134,1921996053,64.67202402024367,29.252815975726886,2.2107965289190137,win,material_win
verda-amd-epyc-9655-32c,198bafb07ddea8ca108101f41fb68707e2e354fbe0f02c72aeafc42b5ac2f0fc,e23b4ff90410bc70a095af8c2c0b0dd63b848493,131b836037daaf7026091cf1057ec66ea3f8bf6df69c9d19e247bcba09ff424b,964c40835860a00ee8e98dcc228cdbf0ded4ae08f13c84a4f2972fcd674427a5,0-31,32,ecb6f9fc369894346f0511f4074ca75cee5cd5f3b06d02f1ba35fcd39f8e121d,deepseek-r1,enwik8-140,16,False,novel_inputs_persistent_instance,deep-novel,fastokens,14,58735416,2774436930,5403506408,20.189486773677253,10.36631651249755,1.9476047011816555,win,material_win
verda-amd-epyc-9655-32c,198bafb07ddea8ca108101f41fb68707e2e354fbe0f02c72aeafc42b5ac2f0fc,e23b4ff90410bc70a095af8c2c0b0dd63b848493,131b836037daaf7026091cf1057ec66ea3f8bf6df69c9d19e247bcba09ff424b,964c40835860a00ee8e98dcc228cdbf0ded4ae08f13c84a4f2972fcd674427a5,0-31,32,ecb6f9fc369894346f0511f4074ca75cee5cd5f3b06d02f1ba35fcd39f8e121d,deepseek-r1,enwik8-140,16,False,novel_inputs_persistent_instance,deep-novel,gigatoken,14,58735416,2774436930,416149328,20.189486773677253,134.60182183121708,0.14999415683239192,loss,material_loss
verda-amd-epyc-9655-32c,198bafb07ddea8ca108101f41fb68707e2e354fbe0f02c72aeafc42b5ac2f0fc,e23b4ff90410bc70a095af8c2c0b0dd63b848493,131b836037daaf7026091cf1057ec66ea3f8bf6df69c9d19e247bcba09ff424b,964c40835860a00ee8e98dcc228cdbf0ded4ae08f13c84a4f2972fcd674427a5,0-31,32,ecb6f9fc369894346f0511f4074ca75cee5cd5f3b06d02f1ba35fcd39f8e121d,deepseek-r1,enwik8-140,16,False,novel_inputs_persistent_instance,deep-novel,huggingface,14,58735416,2774436930,5778544575,20.189486773677253,9.693523511953996,2.082781018561485,win,material_win
verda-amd-epyc-9655-32c,198bafb07ddea8ca108101f41fb68707e2e354fbe0f02c72aeafc42b5ac2f0fc,e23b4ff90410bc70a095af8c2c0b0dd63b848493,131b836037daaf7026091cf1057ec66ea3f8bf6df69c9d19e247bcba09ff424b,964c40835860a00ee8e98dcc228cdbf0ded4ae08f13c84a4f2972fcd674427a5,0-31,32,ecb6f9fc369894346f0511f4074ca75cee5cd5f3b06d02f1ba35fcd39f8e121d,deepseek-r1,enwik8-140,16,False,novel_inputs_persistent_instance,deep-novel,kitoken,14,58735416,2774436930,4245258274,20.189486773677253,13.19459361181772,1.5301332778900114,win,material_win
verda-amd-epyc-9655-32c,198bafb07ddea8ca108101f41fb68707e2e354fbe0f02c72aeafc42b5ac2f0fc,e23b4ff90410bc70a095af8c2c0b0dd63b848493,131b836037daaf7026091cf1057ec66ea3f8bf6df69c9d19e247bcba09ff424b,964c40835860a00ee8e98dcc228cdbf0ded4ae08f13c84a4f2972fcd674427a5,0-31,32,ecb6f9fc369894346f0511f4074ca75cee5cd5f3b06d02f1ba35fcd39f8e121d,deepseek-r1,enwik8-140,2,False,novel_inputs_persistent_instance,deep-novel,fastokens,14,58719738,6018981581,12506166969,9.303817471958485,4.477751347436381,2.0777878783477206,win,material_win
verda-amd-epyc-9655-32c,198bafb07ddea8ca108101f41fb68707e2e354fbe0f02c72aeafc42b5ac2f0fc,e23b4ff90410bc70a095af8c2c0b0dd63b848493,131b836037daaf7026091cf1057ec66ea3f8bf6df69c9d19e247bcba09ff424b,964c40835860a00ee8e98dcc228cdbf0ded4ae08f13c84a4f2972fcd674427a5,0-31,32,ecb6f9fc369894346f0511f4074ca75cee5cd5f3b06d02f1ba35fcd39f8e121d,deepseek-r1,enwik8-140,2,False,novel_inputs_persistent_instance,deep-novel,gigatoken,14,58719738,6018981581,476912914,9.303817471958485,117.42082118729144,0.07923481864531062,loss,material_loss
verda-amd-epyc-9655-32c,198bafb07ddea8ca108101f41fb68707e2e354fbe0f02c72aeafc42b5ac2f0fc,e23b4ff90410bc70a095af8c2c0b0dd63b848493,131b836037daaf7026091cf1057ec66ea3f8bf6df69c9d19e247bcba09ff424b,964c40835860a00ee8e98dcc228cdbf0ded4ae08f13c84a4f2972fcd674427a5,0-31,32,ecb6f9fc369894346f0511f4074ca75cee5cd5f3b06d02f1ba35fcd39f8e121d,deepseek-r1,enwik8-140,2,False,novel_inputs_persistent_instance,deep-novel,huggingface,14,58719738,6018981581,15418010871,9.303817471958485,3.6320837016683214,2.561564720461968,win,material_win
verda-amd-epyc-9655-32c,198bafb07ddea8ca108101f41fb68707e2e354fbe0f02c72aeafc42b5ac2f0fc,e23b4ff90410bc70a095af8c2c0b0dd63b848493,131b836037daaf7026091cf1057ec66ea3f8bf6df69c9d19e247bcba09ff424b,964c40835860a00ee8e98dcc228cdbf0ded4ae08f13c84a4f2972fcd674427a5,0-31,32,ecb6f9fc369894346f0511f4074ca75cee5cd5f3b06d02f1ba35fcd39f8e121d,deepseek-r1,enwik8-140,2,False,novel_inputs_persistent_instance,deep-novel,kitoken,14,58719738,6018981581,7432557900,9.303817471958485,7.534351800569774,1.234853072729481,win,material_win
verda-amd-epyc-9655-32c,198bafb07ddea8ca108101f41fb68707e2e354fbe0f02c72aeafc42b5ac2f0fc,e23b4ff90410bc70a095af8c2c0b0dd63b848493,131b836037daaf7026091cf1057ec66ea3f8bf6df69c9d19e247bcba09ff424b,964c40835860a00ee8e98dcc228cdbf0ded4ae08f13c84a4f2972fcd674427a5,0-31,32,ecb6f9fc369894346f0511f4074ca75cee5cd5f3b06d02f1ba35fcd39f8e121d,deepseek-r1,enwik8-140,256,False,novel_inputs_persistent_instance,deep-novel,fastokens,14,59205794,671104336,1839634608,84.13452587235147,30.692532568532357,2.741205069490119,win,material_win
verda-amd-epyc-9655-32c,198bafb07ddea8ca108101f41fb68707e2e354fbe0f02c72aeafc42b5ac2f0fc,e23b4ff90410bc70a095af8c2c0b0dd63b848493,131b836037daaf7026091cf1057ec66ea3f8bf6df69c9d19e247bcba09ff424b,964c40835860a00ee8e98dcc228cdbf0ded4ae08f13c84a4f2972fcd674427a5,0-31,32,ecb6f9fc369894346f0511f4074ca75cee5cd5f3b06d02f1ba35fcd39f8e121d,deepseek-r1,enwik8-140,256,False,novel_inputs_persistent_instance,deep-novel,gigatoken,14,59205794,671104336,385025227,84.13452587235147,146.64765101284976,0.5737188784904528,loss,material_loss
verda-amd-epyc-9655-32c,198bafb07ddea8ca108101f41fb68707e2e354fbe0f02c72aeafc42b5ac2f0fc,e23b4ff90410bc70a095af8c2c0b0dd63b848493,131b836037daaf7026091cf1057ec66ea3f8bf6df69c9d19e247bcba09ff424b,964c40835860a00ee8e98dcc228cdbf0ded4ae08f13c84a4f2972fcd674427a5,0-31,32,ecb6f9fc369894346f0511f4074ca75cee5cd5f3b06d02f1ba35fcd39f8e121d,deepseek-r1,enwik8-140,256,False,novel_inputs_persistent_instance,deep-novel,huggingface,14,59205794,671104336,1748374894,84.13452587235147,32.29458699847886,2.6052206791284984,win,material_win
verda-amd-epyc-9655-32c,198bafb07ddea8ca108101f41fb68707e2e354fbe0f02c72aeafc42b5ac2f0fc,e23b4ff90410bc70a095af8c2c0b0dd63b848493,131b836037daaf7026091cf1057ec66ea3f8bf6df69c9d19e247bcba09ff424b,964c40835860a00ee8e98dcc228cdbf0ded4ae08f13c84a4f2972fcd674427a5,0-31,32,ecb6f9fc369894346f0511f4074ca75cee5cd5f3b06d02f1ba35fcd39f8e121d,deepseek-r1,enwik8-140,256,False,novel_inputs_persistent_instance,deep-novel,kitoken,14,59205794,671104336,1676271205,84.13452587235147,33.68371714065163,2.4977803227902258,win,material_win
verda-amd-epyc-9655-32c,198bafb07ddea8ca108101f41fb68707e2e354fbe0f02c72aeafc42b5ac2f0fc,e23b4ff90410bc70a095af8c2c0b0dd63b848493,131b836037daaf7026091cf1057ec66ea3f8bf6df69c9d19e247bcba09ff424b,964c40835860a00ee8e98dcc228cdbf0ded4ae08f13c84a4f2972fcd674427a5,0-31,32,ecb6f9fc369894346f0511f4074ca75cee5cd5f3b06d02f1ba35fcd39f8e121d,deepseek-r1,enwik8-140,32,False,novel_inputs_persistent_instance,core-novel,fastokens,14,58766776,1412941995,4058661722,39.66501464853072,13.808582426421598,2.8724899793214793,win,material_win
verda-amd-epyc-9655-32c,198bafb07ddea8ca108101f41fb68707e2e354fbe0f02c72aeafc42b5ac2f0fc,e23b4ff90410bc70a095af8c2c0b0dd63b848493,131b836037daaf7026091cf1057ec66ea3f8bf6df69c9d19e247bcba09ff424b,964c40835860a00ee8e98dcc228cdbf0ded4ae08f13c84a4f2972fcd674427a5,0-31,32,ecb6f9fc369894346f0511f4074ca75cee5cd5f3b06d02f1ba35fcd39f8e121d,deepseek-r1,enwik8-140,32,False,novel_inputs_persistent_instance,core-novel,gigatoken,14,58766776,1412941995,405953550,39.66501464853072,138.0561025496617,0.2873108389704278,loss,material_loss
verda-amd-epyc-9655-32c,198bafb07ddea8ca108101f41fb68707e2e354fbe0f02c72aeafc42b5ac2f0fc,e23b4ff90410bc70a095af8c2c0b0dd63b848493,131b836037daaf7026091cf1057ec66ea3f8bf6df69c9d19e247bcba09ff424b,964c40835860a00ee8e98dcc228cdbf0ded4ae08f13c84a4f2972fcd674427a5,0-31,32,ecb6f9fc369894346f0511f4074ca75cee5cd5f3b06d02f1ba35fcd39f8e121d,deepseek-r1,enwik8-140,32,False,novel_inputs_persistent_instance,core-novel,huggingface,14,58766776,1412941995,3581048260,39.66501464853072,15.650267983040033,2.534462329432002,win,material_win
verda-amd-epyc-9655-32c,198bafb07ddea8ca108101f41fb68707e2e354fbe0f02c72aeafc42b5ac2f0fc,e23b4ff90410bc70a095af8c2c0b0dd63b848493,131b836037daaf7026091cf1057ec66ea3f8bf6df69c9d19e247bcba09ff424b,964c40835860a00ee8e98dcc228cdbf0ded4ae08f13c84a4f2972fcd674427a5,0-31,32,ecb6f9fc369894346f0511f4074ca75cee5cd5f3b06d02f1ba35fcd39f8e121d,deepseek-r1,enwik8-140,32,False,novel_inputs_persistent_instance,core-novel,kitoken,14,58766776,1412941995,3212964514,39.66501464853072,17.44319449685625,2.273953584343708,win,material_win
verda-amd-epyc-9655-32c,198bafb07ddea8ca108101f41fb68707e2e354fbe0f02c72aeafc42b5ac2f0fc,e23b4ff90410bc70a095af8c2c0b0dd63b848493,131b836037daaf7026091cf1057ec66ea3f8bf6df69c9d19e247bcba09ff424b,964c40835860a00ee8e98dcc228cdbf0ded4ae08f13c84a4f2972fcd674427a5,0-31,32,ecb6f9fc369894346f0511f4074ca75cee5cd5f3b06d02f1ba35fcd39f8e121d,deepseek-r1,enwik8-140,4,False,novel_inputs_persistent_instance,deep-novel,fastokens,14,58719738,5596952563,9426090970,10.005356551867582,5.940904471952503,1.6841470182029843,win,material_win
verda-amd-epyc-9655-32c,198bafb07ddea8ca108101f41fb68707e2e354fbe0f02c72aeafc42b5ac2f0fc,e23b4ff90410bc70a095af8c2c0b0dd63b848493,131b836037daaf7026091cf1057ec66ea3f8bf6df69c9d19e247bcba09ff424b,964c40835860a00ee8e98dcc228cdbf0ded4ae08f13c84a4f2972fcd674427a5,0-31,32,ecb6f9fc369894346f0511f4074ca75cee5cd5f3b06d02f1ba35fcd39f8e121d,deepseek-r1,enwik8-140,4,False,novel_inputs_persistent_instance,deep-novel,gigatoken,14,58719738,5596952563,435102894,10.005356551867582,128.70405315369862,0.07773924990473427,loss,material_loss
verda-amd-epyc-9655-32c,198bafb07ddea8ca108101f41fb68707e2e354fbe0f02c72aeafc42b5ac2f0fc,e23b4ff90410bc70a095af8c2c0b0dd63b848493,131b836037daaf7026091cf1057ec66ea3f8bf6df69c9d19e247bcba09ff424b,964c40835860a00ee8e98dcc228cdbf0ded4ae08f13c84a4f2972fcd674427a5,0-31,32,ecb6f9fc369894346f0511f4074ca75cee5cd5f3b06d02f1ba35fcd39f8e121d,deepseek-r1,enwik8-140,4,False,novel_inputs_persistent_instance,deep-novel,huggingface,14,58719738,5596952563,9512468915,10.005356551867582,5.886958106995728,1.699580049665681,win,material_win
verda-amd-epyc-9655-32c,198bafb07ddea8ca108101f41fb68707e2e354fbe0f02c72aeafc42b5ac2f0fc,e23b4ff90410bc70a095af8c2c0b0dd63b848493,131b836037daaf7026091cf1057ec66ea3f8bf6df69c9d19e247bcba09ff424b,964c40835860a00ee8e98dcc228cdbf0ded4ae08f13c84a4f2972fcd674427a5,0-31,32,ecb6f9fc369894346f0511f4074ca75cee5cd5f3b06d02f1ba35fcd39f8e121d,deepseek-r1,enwik8-140,4,False,novel_inputs_persistent_instance,deep-novel,kitoken,14,58719738,5596952563,6595080021,10.005356551867582,8.491103340428158,1.1783340928415869,win,material_win
verda-amd-epyc-9655-32c,198bafb07ddea8ca108101f41fb68707e2e354fbe0f02c72aeafc42b5ac2f0fc,e23b4ff90410bc70a095af8c2c0b0dd63b848493,131b836037daaf7026091cf1057ec66ea3f8bf6df69c9d19e247bcba09ff424b,964c40835860a00ee8e98dcc228cdbf0ded4ae08f13c84a4f2972fcd674427a5,0-31,32,ecb6f9fc369894346f0511f4074ca75cee5cd5f3b06d02f1ba35fcd39f8e121d,deepseek-r1,enwik8-140,512,False,novel_inputs_persistent_instance,core-novel,fastokens,14,59205794,484306201,1563889809,116.58542674790004,36.104234962911804,3.2291343901252256,win,material_win
verda-amd-epyc-9655-32c,198bafb07ddea8ca108101f41fb68707e2e354fbe0f02c72aeafc42b5ac2f0fc,e23b4ff90410bc70a095af8c2c0b0dd63b848493,131b836037daaf7026091cf1057ec66ea3f8bf6df69c9d19e247bcba09ff424b,964c40835860a00ee8e98dcc228cdbf0ded4ae08f13c84a4f2972fcd674427a5,0-31,32,ecb6f9fc369894346f0511f4074ca75cee5cd5f3b06d02f1ba35fcd39f8e121d,deepseek-r1,enwik8-140,512,False,novel_inputs_persistent_instance,core-novel,gigatoken,14,59205794,484306201,394758121,116.58542674790004,143.0320039451177,0.8151002819804902,loss,material_loss
verda-amd-epyc-9655-32c,198bafb07ddea8ca108101f41fb68707e2e354fbe0f02c72aeafc42b5ac2f0fc,e23b4ff90410bc70a095af8c2c0b0dd63b848493,131b836037daaf7026091cf1057ec66ea3f8bf6df69c9d19e247bcba09ff424b,964c40835860a00ee8e98dcc228cdbf0ded4ae08f13c84a4f2972fcd674427a5,0-31,32,ecb6f9fc369894346f0511f4074ca75cee5cd5f3b06d02f1ba35fcd39f8e121d,deepseek-r1,enwik8-140,512,False,novel_inputs_persistent_instance,core-novel,huggingface,14,59205794,484306201,1480055842,116.58542674790004,38.14926674924693,3.0560332263843963,win,material_win
verda-amd-epyc-9655-32c,198bafb07ddea8ca108101f41fb68707e2e354fbe0f02c72aeafc42b5ac2f0fc,e23b4ff90410bc70a095af8c2c0b0dd63b848493,131b836037daaf7026091cf1057ec66ea3f8bf6df69c9d19e247bcba09ff424b,964c40835860a00ee8e98dcc228cdbf0ded4ae08f13c84a4f2972fcd674427a5,0-31,32,ecb6f9fc369894346f0511f4074ca75cee5cd5f3b06d02f1ba35fcd39f8e121d,deepseek-r1,enwik8-140,512,False,novel_inputs_persistent_instance,core-novel,kitoken,14,59205794,484306201,1404775080,116.58542674790004,40.193655143882005,2.9005928007929844,win,material_win
verda-amd-epyc-9655-32c,198bafb07ddea8ca108101f41fb68707e2e354fbe0f02c72aeafc42b5ac2f0fc,e23b4ff90410bc70a095af8c2c0b0dd63b848493,131b836037daaf7026091cf1057ec66ea3f8bf6df69c9d19e247bcba09ff424b,964c40835860a00ee8e98dcc228cdbf0ded4ae08f13c84a4f2972fcd674427a5,0-31,32,ecb6f9fc369894346f0511f4074ca75cee5cd5f3b06d02f1ba35fcd39f8e121d,deepseek-r1,enwik8-140,64,False,novel_inputs_persistent_instance,deep-novel,fastokens,14,58829491,1155722866,3068598950,48.54466089100693,18.28331936760672,2.655133890895951,win,material_win
verda-amd-epyc-9655-32c,198bafb07ddea8ca108101f41fb68707e2e354fbe0f02c72aeafc42b5ac2f0fc,e23b4ff90410bc70a095af8c2c0b0dd63b848493,131b836037daaf7026091cf1057ec66ea3f8bf6df69c9d19e247bcba09ff424b,964c40835860a00ee8e98dcc228cdbf0ded4ae08f13c84a4f2972fcd674427a5,0-31,32,ecb6f9fc369894346f0511f4074ca75cee5cd5f3b06d02f1ba35fcd39f8e121d,deepseek-r1,enwik8-140,64,False,novel_inputs_persistent_instance,deep-novel,gigatoken,14,58829491,1155722866,395443833,48.54466089100693,141.8764687473395,0.34216146849170326,loss,material_loss
verda-amd-epyc-9655-32c,198bafb07ddea8ca108101f41fb68707e2e354fbe0f02c72aeafc42b5ac2f0fc,e23b4ff90410bc70a095af8c2c0b0dd63b848493,131b836037daaf7026091cf1057ec66ea3f8bf6df69c9d19e247bcba09ff424b,964c40835860a00ee8e98dcc228cdbf0ded4ae08f13c84a4f2972fcd674427a5,0-31,32,ecb6f9fc369894346f0511f4074ca75cee5cd5f3b06d02f1ba35fcd39f8e121d,deepseek-r1,enwik8-140,64,False,novel_inputs_persistent_instance,deep-novel,huggingface,14,58829491,1155722866,2586085745,48.54466089100693,21.694630474811515,2.2376348353741062,win,material_win
verda-amd-epyc-9655-32c,198bafb07ddea8ca108101f41fb68707e2e354fbe0f02c72aeafc42b5ac2f0fc,e23b4ff90410bc70a095af8c2c0b0dd63b848493,131b836037daaf7026091cf1057ec66ea3f8bf6df69c9d19e247bcba09ff424b,964c40835860a00ee8e98dcc228cdbf0ded4ae08f13c84a4f2972fcd674427a5,0-31,32,ecb6f9fc369894346f0511f4074ca75cee5cd5f3b06d02f1ba35fcd39f8e121d,deepseek-r1,enwik8-140,64,False,novel_inputs_persistent_instance,deep-novel,kitoken,14,58829491,1155722866,2475705909,48.54466089100693,22.661889851292766,2.142127651734114,win,material_win
verda-amd-epyc-9655-32c,198bafb07ddea8ca108101f41fb68707e2e354fbe0f02c72aeafc42b5ac2f0fc,e23b4ff90410bc70a095af8c2c0b0dd63b848493,131b836037daaf7026091cf1057ec66ea3f8bf6df69c9d19e247bcba09ff424b,964c40835860a00ee8e98dcc228cdbf0ded4ae08f13c84a4f2972fcd674427a5,0-31,32,ecb6f9fc369894346f0511f4074ca75cee5cd5f3b06d02f1ba35fcd39f8e121d,deepseek-r1,enwik8-140,8,False,novel_inputs_persistent_instance,deep-novel,fastokens,14,58719738,4261599661,6992941905,13.140489593422675,8.008003892705599,1.6409194812445336,win,material_win
verda-amd-epyc-9655-32c,198bafb07ddea8ca108101f41fb68707e2e354fbe0f02c72aeafc42b5ac2f0fc,e23b4ff90410bc70a095af8c2c0b0dd63b848493,131b836037daaf7026091cf1057ec66ea3f8bf6df69c9d19e247bcba09ff424b,964c40835860a00ee8e98dcc228cdbf0ded4ae08f13c84a4f2972fcd674427a5,0-31,32,ecb6f9fc369894346f0511f4074ca75cee5cd5f3b06d02f1ba35fcd39f8e121d,deepseek-r1,enwik8-140,8,False,novel_inputs_persistent_instance,deep-novel,gigatoken,14,58719738,4261599661,421312622,13.140489593422675,132.91675367063678,0.09886255291777864,loss,material_loss
verda-amd-epyc-9655-32c,198bafb07ddea8ca108101f41fb68707e2e354fbe0f02c72aeafc42b5ac2f0fc,e23b4ff90410bc70a095af8c2c0b0dd63b848493,131b836037daaf7026091cf1057ec66ea3f8bf6df69c9d19e247bcba09ff424b,964c40835860a00ee8e98dcc228cdbf0ded4ae08f13c84a4f2972fcd674427a5,0-31,32,ecb6f9fc369894346f0511f4074ca75cee5cd5f3b06d02f1ba35fcd39f8e121d,deepseek-r1,enwik8-140,8,False,novel_inputs_persistent_instance,deep-novel,huggingface,14,58719738,4261599661,6905163999,13.140489593422675,8.109801013388516,1.6203220734675199,win,material_win
verda-amd-epyc-9655-32c,198bafb07ddea8ca108101f41fb68707e2e354fbe0f02c72aeafc42b5ac2f0fc,e23b4ff90410bc70a095af8c2c0b0dd63b848493,131b836037daaf7026091cf1057ec66ea3f8bf6df69c9d19e247bcba09ff424b,964c40835860a00ee8e98dcc228cdbf0ded4ae08f13c84a4f2972fcd674427a5,0-31,32,ecb6f9fc369894346f0511f4074ca75cee5cd5f3b06d02f1ba35fcd39f8e121d,deepseek-r1,enwik8-140,8,False,novel_inputs_persistent_instance,deep-novel,kitoken,14,58719738,4261599661,5255032368,13.140489593422675,10.656357958460458,1.233112630473339,win,material_win
verda-amd-epyc-9655-32c,198bafb07ddea8ca108101f41fb68707e2e354fbe0f02c72aeafc42b5ac2f0fc,e23b4ff90410bc70a095af8c2c0b0dd63b848493,131b836037daaf7026091cf1057ec66ea3f8bf6df69c9d19e247bcba09ff424b,964c40835860a00ee8e98dcc228cdbf0ded4ae08f13c84a4f2972fcd674427a5,0-31,32,ecb6f9fc369894346f0511f4074ca75cee5cd5f3b06d02f1ba35fcd39f8e121d,deepseek-r1,enwik8-65536,1,False,novel_inputs_persistent_instance,core-novel,fastokens,14,58720254,750620007,1358341209,74.60498996884768,41.22675342661372,1.80962563791615,win,material_win
verda-amd-epyc-9655-32c,198bafb07ddea8ca108101f41fb68707e2e354fbe0f02c72aeafc42b5ac2f0fc,e23b4ff90410bc70a095af8c2c0b0dd63b848493,131b836037daaf7026091cf1057ec66ea3f8bf6df69c9d19e247bcba09ff424b,964c40835860a00ee8e98dcc228cdbf0ded4ae08f13c84a4f2972fcd674427a5,0-31,32,ecb6f9fc369894346f0511f4074ca75cee5cd5f3b06d02f1ba35fcd39f8e121d,deepseek-r1,enwik8-65536,1,False,novel_inputs_persistent_instance,core-novel,gigatoken,14,58720254,750620007,305071393,74.60498996884768,183.5635834024312,0.4064258748168432,loss,material_loss
verda-amd-epyc-9655-32c,198bafb07ddea8ca108101f41fb68707e2e354fbe0f02c72aeafc42b5ac2f0fc,e23b4ff90410bc70a095af8c2c0b0dd63b848493,131b836037daaf7026091cf1057ec66ea3f8bf6df69c9d19e247bcba09ff424b,964c40835860a00ee8e98dcc228cdbf0ded4ae08f13c84a4f2972fcd674427a5,0-31,32,ecb6f9fc369894346f0511f4074ca75cee5cd5f3b06d02f1ba35fcd39f8e121d,deepseek-r1,enwik8-65536,1,False,novel_inputs_persistent_instance,core-novel,huggingface,14,58720254,750620007,11446662848,74.60498996884768,4.892255396727779,15.24961064353831,win,material_win
verda-amd-epyc-9655-32c,198bafb07ddea8ca108101f41fb68707e2e354fbe0f02c72aeafc42b5ac2f0fc,e23b4ff90410bc70a095af8c2c0b0dd63b848493,131b836037daaf7026091cf1057ec66ea3f8bf6df69c9d19e247bcba09ff424b,964c40835860a00ee8e98dcc228cdbf0ded4ae08f13c84a4f2972fcd674427a5,0-31,32,ecb6f9fc369894346f0511f4074ca75cee5cd5f3b06d02f1ba35fcd39f8e121d,deepseek-r1,enwik8-65536,1,False,novel_inputs_persistent_instance,core-novel,kitoken,14,58720254,750620007,2655656820,74.60498996884768,21.08706127648352,3.5379510208019274,win,material_win
verda-amd-epyc-9655-32c,198bafb07ddea8ca108101f41fb68707e2e354fbe0f02c72aeafc42b5ac2f0fc,e23b4ff90410bc70a095af8c2c0b0dd63b848493,131b836037daaf7026091cf1057ec66ea3f8bf6df69c9d19e247bcba09ff424b,964c40835860a00ee8e98dcc228cdbf0ded4ae08f13c84a4f2972fcd674427a5,0-31,32,ecb6f9fc369894346f0511f4074ca75cee5cd5f3b06d02f1ba35fcd39f8e121d,deepseek-r1,repeated-chat140,1,False,warm_repeated,warm-repeated,fastokens,14,58721208,7825575396,12490945948,7.1561393334187,4.483320008835348,1.5961696509095904,win,material_win
verda-amd-epyc-9655-32c,198bafb07ddea8ca108101f41fb68707e2e354fbe0f02c72aeafc42b5ac2f0fc,e23b4ff90410bc70a095af8c2c0b0dd63b848493,131b836037daaf7026091cf1057ec66ea3f8bf6df69c9d19e247bcba09ff424b,964c40835860a00ee8e98dcc228cdbf0ded4ae08f13c84a4f2972fcd674427a5,0-31,32,ecb6f9fc369894346f0511f4074ca75cee5cd5f3b06d02f1ba35fcd39f8e121d,deepseek-r1,repeated-chat140,1,False,warm_repeated,warm-repeated,gigatoken,14,58721208,7825575396,299410999,7.1561393334187,187.0369094154394,0.03826057303761233,loss,material_loss
verda-amd-epyc-9655-32c,198bafb07ddea8ca108101f41fb68707e2e354fbe0f02c72aeafc42b5ac2f0fc,e23b4ff90410bc70a095af8c2c0b0dd63b848493,131b836037daaf7026091cf1057ec66ea3f8bf6df69c9d19e247bcba09ff424b,964c40835860a00ee8e98dcc228cdbf0ded4ae08f13c84a4f2972fcd674427a5,0-31,32,ecb6f9fc369894346f0511f4074ca75cee5cd5f3b06d02f1ba35fcd39f8e121d,deepseek-r1,repeated-chat140,1,False,warm_repeated,warm-repeated,huggingface,14,58721208,7825575396,10895520994,7.1561393334187,5.139810012645387,1.3922964692882758,win,material_win
verda-amd-epyc-9655-32c,198bafb07ddea8ca108101f41fb68707e2e354fbe0f02c72aeafc42b5ac2f0fc,e23b4ff90410bc70a095af8c2c0b0dd63b848493,131b836037daaf7026091cf1057ec66ea3f8bf6df69c9d19e247bcba09ff424b,964c40835860a00ee8e98dcc228cdbf0ded4ae08f13c84a4f2972fcd674427a5,0-31,32,ecb6f9fc369894346f0511f4074ca75cee5cd5f3b06d02f1ba35fcd39f8e121d,deepseek-r1,repeated-chat140,1,False,warm_repeated,warm-repeated,iree,14,58721208,7825575396,3579361547,7.1561393334187,15.645501903792235,0.45739276230468257,loss,material_loss
verda-amd-epyc-9655-32c,198bafb07ddea8ca108101f41fb68707e2e354fbe0f02c72aeafc42b5ac2f0fc,e23b4ff90410bc70a095af8c2c0b0dd63b848493,131b836037daaf7026091cf1057ec66ea3f8bf6df69c9d19e247bcba09ff424b,964c40835860a00ee8e98dcc228cdbf0ded4ae08f13c84a4f2972fcd674427a5,0-31,32,ecb6f9fc369894346f0511f4074ca75cee5cd5f3b06d02f1ba35fcd39f8e121d,deepseek-r1,repeated-chat140,1,False,warm_repeated,warm-repeated,kitoken,14,58721208,7825575396,3101788694,7.1561393334187,18.054391650300218,0.39636557531417593,loss,material_loss
verda-amd-epyc-9655-32c,198bafb07ddea8ca108101f41fb68707e2e354fbe0f02c72aeafc42b5ac2f0fc,e23b4ff90410bc70a095af8c2c0b0dd63b848493,131b836037daaf7026091cf1057ec66ea3f8bf6df69c9d19e247bcba09ff424b,964c40835860a00ee8e98dcc228cdbf0ded4ae08f13c84a4f2972fcd674427a5,0-31,32,ecb6f9fc369894346f0511f4074ca75cee5cd5f3b06d02f1ba35fcd39f8e121d,deepseek-r1,repeated-chat140,32,False,warm_repeated,warm-repeated,fastokens,14,58732800,1017946600,3253929919,55.024460900625826,17.213635291763946,3.1965624906060888,win,material_win
verda-amd-epyc-9655-32c,198bafb07ddea8ca108101f41fb68707e2e354fbe0f02c72aeafc42b5ac2f0fc,e23b4ff90410bc70a095af8c2c0b0dd63b848493,131b836037daaf7026091cf1057ec66ea3f8bf6df69c9d19e247bcba09ff424b,964c40835860a00ee8e98dcc228cdbf0ded4ae08f13c84a4f2972fcd674427a5,0-31,32,ecb6f9fc369894346f0511f4074ca75cee5cd5f3b06d02f1ba35fcd39f8e121d,deepseek-r1,repeated-chat140,32,False,warm_repeated,warm-repeated,gigatoken,14,58732800,1017946600,150287064,55.024460900625826,372.6998279148297,0.1476374733212921,loss,material_loss
verda-amd-epyc-9655-32c,198bafb07ddea8ca108101f41fb68707e2e354fbe0f02c72aeafc42b5ac2f0fc,e23b4ff90410bc70a095af8c2c0b0dd63b848493,131b836037daaf7026091cf1057ec66ea3f8bf6df69c9d19e247bcba09ff424b,964c40835860a00ee8e98dcc228cdbf0ded4ae08f13c84a4f2972fcd674427a5,0-31,32,ecb6f9fc369894346f0511f4074ca75cee5cd5f3b06d02f1ba35fcd39f8e121d,deepseek-r1,repeated-chat140,32,False,warm_repeated,warm-repeated,huggingface,14,58732800,1017946600,3324850676,55.024460900625826,16.84645969063815,3.266232900625632,win,material_win
verda-amd-epyc-9655-32c,198bafb07ddea8ca108101f41fb68707e2e354fbe0f02c72aeafc42b5ac2f0fc,e23b4ff90410bc70a095af8c2c0b0dd63b848493,131b836037daaf7026091cf1057ec66ea3f8bf6df69c9d19e247bcba09ff424b,964c40835860a00ee8e98dcc228cdbf0ded4ae08f13c84a4f2972fcd674427a5,0-31,32,ecb6f9fc369894346f0511f4074ca75cee5cd5f3b06d02f1ba35fcd39f8e121d,deepseek-r1,repeated-chat140,32,False,warm_repeated,warm-repeated,iree,14,58732800,1017946600,3405136303,55.024460900625826,16.4492572121936,3.345103076133856,win,material_win
verda-amd-epyc-9655-32c,198bafb07ddea8ca108101f41fb68707e2e354fbe0f02c72aeafc42b5ac2f0fc,e23b4ff90410bc70a095af8c2c0b0dd63b848493,131b836037daaf7026091cf1057ec66ea3f8bf6df69c9d19e247bcba09ff424b,964c40835860a00ee8e98dcc228cdbf0ded4ae08f13c84a4f2972fcd674427a5,0-31,32,ecb6f9fc369894346f0511f4074ca75cee5cd5f3b06d02f1ba35fcd39f8e121d,deepseek-r1,repeated-chat140,32,False,warm_repeated,warm-repeated,kitoken,14,58732800,1017946600,3464390076,55.024460900625826,16.167914600222115,3.403312193390105,win,material_win
verda-amd-epyc-9655-32c,198bafb07ddea8ca108101f41fb68707e2e354fbe0f02c72aeafc42b5ac2f0fc,e23b4ff90410bc70a095af8c2c0b0dd63b848493,131b836037daaf7026091cf1057ec66ea3f8bf6df69c9d19e247bcba09ff424b,964c40835860a00ee8e98dcc228cdbf0ded4ae08f13c84a4f2972fcd674427a5,0-31,32,ecb6f9fc369894346f0511f4074ca75cee5cd5f3b06d02f1ba35fcd39f8e121d,deepseek-r1,repeated-chat140,512,False,warm_repeated,warm-repeated,fastokens,14,59351040,356007755,1142368136,158.98968970493354,49.54756765029378,3.2088293582256373,win,material_win
verda-amd-epyc-9655-32c,198bafb07ddea8ca108101f41fb68707e2e354fbe0f02c72aeafc42b5ac2f0fc,e23b4ff90410bc70a095af8c2c0b0dd63b848493,131b836037daaf7026091cf1057ec66ea3f8bf6df69c9d19e247bcba09ff424b,964c40835860a00ee8e98dcc228cdbf0ded4ae08f13c84a4f2972fcd674427a5,0-31,32,ecb6f9fc369894346f0511f4074ca75cee5cd5f3b06d02f1ba35fcd39f8e121d,deepseek-r1,repeated-chat140,512,False,warm_repeated,warm-repeated,gigatoken,14,59351040,356007755,152509818,158.98968970493354,371.1338931635208,0.428389033266986,loss,material_loss
verda-amd-epyc-9655-32c,198bafb07ddea8ca108101f41fb68707e2e354fbe0f02c72aeafc42b5ac2f0fc,e23b4ff90410bc70a095af8c2c0b0dd63b848493,131b836037daaf7026091cf1057ec66ea3f8bf6df69c9d19e247bcba09ff424b,964c40835860a00ee8e98dcc228cdbf0ded4ae08f13c84a4f2972fcd674427a5,0-31,32,ecb6f9fc369894346f0511f4074ca75cee5cd5f3b06d02f1ba35fcd39f8e121d,deepseek-r1,repeated-chat140,512,False,warm_repeated,warm-repeated,huggingface,14,59351040,356007755,1329170367,158.98968970493354,42.5841290968233,3.733543295988033,win,material_win
verda-amd-epyc-9655-32c,198bafb07ddea8ca108101f41fb68707e2e354fbe0f02c72aeafc42b5ac2f0fc,e23b4ff90410bc70a095af8c2c0b0dd63b848493,131b836037daaf7026091cf1057ec66ea3f8bf6df69c9d19e247bcba09ff424b,964c40835860a00ee8e98dcc228cdbf0ded4ae08f13c84a4f2972fcd674427a5,0-31,32,ecb6f9fc369894346f0511f4074ca75cee5cd5f3b06d02f1ba35fcd39f8e121d,deepseek-r1,repeated-chat140,512,False,warm_repeated,warm-repeated,iree,14,59351040,356007755,3443406071,158.98968970493354,16.437667046211118,9.672278265399022,win,material_win
verda-amd-epyc-9655-32c,198bafb07ddea8ca108101f41fb68707e2e354fbe0f02c72aeafc42b5ac2f0fc,e23b4ff90410bc70a095af8c2c0b0dd63b848493,131b836037daaf7026091cf1057ec66ea3f8bf6df69c9d19e247bcba09ff424b,964c40835860a00ee8e98dcc228cdbf0ded4ae08f13c84a4f2972fcd674427a5,0-31,32,ecb6f9fc369894346f0511f4074ca75cee5cd5f3b06d02f1ba35fcd39f8e121d,deepseek-r1,repeated-chat140,512,False,warm_repeated,warm-repeated,kitoken,14,59351040,356007755,1666653913,158.98968970493354,33.961197377874576,4.681510134519401,win,material_win
verda-amd-epyc-9655-32c,198bafb07ddea8ca108101f41fb68707e2e354fbe0f02c72aeafc42b5ac2f0fc,e23b4ff90410bc70a095af8c2c0b0dd63b848493,131b836037daaf7026091cf1057ec66ea3f8bf6df69c9d19e247bcba09ff424b,964c40835860a00ee8e98dcc228cdbf0ded4ae08f13c84a4f2972fcd674427a5,0-31,32,ecb6f9fc369894346f0511f4074ca75cee5cd5f3b06d02f1ba35fcd39f8e121d,deepseek-r1,rust-code-4096,1,False,novel_inputs_persistent_instance,core-novel,fastokens,14,58720247,1335705451,1766038166,41.925404568054844,31.709389125926258,1.3221763560804694,win,material_win
verda-amd-epyc-9655-32c,198bafb07ddea8ca108101f41fb68707e2e354fbe0f02c72aeafc42b5ac2f0fc,e23b4ff90410bc70a095af8c2c0b0dd63b848493,131b836037daaf7026091cf1057ec66ea3f8bf6df69c9d19e247bcba09ff424b,964c40835860a00ee8e98dcc228cdbf0ded4ae08f13c84a4f2972fcd674427a5,0-31,32,ecb6f9fc369894346f0511f4074ca75cee5cd5f3b06d02f1ba35fcd39f8e121d,deepseek-r1,rust-code-4096,1,False,novel_inputs_persistent_instance,core-novel,gigatoken,14,58720247,1335705451,248372765,41.925404568054844,225.46752022884294,0.18594875450575668,loss,material_loss
verda-amd-epyc-9655-32c,198bafb07ddea8ca108101f41fb68707e2e354fbe0f02c72aeafc42b5ac2f0fc,e23b4ff90410bc70a095af8c2c0b0dd63b848493,131b836037daaf7026091cf1057ec66ea3f8bf6df69c9d19e247bcba09ff424b,964c40835860a00ee8e98dcc228cdbf0ded4ae08f13c84a4f2972fcd674427a5,0-31,32,ecb6f9fc369894346f0511f4074ca75cee5cd5f3b06d02f1ba35fcd39f8e121d,deepseek-r1,rust-code-4096,1,False,novel_inputs_persistent_instance,core-novel,huggingface,14,58720247,1335705451,10011746783,41.925404568054844,5.593428662420772,7.495474975792399,win,material_win
verda-amd-epyc-9655-32c,198bafb07ddea8ca108101f41fb68707e2e354fbe0f02c72aeafc42b5ac2f0fc,e23b4ff90410bc70a095af8c2c0b0dd63b848493,131b836037daaf7026091cf1057ec66ea3f8bf6df69c9d19e247bcba09ff424b,964c40835860a00ee8e98dcc228cdbf0ded4ae08f13c84a4f2972fcd674427a5,0-31,32,ecb6f9fc369894346f0511f4074ca75cee5cd5f3b06d02f1ba35fcd39f8e121d,deepseek-r1,rust-code-4096,1,False,novel_inputs_persistent_instance,core-novel,kitoken,14,58720247,1335705451,2683876599,41.925404568054844,20.865337638025718,2.0093326691080486,win,material_win
verda-amd-epyc-9655-32c,198bafb07ddea8ca108101f41fb68707e2e354fbe0f02c72aeafc42b5ac2f0fc,e23b4ff90410bc70a095af8c2c0b0dd63b848493,131b836037daaf7026091cf1057ec66ea3f8bf6df69c9d19e247bcba09ff424b,964c40835860a00ee8e98dcc228cdbf0ded4ae08f13c84a4f2972fcd674427a5,0-31,32,9340665016419c825c4bdabbcc9acc43b7ca2c68ce142724afa829abb1be5efd,glm-4-7,enwik8-140,1,False,novel_inputs_persistent_instance,core-novel,fastokens,16,67108250,15495463658,12662644974,4.130203255384882,5.054190066560238,0.8171840000065134,loss,material_loss
verda-amd-epyc-9655-32c,198bafb07ddea8ca108101f41fb68707e2e354fbe0f02c72aeafc42b5ac2f0fc,e23b4ff90410bc70a095af8c2c0b0dd63b848493,131b836037daaf7026091cf1057ec66ea3f8bf6df69c9d19e247bcba09ff424b,964c40835860a00ee8e98dcc228cdbf0ded4ae08f13c84a4f2972fcd674427a5,0-31,32,9340665016419c825c4bdabbcc9acc43b7ca2c68ce142724afa829abb1be5efd,glm-4-7,enwik8-140,1,False,novel_inputs_persistent_instance,core-novel,gigatoken,16,67108250,15495463658,590561852,4.130203255384882,108.37038360542415,0.038111918754693386,loss,material_loss
verda-amd-epyc-9655-32c,198bafb07ddea8ca108101f41fb68707e2e354fbe0f02c72aeafc42b5ac2f0fc,e23b4ff90410bc70a095af8c2c0b0dd63b848493,131b836037daaf7026091cf1057ec66ea3f8bf6df69c9d19e247bcba09ff424b,964c40835860a00ee8e98dcc228cdbf0ded4ae08f13c84a4f2972fcd674427a5,0-31,32,9340665016419c825c4bdabbcc9acc43b7ca2c68ce142724afa829abb1be5efd,glm-4-7,enwik8-140,1,False,novel_inputs_persistent_instance,core-novel,huggingface,16,67108250,15495463658,11318692596,4.130203255384882,5.654311564799187,0.7304520113637506,loss,material_loss
verda-amd-epyc-9655-32c,198bafb07ddea8ca108101f41fb68707e2e354fbe0f02c72aeafc42b5ac2f0fc,e23b4ff90410bc70a095af8c2c0b0dd63b848493,131b836037daaf7026091cf1057ec66ea3f8bf6df69c9d19e247bcba09ff424b,964c40835860a00ee8e98dcc228cdbf0ded4ae08f13c84a4f2972fcd674427a5,0-31,32,9340665016419c825c4bdabbcc9acc43b7ca2c68ce142724afa829abb1be5efd,glm-4-7,enwik8-140,1,False,novel_inputs_persistent_instance,core-novel,kitoken,16,67108250,15495463658,2977911280,4.130203255384882,21.491377152098945,0.19217955304374282,loss,material_loss
verda-amd-epyc-9655-32c,198bafb07ddea8ca108101f41fb68707e2e354fbe0f02c72aeafc42b5ac2f0fc,e23b4ff90410bc70a095af8c2c0b0dd63b848493,131b836037daaf7026091cf1057ec66ea3f8bf6df69c9d19e247bcba09ff424b,964c40835860a00ee8e98dcc228cdbf0ded4ae08f13c84a4f2972fcd674427a5,0-31,32,9340665016419c825c4bdabbcc9acc43b7ca2c68ce142724afa829abb1be5efd,glm-4-7,enwik8-140,1,False,novel_inputs_persistent_instance,core-novel,splintr,16,67108250,15495463658,4130730753,4.130203255384882,15.493484874919352,0.26657677654372,loss,material_loss
verda-amd-epyc-9655-32c,198bafb07ddea8ca108101f41fb68707e2e354fbe0f02c72aeafc42b5ac2f0fc,e23b4ff90410bc70a095af8c2c0b0dd63b848493,131b836037daaf7026091cf1057ec66ea3f8bf6df69c9d19e247bcba09ff424b,964c40835860a00ee8e98dcc228cdbf0ded4ae08f13c84a4f2972fcd674427a5,0-31,32,9340665016419c825c4bdabbcc9acc43b7ca2c68ce142724afa829abb1be5efd,glm-4-7,enwik8-140,32,False,novel_inputs_persistent_instance,core-novel,fastokens,16,67162008,1637694202,4465537918,39.11028199870924,14.343329570596895,2.726722676642901,win,material_win
verda-amd-epyc-9655-32c,198bafb07ddea8ca108101f41fb68707e2e354fbe0f02c72aeafc42b5ac2f0fc,e23b4ff90410bc70a095af8c2c0b0dd63b848493,131b836037daaf7026091cf1057ec66ea3f8bf6df69c9d19e247bcba09ff424b,964c40835860a00ee8e98dcc228cdbf0ded4ae08f13c84a4f2972fcd674427a5,0-31,32,9340665016419c825c4bdabbcc9acc43b7ca2c68ce142724afa829abb1be5efd,glm-4-7,enwik8-140,32,False,novel_inputs_persistent_instance,core-novel,gigatoken,16,67162008,1637694202,464399694,39.11028199870924,137.92145622703853,0.2835692362059178,loss,material_loss
verda-amd-epyc-9655-32c,198bafb07ddea8ca108101f41fb68707e2e354fbe0f02c72aeafc42b5ac2f0fc,e23b4ff90410bc70a095af8c2c0b0dd63b848493,131b836037daaf7026091cf1057ec66ea3f8bf6df69c9d19e247bcba09ff424b,964c40835860a00ee8e98dcc228cdbf0ded4ae08f13c84a4f2972fcd674427a5,0-31,32,9340665016419c825c4bdabbcc9acc43b7ca2c68ce142724afa829abb1be5efd,glm-4-7,enwik8-140,32,False,novel_inputs_persistent_instance,core-novel,huggingface,16,67162008,1637694202,3658478304,39.11028199870924,17.507465330009264,2.2339202883738363,win,material_win
verda-amd-epyc-9655-32c,198bafb07ddea8ca108101f41fb68707e2e354fbe0f02c72aeafc42b5ac2f0fc,e23b4ff90410bc70a095af8c2c0b0dd63b848493,131b836037daaf7026091cf1057ec66ea3f8bf6df69c9d19e247bcba09ff424b,964c40835860a00ee8e98dcc228cdbf0ded4ae08f13c84a4f2972fcd674427a5,0-31,32,9340665016419c825c4bdabbcc9acc43b7ca2c68ce142724afa829abb1be5efd,glm-4-7,enwik8-140,32,False,novel_inputs_persistent_instance,core-novel,kitoken,16,67162008,1637694202,3485673540,39.11028199870924,18.375410471707884,2.128403175478788,win,material_win
verda-amd-epyc-9655-32c,198bafb07ddea8ca108101f41fb68707e2e354fbe0f02c72aeafc42b5ac2f0fc,e23b4ff90410bc70a095af8c2c0b0dd63b848493,131b836037daaf7026091cf1057ec66ea3f8bf6df69c9d19e247bcba09ff424b,964c40835860a00ee8e98dcc228cdbf0ded4ae08f13c84a4f2972fcd674427a5,0-31,32,9340665016419c825c4bdabbcc9acc43b7ca2c68ce142724afa829abb1be5efd,glm-4-7,enwik8-140,32,False,novel_inputs_persistent_instance,core-novel,splintr,16,67162008,1637694202,4044509485,39.11028199870924,15.836452431479733,2.469636565886798,win,material_win
verda-amd-epyc-9655-32c,198bafb07ddea8ca108101f41fb68707e2e354fbe0f02c72aeafc42b5ac2f0fc,e23b4ff90410bc70a095af8c2c0b0dd63b848493,131b836037daaf7026091cf1057ec66ea3f8bf6df69c9d19e247bcba09ff424b,964c40835860a00ee8e98dcc228cdbf0ded4ae08f13c84a4f2972fcd674427a5,0-31,32,9340665016419c825c4bdabbcc9acc43b7ca2c68ce142724afa829abb1be5efd,glm-4-7,enwik8-140,512,False,novel_inputs_persistent_instance,core-novel,fastokens,16,67663752,598502915,1921413604,107.81765772031709,33.58422273046529,3.210366325450562,win,material_win
verda-amd-epyc-9655-32c,198bafb07ddea8ca108101f41fb68707e2e354fbe0f02c72aeafc42b5ac2f0fc,e23b4ff90410bc70a095af8c2c0b0dd63b848493,131b836037daaf7026091cf1057ec66ea3f8bf6df69c9d19e247bcba09ff424b,964c40835860a00ee8e98dcc228cdbf0ded4ae08f13c84a4f2972fcd674427a5,0-31,32,9340665016419c825c4bdabbcc9acc43b7ca2c68ce142724afa829abb1be5efd,glm-4-7,enwik8-140,512,False,novel_inputs_persistent_instance,core-novel,gigatoken,16,67663752,598502915,469752389,107.81765772031709,137.36850294992757,0.7848790327111439,loss,material_loss
verda-amd-epyc-9655-32c,198bafb07ddea8ca108101f41fb68707e2e354fbe0f02c72aeafc42b5ac2f0fc,e23b4ff90410bc70a095af8c2c0b0dd63b848493,131b836037daaf7026091cf1057ec66ea3f8bf6df69c9d19e247bcba09ff424b,964c40835860a00ee8e98dcc228cdbf0ded4ae08f13c84a4f2972fcd674427a5,0-31,32,9340665016419c825c4bdabbcc9acc43b7ca2c68ce142724afa829abb1be5efd,glm-4-7,enwik8-140,512,False,novel_inputs_persistent_instance,core-novel,huggingface,16,67663752,598502915,1420703564,107.81765772031709,45.42058179427642,2.373762146171001,win,material_win
verda-amd-epyc-9655-32c,198bafb07ddea8ca108101f41fb68707e2e354fbe0f02c72aeafc42b5ac2f0fc,e23b4ff90410bc70a095af8c2c0b0dd63b848493,131b836037daaf7026091cf1057ec66ea3f8bf6df69c9d19e247bcba09ff424b,964c40835860a00ee8e98dcc228cdbf0ded4ae08f13c84a4f2972fcd674427a5,0-31,32,9340665016419c825c4bdabbcc9acc43b7ca2c68ce142724afa829abb1be5efd,glm-4-7,enwik8-140,512,False,novel_inputs_persistent_instance,core-novel,kitoken,16,67663752,598502915,1601779980,107.81765772031709,40.285921437276315,2.676311075276885,win,material_win
verda-amd-epyc-9655-32c,198bafb07ddea8ca108101f41fb68707e2e354fbe0f02c72aeafc42b5ac2f0fc,e23b4ff90410bc70a095af8c2c0b0dd63b848493,131b836037daaf7026091cf1057ec66ea3f8bf6df69c9d19e247bcba09ff424b,964c40835860a00ee8e98dcc228cdbf0ded4ae08f13c84a4f2972fcd674427a5,0-31,32,9340665016419c825c4bdabbcc9acc43b7ca2c68ce142724afa829abb1be5efd,glm-4-7,enwik8-140,512,False,novel_inputs_persistent_instance,core-novel,splintr,16,67663752,598502915,2689685600,107.81765772031709,23.991347700297027,4.494022556264409,win,material_win
verda-amd-epyc-9655-32c,198bafb07ddea8ca108101f41fb68707e2e354fbe0f02c72aeafc42b5ac2f0fc,e23b4ff90410bc70a095af8c2c0b0dd63b848493,131b836037daaf7026091cf1057ec66ea3f8bf6df69c9d19e247bcba09ff424b,964c40835860a00ee8e98dcc228cdbf0ded4ae08f13c84a4f2972fcd674427a5,0-31,32,9340665016419c825c4bdabbcc9acc43b7ca2c68ce142724afa829abb1be5efd,glm-4-7,enwik8-65536,1,False,novel_inputs_persistent_instance,core-novel,fastokens,16,67108862,606501293,796830716,105.52326735542734,80.3181865452227,1.3138153623029456,win,material_win
verda-amd-epyc-9655-32c,198bafb07ddea8ca108101f41fb68707e2e354fbe0f02c72aeafc42b5ac2f0fc,e23b4ff90410bc70a095af8c2c0b0dd63b848493,131b836037daaf7026091cf1057ec66ea3f8bf6df69c9d19e247bcba09ff424b,964c40835860a00ee8e98dcc228cdbf0ded4ae08f13c84a4f2972fcd674427a5,0-31,32,9340665016419c825c4bdabbcc9acc43b7ca2c68ce142724afa829abb1be5efd,glm-4-7,enwik8-65536,1,False,novel_inputs_persistent_instance,core-novel,gigatoken,16,67108862,606501293,323022392,105.52326735542734,198.1286736699398,0.5325996757602955,loss,material_loss
verda-amd-epyc-9655-32c,198bafb07ddea8ca108101f41fb68707e2e354fbe0f02c72aeafc42b5ac2f0fc,e23b4ff90410bc70a095af8c2c0b0dd63b848493,131b836037daaf7026091cf1057ec66ea3f8bf6df69c9d19e247bcba09ff424b,964c40835860a00ee8e98dcc228cdbf0ded4ae08f13c84a4f2972fcd674427a5,0-31,32,9340665016419c825c4bdabbcc9acc43b7ca2c68ce142724afa829abb1be5efd,glm-4-7,enwik8-65536,1,False,novel_inputs_persistent_instance,core-novel,huggingface,16,67108862,606501293,11360319666,105.52326735542734,5.633644120437497,18.730907579450122,win,material_win
verda-amd-epyc-9655-32c,198bafb07ddea8ca108101f41fb68707e2e354fbe0f02c72aeafc42b5ac2f0fc,e23b4ff90410bc70a095af8c2c0b0dd63b848493,131b836037daaf7026091cf1057ec66ea3f8bf6df69c9d19e247bcba09ff424b,964c40835860a00ee8e98dcc228cdbf0ded4ae08f13c84a4f2972fcd674427a5,0-31,32,9340665016419c825c4bdabbcc9acc43b7ca2c68ce142724afa829abb1be5efd,glm-4-7,enwik8-65536,1,False,novel_inputs_persistent_instance,core-novel,kitoken,16,67108862,606501293,2542419238,105.52326735542734,25.172873590665997,4.191943640258653,win,material_win
verda-amd-epyc-9655-32c,198bafb07ddea8ca108101f41fb68707e2e354fbe0f02c72aeafc42b5ac2f0fc,e23b4ff90410bc70a095af8c2c0b0dd63b848493,131b836037daaf7026091cf1057ec66ea3f8bf6df69c9d19e247bcba09ff424b,964c40835860a00ee8e98dcc228cdbf0ded4ae08f13c84a4f2972fcd674427a5,0-31,32,9340665016419c825c4bdabbcc9acc43b7ca2c68ce142724afa829abb1be5efd,glm-4-7,enwik8-65536,1,False,novel_inputs_persistent_instance,core-novel,splintr,16,67108862,606501293,4006393255,105.52326735542734,15.974467312408494,6.605745612153212,win,material_win
verda-amd-epyc-9655-32c,198bafb07ddea8ca108101f41fb68707e2e354fbe0f02c72aeafc42b5ac2f0fc,e23b4ff90410bc70a095af8c2c0b0dd63b848493,131b836037daaf7026091cf1057ec66ea3f8bf6df69c9d19e247bcba09ff424b,964c40835860a00ee8e98dcc228cdbf0ded4ae08f13c84a4f2972fcd674427a5,0-31,32,9340665016419c825c4bdabbcc9acc43b7ca2c68ce142724afa829abb1be5efd,glm-4-7,rust-code-4096,1,False,novel_inputs_persistent_instance,core-novel,fastokens,16,67108855,861730436,1291427367,74.26915511306271,49.557561696716895,1.4986442546866245,win,material_win
verda-amd-epyc-9655-32c,198bafb07ddea8ca108101f41fb68707e2e354fbe0f02c72aeafc42b5ac2f0fc,e23b4ff90410bc70a095af8c2c0b0dd63b848493,131b836037daaf7026091cf1057ec66ea3f8bf6df69c9d19e247bcba09ff424b,964c40835860a00ee8e98dcc228cdbf0ded4ae08f13c84a4f2972fcd674427a5,0-31,32,9340665016419c825c4bdabbcc9acc43b7ca2c68ce142724afa829abb1be5efd,glm-4-7,rust-code-4096,1,False,novel_inputs_persistent_instance,core-novel,gigatoken,16,67108855,861730436,203825327,74.26915511306271,313.99430266549336,0.23653026339201974,loss,material_loss
verda-amd-epyc-9655-32c,198bafb07ddea8ca108101f41fb68707e2e354fbe0f02c72aeafc42b5ac2f0fc,e23b4ff90410bc70a095af8c2c0b0dd63b848493,131b836037daaf7026091cf1057ec66ea3f8bf6df69c9d19e247bcba09ff424b,964c40835860a00ee8e98dcc228cdbf0ded4ae08f13c84a4f2972fcd674427a5,0-31,32,9340665016419c825c4bdabbcc9acc43b7ca2c68ce142724afa829abb1be5efd,glm-4-7,rust-code-4096,1,False,novel_inputs_persistent_instance,core-novel,huggingface,16,67108855,861730436,9615371630,74.26915511306271,6.656008096166653,11.158212856717526,win,material_win
verda-amd-epyc-9655-32c,198bafb07ddea8ca108101f41fb68707e2e354fbe0f02c72aeafc42b5ac2f0fc,e23b4ff90410bc70a095af8c2c0b0dd63b848493,131b836037daaf7026091cf1057ec66ea3f8bf6df69c9d19e247bcba09ff424b,964c40835860a00ee8e98dcc228cdbf0ded4ae08f13c84a4f2972fcd674427a5,0-31,32,9340665016419c825c4bdabbcc9acc43b7ca2c68ce142724afa829abb1be5efd,glm-4-7,rust-code-4096,1,False,novel_inputs_persistent_instance,core-novel,kitoken,16,67108855,861730436,2630345992,74.26915511306271,24.331396558316786,3.0524000106223474,win,material_win
verda-amd-epyc-9655-32c,198bafb07ddea8ca108101f41fb68707e2e354fbe0f02c72aeafc42b5ac2f0fc,e23b4ff90410bc70a095af8c2c0b0dd63b848493,131b836037daaf7026091cf1057ec66ea3f8bf6df69c9d19e247bcba09ff424b,964c40835860a00ee8e98dcc228cdbf0ded4ae08f13c84a4f2972fcd674427a5,0-31,32,9340665016419c825c4bdabbcc9acc43b7ca2c68ce142724afa829abb1be5efd,glm-4-7,rust-code-4096,1,False,novel_inputs_persistent_instance,core-novel,splintr,16,67108855,861730436,3300508000,74.26915511306271,19.390951761647344,3.8300933355915494,win,material_win
verda-amd-epyc-9655-32c,198bafb07ddea8ca108101f41fb68707e2e354fbe0f02c72aeafc42b5ac2f0fc,e23b4ff90410bc70a095af8c2c0b0dd63b848493,131b836037daaf7026091cf1057ec66ea3f8bf6df69c9d19e247bcba09ff424b,964c40835860a00ee8e98dcc228cdbf0ded4ae08f13c84a4f2972fcd674427a5,0-31,32,8414cab924d8b9b33013f0d221c5862f365ee9be39c5c2bfae8a5a9e970478a6,gpt-2,enwik8-140,1,False,novel_inputs_persistent_instance,core-novel,gigatoken,14,58719738,12126854208,365090462,4.617809782834003,153.38528892245918,0.0301059496335952,loss,material_loss
verda-amd-epyc-9655-32c,198bafb07ddea8ca108101f41fb68707e2e354fbe0f02c72aeafc42b5ac2f0fc,e23b4ff90410bc70a095af8c2c0b0dd63b848493,131b836037daaf7026091cf1057ec66ea3f8bf6df69c9d19e247bcba09ff424b,964c40835860a00ee8e98dcc228cdbf0ded4ae08f13c84a4f2972fcd674427a5,0-31,32,8414cab924d8b9b33013f0d221c5862f365ee9be39c5c2bfae8a5a9e970478a6,gpt-2,enwik8-140,1,False,novel_inputs_persistent_instance,core-novel,huggingface,14,58719738,12126854208,11818166483,4.617809782834003,4.738425886727636,0.9745451112295586,loss,material_loss
verda-amd-epyc-9655-32c,198bafb07ddea8ca108101f41fb68707e2e354fbe0f02c72aeafc42b5ac2f0fc,e23b4ff90410bc70a095af8c2c0b0dd63b848493,131b836037daaf7026091cf1057ec66ea3f8bf6df69c9d19e247bcba09ff424b,964c40835860a00ee8e98dcc228cdbf0ded4ae08f13c84a4f2972fcd674427a5,0-31,32,8414cab924d8b9b33013f0d221c5862f365ee9be39c5c2bfae8a5a9e970478a6,gpt-2,enwik8-140,1,False,novel_inputs_persistent_instance,core-novel,kitoken,14,58719738,12126854208,2161969783,4.617809782834003,25.902076170092382,0.178279522942872,loss,material_loss
verda-amd-epyc-9655-32c,198bafb07ddea8ca108101f41fb68707e2e354fbe0f02c72aeafc42b5ac2f0fc,e23b4ff90410bc70a095af8c2c0b0dd63b848493,131b836037daaf7026091cf1057ec66ea3f8bf6df69c9d19e247bcba09ff424b,964c40835860a00ee8e98dcc228cdbf0ded4ae08f13c84a4f2972fcd674427a5,0-31,32,8414cab924d8b9b33013f0d221c5862f365ee9be39c5c2bfae8a5a9e970478a6,gpt-2,enwik8-140,1,False,novel_inputs_persistent_instance,core-novel,splintr,14,58719738,12126854208,3287806860,4.617809782834003,17.032480428824247,0.2711178681303068,loss,material_loss
verda-amd-epyc-9655-32c,198bafb07ddea8ca108101f41fb68707e2e354fbe0f02c72aeafc42b5ac2f0fc,e23b4ff90410bc70a095af8c2c0b0dd63b848493,131b836037daaf7026091cf1057ec66ea3f8bf6df69c9d19e247bcba09ff424b,964c40835860a00ee8e98dcc228cdbf0ded4ae08f13c84a4f2972fcd674427a5,0-31,32,8414cab924d8b9b33013f0d221c5862f365ee9be39c5c2bfae8a5a9e970478a6,gpt-2,enwik8-140,1024,False,novel_inputs_persistent_instance,deep-novel,gigatoken,14,60209272,323954863,299403070,177.24702689805883,191.7817219306334,0.9242123029960504,loss,material_loss
verda-amd-epyc-9655-32c,198bafb07ddea8ca108101f41fb68707e2e354fbe0f02c72aeafc42b5ac2f0fc,e23b4ff90410bc70a095af8c2c0b0dd63b848493,131b836037daaf7026091cf1057ec66ea3f8bf6df69c9d19e247bcba09ff424b,964c40835860a00ee8e98dcc228cdbf0ded4ae08f13c84a4f2972fcd674427a5,0-31,32,8414cab924d8b9b33013f0d221c5862f365ee9be39c5c2bfae8a5a9e970478a6,gpt-2,enwik8-140,1024,False,novel_inputs_persistent_instance,deep-novel,huggingface,14,60209272,323954863,1216637264,177.24702689805883,47.19569095486621,3.7555764798011384,win,material_win
verda-amd-epyc-9655-32c,198bafb07ddea8ca108101f41fb68707e2e354fbe0f02c72aeafc42b5ac2f0fc,e23b4ff90410bc70a095af8c2c0b0dd63b848493,131b836037daaf7026091cf1057ec66ea3f8bf6df69c9d19e247bcba09ff424b,964c40835860a00ee8e98dcc228cdbf0ded4ae08f13c84a4f2972fcd674427a5,0-31,32,8414cab924d8b9b33013f0d221c5862f365ee9be39c5c2bfae8a5a9e970478a6,gpt-2,enwik8-140,1024,False,novel_inputs_persistent_instance,deep-novel,kitoken,14,60209272,323954863,1971671524,177.24702689805883,29.122516411571386,6.086253824811391,win,material_win
verda-amd-epyc-9655-32c,198bafb07ddea8ca108101f41fb68707e2e354fbe0f02c72aeafc42b5ac2f0fc,e23b4ff90410bc70a095af8c2c0b0dd63b848493,131b836037daaf7026091cf1057ec66ea3f8bf6df69c9d19e247bcba09ff424b,964c40835860a00ee8e98dcc228cdbf0ded4ae08f13c84a4f2972fcd674427a5,0-31,32,8414cab924d8b9b33013f0d221c5862f365ee9be39c5c2bfae8a5a9e970478a6,gpt-2,enwik8-140,1024,False,novel_inputs_persistent_instance,deep-novel,splintr,14,60209272,323954863,2600068594,177.24702689805883,22.084046724160373,8.0260211867849,win,material_win
verda-amd-epyc-9655-32c,198bafb07ddea8ca108101f41fb68707e2e354fbe0f02c72aeafc42b5ac2f0fc,e23b4ff90410bc70a095af8c2c0b0dd63b848493,131b836037daaf7026091cf1057ec66ea3f8bf6df69c9d19e247bcba09ff424b,964c40835860a00ee8e98dcc228cdbf0ded4ae08f13c84a4f2972fcd674427a5,0-31,32,8414cab924d8b9b33013f0d221c5862f365ee9be39c5c2bfae8a5a9e970478a6,gpt-2,enwik8-140,128,False,novel_inputs_persistent_instance,deep-novel,gigatoken,14,58954924,804587337,301861538,69.87904762970737,186.25690843886983,0.37517560135302,loss,material_loss
verda-amd-epyc-9655-32c,198bafb07ddea8ca108101f41fb68707e2e354fbe0f02c72aeafc42b5ac2f0fc,e23b4ff90410bc70a095af8c2c0b0dd63b848493,131b836037daaf7026091cf1057ec66ea3f8bf6df69c9d19e247bcba09ff424b,964c40835860a00ee8e98dcc228cdbf0ded4ae08f13c84a4f2972fcd674427a5,0-31,32,8414cab924d8b9b33013f0d221c5862f365ee9be39c5c2bfae8a5a9e970478a6,gpt-2,enwik8-140,128,False,novel_inputs_persistent_instance,deep-novel,huggingface,14,58954924,804587337,1853261734,69.87904762970737,30.33775306153406,2.3033692537470296,win,material_win
verda-amd-epyc-9655-32c,198bafb07ddea8ca108101f41fb68707e2e354fbe0f02c72aeafc42b5ac2f0fc,e23b4ff90410bc70a095af8c2c0b0dd63b848493,131b836037daaf7026091cf1057ec66ea3f8bf6df69c9d19e247bcba09ff424b,964c40835860a00ee8e98dcc228cdbf0ded4ae08f13c84a4f2972fcd674427a5,0-31,32,8414cab924d8b9b33013f0d221c5862f365ee9be39c5c2bfae8a5a9e970478a6,gpt-2,enwik8-140,128,False,novel_inputs_persistent_instance,deep-novel,kitoken,14,58954924,804587337,3480130082,69.87904762970737,16.155659564360622,4.325360246130744,win,material_win
verda-amd-epyc-9655-32c,198bafb07ddea8ca108101f41fb68707e2e354fbe0f02c72aeafc42b5ac2f0fc,e23b4ff90410bc70a095af8c2c0b0dd63b848493,131b836037daaf7026091cf1057ec66ea3f8bf6df69c9d19e247bcba09ff424b,964c40835860a00ee8e98dcc228cdbf0ded4ae08f13c84a4f2972fcd674427a5,0-31,32,8414cab924d8b9b33013f0d221c5862f365ee9be39c5c2bfae8a5a9e970478a6,gpt-2,enwik8-140,128,False,novel_inputs_persistent_instance,deep-novel,splintr,14,58954924,804587337,3029115899,69.87904762970737,18.56112434094831,3.7648068266826327,win,material_win
verda-amd-epyc-9655-32c,198bafb07ddea8ca108101f41fb68707e2e354fbe0f02c72aeafc42b5ac2f0fc,e23b4ff90410bc70a095af8c2c0b0dd63b848493,131b836037daaf7026091cf1057ec66ea3f8bf6df69c9d19e247bcba09ff424b,964c40835860a00ee8e98dcc228cdbf0ded4ae08f13c84a4f2972fcd674427a5,0-31,32,8414cab924d8b9b33013f0d221c5862f365ee9be39c5c2bfae8a5a9e970478a6,gpt-2,enwik8-140,16,False,novel_inputs_persistent_instance,deep-novel,gigatoken,14,58735416,2358834610,314342139,23.746666029559705,178.19582789896558,0.13326162744407077,loss,material_loss
verda-amd-epyc-9655-32c,198bafb07ddea8ca108101f41fb68707e2e354fbe0f02c72aeafc42b5ac2f0fc,e23b4ff90410bc70a095af8c2c0b0dd63b848493,131b836037daaf7026091cf1057ec66ea3f8bf6df69c9d19e247bcba09ff424b,964c40835860a00ee8e98dcc228cdbf0ded4ae08f13c84a4f2972fcd674427a5,0-31,32,8414cab924d8b9b33013f0d221c5862f365ee9be39c5c2bfae8a5a9e970478a6,gpt-2,enwik8-140,16,False,novel_inputs_persistent_instance,deep-novel,huggingface,14,58735416,2358834610,5297012642,23.746666029559705,10.574726074561013,2.2456057832727834,win,material_win
verda-amd-epyc-9655-32c,198bafb07ddea8ca108101f41fb68707e2e354fbe0f02c72aeafc42b5ac2f0fc,e23b4ff90410bc70a095af8c2c0b0dd63b848493,131b836037daaf7026091cf1057ec66ea3f8bf6df69c9d19e247bcba09ff424b,964c40835860a00ee8e98dcc228cdbf0ded4ae08f13c84a4f2972fcd674427a5,0-31,32,8414cab924d8b9b33013f0d221c5862f365ee9be39c5c2bfae8a5a9e970478a6,gpt-2,enwik8-140,16,False,novel_inputs_persistent_instance,deep-novel,kitoken,14,58735416,2358834610,9390587742,23.746666029559705,5.964957598139305,3.9810284715128885,win,material_win
verda-amd-epyc-9655-32c,198bafb07ddea8ca108101f41fb68707e2e354fbe0f02c72aeafc42b5ac2f0fc,e23b4ff90410bc70a095af8c2c0b0dd63b848493,131b836037daaf7026091cf1057ec66ea3f8bf6df69c9d19e247bcba09ff424b,964c40835860a00ee8e98dcc228cdbf0ded4ae08f13c84a4f2972fcd674427a5,0-31,32,8414cab924d8b9b33013f0d221c5862f365ee9be39c5c2bfae8a5a9e970478a6,gpt-2,enwik8-140,16,False,novel_inputs_persistent_instance,deep-novel,splintr,14,58735416,2358834610,4278891852,23.746666029559705,13.090879517428084,1.813985530761735,win,material_win
verda-amd-epyc-9655-32c,198bafb07ddea8ca108101f41fb68707e2e354fbe0f02c72aeafc42b5ac2f0fc,e23b4ff90410bc70a095af8c2c0b0dd63b848493,131b836037daaf7026091cf1057ec66ea3f8bf6df69c9d19e247bcba09ff424b,964c40835860a00ee8e98dcc228cdbf0ded4ae08f13c84a4f2972fcd674427a5,0-31,32,8414cab924d8b9b33013f0d221c5862f365ee9be39c5c2bfae8a5a9e970478a6,gpt-2,enwik8-140,2,False,novel_inputs_persistent_instance,deep-novel,gigatoken,14,58719738,5125485022,334936816,10.925698886317827,167.19423879847267,0.06534734070285222,loss,material_loss
verda-amd-epyc-9655-32c,198bafb07ddea8ca108101f41fb68707e2e354fbe0f02c72aeafc42b5ac2f0fc,e23b4ff90410bc70a095af8c2c0b0dd63b848493,131b836037daaf7026091cf1057ec66ea3f8bf6df69c9d19e247bcba09ff424b,964c40835860a00ee8e98dcc228cdbf0ded4ae08f13c84a4f2972fcd674427a5,0-31,32,8414cab924d8b9b33013f0d221c5862f365ee9be39c5c2bfae8a5a9e970478a6,gpt-2,enwik8-140,2,False,novel_inputs_persistent_instance,deep-novel,huggingface,14,58719738,5125485022,11656676609,10.925698886317827,4.8040713382635545,2.2742582524319785,win,material_win
verda-amd-epyc-9655-32c,198bafb07ddea8ca108101f41fb68707e2e354fbe0f02c72aeafc42b5ac2f0fc,e23b4ff90410bc70a095af8c2c0b0dd63b848493,131b836037daaf7026091cf1057ec66ea3f8bf6df69c9d19e247bcba09ff424b,964c40835860a00ee8e98dcc228cdbf0ded4ae08f13c84a4f2972fcd674427a5,0-31,32,8414cab924d8b9b33013f0d221c5862f365ee9be39c5c2bfae8a5a9e970478a6,gpt-2,enwik8-140,2,False,novel_inputs_persistent_instance,deep-novel,kitoken,14,58719738,5125485022,6072819249,10.925698886317827,9.221335873931277,1.1848282109758939,win,material_win
verda-amd-epyc-9655-32c,198bafb07ddea8ca108101f41fb68707e2e354fbe0f02c72aeafc42b5ac2f0fc,e23b4ff90410bc70a095af8c2c0b0dd63b848493,131b836037daaf7026091cf1057ec66ea3f8bf6df69c9d19e247bcba09ff424b,964c40835860a00ee8e98dcc228cdbf0ded4ae08f13c84a4f2972fcd674427a5,0-31,32,8414cab924d8b9b33013f0d221c5862f365ee9be39c5c2bfae8a5a9e970478a6,gpt-2,enwik8-140,2,False,novel_inputs_persistent_instance,deep-novel,splintr,14,58719738,5125485022,6115973783,10.925698886317827,9.1562697917968,1.1932478110361358,win,material_win
verda-amd-epyc-9655-32c,198bafb07ddea8ca108101f41fb68707e2e354fbe0f02c72aeafc42b5ac2f0fc,e23b4ff90410bc70a095af8c2c0b0dd63b848493,131b836037daaf7026091cf1057ec66ea3f8bf6df69c9d19e247bcba09ff424b,964c40835860a00ee8e98dcc228cdbf0ded4ae08f13c84a4f2972fcd674427a5,0-31,32,8414cab924d8b9b33013f0d221c5862f365ee9be39c5c2bfae8a5a9e970478a6,gpt-2,enwik8-140,256,False,novel_inputs_persistent_instance,deep-novel,gigatoken,14,59205794,577511709,294507733,97.76952439286258,191.7200765666797,0.5099597608331782,loss,material_loss
verda-amd-epyc-9655-32c,198bafb07ddea8ca108101f41fb68707e2e354fbe0f02c72aeafc42b5ac2f0fc,e23b4ff90410bc70a095af8c2c0b0dd63b848493,131b836037daaf7026091cf1057ec66ea3f8bf6df69c9d19e247bcba09ff424b,964c40835860a00ee8e98dcc228cdbf0ded4ae08f13c84a4f2972fcd674427a5,0-31,32,8414cab924d8b9b33013f0d221c5862f365ee9be39c5c2bfae8a5a9e970478a6,gpt-2,enwik8-140,256,False,novel_inputs_persistent_instance,deep-novel,huggingface,14,59205794,577511709,1539321080,97.76952439286258,36.680485867340465,2.665437005018369,win,material_win
verda-amd-epyc-9655-32c,198bafb07ddea8ca108101f41fb68707e2e354fbe0f02c72aeafc42b5ac2f0fc,e23b4ff90410bc70a095af8c2c0b0dd63b848493,131b836037daaf7026091cf1057ec66ea3f8bf6df69c9d19e247bcba09ff424b,964c40835860a00ee8e98dcc228cdbf0ded4ae08f13c84a4f2972fcd674427a5,0-31,32,8414cab924d8b9b33013f0d221c5862f365ee9be39c5c2bfae8a5a9e970478a6,gpt-2,enwik8-140,256,False,novel_inputs_persistent_instance,deep-novel,kitoken,14,59205794,577511709,2893743384,97.76952439286258,19.512112038832832,5.010709460784283,win,material_win
verda-amd-epyc-9655-32c,198bafb07ddea8ca108101f41fb68707e2e354fbe0f02c72aeafc42b5ac2f0fc,e23b4ff90410bc70a095af8c2c0b0dd63b848493,131b836037daaf7026091cf1057ec66ea3f8bf6df69c9d19e247bcba09ff424b,964c40835860a00ee8e98dcc228cdbf0ded4ae08f13c84a4f2972fcd674427a5,0-31,32,8414cab924d8b9b33013f0d221c5862f365ee9be39c5c2bfae8a5a9e970478a6,gpt-2,enwik8-140,256,False,novel_inputs_persistent_instance,deep-novel,splintr,14,59205794,577511709,2819300591,97.76952439286258,20.027323549849623,4.881806805063411,win,material_win
verda-amd-epyc-9655-32c,198bafb07ddea8ca108101f41fb68707e2e354fbe0f02c72aeafc42b5ac2f0fc,e23b4ff90410bc70a095af8c2c0b0dd63b848493,131b836037daaf7026091cf1057ec66ea3f8bf6df69c9d19e247bcba09ff424b,964c40835860a00ee8e98dcc228cdbf0ded4ae08f13c84a4f2972fcd674427a5,0-31,32,8414cab924d8b9b33013f0d221c5862f365ee9be39c5c2bfae8a5a9e970478a6,gpt-2,enwik8-140,32,False,novel_inputs_persistent_instance,core-novel,gigatoken,14,58766776,1029068048,295517504,54.461281776381824,189.64820753629274,0.28717003173341166,loss,material_loss
verda-amd-epyc-9655-32c,198bafb07ddea8ca108101f41fb68707e2e354fbe0f02c72aeafc42b5ac2f0fc,e23b4ff90410bc70a095af8c2c0b0dd63b848493,131b836037daaf7026091cf1057ec66ea3f8bf6df69c9d19e247bcba09ff424b,964c40835860a00ee8e98dcc228cdbf0ded4ae08f13c84a4f2972fcd674427a5,0-31,32,8414cab924d8b9b33013f0d221c5862f365ee9be39c5c2bfae8a5a9e970478a6,gpt-2,enwik8-140,32,False,novel_inputs_persistent_instance,core-novel,huggingface,14,58766776,1029068048,3306780141,54.461281776381824,16.948319071569994,3.2133736417399676,win,material_win
verda-amd-epyc-9655-32c,198bafb07ddea8ca108101f41fb68707e2e354fbe0f02c72aeafc42b5ac2f0fc,e23b4ff90410bc70a095af8c2c0b0dd63b848493,131b836037daaf7026091cf1057ec66ea3f8bf6df69c9d19e247bcba09ff424b,964c40835860a00ee8e98dcc228cdbf0ded4ae08f13c84a4f2972fcd674427a5,0-31,32,8414cab924d8b9b33013f0d221c5862f365ee9be39c5c2bfae8a5a9e970478a6,gpt-2,enwik8-140,32,False,novel_inputs_persistent_instance,core-novel,kitoken,14,58766776,1029068048,8427348927,54.461281776381824,6.650296008231156,8.189301906106795,win,material_win
verda-amd-epyc-9655-32c,198bafb07ddea8ca108101f41fb68707e2e354fbe0f02c72aeafc42b5ac2f0fc,e23b4ff90410bc70a095af8c2c0b0dd63b848493,131b836037daaf7026091cf1057ec66ea3f8bf6df69c9d19e247bcba09ff424b,964c40835860a00ee8e98dcc228cdbf0ded4ae08f13c84a4f2972fcd674427a5,0-31,32,8414cab924d8b9b33013f0d221c5862f365ee9be39c5c2bfae8a5a9e970478a6,gpt-2,enwik8-140,32,False,novel_inputs_persistent_instance,core-novel,splintr,14,58766776,1029068048,3619204546,54.461281776381824,15.485271477993777,3.5169730058512125,win,material_win
verda-amd-epyc-9655-32c,198bafb07ddea8ca108101f41fb68707e2e354fbe0f02c72aeafc42b5ac2f0fc,e23b4ff90410bc70a095af8c2c0b0dd63b848493,131b836037daaf7026091cf1057ec66ea3f8bf6df69c9d19e247bcba09ff424b,964c40835860a00ee8e98dcc228cdbf0ded4ae08f13c84a4f2972fcd674427a5,0-31,32,8414cab924d8b9b33013f0d221c5862f365ee9be39c5c2bfae8a5a9e970478a6,gpt-2,enwik8-140,4,False,novel_inputs_persistent_instance,deep-novel,gigatoken,14,58719738,5438439652,306669348,10.296980306862492,182.6054881647451,0.056389215955944566,loss,material_loss
verda-amd-epyc-9655-32c,198bafb07ddea8ca108101f41fb68707e2e354fbe0f02c72aeafc42b5ac2f0fc,e23b4ff90410bc70a095af8c2c0b0dd63b848493,131b836037daaf7026091cf1057ec66ea3f8bf6df69c9d19e247bcba09ff424b,964c40835860a00ee8e98dcc228cdbf0ded4ae08f13c84a4f2972fcd674427a5,0-31,32,8414cab924d8b9b33013f0d221c5862f365ee9be39c5c2bfae8a5a9e970478a6,gpt-2,enwik8-140,4,False,novel_inputs_persistent_instance,deep-novel,huggingface,14,58719738,5438439652,9314432350,10.296980306862492,6.0121222520558755,1.7127030814021433,win,material_win
verda-amd-epyc-9655-32c,198bafb07ddea8ca108101f41fb68707e2e354fbe0f02c72aeafc42b5ac2f0fc,e23b4ff90410bc70a095af8c2c0b0dd63b848493,131b836037daaf7026091cf1057ec66ea3f8bf6df69c9d19e247bcba09ff424b,964c40835860a00ee8e98dcc228cdbf0ded4ae08f13c84a4f2972fcd674427a5,0-31,32,8414cab924d8b9b33013f0d221c5862f365ee9be39c5c2bfae8a5a9e970478a6,gpt-2,enwik8-140,4,False,novel_inputs_persistent_instance,deep-novel,kitoken,14,58719738,5438439652,8552636252,10.296980306862492,6.547630969761966,1.5726268560973635,win,material_win
verda-amd-epyc-9655-32c,198bafb07ddea8ca108101f41fb68707e2e354fbe0f02c72aeafc42b5ac2f0fc,e23b4ff90410bc70a095af8c2c0b0dd63b848493,131b836037daaf7026091cf1057ec66ea3f8bf6df69c9d19e247bcba09ff424b,964c40835860a00ee8e98dcc228cdbf0ded4ae08f13c84a4f2972fcd674427a5,0-31,32,8414cab924d8b9b33013f0d221c5862f365ee9be39c5c2bfae8a5a9e970478a6,gpt-2,enwik8-140,4,False,novel_inputs_persistent_instance,deep-novel,splintr,14,58719738,5438439652,7209363309,10.296980306862492,7.767607706327635,1.3256308372105845,win,material_win
verda-amd-epyc-9655-32c,198bafb07ddea8ca108101f41fb68707e2e354fbe0f02c72aeafc42b5ac2f0fc,e23b4ff90410bc70a095af8c2c0b0dd63b848493,131b836037daaf7026091cf1057ec66ea3f8bf6df69c9d19e247bcba09ff424b,964c40835860a00ee8e98dcc228cdbf0ded4ae08f13c84a4f2972fcd674427a5,0-31,32,8414cab924d8b9b33013f0d221c5862f365ee9be39c5c2bfae8a5a9e970478a6,gpt-2,enwik8-140,512,False,novel_inputs_persistent_instance,core-novel,gigatoken,14,59205794,396476988,295276907,142.41190997001635,191.22066027411773,0.7447516903553555,loss,material_loss
verda-amd-epyc-9655-32c,198bafb07ddea8ca108101f41fb68707e2e354fbe0f02c72aeafc42b5ac2f0fc,e23b4ff90410bc70a095af8c2c0b0dd63b848493,131b836037daaf7026091cf1057ec66ea3f8bf6df69c9d19e247bcba09ff424b,964c40835860a00ee8e98dcc228cdbf0ded4ae08f13c84a4f2972fcd674427a5,0-31,32,8414cab924d8b9b33013f0d221c5862f365ee9be39c5c2bfae8a5a9e970478a6,gpt-2,enwik8-140,512,False,novel_inputs_persistent_instance,core-novel,huggingface,14,59205794,396476988,1297037160,142.41190997001635,43.53232649112324,3.2714059056562443,win,material_win
verda-amd-epyc-9655-32c,198bafb07ddea8ca108101f41fb68707e2e354fbe0f02c72aeafc42b5ac2f0fc,e23b4ff90410bc70a095af8c2c0b0dd63b848493,131b836037daaf7026091cf1057ec66ea3f8bf6df69c9d19e247bcba09ff424b,964c40835860a00ee8e98dcc228cdbf0ded4ae08f13c84a4f2972fcd674427a5,0-31,32,8414cab924d8b9b33013f0d221c5862f365ee9be39c5c2bfae8a5a9e970478a6,gpt-2,enwik8-140,512,False,novel_inputs_persistent_instance,core-novel,kitoken,14,59205794,396476988,2411116573,142.41190997001635,23.417799766514754,6.081353132656465,win,material_win
verda-amd-epyc-9655-32c,198bafb07ddea8ca108101f41fb68707e2e354fbe0f02c72aeafc42b5ac2f0fc,e23b4ff90410bc70a095af8c2c0b0dd63b848493,131b836037daaf7026091cf1057ec66ea3f8bf6df69c9d19e247bcba09ff424b,964c40835860a00ee8e98dcc228cdbf0ded4ae08f13c84a4f2972fcd674427a5,0-31,32,8414cab924d8b9b33013f0d221c5862f365ee9be39c5c2bfae8a5a9e970478a6,gpt-2,enwik8-140,512,False,novel_inputs_persistent_instance,core-novel,splintr,14,59205794,396476988,2599233878,142.41190997001635,21.722956752043096,6.555825323208922,win,material_win
verda-amd-epyc-9655-32c,198bafb07ddea8ca108101f41fb68707e2e354fbe0f02c72aeafc42b5ac2f0fc,e23b4ff90410bc70a095af8c2c0b0dd63b848493,131b836037daaf7026091cf1057ec66ea3f8bf6df69c9d19e247bcba09ff424b,964c40835860a00ee8e98dcc228cdbf0ded4ae08f13c84a4f2972fcd674427a5,0-31,32,8414cab924d8b9b33013f0d221c5862f365ee9be39c5c2bfae8a5a9e970478a6,gpt-2,enwik8-140,64,False,novel_inputs_persistent_instance,deep-novel,gigatoken,14,58829491,1140373107,290578172,49.19808637152703,193.07773267275093,0.2548097374590227,loss,material_loss
verda-amd-epyc-9655-32c,198bafb07ddea8ca108101f41fb68707e2e354fbe0f02c72aeafc42b5ac2f0fc,e23b4ff90410bc70a095af8c2c0b0dd63b848493,131b836037daaf7026091cf1057ec66ea3f8bf6df69c9d19e247bcba09ff424b,964c40835860a00ee8e98dcc228cdbf0ded4ae08f13c84a4f2972fcd674427a5,0-31,32,8414cab924d8b9b33013f0d221c5862f365ee9be39c5c2bfae8a5a9e970478a6,gpt-2,enwik8-140,64,False,novel_inputs_persistent_instance,deep-novel,huggingface,14,58829491,1140373107,2488971468,49.19808637152703,22.54110797784068,2.1825939709747995,win,material_win
verda-amd-epyc-9655-32c,198bafb07ddea8ca108101f41fb68707e2e354fbe0f02c72aeafc42b5ac2f0fc,e23b4ff90410bc70a095af8c2c0b0dd63b848493,131b836037daaf7026091cf1057ec66ea3f8bf6df69c9d19e247bcba09ff424b,964c40835860a00ee8e98dcc228cdbf0ded4ae08f13c84a4f2972fcd674427a5,0-31,32,8414cab924d8b9b33013f0d221c5862f365ee9be39c5c2bfae8a5a9e970478a6,gpt-2,enwik8-140,64,False,novel_inputs_persistent_instance,deep-novel,kitoken,14,58829491,1140373107,5201830254,49.19808637152703,10.78546816686507,4.5615160705469,win,material_win
verda-amd-epyc-9655-32c,198bafb07ddea8ca108101f41fb68707e2e354fbe0f02c72aeafc42b5ac2f0fc,e23b4ff90410bc70a095af8c2c0b0dd63b848493,131b836037daaf7026091cf1057ec66ea3f8bf6df69c9d19e247bcba09ff424b,964c40835860a00ee8e98dcc228cdbf0ded4ae08f13c84a4f2972fcd674427a5,0-31,32,8414cab924d8b9b33013f0d221c5862f365ee9be39c5c2bfae8a5a9e970478a6,gpt-2,enwik8-140,64,False,novel_inputs_persistent_instance,deep-novel,splintr,14,58829491,1140373107,3270030071,49.19808637152703,17.157082166157437,2.8675089327584433,win,material_win
verda-amd-epyc-9655-32c,198bafb07ddea8ca108101f41fb68707e2e354fbe0f02c72aeafc42b5ac2f0fc,e23b4ff90410bc70a095af8c2c0b0dd63b848493,131b836037daaf7026091cf1057ec66ea3f8bf6df69c9d19e247bcba09ff424b,964c40835860a00ee8e98dcc228cdbf0ded4ae08f13c84a4f2972fcd674427a5,0-31,32,8414cab924d8b9b33013f0d221c5862f365ee9be39c5c2bfae8a5a9e970478a6,gpt-2,enwik8-140,8,False,novel_inputs_persistent_instance,deep-novel,gigatoken,14,58719738,4149289394,311257433,13.496167820369703,179.91379501193825,0.07501463586755068,loss,material_loss
verda-amd-epyc-9655-32c,198bafb07ddea8ca108101f41fb68707e2e354fbe0f02c72aeafc42b5ac2f0fc,e23b4ff90410bc70a095af8c2c0b0dd63b848493,131b836037daaf7026091cf1057ec66ea3f8bf6df69c9d19e247bcba09ff424b,964c40835860a00ee8e98dcc228cdbf0ded4ae08f13c84a4f2972fcd674427a5,0-31,32,8414cab924d8b9b33013f0d221c5862f365ee9be39c5c2bfae8a5a9e970478a6,gpt-2,enwik8-140,8,False,novel_inputs_persistent_instance,deep-novel,huggingface,14,58719738,4149289394,6691818193,13.496167820369703,8.368354366722423,1.612762465466153,win,material_win
verda-amd-epyc-9655-32c,198bafb07ddea8ca108101f41fb68707e2e354fbe0f02c72aeafc42b5ac2f0fc,e23b4ff90410bc70a095af8c2c0b0dd63b848493,131b836037daaf7026091cf1057ec66ea3f8bf6df69c9d19e247bcba09ff424b,964c40835860a00ee8e98dcc228cdbf0ded4ae08f13c84a4f2972fcd674427a5,0-31,32,8414cab924d8b9b33013f0d221c5862f365ee9be39c5c2bfae8a5a9e970478a6,gpt-2,enwik8-140,8,False,novel_inputs_persistent_instance,deep-novel,kitoken,14,58719738,4149289394,8816525488,13.496167820369703,6.35165248179954,2.1248278080456298,win,material_win
verda-amd-epyc-9655-32c,198bafb07ddea8ca108101f41fb68707e2e354fbe0f02c72aeafc42b5ac2f0fc,e23b4ff90410bc70a095af8c2c0b0dd63b848493,131b836037daaf7026091cf1057ec66ea3f8bf6df69c9d19e247bcba09ff424b,964c40835860a00ee8e98dcc228cdbf0ded4ae08f13c84a4f2972fcd674427a5,0-31,32,8414cab924d8b9b33013f0d221c5862f365ee9be39c5c2bfae8a5a9e970478a6,gpt-2,enwik8-140,8,False,novel_inputs_persistent_instance,deep-novel,splintr,14,58719738,4149289394,5488073941,13.496167820369703,10.203854138761885,1.3226539341738668,win,material_win
verda-amd-epyc-9655-32c,198bafb07ddea8ca108101f41fb68707e2e354fbe0f02c72aeafc42b5ac2f0fc,e23b4ff90410bc70a095af8c2c0b0dd63b848493,131b836037daaf7026091cf1057ec66ea3f8bf6df69c9d19e247bcba09ff424b,964c40835860a00ee8e98dcc228cdbf0ded4ae08f13c84a4f2972fcd674427a5,0-31,32,8414cab924d8b9b33013f0d221c5862f365ee9be39c5c2bfae8a5a9e970478a6,gpt-2,enwik8-65536,1,False,novel_inputs_persistent_instance,core-novel,gigatoken,14,58720254,552099538,192869596,101.43098162246854,290.3516119391434,0.3493384484592704,loss,material_loss
verda-amd-epyc-9655-32c,198bafb07ddea8ca108101f41fb68707e2e354fbe0f02c72aeafc42b5ac2f0fc,e23b4ff90410bc70a095af8c2c0b0dd63b848493,131b836037daaf7026091cf1057ec66ea3f8bf6df69c9d19e247bcba09ff424b,964c40835860a00ee8e98dcc228cdbf0ded4ae08f13c84a4f2972fcd674427a5,0-31,32,8414cab924d8b9b33013f0d221c5862f365ee9be39c5c2bfae8a5a9e970478a6,gpt-2,enwik8-65536,1,False,novel_inputs_persistent_instance,core-novel,huggingface,14,58720254,552099538,10269245749,101.43098162246854,5.453175380295534,18.600352005728357,win,material_win
verda-amd-epyc-9655-32c,198bafb07ddea8ca108101f41fb68707e2e354fbe0f02c72aeafc42b5ac2f0fc,e23b4ff90410bc70a095af8c2c0b0dd63b848493,131b836037daaf7026091cf1057ec66ea3f8bf6df69c9d19e247bcba09ff424b,964c40835860a00ee8e98dcc228cdbf0ded4ae08f13c84a4f2972fcd674427a5,0-31,32,8414cab924d8b9b33013f0d221c5862f365ee9be39c5c2bfae8a5a9e970478a6,gpt-2,enwik8-65536,1,False,novel_inputs_persistent_instance,core-novel,kitoken,14,58720254,552099538,1956424482,101.43098162246854,28.62364410580473,3.5436082578283195,win,material_win
verda-amd-epyc-9655-32c,198bafb07ddea8ca108101f41fb68707e2e354fbe0f02c72aeafc42b5ac2f0fc,e23b4ff90410bc70a095af8c2c0b0dd63b848493,131b836037daaf7026091cf1057ec66ea3f8bf6df69c9d19e247bcba09ff424b,964c40835860a00ee8e98dcc228cdbf0ded4ae08f13c84a4f2972fcd674427a5,0-31,32,8414cab924d8b9b33013f0d221c5862f365ee9be39c5c2bfae8a5a9e970478a6,gpt-2,enwik8-65536,1,False,novel_inputs_persistent_instance,core-novel,splintr,14,58720254,552099538,2900239014,101.43098162246854,19.308752769109315,5.253108931237685,win,material_win
verda-amd-epyc-9655-32c,198bafb07ddea8ca108101f41fb68707e2e354fbe0f02c72aeafc42b5ac2f0fc,e23b4ff90410bc70a095af8c2c0b0dd63b848493,131b836037daaf7026091cf1057ec66ea3f8bf6df69c9d19e247bcba09ff424b,964c40835860a00ee8e98dcc228cdbf0ded4ae08f13c84a4f2972fcd674427a5,0-31,32,8414cab924d8b9b33013f0d221c5862f365ee9be39c5c2bfae8a5a9e970478a6,gpt-2,repeated-chat140,1,False,warm_repeated,warm-repeated,gigatoken,14,58721208,4325830061,183040460,12.945702237087769,305.9482471686818,0.042313372790628447,loss,material_loss
verda-amd-epyc-9655-32c,198bafb07ddea8ca108101f41fb68707e2e354fbe0f02c72aeafc42b5ac2f0fc,e23b4ff90410bc70a095af8c2c0b0dd63b848493,131b836037daaf7026091cf1057ec66ea3f8bf6df69c9d19e247bcba09ff424b,964c40835860a00ee8e98dcc228cdbf0ded4ae08f13c84a4f2972fcd674427a5,0-31,32,8414cab924d8b9b33013f0d221c5862f365ee9be39c5c2bfae8a5a9e970478a6,gpt-2,repeated-chat140,1,False,warm_repeated,warm-repeated,huggingface,14,58721208,4325830061,6654181839,12.945702237087769,8.415896837944711,1.5382439312610805,win,material_win
verda-amd-epyc-9655-32c,198bafb07ddea8ca108101f41fb68707e2e354fbe0f02c72aeafc42b5ac2f0fc,e23b4ff90410bc70a095af8c2c0b0dd63b848493,131b836037daaf7026091cf1057ec66ea3f8bf6df69c9d19e247bcba09ff424b,964c40835860a00ee8e98dcc228cdbf0ded4ae08f13c84a4f2972fcd674427a5,0-31,32,8414cab924d8b9b33013f0d221c5862f365ee9be39c5c2bfae8a5a9e970478a6,gpt-2,repeated-chat140,1,False,warm_repeated,warm-repeated,kitoken,14,58721208,4325830061,1482961990,12.945702237087769,37.762874757126596,0.3428155912479799,loss,material_loss
verda-amd-epyc-9655-32c,198bafb07ddea8ca108101f41fb68707e2e354fbe0f02c72aeafc42b5ac2f0fc,e23b4ff90410bc70a095af8c2c0b0dd63b848493,131b836037daaf7026091cf1057ec66ea3f8bf6df69c9d19e247bcba09ff424b,964c40835860a00ee8e98dcc228cdbf0ded4ae08f13c84a4f2972fcd674427a5,0-31,32,8414cab924d8b9b33013f0d221c5862f365ee9be39c5c2bfae8a5a9e970478a6,gpt-2,repeated-chat140,1,False,warm_repeated,warm-repeated,splintr,14,58721208,4325830061,1740529315,12.945702237087769,32.174642170821016,0.40235730263468616,loss,material_loss
verda-amd-epyc-9655-32c,198bafb07ddea8ca108101f41fb68707e2e354fbe0f02c72aeafc42b5ac2f0fc,e23b4ff90410bc70a095af8c2c0b0dd63b848493,131b836037daaf7026091cf1057ec66ea3f8bf6df69c9d19e247bcba09ff424b,964c40835860a00ee8e98dcc228cdbf0ded4ae08f13c84a4f2972fcd674427a5,0-31,32,8414cab924d8b9b33013f0d221c5862f365ee9be39c5c2bfae8a5a9e970478a6,gpt-2,repeated-chat140,1,False,warm_repeated,warm-repeated,tokie,14,58721208,4325830061,851263817,12.945702237087769,65.78560815060371,0.19678623639764845,loss,material_loss
verda-amd-epyc-9655-32c,198bafb07ddea8ca108101f41fb68707e2e354fbe0f02c72aeafc42b5ac2f0fc,e23b4ff90410bc70a095af8c2c0b0dd63b848493,131b836037daaf7026091cf1057ec66ea3f8bf6df69c9d19e247bcba09ff424b,964c40835860a00ee8e98dcc228cdbf0ded4ae08f13c84a4f2972fcd674427a5,0-31,32,8414cab924d8b9b33013f0d221c5862f365ee9be39c5c2bfae8a5a9e970478a6,gpt-2,repeated-chat140,32,False,warm_repeated,warm-repeated,gigatoken,14,58732800,943403894,110132373,59.37219810821027,508.5876329081278,0.11673936656445473,loss,material_loss
verda-amd-epyc-9655-32c,198bafb07ddea8ca108101f41fb68707e2e354fbe0f02c72aeafc42b5ac2f0fc,e23b4ff90410bc70a095af8c2c0b0dd63b848493,131b836037daaf7026091cf1057ec66ea3f8bf6df69c9d19e247bcba09ff424b,964c40835860a00ee8e98dcc228cdbf0ded4ae08f13c84a4f2972fcd674427a5,0-31,32,8414cab924d8b9b33013f0d221c5862f365ee9be39c5c2bfae8a5a9e970478a6,gpt-2,repeated-chat140,32,False,warm_repeated,warm-repeated,huggingface,14,58732800,943403894,2973161356,59.37219810821027,18.839193768474704,3.151525422895912,win,material_win
verda-amd-epyc-9655-32c,198bafb07ddea8ca108101f41fb68707e2e354fbe0f02c72aeafc42b5ac2f0fc,e23b4ff90410bc70a095af8c2c0b0dd63b848493,131b836037daaf7026091cf1057ec66ea3f8bf6df69c9d19e247bcba09ff424b,964c40835860a00ee8e98dcc228cdbf0ded4ae08f13c84a4f2972fcd674427a5,0-31,32,8414cab924d8b9b33013f0d221c5862f365ee9be39c5c2bfae8a5a9e970478a6,gpt-2,repeated-chat140,32,False,warm_repeated,warm-repeated,kitoken,14,58732800,943403894,7166111713,59.37219810821027,7.8162279816283124,7.596016678091006,win,material_win
verda-amd-epyc-9655-32c,198bafb07ddea8ca108101f41fb68707e2e354fbe0f02c72aeafc42b5ac2f0fc,e23b4ff90410bc70a095af8c2c0b0dd63b848493,131b836037daaf7026091cf1057ec66ea3f8bf6df69c9d19e247bcba09ff424b,964c40835860a00ee8e98dcc228cdbf0ded4ae08f13c84a4f2972fcd674427a5,0-31,32,8414cab924d8b9b33013f0d221c5862f365ee9be39c5c2bfae8a5a9e970478a6,gpt-2,repeated-chat140,32,False,warm_repeated,warm-repeated,splintr,14,58732800,943403894,2124602336,59.37219810821027,26.363504332805647,2.252060172225662,win,material_win
verda-amd-epyc-9655-32c,198bafb07ddea8ca108101f41fb68707e2e354fbe0f02c72aeafc42b5ac2f0fc,e23b4ff90410bc70a095af8c2c0b0dd63b848493,131b836037daaf7026091cf1057ec66ea3f8bf6df69c9d19e247bcba09ff424b,964c40835860a00ee8e98dcc228cdbf0ded4ae08f13c84a4f2972fcd674427a5,0-31,32,8414cab924d8b9b33013f0d221c5862f365ee9be39c5c2bfae8a5a9e970478a6,gpt-2,repeated-chat140,32,False,warm_repeated,warm-repeated,tokie,14,58732800,943403894,608788049,59.37219810821027,92.00568733671872,0.6453100870919237,loss,material_loss
verda-amd-epyc-9655-32c,198bafb07ddea8ca108101f41fb68707e2e354fbe0f02c72aeafc42b5ac2f0fc,e23b4ff90410bc70a095af8c2c0b0dd63b848493,131b836037daaf7026091cf1057ec66ea3f8bf6df69c9d19e247bcba09ff424b,964c40835860a00ee8e98dcc228cdbf0ded4ae08f13c84a4f2972fcd674427a5,0-31,32,8414cab924d8b9b33013f0d221c5862f365ee9be39c5c2bfae8a5a9e970478a6,gpt-2,repeated-chat140,512,False,warm_repeated,warm-repeated,gigatoken,14,59351040,313334928,105504565,180.64236522013275,536.4844876617424,0.33671498314417087,loss,material_loss
verda-amd-epyc-9655-32c,198bafb07ddea8ca108101f41fb68707e2e354fbe0f02c72aeafc42b5ac2f0fc,e23b4ff90410bc70a095af8c2c0b0dd63b848493,131b836037daaf7026091cf1057ec66ea3f8bf6df69c9d19e247bcba09ff424b,964c40835860a00ee8e98dcc228cdbf0ded4ae08f13c84a4f2972fcd674427a5,0-31,32,8414cab924d8b9b33013f0d221c5862f365ee9be39c5c2bfae8a5a9e970478a6,gpt-2,repeated-chat140,512,False,warm_repeated,warm-repeated,huggingface,14,59351040,313334928,1071568594,180.64236522013275,52.82122191423613,3.419882363066782,win,material_win
verda-amd-epyc-9655-32c,198bafb07ddea8ca108101f41fb68707e2e354fbe0f02c72aeafc42b5ac2f0fc,e23b4ff90410bc70a095af8c2c0b0dd63b848493,131b836037daaf7026091cf1057ec66ea3f8bf6df69c9d19e247bcba09ff424b,964c40835860a00ee8e98dcc228cdbf0ded4ae08f13c84a4f2972fcd674427a5,0-31,32,8414cab924d8b9b33013f0d221c5862f365ee9be39c5c2bfae8a5a9e970478a6,gpt-2,repeated-chat140,512,False,warm_repeated,warm-repeated,kitoken,14,59351040,313334928,1624208440,180.64236522013275,34.84870605647142,5.183617576142038,win,material_win
verda-amd-epyc-9655-32c,198bafb07ddea8ca108101f41fb68707e2e354fbe0f02c72aeafc42b5ac2f0fc,e23b4ff90410bc70a095af8c2c0b0dd63b848493,131b836037daaf7026091cf1057ec66ea3f8bf6df69c9d19e247bcba09ff424b,964c40835860a00ee8e98dcc228cdbf0ded4ae08f13c84a4f2972fcd674427a5,0-31,32,8414cab924d8b9b33013f0d221c5862f365ee9be39c5c2bfae8a5a9e970478a6,gpt-2,repeated-chat140,512,False,warm_repeated,warm-repeated,splintr,14,59351040,313334928,1571042592,180.64236522013275,36.02802545788651,5.013940201393698,win,material_win
verda-amd-epyc-9655-32c,198bafb07ddea8ca108101f41fb68707e2e354fbe0f02c72aeafc42b5ac2f0fc,e23b4ff90410bc70a095af8c2c0b0dd63b848493,131b836037daaf7026091cf1057ec66ea3f8bf6df69c9d19e247bcba09ff424b,964c40835860a00ee8e98dcc228cdbf0ded4ae08f13c84a4f2972fcd674427a5,0-31,32,8414cab924d8b9b33013f0d221c5862f365ee9be39c5c2bfae8a5a9e970478a6,gpt-2,repeated-chat140,512,False,warm_repeated,warm-repeated,tokie,14,59351040,313334928,985993958,180.64236522013275,57.40558757054777,3.146773212592501,win,material_win
verda-amd-epyc-9655-32c,198bafb07ddea8ca108101f41fb68707e2e354fbe0f02c72aeafc42b5ac2f0fc,e23b4ff90410bc70a095af8c2c0b0dd63b848493,131b836037daaf7026091cf1057ec66ea3f8bf6df69c9d19e247bcba09ff424b,964c40835860a00ee8e98dcc228cdbf0ded4ae08f13c84a4f2972fcd674427a5,0-31,32,8414cab924d8b9b33013f0d221c5862f365ee9be39c5c2bfae8a5a9e970478a6,gpt-2,rust-code-4096,1,False,novel_inputs_persistent_instance,core-novel,gigatoken,14,58720247,703657540,139556053,79.58415597583328,401.27239351582375,0.19832950699284768,loss,material_loss
verda-amd-epyc-9655-32c,198bafb07ddea8ca108101f41fb68707e2e354fbe0f02c72aeafc42b5ac2f0fc,e23b4ff90410bc70a095af8c2c0b0dd63b848493,131b836037daaf7026091cf1057ec66ea3f8bf6df69c9d19e247bcba09ff424b,964c40835860a00ee8e98dcc228cdbf0ded4ae08f13c84a4f2972fcd674427a5,0-31,32,8414cab924d8b9b33013f0d221c5862f365ee9be39c5c2bfae8a5a9e970478a6,gpt-2,rust-code-4096,1,False,novel_inputs_persistent_instance,core-novel,huggingface,14,58720247,703657540,10229197200,79.58415597583328,5.474524571383877,14.537181254392584,win,material_win
verda-amd-epyc-9655-32c,198bafb07ddea8ca108101f41fb68707e2e354fbe0f02c72aeafc42b5ac2f0fc,e23b4ff90410bc70a095af8c2c0b0dd63b848493,131b836037daaf7026091cf1057ec66ea3f8bf6df69c9d19e247bcba09ff424b,964c40835860a00ee8e98dcc228cdbf0ded4ae08f13c84a4f2972fcd674427a5,0-31,32,8414cab924d8b9b33013f0d221c5862f365ee9be39c5c2bfae8a5a9e970478a6,gpt-2,rust-code-4096,1,False,novel_inputs_persistent_instance,core-novel,kitoken,14,58720247,703657540,1913763752,79.58415597583328,29.26170555712937,2.719737433638528,win,material_win
verda-amd-epyc-9655-32c,198bafb07ddea8ca108101f41fb68707e2e354fbe0f02c72aeafc42b5ac2f0fc,e23b4ff90410bc70a095af8c2c0b0dd63b848493,131b836037daaf7026091cf1057ec66ea3f8bf6df69c9d19e247bcba09ff424b,964c40835860a00ee8e98dcc228cdbf0ded4ae08f13c84a4f2972fcd674427a5,0-31,32,8414cab924d8b9b33013f0d221c5862f365ee9be39c5c2bfae8a5a9e970478a6,gpt-2,rust-code-4096,1,False,novel_inputs_persistent_instance,core-novel,splintr,14,58720247,703657540,2672028100,79.58415597583328,20.957860217462216,3.7973416727688303,win,material_win
verda-amd-epyc-9655-32c,198bafb07ddea8ca108101f41fb68707e2e354fbe0f02c72aeafc42b5ac2f0fc,e23b4ff90410bc70a095af8c2c0b0dd63b848493,131b836037daaf7026091cf1057ec66ea3f8bf6df69c9d19e247bcba09ff424b,964c40835860a00ee8e98dcc228cdbf0ded4ae08f13c84a4f2972fcd674427a5,0-31,32,0614fe83cadab421296e664e1f48f4261fa8fef6e03e63bb75c20f38e37d07d3,gpt-oss,enwik8-140,1,False,novel_inputs_persistent_instance,core-novel,fastokens,16,67108250,6051862713,14288587188,10.575159662246245,4.479058258308311,2.361023021442093,win,material_win
verda-amd-epyc-9655-32c,198bafb07ddea8ca108101f41fb68707e2e354fbe0f02c72aeafc42b5ac2f0fc,e23b4ff90410bc70a095af8c2c0b0dd63b848493,131b836037daaf7026091cf1057ec66ea3f8bf6df69c9d19e247bcba09ff424b,964c40835860a00ee8e98dcc228cdbf0ded4ae08f13c84a4f2972fcd674427a5,0-31,32,0614fe83cadab421296e664e1f48f4261fa8fef6e03e63bb75c20f38e37d07d3,gpt-oss,enwik8-140,1,False,novel_inputs_persistent_instance,core-novel,gigatoken,16,67108250,6051862713,574768349,10.575159662246245,111.34818845769415,0.09497379174933045,loss,material_loss
verda-amd-epyc-9655-32c,198bafb07ddea8ca108101f41fb68707e2e354fbe0f02c72aeafc42b5ac2f0fc,e23b4ff90410bc70a095af8c2c0b0dd63b848493,131b836037daaf7026091cf1057ec66ea3f8bf6df69c9d19e247bcba09ff424b,964c40835860a00ee8e98dcc228cdbf0ded4ae08f13c84a4f2972fcd674427a5,0-31,32,0614fe83cadab421296e664e1f48f4261fa8fef6e03e63bb75c20f38e37d07d3,gpt-oss,enwik8-140,1,False,novel_inputs_persistent_instance,core-novel,huggingface,16,67108250,6051862713,11155202511,10.575159662246245,5.737180869720719,1.8432676086715452,win,material_win
verda-amd-epyc-9655-32c,198bafb07ddea8ca108101f41fb68707e2e354fbe0f02c72aeafc42b5ac2f0fc,e23b4ff90410bc70a095af8c2c0b0dd63b848493,131b836037daaf7026091cf1057ec66ea3f8bf6df69c9d19e247bcba09ff424b,964c40835860a00ee8e98dcc228cdbf0ded4ae08f13c84a4f2972fcd674427a5,0-31,32,0614fe83cadab421296e664e1f48f4261fa8fef6e03e63bb75c20f38e37d07d3,gpt-oss,enwik8-140,1,False,novel_inputs_persistent_instance,core-novel,kitoken,16,67108250,6051862713,2814867946,10.575159662246245,22.7362049203461,0.4651242236466113,loss,material_loss
verda-amd-epyc-9655-32c,198bafb07ddea8ca108101f41fb68707e2e354fbe0f02c72aeafc42b5ac2f0fc,e23b4ff90410bc70a095af8c2c0b0dd63b848493,131b836037daaf7026091cf1057ec66ea3f8bf6df69c9d19e247bcba09ff424b,964c40835860a00ee8e98dcc228cdbf0ded4ae08f13c84a4f2972fcd674427a5,0-31,32,0614fe83cadab421296e664e1f48f4261fa8fef6e03e63bb75c20f38e37d07d3,gpt-oss,enwik8-140,1,False,novel_inputs_persistent_instance,core-novel,splintr,16,67108250,6051862713,4259457288,10.575159662246245,15.025250898576385,0.7038258285090083,loss,material_loss
verda-amd-epyc-9655-32c,198bafb07ddea8ca108101f41fb68707e2e354fbe0f02c72aeafc42b5ac2f0fc,e23b4ff90410bc70a095af8c2c0b0dd63b848493,131b836037daaf7026091cf1057ec66ea3f8bf6df69c9d19e247bcba09ff424b,964c40835860a00ee8e98dcc228cdbf0ded4ae08f13c84a4f2972fcd674427a5,0-31,32,0614fe83cadab421296e664e1f48f4261fa8fef6e03e63bb75c20f38e37d07d3,gpt-oss,enwik8-140,1024,False,novel_inputs_persistent_instance,deep-novel,fastokens,16,68810583,453656694,1676957329,144.6531850449021,39.132114198262066,3.696533857384236,win,material_win
verda-amd-epyc-9655-32c,198bafb07ddea8ca108101f41fb68707e2e354fbe0f02c72aeafc42b5ac2f0fc,e23b4ff90410bc70a095af8c2c0b0dd63b848493,131b836037daaf7026091cf1057ec66ea3f8bf6df69c9d19e247bcba09ff424b,964c40835860a00ee8e98dcc228cdbf0ded4ae08f13c84a4f2972fcd674427a5,0-31,32,0614fe83cadab421296e664e1f48f4261fa8fef6e03e63bb75c20f38e37d07d3,gpt-oss,enwik8-140,1024,False,novel_inputs_persistent_instance,deep-novel,gigatoken,16,68810583,453656694,472462506,144.6531850449021,138.89543587198543,1.0414538399823545,win,material_win
verda-amd-epyc-9655-32c,198bafb07ddea8ca108101f41fb68707e2e354fbe0f02c72aeafc42b5ac2f0fc,e23b4ff90410bc70a095af8c2c0b0dd63b848493,131b836037daaf7026091cf1057ec66ea3f8bf6df69c9d19e247bcba09ff424b,964c40835860a00ee8e98dcc228cdbf0ded4ae08f13c84a4f2972fcd674427a5,0-31,32,0614fe83cadab421296e664e1f48f4261fa8fef6e03e63bb75c20f38e37d07d3,gpt-oss,enwik8-140,1024,False,novel_inputs_persistent_instance,deep-novel,huggingface,16,68810583,453656694,1268708910,144.6531850449021,51.724146639784,2.7966277733355787,win,material_win
verda-amd-epyc-9655-32c,198bafb07ddea8ca108101f41fb68707e2e354fbe0f02c72aeafc42b5ac2f0fc,e23b4ff90410bc70a095af8c2c0b0dd63b848493,131b836037daaf7026091cf1057ec66ea3f8bf6df69c9d19e247bcba09ff424b,964c40835860a00ee8e98dcc228cdbf0ded4ae08f13c84a4f2972fcd674427a5,0-31,32,0614fe83cadab421296e664e1f48f4261fa8fef6e03e63bb75c20f38e37d07d3,gpt-oss,enwik8-140,1024,False,novel_inputs_persistent_instance,deep-novel,kitoken,16,68810583,453656694,1523932440,144.6531850449021,43.06154523755694,3.3592195599785417,win,material_win
verda-amd-epyc-9655-32c,198bafb07ddea8ca108101f41fb68707e2e354fbe0f02c72aeafc42b5ac2f0fc,e23b4ff90410bc70a095af8c2c0b0dd63b848493,131b836037daaf7026091cf1057ec66ea3f8bf6df69c9d19e247bcba09ff424b,964c40835860a00ee8e98dcc228cdbf0ded4ae08f13c84a4f2972fcd674427a5,0-31,32,0614fe83cadab421296e664e1f48f4261fa8fef6e03e63bb75c20f38e37d07d3,gpt-oss,enwik8-140,1024,False,novel_inputs_persistent_instance,deep-novel,splintr,16,68810583,453656694,2685891232,144.6531850449021,24.432443474330732,5.920536977682071,win,material_win
verda-amd-epyc-9655-32c,198bafb07ddea8ca108101f41fb68707e2e354fbe0f02c72aeafc42b5ac2f0fc,e23b4ff90410bc70a095af8c2c0b0dd63b848493,131b836037daaf7026091cf1057ec66ea3f8bf6df69c9d19e247bcba09ff424b,964c40835860a00ee8e98dcc228cdbf0ded4ae08f13c84a4f2972fcd674427a5,0-31,32,0614fe83cadab421296e664e1f48f4261fa8fef6e03e63bb75c20f38e37d07d3,gpt-oss,enwik8-140,128,False,novel_inputs_persistent_instance,deep-novel,fastokens,16,67377045,1048410490,2768585488,61.288739424810736,23.20887601641873,2.6407456949424457,win,material_win
verda-amd-epyc-9655-32c,198bafb07ddea8ca108101f41fb68707e2e354fbe0f02c72aeafc42b5ac2f0fc,e23b4ff90410bc70a095af8c2c0b0dd63b848493,131b836037daaf7026091cf1057ec66ea3f8bf6df69c9d19e247bcba09ff424b,964c40835860a00ee8e98dcc228cdbf0ded4ae08f13c84a4f2972fcd674427a5,0-31,32,0614fe83cadab421296e664e1f48f4261fa8fef6e03e63bb75c20f38e37d07d3,gpt-oss,enwik8-140,128,False,novel_inputs_persistent_instance,deep-novel,gigatoken,16,67377045,1048410490,468725789,61.288739424810736,137.08602948631048,0.44708231505772134,loss,material_loss
verda-amd-epyc-9655-32c,198bafb07ddea8ca108101f41fb68707e2e354fbe0f02c72aeafc42b5ac2f0fc,e23b4ff90410bc70a095af8c2c0b0dd63b848493,131b836037daaf7026091cf1057ec66ea3f8bf6df69c9d19e247bcba09ff424b,964c40835860a00ee8e98dcc228cdbf0ded4ae08f13c84a4f2972fcd674427a5,0-31,32,0614fe83cadab421296e664e1f48f4261fa8fef6e03e63bb75c20f38e37d07d3,gpt-oss,enwik8-140,128,False,novel_inputs_persistent_instance,deep-novel,huggingface,16,67377045,1048410490,2039140700,61.288739424810736,31.511193578671715,1.9449831143906238,win,material_win
verda-amd-epyc-9655-32c,198bafb07ddea8ca108101f41fb68707e2e354fbe0f02c72aeafc42b5ac2f0fc,e23b4ff90410bc70a095af8c2c0b0dd63b848493,131b836037daaf7026091cf1057ec66ea3f8bf6df69c9d19e247bcba09ff424b,964c40835860a00ee8e98dcc228cdbf0ded4ae08f13c84a4f2972fcd674427a5,0-31,32,0614fe83cadab421296e664e1f48f4261fa8fef6e03e63bb75c20f38e37d07d3,gpt-oss,enwik8-140,128,False,novel_inputs_persistent_instance,deep-novel,kitoken,16,67377045,1048410490,2163012773,61.288739424810736,29.70660096598891,2.0631353783955366,win,material_win
verda-amd-epyc-9655-32c,198bafb07ddea8ca108101f41fb68707e2e354fbe0f02c72aeafc42b5ac2f0fc,e23b4ff90410bc70a095af8c2c0b0dd63b848493,131b836037daaf7026091cf1057ec66ea3f8bf6df69c9d19e247bcba09ff424b,964c40835860a00ee8e98dcc228cdbf0ded4ae08f13c84a4f2972fcd674427a5,0-31,32,0614fe83cadab421296e664e1f48f4261fa8fef6e03e63bb75c20f38e37d07d3,gpt-oss,enwik8-140,128,False,novel_inputs_persistent_instance,deep-novel,splintr,16,67377045,1048410490,2923488728,61.288739424810736,21.979136336813042,2.7884962577968864,win,material_win
verda-amd-epyc-9655-32c,198bafb07ddea8ca108101f41fb68707e2e354fbe0f02c72aeafc42b5ac2f0fc,e23b4ff90410bc70a095af8c2c0b0dd63b848493,131b836037daaf7026091cf1057ec66ea3f8bf6df69c9d19e247bcba09ff424b,964c40835860a00ee8e98dcc228cdbf0ded4ae08f13c84a4f2972fcd674427a5,0-31,32,0614fe83cadab421296e664e1f48f4261fa8fef6e03e63bb75c20f38e37d07d3,gpt-oss,enwik8-140,16,False,novel_inputs_persistent_instance,deep-novel,fastokens,16,67126169,3041316904,6041512403,21.04894207172217,10.596105588106894,1.986479079195622,win,material_win
verda-amd-epyc-9655-32c,198bafb07ddea8ca108101f41fb68707e2e354fbe0f02c72aeafc42b5ac2f0fc,e23b4ff90410bc70a095af8c2c0b0dd63b848493,131b836037daaf7026091cf1057ec66ea3f8bf6df69c9d19e247bcba09ff424b,964c40835860a00ee8e98dcc228cdbf0ded4ae08f13c84a4f2972fcd674427a5,0-31,32,0614fe83cadab421296e664e1f48f4261fa8fef6e03e63bb75c20f38e37d07d3,gpt-oss,enwik8-140,16,False,novel_inputs_persistent_instance,deep-novel,gigatoken,16,67126169,3041316904,484621212,21.04894207172217,132.0959581398707,0.15934584500635782,loss,material_loss
verda-amd-epyc-9655-32c,198bafb07ddea8ca108101f41fb68707e2e354fbe0f02c72aeafc42b5ac2f0fc,e23b4ff90410bc70a095af8c2c0b0dd63b848493,131b836037daaf7026091cf1057ec66ea3f8bf6df69c9d19e247bcba09ff424b,964c40835860a00ee8e98dcc228cdbf0ded4ae08f13c84a4f2972fcd674427a5,0-31,32,0614fe83cadab421296e664e1f48f4261fa8fef6e03e63bb75c20f38e37d07d3,gpt-oss,enwik8-140,16,False,novel_inputs_persistent_instance,deep-novel,huggingface,16,67126169,3041316904,5949969469,21.04894207172217,10.759131398501872,1.9563793109407581,win,material_win
verda-amd-epyc-9655-32c,198bafb07ddea8ca108101f41fb68707e2e354fbe0f02c72aeafc42b5ac2f0fc,e23b4ff90410bc70a095af8c2c0b0dd63b848493,131b836037daaf7026091cf1057ec66ea3f8bf6df69c9d19e247bcba09ff424b,964c40835860a00ee8e98dcc228cdbf0ded4ae08f13c84a4f2972fcd674427a5,0-31,32,0614fe83cadab421296e664e1f48f4261fa8fef6e03e63bb75c20f38e37d07d3,gpt-oss,enwik8-140,16,False,novel_inputs_persistent_instance,deep-novel,kitoken,16,67126169,3041316904,4480100819,21.04894207172217,14.289076500812874,1.4730792483702317,win,material_win
verda-amd-epyc-9655-32c,198bafb07ddea8ca108101f41fb68707e2e354fbe0f02c72aeafc42b5ac2f0fc,e23b4ff90410bc70a095af8c2c0b0dd63b848493,131b836037daaf7026091cf1057ec66ea3f8bf6df69c9d19e247bcba09ff424b,964c40835860a00ee8e98dcc228cdbf0ded4ae08f13c84a4f2972fcd674427a5,0-31,32,0614fe83cadab421296e664e1f48f4261fa8fef6e03e63bb75c20f38e37d07d3,gpt-oss,enwik8-140,16,False,novel_inputs_persistent_instance,deep-novel,splintr,16,67126169,3041316904,5004238835,21.04894207172217,12.792455645064233,1.64541841345712,win,material_win
verda-amd-epyc-9655-32c,198bafb07ddea8ca108101f41fb68707e2e354fbe0f02c72aeafc42b5ac2f0fc,e23b4ff90410bc70a095af8c2c0b0dd63b848493,131b836037daaf7026091cf1057ec66ea3f8bf6df69c9d19e247bcba09ff424b,964c40835860a00ee8e98dcc228cdbf0ded4ae08f13c84a4f2972fcd674427a5,0-31,32,0614fe83cadab421296e664e1f48f4261fa8fef6e03e63bb75c20f38e37d07d3,gpt-oss,enwik8-140,2,False,novel_inputs_persistent_instance,deep-novel,fastokens,16,67108250,6743485238,13475302994,9.490554540451672,4.749385930132038,1.9982698142595088,win,material_win
verda-amd-epyc-9655-32c,198bafb07ddea8ca108101f41fb68707e2e354fbe0f02c72aeafc42b5ac2f0fc,e23b4ff90410bc70a095af8c2c0b0dd63b848493,131b836037daaf7026091cf1057ec66ea3f8bf6df69c9d19e247bcba09ff424b,964c40835860a00ee8e98dcc228cdbf0ded4ae08f13c84a4f2972fcd674427a5,0-31,32,0614fe83cadab421296e664e1f48f4261fa8fef6e03e63bb75c20f38e37d07d3,gpt-oss,enwik8-140,2,False,novel_inputs_persistent_instance,deep-novel,gigatoken,16,67108250,6743485238,549219512,9.490554540451672,116.52793290412036,0.08144445974391855,loss,material_loss
verda-amd-epyc-9655-32c,198bafb07ddea8ca108101f41fb68707e2e354fbe0f02c72aeafc42b5ac2f0fc,e23b4ff90410bc70a095af8c2c0b0dd63b848493,131b836037daaf7026091cf1057ec66ea3f8bf6df69c9d19e247bcba09ff424b,964c40835860a00ee8e98dcc228cdbf0ded4ae08f13c84a4f2972fcd674427a5,0-31,32,0614fe83cadab421296e664e1f48f4261fa8fef6e03e63bb75c20f38e37d07d3,gpt-oss,enwik8-140,2,False,novel_inputs_persistent_instance,deep-novel,huggingface,16,67108250,6743485238,12593032621,9.490554540451672,5.08212885411295,1.8674368188777817,win,material_win
verda-amd-epyc-9655-32c,198bafb07ddea8ca108101f41fb68707e2e354fbe0f02c72aeafc42b5ac2f0fc,e23b4ff90410bc70a095af8c2c0b0dd63b848493,131b836037daaf7026091cf1057ec66ea3f8bf6df69c9d19e247bcba09ff424b,964c40835860a00ee8e98dcc228cdbf0ded4ae08f13c84a4f2972fcd674427a5,0-31,32,0614fe83cadab421296e664e1f48f4261fa8fef6e03e63bb75c20f38e37d07d3,gpt-oss,enwik8-140,2,False,novel_inputs_persistent_instance,deep-novel,kitoken,16,67108250,6743485238,7863876406,9.490554540451672,8.138405430067452,1.166144230832822,win,material_win
verda-amd-epyc-9655-32c,198bafb07ddea8ca108101f41fb68707e2e354fbe0f02c72aeafc42b5ac2f0fc,e23b4ff90410bc70a095af8c2c0b0dd63b848493,131b836037daaf7026091cf1057ec66ea3f8bf6df69c9d19e247bcba09ff424b,964c40835860a00ee8e98dcc228cdbf0ded4ae08f13c84a4f2972fcd674427a5,0-31,32,0614fe83cadab421296e664e1f48f4261fa8fef6e03e63bb75c20f38e37d07d3,gpt-oss,enwik8-140,2,False,novel_inputs_persistent_instance,deep-novel,splintr,16,67108250,6743485238,9713018640,9.490554540451672,6.589034451185788,1.4403558838190194,win,material_win
verda-amd-epyc-9655-32c,198bafb07ddea8ca108101f41fb68707e2e354fbe0f02c72aeafc42b5ac2f0fc,e23b4ff90410bc70a095af8c2c0b0dd63b848493,131b836037daaf7026091cf1057ec66ea3f8bf6df69c9d19e247bcba09ff424b,964c40835860a00ee8e98dcc228cdbf0ded4ae08f13c84a4f2972fcd674427a5,0-31,32,0614fe83cadab421296e664e1f48f4261fa8fef6e03e63bb75c20f38e37d07d3,gpt-oss,enwik8-140,256,False,novel_inputs_persistent_instance,deep-novel,fastokens,16,67663752,765789663,2258142030,84.26489093792068,28.576228411142957,2.9487758050346,win,material_win
verda-amd-epyc-9655-32c,198bafb07ddea8ca108101f41fb68707e2e354fbe0f02c72aeafc42b5ac2f0fc,e23b4ff90410bc70a095af8c2c0b0dd63b848493,131b836037daaf7026091cf1057ec66ea3f8bf6df69c9d19e247bcba09ff424b,964c40835860a00ee8e98dcc228cdbf0ded4ae08f13c84a4f2972fcd674427a5,0-31,32,0614fe83cadab421296e664e1f48f4261fa8fef6e03e63bb75c20f38e37d07d3,gpt-oss,enwik8-140,256,False,novel_inputs_persistent_instance,deep-novel,gigatoken,16,67663752,765789663,466293192,84.26489093792068,138.3875714704452,0.608905048643886,loss,material_loss
verda-amd-epyc-9655-32c,198bafb07ddea8ca108101f41fb68707e2e354fbe0f02c72aeafc42b5ac2f0fc,e23b4ff90410bc70a095af8c2c0b0dd63b848493,131b836037daaf7026091cf1057ec66ea3f8bf6df69c9d19e247bcba09ff424b,964c40835860a00ee8e98dcc228cdbf0ded4ae08f13c84a4f2972fcd674427a5,0-31,32,0614fe83cadab421296e664e1f48f4261fa8fef6e03e63bb75c20f38e37d07d3,gpt-oss,enwik8-140,256,False,novel_inputs_persistent_instance,deep-novel,huggingface,16,67663752,765789663,1712621604,84.26489093792068,37.67859887050802,2.236412538255952,win,material_win
verda-amd-epyc-9655-32c,198bafb07ddea8ca108101f41fb68707e2e354fbe0f02c72aeafc42b5ac2f0fc,e23b4ff90410bc70a095af8c2c0b0dd63b848493,131b836037daaf7026091cf1057ec66ea3f8bf6df69c9d19e247bcba09ff424b,964c40835860a00ee8e98dcc228cdbf0ded4ae08f13c84a4f2972fcd674427a5,0-31,32,0614fe83cadab421296e664e1f48f4261fa8fef6e03e63bb75c20f38e37d07d3,gpt-oss,enwik8-140,256,False,novel_inputs_persistent_instance,deep-novel,kitoken,16,67663752,765789663,1853603291,84.26489093792068,34.812833332459824,2.420512290200501,win,material_win
verda-amd-epyc-9655-32c,198bafb07ddea8ca108101f41fb68707e2e354fbe0f02c72aeafc42b5ac2f0fc,e23b4ff90410bc70a095af8c2c0b0dd63b848493,131b836037daaf7026091cf1057ec66ea3f8bf6df69c9d19e247bcba09ff424b,964c40835860a00ee8e98dcc228cdbf0ded4ae08f13c84a4f2972fcd674427a5,0-31,32,0614fe83cadab421296e664e1f48f4261fa8fef6e03e63bb75c20f38e37d07d3,gpt-oss,enwik8-140,256,False,novel_inputs_persistent_instance,deep-novel,splintr,16,67663752,765789663,2723132233,84.26489093792068,23.696676074739127,3.555979356435894,win,material_win
verda-amd-epyc-9655-32c,198bafb07ddea8ca108101f41fb68707e2e354fbe0f02c72aeafc42b5ac2f0fc,e23b4ff90410bc70a095af8c2c0b0dd63b848493,131b836037daaf7026091cf1057ec66ea3f8bf6df69c9d19e247bcba09ff424b,964c40835860a00ee8e98dcc228cdbf0ded4ae08f13c84a4f2972fcd674427a5,0-31,32,0614fe83cadab421296e664e1f48f4261fa8fef6e03e63bb75c20f38e37d07d3,gpt-oss,enwik8-140,32,False,novel_inputs_persistent_instance,core-novel,fastokens,16,67162008,1709096582,4746063333,37.476338518516265,13.495538844270854,2.7769427327776377,win,material_win
verda-amd-epyc-9655-32c,198bafb07ddea8ca108101f41fb68707e2e354fbe0f02c72aeafc42b5ac2f0fc,e23b4ff90410bc70a095af8c2c0b0dd63b848493,131b836037daaf7026091cf1057ec66ea3f8bf6df69c9d19e247bcba09ff424b,964c40835860a00ee8e98dcc228cdbf0ded4ae08f13c84a4f2972fcd674427a5,0-31,32,0614fe83cadab421296e664e1f48f4261fa8fef6e03e63bb75c20f38e37d07d3,gpt-oss,enwik8-140,32,False,novel_inputs_persistent_instance,core-novel,gigatoken,16,67162008,1709096582,463488283,37.476338518516265,138.19266725211065,0.27118905267344334,loss,material_loss
verda-amd-epyc-9655-32c,198bafb07ddea8ca108101f41fb68707e2e354fbe0f02c72aeafc42b5ac2f0fc,e23b4ff90410bc70a095af8c2c0b0dd63b848493,131b836037daaf7026091cf1057ec66ea3f8bf6df69c9d19e247bcba09ff424b,964c40835860a00ee8e98dcc228cdbf0ded4ae08f13c84a4f2972fcd674427a5,0-31,32,0614fe83cadab421296e664e1f48f4261fa8fef6e03e63bb75c20f38e37d07d3,gpt-oss,enwik8-140,32,False,novel_inputs_persistent_instance,core-novel,huggingface,16,67162008,1709096582,3631974224,37.476338518516265,17.63522484400514,2.1250842475794034,win,material_win
verda-amd-epyc-9655-32c,198bafb07ddea8ca108101f41fb68707e2e354fbe0f02c72aeafc42b5ac2f0fc,e23b4ff90410bc70a095af8c2c0b0dd63b848493,131b836037daaf7026091cf1057ec66ea3f8bf6df69c9d19e247bcba09ff424b,964c40835860a00ee8e98dcc228cdbf0ded4ae08f13c84a4f2972fcd674427a5,0-31,32,0614fe83cadab421296e664e1f48f4261fa8fef6e03e63bb75c20f38e37d07d3,gpt-oss,enwik8-140,32,False,novel_inputs_persistent_instance,core-novel,kitoken,16,67162008,1709096582,3628565870,37.476338518516265,17.651789815206275,2.123090004517954,win,material_win
verda-amd-epyc-9655-32c,198bafb07ddea8ca108101f41fb68707e2e354fbe0f02c72aeafc42b5ac2f0fc,e23b4ff90410bc70a095af8c2c0b0dd63b848493,131b836037daaf7026091cf1057ec66ea3f8bf6df69c9d19e247bcba09ff424b,964c40835860a00ee8e98dcc228cdbf0ded4ae08f13c84a4f2972fcd674427a5,0-31,32,0614fe83cadab421296e664e1f48f4261fa8fef6e03e63bb75c20f38e37d07d3,gpt-oss,enwik8-140,32,False,novel_inputs_persistent_instance,core-novel,splintr,16,67162008,1709096582,3778026674,37.476338518516265,16.95347534432762,2.2105401846740103,win,material_win
verda-amd-epyc-9655-32c,198bafb07ddea8ca108101f41fb68707e2e354fbe0f02c72aeafc42b5ac2f0fc,e23b4ff90410bc70a095af8c2c0b0dd63b848493,131b836037daaf7026091cf1057ec66ea3f8bf6df69c9d19e247bcba09ff424b,964c40835860a00ee8e98dcc228cdbf0ded4ae08f13c84a4f2972fcd674427a5,0-31,32,0614fe83cadab421296e664e1f48f4261fa8fef6e03e63bb75c20f38e37d07d3,gpt-oss,enwik8-140,4,False,novel_inputs_persistent_instance,deep-novel,fastokens,16,67108250,6149739889,10647110141,10.40684900485711,6.010965754690574,1.7313106461696726,win,material_win
verda-amd-epyc-9655-32c,198bafb07ddea8ca108101f41fb68707e2e354fbe0f02c72aeafc42b5ac2f0fc,e23b4ff90410bc70a095af8c2c0b0dd63b848493,131b836037daaf7026091cf1057ec66ea3f8bf6df69c9d19e247bcba09ff424b,964c40835860a00ee8e98dcc228cdbf0ded4ae08f13c84a4f2972fcd674427a5,0-31,32,0614fe83cadab421296e664e1f48f4261fa8fef6e03e63bb75c20f38e37d07d3,gpt-oss,enwik8-140,4,False,novel_inputs_persistent_instance,deep-novel,gigatoken,16,67108250,6149739889,515396177,10.40684900485711,124.17518270410012,0.08380780102942009,loss,material_loss
verda-amd-epyc-9655-32c,198bafb07ddea8ca108101f41fb68707e2e354fbe0f02c72aeafc42b5ac2f0fc,e23b4ff90410bc70a095af8c2c0b0dd63b848493,131b836037daaf7026091cf1057ec66ea3f8bf6df69c9d19e247bcba09ff424b,964c40835860a00ee8e98dcc228cdbf0ded4ae08f13c84a4f2972fcd674427a5,0-31,32,0614fe83cadab421296e664e1f48f4261fa8fef6e03e63bb75c20f38e37d07d3,gpt-oss,enwik8-140,4,False,novel_inputs_persistent_instance,deep-novel,huggingface,16,67108250,6149739889,9520357574,10.40684900485711,6.7223750732589584,1.548091097483489,win,material_win
verda-amd-epyc-9655-32c,198bafb07ddea8ca108101f41fb68707e2e354fbe0f02c72aeafc42b5ac2f0fc,e23b4ff90410bc70a095af8c2c0b0dd63b848493,131b836037daaf7026091cf1057ec66ea3f8bf6df69c9d19e247bcba09ff424b,964c40835860a00ee8e98dcc228cdbf0ded4ae08f13c84a4f2972fcd674427a5,0-31,32,0614fe83cadab421296e664e1f48f4261fa8fef6e03e63bb75c20f38e37d07d3,gpt-oss,enwik8-140,4,False,novel_inputs_persistent_instance,deep-novel,kitoken,16,67108250,6149739889,7055133835,10.40684900485711,9.071325355512512,1.147224754598072,win,material_win
verda-amd-epyc-9655-32c,198bafb07ddea8ca108101f41fb68707e2e354fbe0f02c72aeafc42b5ac2f0fc,e23b4ff90410bc70a095af8c2c0b0dd63b848493,131b836037daaf7026091cf1057ec66ea3f8bf6df69c9d19e247bcba09ff424b,964c40835860a00ee8e98dcc228cdbf0ded4ae08f13c84a4f2972fcd674427a5,0-31,32,0614fe83cadab421296e664e1f48f4261fa8fef6e03e63bb75c20f38e37d07d3,gpt-oss,enwik8-140,4,False,novel_inputs_persistent_instance,deep-novel,splintr,16,67108250,6149739889,8914066338,10.40684900485711,7.179598178571434,1.4495029869384448,win,material_win
verda-amd-epyc-9655-32c,198bafb07ddea8ca108101f41fb68707e2e354fbe0f02c72aeafc42b5ac2f0fc,e23b4ff90410bc70a095af8c2c0b0dd63b848493,131b836037daaf7026091cf1057ec66ea3f8bf6df69c9d19e247bcba09ff424b,964c40835860a00ee8e98dcc228cdbf0ded4ae08f13c84a4f2972fcd674427a5,0-31,32,0614fe83cadab421296e664e1f48f4261fa8fef6e03e63bb75c20f38e37d07d3,gpt-oss,enwik8-140,512,False,novel_inputs_persistent_instance,core-novel,fastokens,16,67663752,549584921,1819864796,117.41439760877651,35.45822886178959,3.3113441189191577,win,material_win
verda-amd-epyc-9655-32c,198bafb07ddea8ca108101f41fb68707e2e354fbe0f02c72aeafc42b5ac2f0fc,e23b4ff90410bc70a095af8c2c0b0dd63b848493,131b836037daaf7026091cf1057ec66ea3f8bf6df69c9d19e247bcba09ff424b,964c40835860a00ee8e98dcc228cdbf0ded4ae08f13c84a4f2972fcd674427a5,0-31,32,0614fe83cadab421296e664e1f48f4261fa8fef6e03e63bb75c20f38e37d07d3,gpt-oss,enwik8-140,512,False,novel_inputs_persistent_instance,core-novel,gigatoken,16,67663752,549584921,464130645,117.41439760877651,139.03236756556342,0.8445112434225611,loss,material_loss
verda-amd-epyc-9655-32c,198bafb07ddea8ca108101f41fb68707e2e354fbe0f02c72aeafc42b5ac2f0fc,e23b4ff90410bc70a095af8c2c0b0dd63b848493,131b836037daaf7026091cf1057ec66ea3f8bf6df69c9d19e247bcba09ff424b,964c40835860a00ee8e98dcc228cdbf0ded4ae08f13c84a4f2972fcd674427a5,0-31,32,0614fe83cadab421296e664e1f48f4261fa8fef6e03e63bb75c20f38e37d07d3,gpt-oss,enwik8-140,512,False,novel_inputs_persistent_instance,core-novel,huggingface,16,67663752,549584921,1367018533,117.41439760877651,47.20432157746177,2.487365429372834,win,material_win
verda-amd-epyc-9655-32c,198bafb07ddea8ca108101f41fb68707e2e354fbe0f02c72aeafc42b5ac2f0fc,e23b4ff90410bc70a095af8c2c0b0dd63b848493,131b836037daaf7026091cf1057ec66ea3f8bf6df69c9d19e247bcba09ff424b,964c40835860a00ee8e98dcc228cdbf0ded4ae08f13c84a4f2972fcd674427a5,0-31,32,0614fe83cadab421296e664e1f48f4261fa8fef6e03e63bb75c20f38e37d07d3,gpt-oss,enwik8-140,512,False,novel_inputs_persistent_instance,core-novel,kitoken,16,67663752,549584921,1612472825,117.41439760877651,40.01877205842649,2.933983017703646,win,material_win
verda-amd-epyc-9655-32c,198bafb07ddea8ca108101f41fb68707e2e354fbe0f02c72aeafc42b5ac2f0fc,e23b4ff90410bc70a095af8c2c0b0dd63b848493,131b836037daaf7026091cf1057ec66ea3f8bf6df69c9d19e247bcba09ff424b,964c40835860a00ee8e98dcc228cdbf0ded4ae08f13c84a4f2972fcd674427a5,0-31,32,0614fe83cadab421296e664e1f48f4261fa8fef6e03e63bb75c20f38e37d07d3,gpt-oss,enwik8-140,512,False,novel_inputs_persistent_instance,core-novel,splintr,16,67663752,549584921,2556181226,117.41439760877651,25.24436913068934,4.6511123728592985,win,material_win
verda-amd-epyc-9655-32c,198bafb07ddea8ca108101f41fb68707e2e354fbe0f02c72aeafc42b5ac2f0fc,e23b4ff90410bc70a095af8c2c0b0dd63b848493,131b836037daaf7026091cf1057ec66ea3f8bf6df69c9d19e247bcba09ff424b,964c40835860a00ee8e98dcc228cdbf0ded4ae08f13c84a4f2972fcd674427a5,0-31,32,0614fe83cadab421296e664e1f48f4261fa8fef6e03e63bb75c20f38e37d07d3,gpt-oss,enwik8-140,64,False,novel_inputs_persistent_instance,deep-novel,fastokens,16,67233687,1420542056,3799996594,45.13702372863558,16.873446831620182,2.675032800296058,win,material_win
verda-amd-epyc-9655-32c,198bafb07ddea8ca108101f41fb68707e2e354fbe0f02c72aeafc42b5ac2f0fc,e23b4ff90410bc70a095af8c2c0b0dd63b848493,131b836037daaf7026091cf1057ec66ea3f8bf6df69c9d19e247bcba09ff424b,964c40835860a00ee8e98dcc228cdbf0ded4ae08f13c84a4f2972fcd674427a5,0-31,32,0614fe83cadab421296e664e1f48f4261fa8fef6e03e63bb75c20f38e37d07d3,gpt-oss,enwik8-140,64,False,novel_inputs_persistent_instance,deep-novel,gigatoken,16,67233687,1420542056,468156366,45.13702372863558,136.96073608277447,0.3295617782117955,loss,material_loss
verda-amd-epyc-9655-32c,198bafb07ddea8ca108101f41fb68707e2e354fbe0f02c72aeafc42b5ac2f0fc,e23b4ff90410bc70a095af8c2c0b0dd63b848493,131b836037daaf7026091cf1057ec66ea3f8bf6df69c9d19e247bcba09ff424b,964c40835860a00ee8e98dcc228cdbf0ded4ae08f13c84a4f2972fcd674427a5,0-31,32,0614fe83cadab421296e664e1f48f4261fa8fef6e03e63bb75c20f38e37d07d3,gpt-oss,enwik8-140,64,False,novel_inputs_persistent_instance,deep-novel,huggingface,16,67233687,1420542056,2680303744,45.13702372863558,23.92230381826336,1.8868175938044878,win,material_win
verda-amd-epyc-9655-32c,198bafb07ddea8ca108101f41fb68707e2e354fbe0f02c72aeafc42b5ac2f0fc,e23b4ff90410bc70a095af8c2c0b0dd63b848493,131b836037daaf7026091cf1057ec66ea3f8bf6df69c9d19e247bcba09ff424b,964c40835860a00ee8e98dcc228cdbf0ded4ae08f13c84a4f2972fcd674427a5,0-31,32,0614fe83cadab421296e664e1f48f4261fa8fef6e03e63bb75c20f38e37d07d3,gpt-oss,enwik8-140,64,False,novel_inputs_persistent_instance,deep-novel,kitoken,16,67233687,1420542056,2810028834,45.13702372863558,22.817929735591026,1.978138431122943,win,material_win
verda-amd-epyc-9655-32c,198bafb07ddea8ca108101f41fb68707e2e354fbe0f02c72aeafc42b5ac2f0fc,e23b4ff90410bc70a095af8c2c0b0dd63b848493,131b836037daaf7026091cf1057ec66ea3f8bf6df69c9d19e247bcba09ff424b,964c40835860a00ee8e98dcc228cdbf0ded4ae08f13c84a4f2972fcd674427a5,0-31,32,0614fe83cadab421296e664e1f48f4261fa8fef6e03e63bb75c20f38e37d07d3,gpt-oss,enwik8-140,64,False,novel_inputs_persistent_instance,deep-novel,splintr,16,67233687,1420542056,3251135117,45.13702372863558,19.722047279401576,2.2886581240365613,win,material_win
verda-amd-epyc-9655-32c,198bafb07ddea8ca108101f41fb68707e2e354fbe0f02c72aeafc42b5ac2f0fc,e23b4ff90410bc70a095af8c2c0b0dd63b848493,131b836037daaf7026091cf1057ec66ea3f8bf6df69c9d19e247bcba09ff424b,964c40835860a00ee8e98dcc228cdbf0ded4ae08f13c84a4f2972fcd674427a5,0-31,32,0614fe83cadab421296e664e1f48f4261fa8fef6e03e63bb75c20f38e37d07d3,gpt-oss,enwik8-140,8,False,novel_inputs_persistent_instance,deep-novel,fastokens,16,67108250,5008501227,8195481561,12.778156886327489,7.809109686552771,1.6363141765483689,win,material_win
verda-amd-epyc-9655-32c,198bafb07ddea8ca108101f41fb68707e2e354fbe0f02c72aeafc42b5ac2f0fc,e23b4ff90410bc70a095af8c2c0b0dd63b848493,131b836037daaf7026091cf1057ec66ea3f8bf6df69c9d19e247bcba09ff424b,964c40835860a00ee8e98dcc228cdbf0ded4ae08f13c84a4f2972fcd674427a5,0-31,32,0614fe83cadab421296e664e1f48f4261fa8fef6e03e63bb75c20f38e37d07d3,gpt-oss,enwik8-140,8,False,novel_inputs_persistent_instance,deep-novel,gigatoken,16,67108250,5008501227,523165500,12.778156886327489,122.33110639743967,0.1044555000165921,loss,material_loss
verda-amd-epyc-9655-32c,198bafb07ddea8ca108101f41fb68707e2e354fbe0f02c72aeafc42b5ac2f0fc,e23b4ff90410bc70a095af8c2c0b0dd63b848493,131b836037daaf7026091cf1057ec66ea3f8bf6df69c9d19e247bcba09ff424b,964c40835860a00ee8e98dcc228cdbf0ded4ae08f13c84a4f2972fcd674427a5,0-31,32,0614fe83cadab421296e664e1f48f4261fa8fef6e03e63bb75c20f38e37d07d3,gpt-oss,enwik8-140,8,False,novel_inputs_persistent_instance,deep-novel,huggingface,16,67108250,5008501227,7340126545,12.778156886327489,8.719115951422568,1.4655335423360973,win,material_win
verda-amd-epyc-9655-32c,198bafb07ddea8ca108101f41fb68707e2e354fbe0f02c72aeafc42b5ac2f0fc,e23b4ff90410bc70a095af8c2c0b0dd63b848493,131b836037daaf7026091cf1057ec66ea3f8bf6df69c9d19e247bcba09ff424b,964c40835860a00ee8e98dcc228cdbf0ded4ae08f13c84a4f2972fcd674427a5,0-31,32,0614fe83cadab421296e664e1f48f4261fa8fef6e03e63bb75c20f38e37d07d3,gpt-oss,enwik8-140,8,False,novel_inputs_persistent_instance,deep-novel,kitoken,16,67108250,5008501227,5930805737,12.778156886327489,10.791015130490983,1.1841478055407093,win,material_win
verda-amd-epyc-9655-32c,198bafb07ddea8ca108101f41fb68707e2e354fbe0f02c72aeafc42b5ac2f0fc,e23b4ff90410bc70a095af8c2c0b0dd63b848493,131b836037daaf7026091cf1057ec66ea3f8bf6df69c9d19e247bcba09ff424b,964c40835860a00ee8e98dcc228cdbf0ded4ae08f13c84a4f2972fcd674427a5,0-31,32,0614fe83cadab421296e664e1f48f4261fa8fef6e03e63bb75c20f38e37d07d3,gpt-oss,enwik8-140,8,False,novel_inputs_persistent_instance,deep-novel,splintr,16,67108250,5008501227,6676347000,12.778156886327489,9.585992825712882,1.333002967835751,win,material_win
verda-amd-epyc-9655-32c,198bafb07ddea8ca108101f41fb68707e2e354fbe0f02c72aeafc42b5ac2f0fc,e23b4ff90410bc70a095af8c2c0b0dd63b848493,131b836037daaf7026091cf1057ec66ea3f8bf6df69c9d19e247bcba09ff424b,964c40835860a00ee8e98dcc228cdbf0ded4ae08f13c84a4f2972fcd674427a5,0-31,32,0614fe83cadab421296e664e1f48f4261fa8fef6e03e63bb75c20f38e37d07d3,gpt-oss,enwik8-65536,1,False,novel_inputs_persistent_instance,core-novel,fastokens,16,67108862,602173719,844640469,106.28161952822018,75.77188216949071,1.4026524943709806,win,material_win
verda-amd-epyc-9655-32c,198bafb07ddea8ca108101f41fb68707e2e354fbe0f02c72aeafc42b5ac2f0fc,e23b4ff90410bc70a095af8c2c0b0dd63b848493,131b836037daaf7026091cf1057ec66ea3f8bf6df69c9d19e247bcba09ff424b,964c40835860a00ee8e98dcc228cdbf0ded4ae08f13c84a4f2972fcd674427a5,0-31,32,0614fe83cadab421296e664e1f48f4261fa8fef6e03e63bb75c20f38e37d07d3,gpt-oss,enwik8-65536,1,False,novel_inputs_persistent_instance,core-novel,gigatoken,16,67108862,602173719,312558611,106.28161952822018,204.76158979555794,0.5190505681965838,loss,material_loss
verda-amd-epyc-9655-32c,198bafb07ddea8ca108101f41fb68707e2e354fbe0f02c72aeafc42b5ac2f0fc,e23b4ff90410bc70a095af8c2c0b0dd63b848493,131b836037daaf7026091cf1057ec66ea3f8bf6df69c9d19e247bcba09ff424b,964c40835860a00ee8e98dcc228cdbf0ded4ae08f13c84a4f2972fcd674427a5,0-31,32,0614fe83cadab421296e664e1f48f4261fa8fef6e03e63bb75c20f38e37d07d3,gpt-oss,enwik8-65536,1,False,novel_inputs_persistent_instance,core-novel,huggingface,16,67108862,602173719,11412207983,106.28161952822018,5.608029417969587,18.951687233962463,win,material_win
verda-amd-epyc-9655-32c,198bafb07ddea8ca108101f41fb68707e2e354fbe0f02c72aeafc42b5ac2f0fc,e23b4ff90410bc70a095af8c2c0b0dd63b848493,131b836037daaf7026091cf1057ec66ea3f8bf6df69c9d19e247bcba09ff424b,964c40835860a00ee8e98dcc228cdbf0ded4ae08f13c84a4f2972fcd674427a5,0-31,32,0614fe83cadab421296e664e1f48f4261fa8fef6e03e63bb75c20f38e37d07d3,gpt-oss,enwik8-65536,1,False,novel_inputs_persistent_instance,core-novel,kitoken,16,67108862,602173719,2390699221,106.28161952822018,26.770409899527618,3.970115509142637,win,material_win
verda-amd-epyc-9655-32c,198bafb07ddea8ca108101f41fb68707e2e354fbe0f02c72aeafc42b5ac2f0fc,e23b4ff90410bc70a095af8c2c0b0dd63b848493,131b836037daaf7026091cf1057ec66ea3f8bf6df69c9d19e247bcba09ff424b,964c40835860a00ee8e98dcc228cdbf0ded4ae08f13c84a4f2972fcd674427a5,0-31,32,0614fe83cadab421296e664e1f48f4261fa8fef6e03e63bb75c20f38e37d07d3,gpt-oss,enwik8-65536,1,False,novel_inputs_persistent_instance,core-novel,splintr,16,67108862,602173719,3998231018,106.28161952822018,16.007078581633717,6.639663757893094,win,material_win
verda-amd-epyc-9655-32c,198bafb07ddea8ca108101f41fb68707e2e354fbe0f02c72aeafc42b5ac2f0fc,e23b4ff90410bc70a095af8c2c0b0dd63b848493,131b836037daaf7026091cf1057ec66ea3f8bf6df69c9d19e247bcba09ff424b,964c40835860a00ee8e98dcc228cdbf0ded4ae08f13c84a4f2972fcd674427a5,0-31,32,0614fe83cadab421296e664e1f48f4261fa8fef6e03e63bb75c20f38e37d07d3,gpt-oss,repeated-chat140,1,False,warm_repeated,warm-repeated,fastokens,16,67109952,4850065957,8630821257,13.195910770096821,7.415405289009827,1.7795265741785045,win,material_win
verda-amd-epyc-9655-32c,198bafb07ddea8ca108101f41fb68707e2e354fbe0f02c72aeafc42b5ac2f0fc,e23b4ff90410bc70a095af8c2c0b0dd63b848493,131b836037daaf7026091cf1057ec66ea3f8bf6df69c9d19e247bcba09ff424b,964c40835860a00ee8e98dcc228cdbf0ded4ae08f13c84a4f2972fcd674427a5,0-31,32,0614fe83cadab421296e664e1f48f4261fa8fef6e03e63bb75c20f38e37d07d3,gpt-oss,repeated-chat140,1,False,warm_repeated,warm-repeated,gigatoken,16,67109952,4850065957,357903378,13.195910770096821,178.82211102700532,0.07379350738178013,loss,material_loss
verda-amd-epyc-9655-32c,198bafb07ddea8ca108101f41fb68707e2e354fbe0f02c72aeafc42b5ac2f0fc,e23b4ff90410bc70a095af8c2c0b0dd63b848493,131b836037daaf7026091cf1057ec66ea3f8bf6df69c9d19e247bcba09ff424b,964c40835860a00ee8e98dcc228cdbf0ded4ae08f13c84a4f2972fcd674427a5,0-31,32,0614fe83cadab421296e664e1f48f4261fa8fef6e03e63bb75c20f38e37d07d3,gpt-oss,repeated-chat140,1,False,warm_repeated,warm-repeated,huggingface,16,67109952,4850065957,8993142251,13.195910770096821,7.116649087869104,1.8542309178332685,win,material_win
verda-amd-epyc-9655-32c,198bafb07ddea8ca108101f41fb68707e2e354fbe0f02c72aeafc42b5ac2f0fc,e23b4ff90410bc70a095af8c2c0b0dd63b848493,131b836037daaf7026091cf1057ec66ea3f8bf6df69c9d19e247bcba09ff424b,964c40835860a00ee8e98dcc228cdbf0ded4ae08f13c84a4f2972fcd674427a5,0-31,32,0614fe83cadab421296e664e1f48f4261fa8fef6e03e63bb75c20f38e37d07d3,gpt-oss,repeated-chat140,1,False,warm_repeated,warm-repeated,kitoken,16,67109952,4850065957,1862630377,13.195910770096821,34.360567930142935,0.3840422776749467,loss,material_loss
verda-amd-epyc-9655-32c,198bafb07ddea8ca108101f41fb68707e2e354fbe0f02c72aeafc42b5ac2f0fc,e23b4ff90410bc70a095af8c2c0b0dd63b848493,131b836037daaf7026091cf1057ec66ea3f8bf6df69c9d19e247bcba09ff424b,964c40835860a00ee8e98dcc228cdbf0ded4ae08f13c84a4f2972fcd674427a5,0-31,32,0614fe83cadab421296e664e1f48f4261fa8fef6e03e63bb75c20f38e37d07d3,gpt-oss,repeated-chat140,1,False,warm_repeated,warm-repeated,splintr,16,67109952,4850065957,2584038370,13.195910770096821,24.767835625310877,0.5327841709596776,loss,material_loss
verda-amd-epyc-9655-32c,198bafb07ddea8ca108101f41fb68707e2e354fbe0f02c72aeafc42b5ac2f0fc,e23b4ff90410bc70a095af8c2c0b0dd63b848493,131b836037daaf7026091cf1057ec66ea3f8bf6df69c9d19e247bcba09ff424b,964c40835860a00ee8e98dcc228cdbf0ded4ae08f13c84a4f2972fcd674427a5,0-31,32,0614fe83cadab421296e664e1f48f4261fa8fef6e03e63bb75c20f38e37d07d3,gpt-oss,repeated-chat140,1,False,warm_repeated,warm-repeated,tokie,16,67109952,4850065957,533564220,13.195910770096821,119.95001763359666,0.11001174514542793,loss,material_loss
verda-amd-epyc-9655-32c,198bafb07ddea8ca108101f41fb68707e2e354fbe0f02c72aeafc42b5ac2f0fc,e23b4ff90410bc70a095af8c2c0b0dd63b848493,131b836037daaf7026091cf1057ec66ea3f8bf6df69c9d19e247bcba09ff424b,964c40835860a00ee8e98dcc228cdbf0ded4ae08f13c84a4f2972fcd674427a5,0-31,32,0614fe83cadab421296e664e1f48f4261fa8fef6e03e63bb75c20f38e37d07d3,gpt-oss,repeated-chat140,32,False,warm_repeated,warm-repeated,fastokens,16,67123200,1260014567,3625097854,50.803914138399,17.658467289197763,2.8770285272424156,win,material_win
verda-amd-epyc-9655-32c,198bafb07ddea8ca108101f41fb68707e2e354fbe0f02c72aeafc42b5ac2f0fc,e23b4ff90410bc70a095af8c2c0b0dd63b848493,131b836037daaf7026091cf1057ec66ea3f8bf6df69c9d19e247bcba09ff424b,964c40835860a00ee8e98dcc228cdbf0ded4ae08f13c84a4f2972fcd674427a5,0-31,32,0614fe83cadab421296e664e1f48f4261fa8fef6e03e63bb75c20f38e37d07d3,gpt-oss,repeated-chat140,32,False,warm_repeated,warm-repeated,gigatoken,16,67123200,1260014567,158978922,50.803914138399,402.6550882952899,0.1261722889271962,loss,material_loss
verda-amd-epyc-9655-32c,198bafb07ddea8ca108101f41fb68707e2e354fbe0f02c72aeafc42b5ac2f0fc,e23b4ff90410bc70a095af8c2c0b0dd63b848493,131b836037daaf7026091cf1057ec66ea3f8bf6df69c9d19e247bcba09ff424b,964c40835860a00ee8e98dcc228cdbf0ded4ae08f13c84a4f2972fcd674427a5,0-31,32,0614fe83cadab421296e664e1f48f4261fa8fef6e03e63bb75c20f38e37d07d3,gpt-oss,repeated-chat140,32,False,warm_repeated,warm-repeated,huggingface,16,67123200,1260014567,3379089469,50.803914138399,18.944059475863497,2.681786034462568,win,material_win
verda-amd-epyc-9655-32c,198bafb07ddea8ca108101f41fb68707e2e354fbe0f02c72aeafc42b5ac2f0fc,e23b4ff90410bc70a095af8c2c0b0dd63b848493,131b836037daaf7026091cf1057ec66ea3f8bf6df69c9d19e247bcba09ff424b,964c40835860a00ee8e98dcc228cdbf0ded4ae08f13c84a4f2972fcd674427a5,0-31,32,0614fe83cadab421296e664e1f48f4261fa8fef6e03e63bb75c20f38e37d07d3,gpt-oss,repeated-chat140,32,False,warm_repeated,warm-repeated,kitoken,16,67123200,1260014567,3457399789,50.803914138399,18.514975351900215,2.743936363554756,win,material_win
verda-amd-epyc-9655-32c,198bafb07ddea8ca108101f41fb68707e2e354fbe0f02c72aeafc42b5ac2f0fc,e23b4ff90410bc70a095af8c2c0b0dd63b848493,131b836037daaf7026091cf1057ec66ea3f8bf6df69c9d19e247bcba09ff424b,964c40835860a00ee8e98dcc228cdbf0ded4ae08f13c84a4f2972fcd674427a5,0-31,32,0614fe83cadab421296e664e1f48f4261fa8fef6e03e63bb75c20f38e37d07d3,gpt-oss,repeated-chat140,32,False,warm_repeated,warm-repeated,splintr,16,67123200,1260014567,1652029466,50.803914138399,38.74850491014184,1.3111193388290407,win,material_win
verda-amd-epyc-9655-32c,198bafb07ddea8ca108101f41fb68707e2e354fbe0f02c72aeafc42b5ac2f0fc,e23b4ff90410bc70a095af8c2c0b0dd63b848493,131b836037daaf7026091cf1057ec66ea3f8bf6df69c9d19e247bcba09ff424b,964c40835860a00ee8e98dcc228cdbf0ded4ae08f13c84a4f2972fcd674427a5,0-31,32,0614fe83cadab421296e664e1f48f4261fa8fef6e03e63bb75c20f38e37d07d3,gpt-oss,repeated-chat140,32,False,warm_repeated,warm-repeated,tokie,16,67123200,1260014567,628378473,50.803914138399,101.87120441823284,0.4987073081989218,loss,material_loss
verda-amd-epyc-9655-32c,198bafb07ddea8ca108101f41fb68707e2e354fbe0f02c72aeafc42b5ac2f0fc,e23b4ff90410bc70a095af8c2c0b0dd63b848493,131b836037daaf7026091cf1057ec66ea3f8bf6df69c9d19e247bcba09ff424b,964c40835860a00ee8e98dcc228cdbf0ded4ae08f13c84a4f2972fcd674427a5,0-31,32,0614fe83cadab421296e664e1f48f4261fa8fef6e03e63bb75c20f38e37d07d3,gpt-oss,repeated-chat140,512,False,warm_repeated,warm-repeated,fastokens,16,67829760,356269668,1350867643,181.56892323485704,47.88589047579993,3.791699839572085,win,material_win
verda-amd-epyc-9655-32c,198bafb07ddea8ca108101f41fb68707e2e354fbe0f02c72aeafc42b5ac2f0fc,e23b4ff90410bc70a095af8c2c0b0dd63b848493,131b836037daaf7026091cf1057ec66ea3f8bf6df69c9d19e247bcba09ff424b,964c40835860a00ee8e98dcc228cdbf0ded4ae08f13c84a4f2972fcd674427a5,0-31,32,0614fe83cadab421296e664e1f48f4261fa8fef6e03e63bb75c20f38e37d07d3,gpt-oss,repeated-chat140,512,False,warm_repeated,warm-repeated,gigatoken,16,67829760,356269668,148515478,181.56892323485704,435.56066257282623,0.41686253795818506,loss,material_loss
verda-amd-epyc-9655-32c,198bafb07ddea8ca108101f41fb68707e2e354fbe0f02c72aeafc42b5ac2f0fc,e23b4ff90410bc70a095af8c2c0b0dd63b848493,131b836037daaf7026091cf1057ec66ea3f8bf6df69c9d19e247bcba09ff424b,964c40835860a00ee8e98dcc228cdbf0ded4ae08f13c84a4f2972fcd674427a5,0-31,32,0614fe83cadab421296e664e1f48f4261fa8fef6e03e63bb75c20f38e37d07d3,gpt-oss,repeated-chat140,512,False,warm_repeated,warm-repeated,huggingface,16,67829760,356269668,1295146303,181.56892323485704,49.94609477721684,3.635297695340149,win,material_win
verda-amd-epyc-9655-32c,198bafb07ddea8ca108101f41fb68707e2e354fbe0f02c72aeafc42b5ac2f0fc,e23b4ff90410bc70a095af8c2c0b0dd63b848493,131b836037daaf7026091cf1057ec66ea3f8bf6df69c9d19e247bcba09ff424b,964c40835860a00ee8e98dcc228cdbf0ded4ae08f13c84a4f2972fcd674427a5,0-31,32,0614fe83cadab421296e664e1f48f4261fa8fef6e03e63bb75c20f38e37d07d3,gpt-oss,repeated-chat140,512,False,warm_repeated,warm-repeated,kitoken,16,67829760,356269668,1509619793,181.56892323485704,42.850193340039226,4.237295309125221,win,material_win
verda-amd-epyc-9655-32c,198bafb07ddea8ca108101f41fb68707e2e354fbe0f02c72aeafc42b5ac2f0fc,e23b4ff90410bc70a095af8c2c0b0dd63b848493,131b836037daaf7026091cf1057ec66ea3f8bf6df69c9d19e247bcba09ff424b,964c40835860a00ee8e98dcc228cdbf0ded4ae08f13c84a4f2972fcd674427a5,0-31,32,0614fe83cadab421296e664e1f48f4261fa8fef6e03e63bb75c20f38e37d07d3,gpt-oss,repeated-chat140,512,False,warm_repeated,warm-repeated,splintr,16,67829760,356269668,872113366,181.56892323485704,74.17326980859504,2.4479023737715444,win,material_win
verda-amd-epyc-9655-32c,198bafb07ddea8ca108101f41fb68707e2e354fbe0f02c72aeafc42b5ac2f0fc,e23b4ff90410bc70a095af8c2c0b0dd63b848493,131b836037daaf7026091cf1057ec66ea3f8bf6df69c9d19e247bcba09ff424b,964c40835860a00ee8e98dcc228cdbf0ded4ae08f13c84a4f2972fcd674427a5,0-31,32,0614fe83cadab421296e664e1f48f4261fa8fef6e03e63bb75c20f38e37d07d3,gpt-oss,repeated-chat140,512,False,warm_repeated,warm-repeated,tokie,16,67829760,356269668,791532865,181.56892323485704,81.72433876134758,2.2217239807235005,win,material_win
verda-amd-epyc-9655-32c,198bafb07ddea8ca108101f41fb68707e2e354fbe0f02c72aeafc42b5ac2f0fc,e23b4ff90410bc70a095af8c2c0b0dd63b848493,131b836037daaf7026091cf1057ec66ea3f8bf6df69c9d19e247bcba09ff424b,964c40835860a00ee8e98dcc228cdbf0ded4ae08f13c84a4f2972fcd674427a5,0-31,32,0614fe83cadab421296e664e1f48f4261fa8fef6e03e63bb75c20f38e37d07d3,gpt-oss,rust-code-4096,1,False,novel_inputs_persistent_instance,core-novel,fastokens,16,67108855,899799327,1586586960,71.126960752807,40.3381554433872,1.7632675557669093,win,material_win
verda-amd-epyc-9655-32c,198bafb07ddea8ca108101f41fb68707e2e354fbe0f02c72aeafc42b5ac2f0fc,e23b4ff90410bc70a095af8c2c0b0dd63b848493,131b836037daaf7026091cf1057ec66ea3f8bf6df69c9d19e247bcba09ff424b,964c40835860a00ee8e98dcc228cdbf0ded4ae08f13c84a4f2972fcd674427a5,0-31,32,0614fe83cadab421296e664e1f48f4261fa8fef6e03e63bb75c20f38e37d07d3,gpt-oss,rust-code-4096,1,False,novel_inputs_persistent_instance,core-novel,gigatoken,16,67108855,899799327,163592892,71.126960752807,391.2149888329571,0.18181041826896144,loss,material_loss
verda-amd-epyc-9655-32c,198bafb07ddea8ca108101f41fb68707e2e354fbe0f02c72aeafc42b5ac2f0fc,e23b4ff90410bc70a095af8c2c0b0dd63b848493,131b836037daaf7026091cf1057ec66ea3f8bf6df69c9d19e247bcba09ff424b,964c40835860a00ee8e98dcc228cdbf0ded4ae08f13c84a4f2972fcd674427a5,0-31,32,0614fe83cadab421296e664e1f48f4261fa8fef6e03e63bb75c20f38e37d07d3,gpt-oss,rust-code-4096,1,False,novel_inputs_persistent_instance,core-novel,huggingface,16,67108855,899799327,9587001945,71.126960752807,6.675704436495883,10.65460003950414,win,material_win
verda-amd-epyc-9655-32c,198bafb07ddea8ca108101f41fb68707e2e354fbe0f02c72aeafc42b5ac2f0fc,e23b4ff90410bc70a095af8c2c0b0dd63b848493,131b836037daaf7026091cf1057ec66ea3f8bf6df69c9d19e247bcba09ff424b,964c40835860a00ee8e98dcc228cdbf0ded4ae08f13c84a4f2972fcd674427a5,0-31,32,0614fe83cadab421296e664e1f48f4261fa8fef6e03e63bb75c20f38e37d07d3,gpt-oss,rust-code-4096,1,False,novel_inputs_persistent_instance,core-novel,kitoken,16,67108855,899799327,2463470721,71.126960752807,25.979603033784606,2.737800137296613,win,material_win
verda-amd-epyc-9655-32c,198bafb07ddea8ca108101f41fb68707e2e354fbe0f02c72aeafc42b5ac2f0fc,e23b4ff90410bc70a095af8c2c0b0dd63b848493,131b836037daaf7026091cf1057ec66ea3f8bf6df69c9d19e247bcba09ff424b,964c40835860a00ee8e98dcc228cdbf0ded4ae08f13c84a4f2972fcd674427a5,0-31,32,0614fe83cadab421296e664e1f48f4261fa8fef6e03e63bb75c20f38e37d07d3,gpt-oss,rust-code-4096,1,False,novel_inputs_persistent_instance,core-novel,splintr,16,67108855,899799327,3335345245,71.126960752807,19.188415805791987,3.70676565865002,win,material_win
verda-amd-epyc-9655-32c,198bafb07ddea8ca108101f41fb68707e2e354fbe0f02c72aeafc42b5ac2f0fc,e23b4ff90410bc70a095af8c2c0b0dd63b848493,131b836037daaf7026091cf1057ec66ea3f8bf6df69c9d19e247bcba09ff424b,964c40835860a00ee8e98dcc228cdbf0ded4ae08f13c84a4f2972fcd674427a5,0-31,32,e134af98b985517b4f068e3755ae90d4e9cd2d45d328325dc503f1c6b2d06cc7,llama-3,enwik8-140,1,False,novel_inputs_persistent_instance,core-novel,fastokens,16,67108250,10041799255,16283610497,6.373301518859105,3.9302963219220097,1.6215829537612083,win,material_win
verda-amd-epyc-9655-32c,198bafb07ddea8ca108101f41fb68707e2e354fbe0f02c72aeafc42b5ac2f0fc,e23b4ff90410bc70a095af8c2c0b0dd63b848493,131b836037daaf7026091cf1057ec66ea3f8bf6df69c9d19e247bcba09ff424b,964c40835860a00ee8e98dcc228cdbf0ded4ae08f13c84a4f2972fcd674427a5,0-31,32,e134af98b985517b4f068e3755ae90d4e9cd2d45d328325dc503f1c6b2d06cc7,llama-3,enwik8-140,1,False,novel_inputs_persistent_instance,core-novel,gigatoken,16,67108250,10041799255,543071922,6.373301518859105,117.84703250404783,0.05408113707606675,loss,material_loss
verda-amd-epyc-9655-32c,198bafb07ddea8ca108101f41fb68707e2e354fbe0f02c72aeafc42b5ac2f0fc,e23b4ff90410bc70a095af8c2c0b0dd63b848493,131b836037daaf7026091cf1057ec66ea3f8bf6df69c9d19e247bcba09ff424b,964c40835860a00ee8e98dcc228cdbf0ded4ae08f13c84a4f2972fcd674427a5,0-31,32,e134af98b985517b4f068e3755ae90d4e9cd2d45d328325dc503f1c6b2d06cc7,llama-3,enwik8-140,1,False,novel_inputs_persistent_instance,core-novel,huggingface,16,67108250,10041799255,11473174554,6.373301518859105,5.578178397160096,1.1425417161458682,win,material_win
verda-amd-epyc-9655-32c,198bafb07ddea8ca108101f41fb68707e2e354fbe0f02c72aeafc42b5ac2f0fc,e23b4ff90410bc70a095af8c2c0b0dd63b848493,131b836037daaf7026091cf1057ec66ea3f8bf6df69c9d19e247bcba09ff424b,964c40835860a00ee8e98dcc228cdbf0ded4ae08f13c84a4f2972fcd674427a5,0-31,32,e134af98b985517b4f068e3755ae90d4e9cd2d45d328325dc503f1c6b2d06cc7,llama-3,enwik8-140,1,False,novel_inputs_persistent_instance,core-novel,kitoken,16,67108250,10041799255,2924194617,6.373301518859105,21.88616792873664,0.29120225795631083,loss,material_loss
verda-amd-epyc-9655-32c,198bafb07ddea8ca108101f41fb68707e2e354fbe0f02c72aeafc42b5ac2f0fc,e23b4ff90410bc70a095af8c2c0b0dd63b848493,131b836037daaf7026091cf1057ec66ea3f8bf6df69c9d19e247bcba09ff424b,964c40835860a00ee8e98dcc228cdbf0ded4ae08f13c84a4f2972fcd674427a5,0-31,32,e134af98b985517b4f068e3755ae90d4e9cd2d45d328325dc503f1c6b2d06cc7,llama-3,enwik8-140,1,False,novel_inputs_persistent_instance,core-novel,splintr,16,67108250,10041799255,4085571574,6.373301518859105,15.664739507013646,0.4068565274261699,loss,material_loss
verda-amd-epyc-9655-32c,198bafb07ddea8ca108101f41fb68707e2e354fbe0f02c72aeafc42b5ac2f0fc,e23b4ff90410bc70a095af8c2c0b0dd63b848493,131b836037daaf7026091cf1057ec66ea3f8bf6df69c9d19e247bcba09ff424b,964c40835860a00ee8e98dcc228cdbf0ded4ae08f13c84a4f2972fcd674427a5,0-31,32,e134af98b985517b4f068e3755ae90d4e9cd2d45d328325dc503f1c6b2d06cc7,llama-3,enwik8-140,32,False,novel_inputs_persistent_instance,core-novel,fastokens,16,67162008,1668124614,4607163907,38.396820915125645,13.902410107561883,2.761882336807243,win,material_win
verda-amd-epyc-9655-32c,198bafb07ddea8ca108101f41fb68707e2e354fbe0f02c72aeafc42b5ac2f0fc,e23b4ff90410bc70a095af8c2c0b0dd63b848493,131b836037daaf7026091cf1057ec66ea3f8bf6df69c9d19e247bcba09ff424b,964c40835860a00ee8e98dcc228cdbf0ded4ae08f13c84a4f2972fcd674427a5,0-31,32,e134af98b985517b4f068e3755ae90d4e9cd2d45d328325dc503f1c6b2d06cc7,llama-3,enwik8-140,32,False,novel_inputs_persistent_instance,core-novel,gigatoken,16,67162008,1668124614,416408351,38.396820915125645,153.81699697917705,0.24962664509906932,loss,material_loss
verda-amd-epyc-9655-32c,198bafb07ddea8ca108101f41fb68707e2e354fbe0f02c72aeafc42b5ac2f0fc,e23b4ff90410bc70a095af8c2c0b0dd63b848493,131b836037daaf7026091cf1057ec66ea3f8bf6df69c9d19e247bcba09ff424b,964c40835860a00ee8e98dcc228cdbf0ded4ae08f13c84a4f2972fcd674427a5,0-31,32,e134af98b985517b4f068e3755ae90d4e9cd2d45d328325dc503f1c6b2d06cc7,llama-3,enwik8-140,32,False,novel_inputs_persistent_instance,core-novel,huggingface,16,67162008,1668124614,3741494571,38.396820915125645,17.11900975730992,2.242934694206245,win,material_win
verda-amd-epyc-9655-32c,198bafb07ddea8ca108101f41fb68707e2e354fbe0f02c72aeafc42b5ac2f0fc,e23b4ff90410bc70a095af8c2c0b0dd63b848493,131b836037daaf7026091cf1057ec66ea3f8bf6df69c9d19e247bcba09ff424b,964c40835860a00ee8e98dcc228cdbf0ded4ae08f13c84a4f2972fcd674427a5,0-31,32,e134af98b985517b4f068e3755ae90d4e9cd2d45d328325dc503f1c6b2d06cc7,llama-3,enwik8-140,32,False,novel_inputs_persistent_instance,core-novel,kitoken,16,67162008,1668124614,3542886332,38.396820915125645,18.078672603564378,2.123873901425448,win,material_win
verda-amd-epyc-9655-32c,198bafb07ddea8ca108101f41fb68707e2e354fbe0f02c72aeafc42b5ac2f0fc,e23b4ff90410bc70a095af8c2c0b0dd63b848493,131b836037daaf7026091cf1057ec66ea3f8bf6df69c9d19e247bcba09ff424b,964c40835860a00ee8e98dcc228cdbf0ded4ae08f13c84a4f2972fcd674427a5,0-31,32,e134af98b985517b4f068e3755ae90d4e9cd2d45d328325dc503f1c6b2d06cc7,llama-3,enwik8-140,32,False,novel_inputs_persistent_instance,core-novel,splintr,16,67162008,1668124614,3827874176,38.396820915125645,16.732703093914626,2.294717159541895,win,material_win
verda-amd-epyc-9655-32c,198bafb07ddea8ca108101f41fb68707e2e354fbe0f02c72aeafc42b5ac2f0fc,e23b4ff90410bc70a095af8c2c0b0dd63b848493,131b836037daaf7026091cf1057ec66ea3f8bf6df69c9d19e247bcba09ff424b,964c40835860a00ee8e98dcc228cdbf0ded4ae08f13c84a4f2972fcd674427a5,0-31,32,e134af98b985517b4f068e3755ae90d4e9cd2d45d328325dc503f1c6b2d06cc7,llama-3,enwik8-140,512,False,novel_inputs_persistent_instance,core-novel,fastokens,16,67663752,573703775,1889342733,112.47822525497942,34.15430207923108,3.293237408103163,win,material_win
verda-amd-epyc-9655-32c,198bafb07ddea8ca108101f41fb68707e2e354fbe0f02c72aeafc42b5ac2f0fc,e23b4ff90410bc70a095af8c2c0b0dd63b848493,131b836037daaf7026091cf1057ec66ea3f8bf6df69c9d19e247bcba09ff424b,964c40835860a00ee8e98dcc228cdbf0ded4ae08f13c84a4f2972fcd674427a5,0-31,32,e134af98b985517b4f068e3755ae90d4e9cd2d45d328325dc503f1c6b2d06cc7,llama-3,enwik8-140,512,False,novel_inputs_persistent_instance,core-novel,gigatoken,16,67663752,573703775,418371423,112.47822525497942,154.23898212589447,0.7292464181536892,loss,material_loss
verda-amd-epyc-9655-32c,198bafb07ddea8ca108101f41fb68707e2e354fbe0f02c72aeafc42b5ac2f0fc,e23b4ff90410bc70a095af8c2c0b0dd63b848493,131b836037daaf7026091cf1057ec66ea3f8bf6df69c9d19e247bcba09ff424b,964c40835860a00ee8e98dcc228cdbf0ded4ae08f13c84a4f2972fcd674427a5,0-31,32,e134af98b985517b4f068e3755ae90d4e9cd2d45d328325dc503f1c6b2d06cc7,llama-3,enwik8-140,512,False,novel_inputs_persistent_instance,core-novel,huggingface,16,67663752,573703775,1425157270,112.47822525497942,45.278639622756884,2.4841343775365607,win,material_win
verda-amd-epyc-9655-32c,198bafb07ddea8ca108101f41fb68707e2e354fbe0f02c72aeafc42b5ac2f0fc,e23b4ff90410bc70a095af8c2c0b0dd63b848493,131b836037daaf7026091cf1057ec66ea3f8bf6df69c9d19e247bcba09ff424b,964c40835860a00ee8e98dcc228cdbf0ded4ae08f13c84a4f2972fcd674427a5,0-31,32,e134af98b985517b4f068e3755ae90d4e9cd2d45d328325dc503f1c6b2d06cc7,llama-3,enwik8-140,512,False,novel_inputs_persistent_instance,core-novel,kitoken,16,67663752,573703775,1608852124,112.47822525497942,40.1088337899239,2.8043254970738167,win,material_win
verda-amd-epyc-9655-32c,198bafb07ddea8ca108101f41fb68707e2e354fbe0f02c72aeafc42b5ac2f0fc,e23b4ff90410bc70a095af8c2c0b0dd63b848493,131b836037daaf7026091cf1057ec66ea3f8bf6df69c9d19e247bcba09ff424b,964c40835860a00ee8e98dcc228cdbf0ded4ae08f13c84a4f2972fcd674427a5,0-31,32,e134af98b985517b4f068e3755ae90d4e9cd2d45d328325dc503f1c6b2d06cc7,llama-3,enwik8-140,512,False,novel_inputs_persistent_instance,core-novel,splintr,16,67663752,573703775,2586783055,112.47822525497942,24.945726433978837,4.508917611706495,win,material_win
verda-amd-epyc-9655-32c,198bafb07ddea8ca108101f41fb68707e2e354fbe0f02c72aeafc42b5ac2f0fc,e23b4ff90410bc70a095af8c2c0b0dd63b848493,131b836037daaf7026091cf1057ec66ea3f8bf6df69c9d19e247bcba09ff424b,964c40835860a00ee8e98dcc228cdbf0ded4ae08f13c84a4f2972fcd674427a5,0-31,32,e134af98b985517b4f068e3755ae90d4e9cd2d45d328325dc503f1c6b2d06cc7,llama-3,enwik8-65536,1,False,novel_inputs_persistent_instance,core-novel,fastokens,16,67108862,598933163,820678987,106.85666122089714,77.98420467252852,1.3702346734138013,win,material_win
verda-amd-epyc-9655-32c,198bafb07ddea8ca108101f41fb68707e2e354fbe0f02c72aeafc42b5ac2f0fc,e23b4ff90410bc70a095af8c2c0b0dd63b848493,131b836037daaf7026091cf1057ec66ea3f8bf6df69c9d19e247bcba09ff424b,964c40835860a00ee8e98dcc228cdbf0ded4ae08f13c84a4f2972fcd674427a5,0-31,32,e134af98b985517b4f068e3755ae90d4e9cd2d45d328325dc503f1c6b2d06cc7,llama-3,enwik8-65536,1,False,novel_inputs_persistent_instance,core-novel,gigatoken,16,67108862,598933163,301521921,106.85666122089714,212.25653471692814,0.5034316675498565,loss,material_loss
verda-amd-epyc-9655-32c,198bafb07ddea8ca108101f41fb68707e2e354fbe0f02c72aeafc42b5ac2f0fc,e23b4ff90410bc70a095af8c2c0b0dd63b848493,131b836037daaf7026091cf1057ec66ea3f8bf6df69c9d19e247bcba09ff424b,964c40835860a00ee8e98dcc228cdbf0ded4ae08f13c84a4f2972fcd674427a5,0-31,32,e134af98b985517b4f068e3755ae90d4e9cd2d45d328325dc503f1c6b2d06cc7,llama-3,enwik8-65536,1,False,novel_inputs_persistent_instance,core-novel,huggingface,16,67108862,598933163,10009020245,106.85666122089714,6.394232055292577,16.711414333555613,win,material_win
verda-amd-epyc-9655-32c,198bafb07ddea8ca108101f41fb68707e2e354fbe0f02c72aeafc42b5ac2f0fc,e23b4ff90410bc70a095af8c2c0b0dd63b848493,131b836037daaf7026091cf1057ec66ea3f8bf6df69c9d19e247bcba09ff424b,964c40835860a00ee8e98dcc228cdbf0ded4ae08f13c84a4f2972fcd674427a5,0-31,32,e134af98b985517b4f068e3755ae90d4e9cd2d45d328325dc503f1c6b2d06cc7,llama-3,enwik8-65536,1,False,novel_inputs_persistent_instance,core-novel,kitoken,16,67108862,598933163,2466828543,106.85666122089714,25.944242567754078,4.118704215081174,win,material_win
verda-amd-epyc-9655-32c,198bafb07ddea8ca108101f41fb68707e2e354fbe0f02c72aeafc42b5ac2f0fc,e23b4ff90410bc70a095af8c2c0b0dd63b848493,131b836037daaf7026091cf1057ec66ea3f8bf6df69c9d19e247bcba09ff424b,964c40835860a00ee8e98dcc228cdbf0ded4ae08f13c84a4f2972fcd674427a5,0-31,32,e134af98b985517b4f068e3755ae90d4e9cd2d45d328325dc503f1c6b2d06cc7,llama-3,enwik8-65536,1,False,novel_inputs_persistent_instance,core-novel,splintr,16,67108862,598933163,3669822649,106.85666122089714,17.43953433556003,6.127265737996879,win,material_win
verda-amd-epyc-9655-32c,198bafb07ddea8ca108101f41fb68707e2e354fbe0f02c72aeafc42b5ac2f0fc,e23b4ff90410bc70a095af8c2c0b0dd63b848493,131b836037daaf7026091cf1057ec66ea3f8bf6df69c9d19e247bcba09ff424b,964c40835860a00ee8e98dcc228cdbf0ded4ae08f13c84a4f2972fcd674427a5,0-31,32,e134af98b985517b4f068e3755ae90d4e9cd2d45d328325dc503f1c6b2d06cc7,llama-3,rust-code-4096,1,False,novel_inputs_persistent_instance,core-novel,fastokens,16,67108855,790251818,1483092306,80.98683224659301,43.1530735868649,1.8767338109432858,win,material_win
verda-amd-epyc-9655-32c,198bafb07ddea8ca108101f41fb68707e2e354fbe0f02c72aeafc42b5ac2f0fc,e23b4ff90410bc70a095af8c2c0b0dd63b848493,131b836037daaf7026091cf1057ec66ea3f8bf6df69c9d19e247bcba09ff424b,964c40835860a00ee8e98dcc228cdbf0ded4ae08f13c84a4f2972fcd674427a5,0-31,32,e134af98b985517b4f068e3755ae90d4e9cd2d45d328325dc503f1c6b2d06cc7,llama-3,rust-code-4096,1,False,novel_inputs_persistent_instance,core-novel,gigatoken,16,67108855,790251818,185269663,80.98683224659301,345.4423696821382,0.23444383015642742,loss,material_loss
verda-amd-epyc-9655-32c,198bafb07ddea8ca108101f41fb68707e2e354fbe0f02c72aeafc42b5ac2f0fc,e23b4ff90410bc70a095af8c2c0b0dd63b848493,131b836037daaf7026091cf1057ec66ea3f8bf6df69c9d19e247bcba09ff424b,964c40835860a00ee8e98dcc228cdbf0ded4ae08f13c84a4f2972fcd674427a5,0-31,32,e134af98b985517b4f068e3755ae90d4e9cd2d45d328325dc503f1c6b2d06cc7,llama-3,rust-code-4096,1,False,novel_inputs_persistent_instance,core-novel,huggingface,16,67108855,790251818,9294821370,80.98683224659301,6.885553672230621,11.761847500109136,win,material_win
verda-amd-epyc-9655-32c,198bafb07ddea8ca108101f41fb68707e2e354fbe0f02c72aeafc42b5ac2f0fc,e23b4ff90410bc70a095af8c2c0b0dd63b848493,131b836037daaf7026091cf1057ec66ea3f8bf6df69c9d19e247bcba09ff424b,964c40835860a00ee8e98dcc228cdbf0ded4ae08f13c84a4f2972fcd674427a5,0-31,32,e134af98b985517b4f068e3755ae90d4e9cd2d45d328325dc503f1c6b2d06cc7,llama-3,rust-code-4096,1,False,novel_inputs_persistent_instance,core-novel,kitoken,16,67108855,790251818,2598846837,80.98683224659301,24.626303676599143,3.2886312663946318,win,material_win
verda-amd-epyc-9655-32c,198bafb07ddea8ca108101f41fb68707e2e354fbe0f02c72aeafc42b5ac2f0fc,e23b4ff90410bc70a095af8c2c0b0dd63b848493,131b836037daaf7026091cf1057ec66ea3f8bf6df69c9d19e247bcba09ff424b,964c40835860a00ee8e98dcc228cdbf0ded4ae08f13c84a4f2972fcd674427a5,0-31,32,e134af98b985517b4f068e3755ae90d4e9cd2d45d328325dc503f1c6b2d06cc7,llama-3,rust-code-4096,1,False,novel_inputs_persistent_instance,core-novel,splintr,16,67108855,790251818,3267026209,80.98683224659301,19.589677989305397,4.134158422144877,win,material_win
verda-amd-epyc-9655-32c,198bafb07ddea8ca108101f41fb68707e2e354fbe0f02c72aeafc42b5ac2f0fc,e23b4ff90410bc70a095af8c2c0b0dd63b848493,131b836037daaf7026091cf1057ec66ea3f8bf6df69c9d19e247bcba09ff424b,964c40835860a00ee8e98dcc228cdbf0ded4ae08f13c84a4f2972fcd674427a5,0-31,32,757622126525aeeb131756849d93298070ff3f0319c455ec8c5bb0f6b1cebbe8,minimax-m2-1,enwik8-140,1,False,novel_inputs_persistent_instance,core-novel,fastokens,16,67108250,11302426227,12019870825,5.66244920856759,5.324467739774543,1.063477043210963,win,material_win
verda-amd-epyc-9655-32c,198bafb07ddea8ca108101f41fb68707e2e354fbe0f02c72aeafc42b5ac2f0fc,e23b4ff90410bc70a095af8c2c0b0dd63b848493,131b836037daaf7026091cf1057ec66ea3f8bf6df69c9d19e247bcba09ff424b,964c40835860a00ee8e98dcc228cdbf0ded4ae08f13c84a4f2972fcd674427a5,0-31,32,757622126525aeeb131756849d93298070ff3f0319c455ec8c5bb0f6b1cebbe8,minimax-m2-1,enwik8-140,1,False,novel_inputs_persistent_instance,core-novel,gigatoken,16,67108250,11302426227,542963968,5.66244920856759,117.87046326427637,0.04803959407431751,loss,material_loss
verda-amd-epyc-9655-32c,198bafb07ddea8ca108101f41fb68707e2e354fbe0f02c72aeafc42b5ac2f0fc,e23b4ff90410bc70a095af8c2c0b0dd63b848493,131b836037daaf7026091cf1057ec66ea3f8bf6df69c9d19e247bcba09ff424b,964c40835860a00ee8e98dcc228cdbf0ded4ae08f13c84a4f2972fcd674427a5,0-31,32,757622126525aeeb131756849d93298070ff3f0319c455ec8c5bb0f6b1cebbe8,minimax-m2-1,enwik8-140,1,False,novel_inputs_persistent_instance,core-novel,huggingface,16,67108250,11302426227,14688908047,5.66244920856759,4.356989249247883,1.299624324192459,win,material_win
verda-amd-epyc-9655-32c,198bafb07ddea8ca108101f41fb68707e2e354fbe0f02c72aeafc42b5ac2f0fc,e23b4ff90410bc70a095af8c2c0b0dd63b848493,131b836037daaf7026091cf1057ec66ea3f8bf6df69c9d19e247bcba09ff424b,964c40835860a00ee8e98dcc228cdbf0ded4ae08f13c84a4f2972fcd674427a5,0-31,32,757622126525aeeb131756849d93298070ff3f0319c455ec8c5bb0f6b1cebbe8,minimax-m2-1,enwik8-140,1,False,novel_inputs_persistent_instance,core-novel,kitoken,16,67108250,11302426227,3903655720,5.66244920856759,16.394738428410825,0.3453821012938517,loss,material_loss
verda-amd-epyc-9655-32c,198bafb07ddea8ca108101f41fb68707e2e354fbe0f02c72aeafc42b5ac2f0fc,e23b4ff90410bc70a095af8c2c0b0dd63b848493,131b836037daaf7026091cf1057ec66ea3f8bf6df69c9d19e247bcba09ff424b,964c40835860a00ee8e98dcc228cdbf0ded4ae08f13c84a4f2972fcd674427a5,0-31,32,757622126525aeeb131756849d93298070ff3f0319c455ec8c5bb0f6b1cebbe8,minimax-m2-1,enwik8-140,32,False,novel_inputs_persistent_instance,core-novel,fastokens,16,67162008,1751111609,4684847988,36.57715575562214,13.671880545950192,2.6753565928760854,win,material_win
verda-amd-epyc-9655-32c,198bafb07ddea8ca108101f41fb68707e2e354fbe0f02c72aeafc42b5ac2f0fc,e23b4ff90410bc70a095af8c2c0b0dd63b848493,131b836037daaf7026091cf1057ec66ea3f8bf6df69c9d19e247bcba09ff424b,964c40835860a00ee8e98dcc228cdbf0ded4ae08f13c84a4f2972fcd674427a5,0-31,32,757622126525aeeb131756849d93298070ff3f0319c455ec8c5bb0f6b1cebbe8,minimax-m2-1,enwik8-140,32,False,novel_inputs_persistent_instance,core-novel,gigatoken,16,67162008,1751111609,457116010,36.57715575562214,140.11909595525017,0.2610433325041134,loss,material_loss
verda-amd-epyc-9655-32c,198bafb07ddea8ca108101f41fb68707e2e354fbe0f02c72aeafc42b5ac2f0fc,e23b4ff90410bc70a095af8c2c0b0dd63b848493,131b836037daaf7026091cf1057ec66ea3f8bf6df69c9d19e247bcba09ff424b,964c40835860a00ee8e98dcc228cdbf0ded4ae08f13c84a4f2972fcd674427a5,0-31,32,757622126525aeeb131756849d93298070ff3f0319c455ec8c5bb0f6b1cebbe8,minimax-m2-1,enwik8-140,32,False,novel_inputs_persistent_instance,core-novel,huggingface,16,67162008,1751111609,4130720125,36.57715575562214,15.505936042537158,2.3589131062633486,win,material_win
verda-amd-epyc-9655-32c,198bafb07ddea8ca108101f41fb68707e2e354fbe0f02c72aeafc42b5ac2f0fc,e23b4ff90410bc70a095af8c2c0b0dd63b848493,131b836037daaf7026091cf1057ec66ea3f8bf6df69c9d19e247bcba09ff424b,964c40835860a00ee8e98dcc228cdbf0ded4ae08f13c84a4f2972fcd674427a5,0-31,32,757622126525aeeb131756849d93298070ff3f0319c455ec8c5bb0f6b1cebbe8,minimax-m2-1,enwik8-140,32,False,novel_inputs_persistent_instance,core-novel,kitoken,16,67162008,1751111609,3747741651,36.57715575562214,17.090474219529145,2.1402071871022583,win,material_win
verda-amd-epyc-9655-32c,198bafb07ddea8ca108101f41fb68707e2e354fbe0f02c72aeafc42b5ac2f0fc,e23b4ff90410bc70a095af8c2c0b0dd63b848493,131b836037daaf7026091cf1057ec66ea3f8bf6df69c9d19e247bcba09ff424b,964c40835860a00ee8e98dcc228cdbf0ded4ae08f13c84a4f2972fcd674427a5,0-31,32,757622126525aeeb131756849d93298070ff3f0319c455ec8c5bb0f6b1cebbe8,minimax-m2-1,enwik8-140,512,False,novel_inputs_persistent_instance,core-novel,fastokens,16,67663752,582871224,1721941657,110.70915800448236,37.47466249611849,2.954240295451607,win,material_win
verda-amd-epyc-9655-32c,198bafb07ddea8ca108101f41fb68707e2e354fbe0f02c72aeafc42b5ac2f0fc,e23b4ff90410bc70a095af8c2c0b0dd63b848493,131b836037daaf7026091cf1057ec66ea3f8bf6df69c9d19e247bcba09ff424b,964c40835860a00ee8e98dcc228cdbf0ded4ae08f13c84a4f2972fcd674427a5,0-31,32,757622126525aeeb131756849d93298070ff3f0319c455ec8c5bb0f6b1cebbe8,minimax-m2-1,enwik8-140,512,False,novel_inputs_persistent_instance,core-novel,gigatoken,16,67663752,582871224,430727616,110.70915800448236,149.814360716732,0.7389756060422705,loss,material_loss
verda-amd-epyc-9655-32c,198bafb07ddea8ca108101f41fb68707e2e354fbe0f02c72aeafc42b5ac2f0fc,e23b4ff90410bc70a095af8c2c0b0dd63b848493,131b836037daaf7026091cf1057ec66ea3f8bf6df69c9d19e247bcba09ff424b,964c40835860a00ee8e98dcc228cdbf0ded4ae08f13c84a4f2972fcd674427a5,0-31,32,757622126525aeeb131756849d93298070ff3f0319c455ec8c5bb0f6b1cebbe8,minimax-m2-1,enwik8-140,512,False,novel_inputs_persistent_instance,core-novel,huggingface,16,67663752,582871224,1740071797,110.70915800448236,37.084206838668756,2.98534517634722,win,material_win
verda-amd-epyc-9655-32c,198bafb07ddea8ca108101f41fb68707e2e354fbe0f02c72aeafc42b5ac2f0fc,e23b4ff90410bc70a095af8c2c0b0dd63b848493,131b836037daaf7026091cf1057ec66ea3f8bf6df69c9d19e247bcba09ff424b,964c40835860a00ee8e98dcc228cdbf0ded4ae08f13c84a4f2972fcd674427a5,0-31,32,757622126525aeeb131756849d93298070ff3f0319c455ec8c5bb0f6b1cebbe8,minimax-m2-1,enwik8-140,512,False,novel_inputs_persistent_instance,core-novel,kitoken,16,67663752,582871224,1679303721,110.70915800448236,38.42615342724059,2.8810887411384716,win,material_win
verda-amd-epyc-9655-32c,198bafb07ddea8ca108101f41fb68707e2e354fbe0f02c72aeafc42b5ac2f0fc,e23b4ff90410bc70a095af8c2c0b0dd63b848493,131b836037daaf7026091cf1057ec66ea3f8bf6df69c9d19e247bcba09ff424b,964c40835860a00ee8e98dcc228cdbf0ded4ae08f13c84a4f2972fcd674427a5,0-31,32,757622126525aeeb131756849d93298070ff3f0319c455ec8c5bb0f6b1cebbe8,minimax-m2-1,enwik8-65536,1,False,novel_inputs_persistent_instance,core-novel,fastokens,16,67108862,663218787,821571807,96.49907292606801,77.89945753658434,1.2387643762570315,win,material_win
verda-amd-epyc-9655-32c,198bafb07ddea8ca108101f41fb68707e2e354fbe0f02c72aeafc42b5ac2f0fc,e23b4ff90410bc70a095af8c2c0b0dd63b848493,131b836037daaf7026091cf1057ec66ea3f8bf6df69c9d19e247bcba09ff424b,964c40835860a00ee8e98dcc228cdbf0ded4ae08f13c84a4f2972fcd674427a5,0-31,32,757622126525aeeb131756849d93298070ff3f0319c455ec8c5bb0f6b1cebbe8,minimax-m2-1,enwik8-65536,1,False,novel_inputs_persistent_instance,core-novel,gigatoken,16,67108862,663218787,314934752,96.49907292606801,203.2166907151973,0.4748580079050143,loss,material_loss
verda-amd-epyc-9655-32c,198bafb07ddea8ca108101f41fb68707e2e354fbe0f02c72aeafc42b5ac2f0fc,e23b4ff90410bc70a095af8c2c0b0dd63b848493,131b836037daaf7026091cf1057ec66ea3f8bf6df69c9d19e247bcba09ff424b,964c40835860a00ee8e98dcc228cdbf0ded4ae08f13c84a4f2972fcd674427a5,0-31,32,757622126525aeeb131756849d93298070ff3f0319c455ec8c5bb0f6b1cebbe8,minimax-m2-1,enwik8-65536,1,False,novel_inputs_persistent_instance,core-novel,huggingface,16,67108862,663218787,13266636475,96.49907292606801,4.824131437780379,20.00340873184583,win,material_win
verda-amd-epyc-9655-32c,198bafb07ddea8ca108101f41fb68707e2e354fbe0f02c72aeafc42b5ac2f0fc,e23b4ff90410bc70a095af8c2c0b0dd63b848493,131b836037daaf7026091cf1057ec66ea3f8bf6df69c9d19e247bcba09ff424b,964c40835860a00ee8e98dcc228cdbf0ded4ae08f13c84a4f2972fcd674427a5,0-31,32,757622126525aeeb131756849d93298070ff3f0319c455ec8c5bb0f6b1cebbe8,minimax-m2-1,enwik8-65536,1,False,novel_inputs_persistent_instance,core-novel,kitoken,16,67108862,663218787,3328457307,96.49907292606801,19.228126483117112,5.018641468309311,win,material_win
verda-amd-epyc-9655-32c,198bafb07ddea8ca108101f41fb68707e2e354fbe0f02c72aeafc42b5ac2f0fc,e23b4ff90410bc70a095af8c2c0b0dd63b848493,131b836037daaf7026091cf1057ec66ea3f8bf6df69c9d19e247bcba09ff424b,964c40835860a00ee8e98dcc228cdbf0ded4ae08f13c84a4f2972fcd674427a5,0-31,32,757622126525aeeb131756849d93298070ff3f0319c455ec8c5bb0f6b1cebbe8,minimax-m2-1,rust-code-4096,1,False,novel_inputs_persistent_instance,core-novel,fastokens,16,67108855,887004281,1534181587,72.15296790312915,41.71604714802978,1.729621400778786,win,material_win
verda-amd-epyc-9655-32c,198bafb07ddea8ca108101f41fb68707e2e354fbe0f02c72aeafc42b5ac2f0fc,e23b4ff90410bc70a095af8c2c0b0dd63b848493,131b836037daaf7026091cf1057ec66ea3f8bf6df69c9d19e247bcba09ff424b,964c40835860a00ee8e98dcc228cdbf0ded4ae08f13c84a4f2972fcd674427a5,0-31,32,757622126525aeeb131756849d93298070ff3f0319c455ec8c5bb0f6b1cebbe8,minimax-m2-1,rust-code-4096,1,False,novel_inputs_persistent_instance,core-novel,gigatoken,16,67108855,887004281,165405550,72.15296790312915,386.92771443842815,0.18647660844829678,loss,material_loss
verda-amd-epyc-9655-32c,198bafb07ddea8ca108101f41fb68707e2e354fbe0f02c72aeafc42b5ac2f0fc,e23b4ff90410bc70a095af8c2c0b0dd63b848493,131b836037daaf7026091cf1057ec66ea3f8bf6df69c9d19e247bcba09ff424b,964c40835860a00ee8e98dcc228cdbf0ded4ae08f13c84a4f2972fcd674427a5,0-31,32,757622126525aeeb131756849d93298070ff3f0319c455ec8c5bb0f6b1cebbe8,minimax-m2-1,rust-code-4096,1,False,novel_inputs_persistent_instance,core-novel,huggingface,16,67108855,887004281,11752520298,72.15296790312915,5.445639726129419,13.249677086958727,win,material_win
verda-amd-epyc-9655-32c,198bafb07ddea8ca108101f41fb68707e2e354fbe0f02c72aeafc42b5ac2f0fc,e23b4ff90410bc70a095af8c2c0b0dd63b848493,131b836037daaf7026091cf1057ec66ea3f8bf6df69c9d19e247bcba09ff424b,964c40835860a00ee8e98dcc228cdbf0ded4ae08f13c84a4f2972fcd674427a5,0-31,32,757622126525aeeb131756849d93298070ff3f0319c455ec8c5bb0f6b1cebbe8,minimax-m2-1,rust-code-4096,1,False,novel_inputs_persistent_instance,core-novel,kitoken,16,67108855,887004281,3477167525,72.15296790312915,18.40578314297099,3.9201248511223366,win,material_win
verda-amd-epyc-9655-32c,198bafb07ddea8ca108101f41fb68707e2e354fbe0f02c72aeafc42b5ac2f0fc,e23b4ff90410bc70a095af8c2c0b0dd63b848493,131b836037daaf7026091cf1057ec66ea3f8bf6df69c9d19e247bcba09ff424b,964c40835860a00ee8e98dcc228cdbf0ded4ae08f13c84a4f2972fcd674427a5,0-31,32,e11c71726323d33da7b8d6f6f269f1988931c0a52b7122bcdd8c05042974e0db,mistral-nemo,enwik8-140,1,False,novel_inputs_persistent_instance,core-novel,fastokens,16,67108250,9984931487,11346814472,6.409599758124983,5.640297953394591,1.1363938237105702,win,material_win
verda-amd-epyc-9655-32c,198bafb07ddea8ca108101f41fb68707e2e354fbe0f02c72aeafc42b5ac2f0fc,e23b4ff90410bc70a095af8c2c0b0dd63b848493,131b836037daaf7026091cf1057ec66ea3f8bf6df69c9d19e247bcba09ff424b,964c40835860a00ee8e98dcc228cdbf0ded4ae08f13c84a4f2972fcd674427a5,0-31,32,e11c71726323d33da7b8d6f6f269f1988931c0a52b7122bcdd8c05042974e0db,mistral-nemo,enwik8-140,1,False,novel_inputs_persistent_instance,core-novel,gigatoken,16,67108250,9984931487,633629076,6.409599758124983,101.00454172335003,0.06345853016868076,loss,material_loss
verda-amd-epyc-9655-32c,198bafb07ddea8ca108101f41fb68707e2e354fbe0f02c72aeafc42b5ac2f0fc,e23b4ff90410bc70a095af8c2c0b0dd63b848493,131b836037daaf7026091cf1057ec66ea3f8bf6df69c9d19e247bcba09ff424b,964c40835860a00ee8e98dcc228cdbf0ded4ae08f13c84a4f2972fcd674427a5,0-31,32,e11c71726323d33da7b8d6f6f269f1988931c0a52b7122bcdd8c05042974e0db,mistral-nemo,enwik8-140,1,False,novel_inputs_persistent_instance,core-novel,huggingface,16,67108250,9984931487,11640210556,6.409599758124983,5.498132025711591,1.1657777092567045,win,material_win
verda-amd-epyc-9655-32c,198bafb07ddea8ca108101f41fb68707e2e354fbe0f02c72aeafc42b5ac2f0fc,e23b4ff90410bc70a095af8c2c0b0dd63b848493,131b836037daaf7026091cf1057ec66ea3f8bf6df69c9d19e247bcba09ff424b,964c40835860a00ee8e98dcc228cdbf0ded4ae08f13c84a4f2972fcd674427a5,0-31,32,e11c71726323d33da7b8d6f6f269f1988931c0a52b7122bcdd8c05042974e0db,mistral-nemo,enwik8-140,1,False,novel_inputs_persistent_instance,core-novel,kitoken,16,67108250,9984931487,2872436303,6.409599758124983,22.280533906749515,0.28767711693763776,loss,material_loss
verda-amd-epyc-9655-32c,198bafb07ddea8ca108101f41fb68707e2e354fbe0f02c72aeafc42b5ac2f0fc,e23b4ff90410bc70a095af8c2c0b0dd63b848493,131b836037daaf7026091cf1057ec66ea3f8bf6df69c9d19e247bcba09ff424b,964c40835860a00ee8e98dcc228cdbf0ded4ae08f13c84a4f2972fcd674427a5,0-31,32,e11c71726323d33da7b8d6f6f269f1988931c0a52b7122bcdd8c05042974e0db,mistral-nemo,enwik8-140,1,False,novel_inputs_persistent_instance,core-novel,splintr,16,67108250,9984931487,4060023405,6.409599758124983,15.763311700408714,0.40661504891505723,loss,material_loss
verda-amd-epyc-9655-32c,198bafb07ddea8ca108101f41fb68707e2e354fbe0f02c72aeafc42b5ac2f0fc,e23b4ff90410bc70a095af8c2c0b0dd63b848493,131b836037daaf7026091cf1057ec66ea3f8bf6df69c9d19e247bcba09ff424b,964c40835860a00ee8e98dcc228cdbf0ded4ae08f13c84a4f2972fcd674427a5,0-31,32,e11c71726323d33da7b8d6f6f269f1988931c0a52b7122bcdd8c05042974e0db,mistral-nemo,enwik8-140,1024,False,novel_inputs_persistent_instance,deep-novel,fastokens,16,68810583,454563646,1708871190,144.36457090552403,38.4013061300662,3.759366163654891,win,material_win
verda-amd-epyc-9655-32c,198bafb07ddea8ca108101f41fb68707e2e354fbe0f02c72aeafc42b5ac2f0fc,e23b4ff90410bc70a095af8c2c0b0dd63b848493,131b836037daaf7026091cf1057ec66ea3f8bf6df69c9d19e247bcba09ff424b,964c40835860a00ee8e98dcc228cdbf0ded4ae08f13c84a4f2972fcd674427a5,0-31,32,e11c71726323d33da7b8d6f6f269f1988931c0a52b7122bcdd8c05042974e0db,mistral-nemo,enwik8-140,1024,False,novel_inputs_persistent_instance,deep-novel,gigatoken,16,68810583,454563646,426332006,144.36457090552403,153.92437063249838,0.9378928776015669,loss,material_loss
verda-amd-epyc-9655-32c,198bafb07ddea8ca108101f41fb68707e2e354fbe0f02c72aeafc42b5ac2f0fc,e23b4ff90410bc70a095af8c2c0b0dd63b848493,131b836037daaf7026091cf1057ec66ea3f8bf6df69c9d19e247bcba09ff424b,964c40835860a00ee8e98dcc228cdbf0ded4ae08f13c84a4f2972fcd674427a5,0-31,32,e11c71726323d33da7b8d6f6f269f1988931c0a52b7122bcdd8c05042974e0db,mistral-nemo,enwik8-140,1024,False,novel_inputs_persistent_instance,deep-novel,huggingface,16,68810583,454563646,1309923828,144.36457090552403,50.09671883305914,2.8817170918239245,win,material_win
verda-amd-epyc-9655-32c,198bafb07ddea8ca108101f41fb68707e2e354fbe0f02c72aeafc42b5ac2f0fc,e23b4ff90410bc70a095af8c2c0b0dd63b848493,131b836037daaf7026091cf1057ec66ea3f8bf6df69c9d19e247bcba09ff424b,964c40835860a00ee8e98dcc228cdbf0ded4ae08f13c84a4f2972fcd674427a5,0-31,32,e11c71726323d33da7b8d6f6f269f1988931c0a52b7122bcdd8c05042974e0db,mistral-nemo,enwik8-140,1024,False,novel_inputs_persistent_instance,deep-novel,kitoken,16,68810583,454563646,1391256255,144.36457090552403,47.16807954551876,3.0606412704635866,win,material_win
verda-amd-epyc-9655-32c,198bafb07ddea8ca108101f41fb68707e2e354fbe0f02c72aeafc42b5ac2f0fc,e23b4ff90410bc70a095af8c2c0b0dd63b848493,131b836037daaf7026091cf1057ec66ea3f8bf6df69c9d19e247bcba09ff424b,964c40835860a00ee8e98dcc228cdbf0ded4ae08f13c84a4f2972fcd674427a5,0-31,32,e11c71726323d33da7b8d6f6f269f1988931c0a52b7122bcdd8c05042974e0db,mistral-nemo,enwik8-140,1024,False,novel_inputs_persistent_instance,deep-novel,splintr,16,68810583,454563646,2821859344,144.36457090552403,23.25519372309314,6.2078421115092866,win,material_win
verda-amd-epyc-9655-32c,198bafb07ddea8ca108101f41fb68707e2e354fbe0f02c72aeafc42b5ac2f0fc,e23b4ff90410bc70a095af8c2c0b0dd63b848493,131b836037daaf7026091cf1057ec66ea3f8bf6df69c9d19e247bcba09ff424b,964c40835860a00ee8e98dcc228cdbf0ded4ae08f13c84a4f2972fcd674427a5,0-31,32,e11c71726323d33da7b8d6f6f269f1988931c0a52b7122bcdd8c05042974e0db,mistral-nemo,enwik8-140,128,False,novel_inputs_persistent_instance,deep-novel,fastokens,16,67377045,1028698758,2874621937,62.46314271514669,22.35276803004796,2.794425398732716,win,material_win
verda-amd-epyc-9655-32c,198bafb07ddea8ca108101f41fb68707e2e354fbe0f02c72aeafc42b5ac2f0fc,e23b4ff90410bc70a095af8c2c0b0dd63b848493,131b836037daaf7026091cf1057ec66ea3f8bf6df69c9d19e247bcba09ff424b,964c40835860a00ee8e98dcc228cdbf0ded4ae08f13c84a4f2972fcd674427a5,0-31,32,e11c71726323d33da7b8d6f6f269f1988931c0a52b7122bcdd8c05042974e0db,mistral-nemo,enwik8-140,128,False,novel_inputs_persistent_instance,deep-novel,gigatoken,16,67377045,1028698758,432045217,62.46314271514669,148.72461215523222,0.41999196911638537,loss,material_loss
verda-amd-epyc-9655-32c,198bafb07ddea8ca108101f41fb68707e2e354fbe0f02c72aeafc42b5ac2f0fc,e23b4ff90410bc70a095af8c2c0b0dd63b848493,131b836037daaf7026091cf1057ec66ea3f8bf6df69c9d19e247bcba09ff424b,964c40835860a00ee8e98dcc228cdbf0ded4ae08f13c84a4f2972fcd674427a5,0-31,32,e11c71726323d33da7b8d6f6f269f1988931c0a52b7122bcdd8c05042974e0db,mistral-nemo,enwik8-140,128,False,novel_inputs_persistent_instance,deep-novel,huggingface,16,67377045,1028698758,2140211745,62.46314271514669,30.023084156025014,2.0805038679749237,win,material_win
verda-amd-epyc-9655-32c,198bafb07ddea8ca108101f41fb68707e2e354fbe0f02c72aeafc42b5ac2f0fc,e23b4ff90410bc70a095af8c2c0b0dd63b848493,131b836037daaf7026091cf1057ec66ea3f8bf6df69c9d19e247bcba09ff424b,964c40835860a00ee8e98dcc228cdbf0ded4ae08f13c84a4f2972fcd674427a5,0-31,32,e11c71726323d33da7b8d6f6f269f1988931c0a52b7122bcdd8c05042974e0db,mistral-nemo,enwik8-140,128,False,novel_inputs_persistent_instance,deep-novel,kitoken,16,67377045,1028698758,2089646789,62.46314271514669,30.749578191919085,2.0313495790183507,win,material_win
verda-amd-epyc-9655-32c,198bafb07ddea8ca108101f41fb68707e2e354fbe0f02c72aeafc42b5ac2f0fc,e23b4ff90410bc70a095af8c2c0b0dd63b848493,131b836037daaf7026091cf1057ec66ea3f8bf6df69c9d19e247bcba09ff424b,964c40835860a00ee8e98dcc228cdbf0ded4ae08f13c84a4f2972fcd674427a5,0-31,32,e11c71726323d33da7b8d6f6f269f1988931c0a52b7122bcdd8c05042974e0db,mistral-nemo,enwik8-140,128,False,novel_inputs_persistent_instance,deep-novel,splintr,16,67377045,1028698758,3354423372,62.46314271514669,19.155529939423563,3.260841277306179,win,material_win
verda-amd-epyc-9655-32c,198bafb07ddea8ca108101f41fb68707e2e354fbe0f02c72aeafc42b5ac2f0fc,e23b4ff90410bc70a095af8c2c0b0dd63b848493,131b836037daaf7026091cf1057ec66ea3f8bf6df69c9d19e247bcba09ff424b,964c40835860a00ee8e98dcc228cdbf0ded4ae08f13c84a4f2972fcd674427a5,0-31,32,e11c71726323d33da7b8d6f6f269f1988931c0a52b7122bcdd8c05042974e0db,mistral-nemo,enwik8-140,16,False,novel_inputs_persistent_instance,deep-novel,fastokens,16,67126169,2961939700,5951248849,21.613033963535926,10.756818435646869,2.0092403802143575,win,material_win
verda-amd-epyc-9655-32c,198bafb07ddea8ca108101f41fb68707e2e354fbe0f02c72aeafc42b5ac2f0fc,e23b4ff90410bc70a095af8c2c0b0dd63b848493,131b836037daaf7026091cf1057ec66ea3f8bf6df69c9d19e247bcba09ff424b,964c40835860a00ee8e98dcc228cdbf0ded4ae08f13c84a4f2972fcd674427a5,0-31,32,e11c71726323d33da7b8d6f6f269f1988931c0a52b7122bcdd8c05042974e0db,mistral-nemo,enwik8-140,16,False,novel_inputs_persistent_instance,deep-novel,gigatoken,16,67126169,2961939700,453612999,21.613033963535926,141.1258131384489,0.15314727676596523,loss,material_loss
verda-amd-epyc-9655-32c,198bafb07ddea8ca108101f41fb68707e2e354fbe0f02c72aeafc42b5ac2f0fc,e23b4ff90410bc70a095af8c2c0b0dd63b848493,131b836037daaf7026091cf1057ec66ea3f8bf6df69c9d19e247bcba09ff424b,964c40835860a00ee8e98dcc228cdbf0ded4ae08f13c84a4f2972fcd674427a5,0-31,32,e11c71726323d33da7b8d6f6f269f1988931c0a52b7122bcdd8c05042974e0db,mistral-nemo,enwik8-140,16,False,novel_inputs_persistent_instance,deep-novel,huggingface,16,67126169,2961939700,5908535573,21.613033963535926,10.834580336044532,1.994819669353836,win,material_win
verda-amd-epyc-9655-32c,198bafb07ddea8ca108101f41fb68707e2e354fbe0f02c72aeafc42b5ac2f0fc,e23b4ff90410bc70a095af8c2c0b0dd63b848493,131b836037daaf7026091cf1057ec66ea3f8bf6df69c9d19e247bcba09ff424b,964c40835860a00ee8e98dcc228cdbf0ded4ae08f13c84a4f2972fcd674427a5,0-31,32,e11c71726323d33da7b8d6f6f269f1988931c0a52b7122bcdd8c05042974e0db,mistral-nemo,enwik8-140,16,False,novel_inputs_persistent_instance,deep-novel,kitoken,16,67126169,2961939700,4278162671,21.613033963535926,14.963550537240758,1.4443787194587385,win,material_win
verda-amd-epyc-9655-32c,198bafb07ddea8ca108101f41fb68707e2e354fbe0f02c72aeafc42b5ac2f0fc,e23b4ff90410bc70a095af8c2c0b0dd63b848493,131b836037daaf7026091cf1057ec66ea3f8bf6df69c9d19e247bcba09ff424b,964c40835860a00ee8e98dcc228cdbf0ded4ae08f13c84a4f2972fcd674427a5,0-31,32,e11c71726323d33da7b8d6f6f269f1988931c0a52b7122bcdd8c05042974e0db,mistral-nemo,enwik8-140,16,False,novel_inputs_persistent_instance,deep-novel,splintr,16,67126169,2961939700,5030936770,21.613033963535926,12.724569252347294,1.6985277485561237,win,material_win
verda-amd-epyc-9655-32c,198bafb07ddea8ca108101f41fb68707e2e354fbe0f02c72aeafc42b5ac2f0fc,e23b4ff90410bc70a095af8c2c0b0dd63b848493,131b836037daaf7026091cf1057ec66ea3f8bf6df69c9d19e247bcba09ff424b,964c40835860a00ee8e98dcc228cdbf0ded4ae08f13c84a4f2972fcd674427a5,0-31,32,e11c71726323d33da7b8d6f6f269f1988931c0a52b7122bcdd8c05042974e0db,mistral-nemo,enwik8-140,2,False,novel_inputs_persistent_instance,deep-novel,fastokens,16,67108250,7077293682,14549205184,9.04292195853654,4.398825477721005,2.055758293739265,win,material_win
verda-amd-epyc-9655-32c,198bafb07ddea8ca108101f41fb68707e2e354fbe0f02c72aeafc42b5ac2f0fc,e23b4ff90410bc70a095af8c2c0b0dd63b848493,131b836037daaf7026091cf1057ec66ea3f8bf6df69c9d19e247bcba09ff424b,964c40835860a00ee8e98dcc228cdbf0ded4ae08f13c84a4f2972fcd674427a5,0-31,32,e11c71726323d33da7b8d6f6f269f1988931c0a52b7122bcdd8c05042974e0db,mistral-nemo,enwik8-140,2,False,novel_inputs_persistent_instance,deep-novel,gigatoken,16,67108250,7077293682,546370214,9.04292195853654,117.13562124008781,0.07720044391963103,loss,material_loss
verda-amd-epyc-9655-32c,198bafb07ddea8ca108101f41fb68707e2e354fbe0f02c72aeafc42b5ac2f0fc,e23b4ff90410bc70a095af8c2c0b0dd63b848493,131b836037daaf7026091cf1057ec66ea3f8bf6df69c9d19e247bcba09ff424b,964c40835860a00ee8e98dcc228cdbf0ded4ae08f13c84a4f2972fcd674427a5,0-31,32,e11c71726323d33da7b8d6f6f269f1988931c0a52b7122bcdd8c05042974e0db,mistral-nemo,enwik8-140,2,False,novel_inputs_persistent_instance,deep-novel,huggingface,16,67108250,7077293682,11783966699,9.04292195853654,5.4310586646006715,1.6650385342875758,win,material_win
verda-amd-epyc-9655-32c,198bafb07ddea8ca108101f41fb68707e2e354fbe0f02c72aeafc42b5ac2f0fc,e23b4ff90410bc70a095af8c2c0b0dd63b848493,131b836037daaf7026091cf1057ec66ea3f8bf6df69c9d19e247bcba09ff424b,964c40835860a00ee8e98dcc228cdbf0ded4ae08f13c84a4f2972fcd674427a5,0-31,32,e11c71726323d33da7b8d6f6f269f1988931c0a52b7122bcdd8c05042974e0db,mistral-nemo,enwik8-140,2,False,novel_inputs_persistent_instance,deep-novel,kitoken,16,67108250,7077293682,7996094961,9.04292195853654,8.003833715847453,1.1298238168831158,win,material_win
verda-amd-epyc-9655-32c,198bafb07ddea8ca108101f41fb68707e2e354fbe0f02c72aeafc42b5ac2f0fc,e23b4ff90410bc70a095af8c2c0b0dd63b848493,131b836037daaf7026091cf1057ec66ea3f8bf6df69c9d19e247bcba09ff424b,964c40835860a00ee8e98dcc228cdbf0ded4ae08f13c84a4f2972fcd674427a5,0-31,32,e11c71726323d33da7b8d6f6f269f1988931c0a52b7122bcdd8c05042974e0db,mistral-nemo,enwik8-140,2,False,novel_inputs_persistent_instance,deep-novel,splintr,16,67108250,7077293682,10052160148,9.04292195853654,6.366732473587102,1.4203395534604013,win,material_win
verda-amd-epyc-9655-32c,198bafb07ddea8ca108101f41fb68707e2e354fbe0f02c72aeafc42b5ac2f0fc,e23b4ff90410bc70a095af8c2c0b0dd63b848493,131b836037daaf7026091cf1057ec66ea3f8bf6df69c9d19e247bcba09ff424b,964c40835860a00ee8e98dcc228cdbf0ded4ae08f13c84a4f2972fcd674427a5,0-31,32,e11c71726323d33da7b8d6f6f269f1988931c0a52b7122bcdd8c05042974e0db,mistral-nemo,enwik8-140,256,False,novel_inputs_persistent_instance,deep-novel,fastokens,16,67663752,753666504,2370337796,85.62034015257501,27.223622954912386,3.14507515382427,win,material_win
verda-amd-epyc-9655-32c,198bafb07ddea8ca108101f41fb68707e2e354fbe0f02c72aeafc42b5ac2f0fc,e23b4ff90410bc70a095af8c2c0b0dd63b848493,131b836037daaf7026091cf1057ec66ea3f8bf6df69c9d19e247bcba09ff424b,964c40835860a00ee8e98dcc228cdbf0ded4ae08f13c84a4f2972fcd674427a5,0-31,32,e11c71726323d33da7b8d6f6f269f1988931c0a52b7122bcdd8c05042974e0db,mistral-nemo,enwik8-140,256,False,novel_inputs_persistent_instance,deep-novel,gigatoken,16,67663752,753666504,433129280,85.62034015257501,148.98365318105954,0.5746962054187299,loss,material_loss
verda-amd-epyc-9655-32c,198bafb07ddea8ca108101f41fb68707e2e354fbe0f02c72aeafc42b5ac2f0fc,e23b4ff90410bc70a095af8c2c0b0dd63b848493,131b836037daaf7026091cf1057ec66ea3f8bf6df69c9d19e247bcba09ff424b,964c40835860a00ee8e98dcc228cdbf0ded4ae08f13c84a4f2972fcd674427a5,0-31,32,e11c71726323d33da7b8d6f6f269f1988931c0a52b7122bcdd8c05042974e0db,mistral-nemo,enwik8-140,256,False,novel_inputs_persistent_instance,deep-novel,huggingface,16,67663752,753666504,1722701174,85.62034015257501,37.45814039485993,2.285760564993877,win,material_win
verda-amd-epyc-9655-32c,198bafb07ddea8ca108101f41fb68707e2e354fbe0f02c72aeafc42b5ac2f0fc,e23b4ff90410bc70a095af8c2c0b0dd63b848493,131b836037daaf7026091cf1057ec66ea3f8bf6df69c9d19e247bcba09ff424b,964c40835860a00ee8e98dcc228cdbf0ded4ae08f13c84a4f2972fcd674427a5,0-31,32,e11c71726323d33da7b8d6f6f269f1988931c0a52b7122bcdd8c05042974e0db,mistral-nemo,enwik8-140,256,False,novel_inputs_persistent_instance,deep-novel,kitoken,16,67663752,753666504,1689029272,85.62034015257501,38.204892895474956,2.241083109088261,win,material_win
verda-amd-epyc-9655-32c,198bafb07ddea8ca108101f41fb68707e2e354fbe0f02c72aeafc42b5ac2f0fc,e23b4ff90410bc70a095af8c2c0b0dd63b848493,131b836037daaf7026091cf1057ec66ea3f8bf6df69c9d19e247bcba09ff424b,964c40835860a00ee8e98dcc228cdbf0ded4ae08f13c84a4f2972fcd674427a5,0-31,32,e11c71726323d33da7b8d6f6f269f1988931c0a52b7122bcdd8c05042974e0db,mistral-nemo,enwik8-140,256,False,novel_inputs_persistent_instance,deep-novel,splintr,16,67663752,753666504,2973164749,85.62034015257501,21.703870414778024,3.9449341760848644,win,material_win
verda-amd-epyc-9655-32c,198bafb07ddea8ca108101f41fb68707e2e354fbe0f02c72aeafc42b5ac2f0fc,e23b4ff90410bc70a095af8c2c0b0dd63b848493,131b836037daaf7026091cf1057ec66ea3f8bf6df69c9d19e247bcba09ff424b,964c40835860a00ee8e98dcc228cdbf0ded4ae08f13c84a4f2972fcd674427a5,0-31,32,e11c71726323d33da7b8d6f6f269f1988931c0a52b7122bcdd8c05042974e0db,mistral-nemo,enwik8-140,32,False,novel_inputs_persistent_instance,core-novel,fastokens,16,67162008,1548115348,4583493146,41.373326703735444,13.974207013654624,2.9606922713616814,win,material_win
verda-amd-epyc-9655-32c,198bafb07ddea8ca108101f41fb68707e2e354fbe0f02c72aeafc42b5ac2f0fc,e23b4ff90410bc70a095af8c2c0b0dd63b848493,131b836037daaf7026091cf1057ec66ea3f8bf6df69c9d19e247bcba09ff424b,964c40835860a00ee8e98dcc228cdbf0ded4ae08f13c84a4f2972fcd674427a5,0-31,32,e11c71726323d33da7b8d6f6f269f1988931c0a52b7122bcdd8c05042974e0db,mistral-nemo,enwik8-140,32,False,novel_inputs_persistent_instance,core-novel,gigatoken,16,67162008,1548115348,456069619,41.373326703735444,140.44058055941474,0.2945966652867264,loss,material_loss
verda-amd-epyc-9655-32c,198bafb07ddea8ca108101f41fb68707e2e354fbe0f02c72aeafc42b5ac2f0fc,e23b4ff90410bc70a095af8c2c0b0dd63b848493,131b836037daaf7026091cf1057ec66ea3f8bf6df69c9d19e247bcba09ff424b,964c40835860a00ee8e98dcc228cdbf0ded4ae08f13c84a4f2972fcd674427a5,0-31,32,e11c71726323d33da7b8d6f6f269f1988931c0a52b7122bcdd8c05042974e0db,mistral-nemo,enwik8-140,32,False,novel_inputs_persistent_instance,core-novel,huggingface,16,67162008,1548115348,3764689588,41.373326703735444,17.013536062052374,2.4317888152608123,win,material_win
verda-amd-epyc-9655-32c,198bafb07ddea8ca108101f41fb68707e2e354fbe0f02c72aeafc42b5ac2f0fc,e23b4ff90410bc70a095af8c2c0b0dd63b848493,131b836037daaf7026091cf1057ec66ea3f8bf6df69c9d19e247bcba09ff424b,964c40835860a00ee8e98dcc228cdbf0ded4ae08f13c84a4f2972fcd674427a5,0-31,32,e11c71726323d33da7b8d6f6f269f1988931c0a52b7122bcdd8c05042974e0db,mistral-nemo,enwik8-140,32,False,novel_inputs_persistent_instance,core-novel,kitoken,16,67162008,1548115348,3361740103,41.373326703735444,19.05283576523735,2.171504925226024,win,material_win
verda-amd-epyc-9655-32c,198bafb07ddea8ca108101f41fb68707e2e354fbe0f02c72aeafc42b5ac2f0fc,e23b4ff90410bc70a095af8c2c0b0dd63b848493,131b836037daaf7026091cf1057ec66ea3f8bf6df69c9d19e247bcba09ff424b,964c40835860a00ee8e98dcc228cdbf0ded4ae08f13c84a4f2972fcd674427a5,0-31,32,e11c71726323d33da7b8d6f6f269f1988931c0a52b7122bcdd8c05042974e0db,mistral-nemo,enwik8-140,32,False,novel_inputs_persistent_instance,core-novel,splintr,16,67162008,1548115348,4062538809,41.373326703735444,15.766171125793445,2.6241835366133195,win,material_win
verda-amd-epyc-9655-32c,198bafb07ddea8ca108101f41fb68707e2e354fbe0f02c72aeafc42b5ac2f0fc,e23b4ff90410bc70a095af8c2c0b0dd63b848493,131b836037daaf7026091cf1057ec66ea3f8bf6df69c9d19e247bcba09ff424b,964c40835860a00ee8e98dcc228cdbf0ded4ae08f13c84a4f2972fcd674427a5,0-31,32,e11c71726323d33da7b8d6f6f269f1988931c0a52b7122bcdd8c05042974e0db,mistral-nemo,enwik8-140,4,False,novel_inputs_persistent_instance,deep-novel,fastokens,16,67108250,6264933015,10688593584,10.215498600022897,5.987636627869537,1.70609862202972,win,material_win
verda-amd-epyc-9655-32c,198bafb07ddea8ca108101f41fb68707e2e354fbe0f02c72aeafc42b5ac2f0fc,e23b4ff90410bc70a095af8c2c0b0dd63b848493,131b836037daaf7026091cf1057ec66ea3f8bf6df69c9d19e247bcba09ff424b,964c40835860a00ee8e98dcc228cdbf0ded4ae08f13c84a4f2972fcd674427a5,0-31,32,e11c71726323d33da7b8d6f6f269f1988931c0a52b7122bcdd8c05042974e0db,mistral-nemo,enwik8-140,4,False,novel_inputs_persistent_instance,deep-novel,gigatoken,16,67108250,6264933015,487478879,10.215498600022897,131.28653814757322,0.07781070888273496,loss,material_loss
verda-amd-epyc-9655-32c,198bafb07ddea8ca108101f41fb68707e2e354fbe0f02c72aeafc42b5ac2f0fc,e23b4ff90410bc70a095af8c2c0b0dd63b848493,131b836037daaf7026091cf1057ec66ea3f8bf6df69c9d19e247bcba09ff424b,964c40835860a00ee8e98dcc228cdbf0ded4ae08f13c84a4f2972fcd674427a5,0-31,32,e11c71726323d33da7b8d6f6f269f1988931c0a52b7122bcdd8c05042974e0db,mistral-nemo,enwik8-140,4,False,novel_inputs_persistent_instance,deep-novel,huggingface,16,67108250,6264933015,9675066386,10.215498600022897,6.614881168833948,1.5443208032448532,win,material_win
verda-amd-epyc-9655-32c,198bafb07ddea8ca108101f41fb68707e2e354fbe0f02c72aeafc42b5ac2f0fc,e23b4ff90410bc70a095af8c2c0b0dd63b848493,131b836037daaf7026091cf1057ec66ea3f8bf6df69c9d19e247bcba09ff424b,964c40835860a00ee8e98dcc228cdbf0ded4ae08f13c84a4f2972fcd674427a5,0-31,32,e11c71726323d33da7b8d6f6f269f1988931c0a52b7122bcdd8c05042974e0db,mistral-nemo,enwik8-140,4,False,novel_inputs_persistent_instance,deep-novel,kitoken,16,67108250,6264933015,7111530855,10.215498600022897,8.999386454039328,1.135132784017484,win,material_win
verda-amd-epyc-9655-32c,198bafb07ddea8ca108101f41fb68707e2e354fbe0f02c72aeafc42b5ac2f0fc,e23b4ff90410bc70a095af8c2c0b0dd63b848493,131b836037daaf7026091cf1057ec66ea3f8bf6df69c9d19e247bcba09ff424b,964c40835860a00ee8e98dcc228cdbf0ded4ae08f13c84a4f2972fcd674427a5,0-31,32,e11c71726323d33da7b8d6f6f269f1988931c0a52b7122bcdd8c05042974e0db,mistral-nemo,enwik8-140,4,False,novel_inputs_persistent_instance,deep-novel,splintr,16,67108250,6264933015,8790749114,10.215498600022897,7.280314068120239,1.4031672953170433,win,material_win
verda-amd-epyc-9655-32c,198bafb07ddea8ca108101f41fb68707e2e354fbe0f02c72aeafc42b5ac2f0fc,e23b4ff90410bc70a095af8c2c0b0dd63b848493,131b836037daaf7026091cf1057ec66ea3f8bf6df69c9d19e247bcba09ff424b,964c40835860a00ee8e98dcc228cdbf0ded4ae08f13c84a4f2972fcd674427a5,0-31,32,e11c71726323d33da7b8d6f6f269f1988931c0a52b7122bcdd8c05042974e0db,mistral-nemo,enwik8-140,512,False,novel_inputs_persistent_instance,core-novel,fastokens,16,67663752,582165632,1782306339,110.84333888346407,36.20543843786555,3.061510747168256,win,material_win
verda-amd-epyc-9655-32c,198bafb07ddea8ca108101f41fb68707e2e354fbe0f02c72aeafc42b5ac2f0fc,e23b4ff90410bc70a095af8c2c0b0dd63b848493,131b836037daaf7026091cf1057ec66ea3f8bf6df69c9d19e247bcba09ff424b,964c40835860a00ee8e98dcc228cdbf0ded4ae08f13c84a4f2972fcd674427a5,0-31,32,e11c71726323d33da7b8d6f6f269f1988931c0a52b7122bcdd8c05042974e0db,mistral-nemo,enwik8-140,512,False,novel_inputs_persistent_instance,core-novel,gigatoken,16,67663752,582165632,431030670,110.84333888346407,149.70902751324408,0.7403918168772973,loss,material_loss
verda-amd-epyc-9655-32c,198bafb07ddea8ca108101f41fb68707e2e354fbe0f02c72aeafc42b5ac2f0fc,e23b4ff90410bc70a095af8c2c0b0dd63b848493,131b836037daaf7026091cf1057ec66ea3f8bf6df69c9d19e247bcba09ff424b,964c40835860a00ee8e98dcc228cdbf0ded4ae08f13c84a4f2972fcd674427a5,0-31,32,e11c71726323d33da7b8d6f6f269f1988931c0a52b7122bcdd8c05042974e0db,mistral-nemo,enwik8-140,512,False,novel_inputs_persistent_instance,core-novel,huggingface,16,67663752,582165632,1452291548,110.84333888346407,44.43266403563896,2.494636351188797,win,material_win
verda-amd-epyc-9655-32c,198bafb07ddea8ca108101f41fb68707e2e354fbe0f02c72aeafc42b5ac2f0fc,e23b4ff90410bc70a095af8c2c0b0dd63b848493,131b836037daaf7026091cf1057ec66ea3f8bf6df69c9d19e247bcba09ff424b,964c40835860a00ee8e98dcc228cdbf0ded4ae08f13c84a4f2972fcd674427a5,0-31,32,e11c71726323d33da7b8d6f6f269f1988931c0a52b7122bcdd8c05042974e0db,mistral-nemo,enwik8-140,512,False,novel_inputs_persistent_instance,core-novel,kitoken,16,67663752,582165632,1548619892,110.84333888346407,41.66883220823437,2.66010187973446,win,material_win
verda-amd-epyc-9655-32c,198bafb07ddea8ca108101f41fb68707e2e354fbe0f02c72aeafc42b5ac2f0fc,e23b4ff90410bc70a095af8c2c0b0dd63b848493,131b836037daaf7026091cf1057ec66ea3f8bf6df69c9d19e247bcba09ff424b,964c40835860a00ee8e98dcc228cdbf0ded4ae08f13c84a4f2972fcd674427a5,0-31,32,e11c71726323d33da7b8d6f6f269f1988931c0a52b7122bcdd8c05042974e0db,mistral-nemo,enwik8-140,512,False,novel_inputs_persistent_instance,core-novel,splintr,16,67663752,582165632,2983490583,110.84333888346407,21.628753515017223,5.124814003104876,win,material_win
verda-amd-epyc-9655-32c,198bafb07ddea8ca108101f41fb68707e2e354fbe0f02c72aeafc42b5ac2f0fc,e23b4ff90410bc70a095af8c2c0b0dd63b848493,131b836037daaf7026091cf1057ec66ea3f8bf6df69c9d19e247bcba09ff424b,964c40835860a00ee8e98dcc228cdbf0ded4ae08f13c84a4f2972fcd674427a5,0-31,32,e11c71726323d33da7b8d6f6f269f1988931c0a52b7122bcdd8c05042974e0db,mistral-nemo,enwik8-140,64,False,novel_inputs_persistent_instance,deep-novel,fastokens,16,67233687,1375962696,3654596265,46.59940322190012,17.544767147951095,2.656028594106595,win,material_win
verda-amd-epyc-9655-32c,198bafb07ddea8ca108101f41fb68707e2e354fbe0f02c72aeafc42b5ac2f0fc,e23b4ff90410bc70a095af8c2c0b0dd63b848493,131b836037daaf7026091cf1057ec66ea3f8bf6df69c9d19e247bcba09ff424b,964c40835860a00ee8e98dcc228cdbf0ded4ae08f13c84a4f2972fcd674427a5,0-31,32,e11c71726323d33da7b8d6f6f269f1988931c0a52b7122bcdd8c05042974e0db,mistral-nemo,enwik8-140,64,False,novel_inputs_persistent_instance,deep-novel,gigatoken,16,67233687,1375962696,431240422,46.59940322190012,148.68513529373362,0.313409966166699,loss,material_loss
verda-amd-epyc-9655-32c,198bafb07ddea8ca108101f41fb68707e2e354fbe0f02c72aeafc42b5ac2f0fc,e23b4ff90410bc70a095af8c2c0b0dd63b848493,131b836037daaf7026091cf1057ec66ea3f8bf6df69c9d19e247bcba09ff424b,964c40835860a00ee8e98dcc228cdbf0ded4ae08f13c84a4f2972fcd674427a5,0-31,32,e11c71726323d33da7b8d6f6f269f1988931c0a52b7122bcdd8c05042974e0db,mistral-nemo,enwik8-140,64,False,novel_inputs_persistent_instance,deep-novel,huggingface,16,67233687,1375962696,2739603906,46.59940322190012,23.404493017683986,1.991045188916953,win,material_win
verda-amd-epyc-9655-32c,198bafb07ddea8ca108101f41fb68707e2e354fbe0f02c72aeafc42b5ac2f0fc,e23b4ff90410bc70a095af8c2c0b0dd63b848493,131b836037daaf7026091cf1057ec66ea3f8bf6df69c9d19e247bcba09ff424b,964c40835860a00ee8e98dcc228cdbf0ded4ae08f13c84a4f2972fcd674427a5,0-31,32,e11c71726323d33da7b8d6f6f269f1988931c0a52b7122bcdd8c05042974e0db,mistral-nemo,enwik8-140,64,False,novel_inputs_persistent_instance,deep-novel,kitoken,16,67233687,1375962696,2631069089,46.59940322190012,24.369956971964857,1.9121660032271688,win,material_win
verda-amd-epyc-9655-32c,198bafb07ddea8ca108101f41fb68707e2e354fbe0f02c72aeafc42b5ac2f0fc,e23b4ff90410bc70a095af8c2c0b0dd63b848493,131b836037daaf7026091cf1057ec66ea3f8bf6df69c9d19e247bcba09ff424b,964c40835860a00ee8e98dcc228cdbf0ded4ae08f13c84a4f2972fcd674427a5,0-31,32,e11c71726323d33da7b8d6f6f269f1988931c0a52b7122bcdd8c05042974e0db,mistral-nemo,enwik8-140,64,False,novel_inputs_persistent_instance,deep-novel,splintr,16,67233687,1375962696,3450976243,46.59940322190012,18.579971571597046,2.508044915049063,win,material_win
verda-amd-epyc-9655-32c,198bafb07ddea8ca108101f41fb68707e2e354fbe0f02c72aeafc42b5ac2f0fc,e23b4ff90410bc70a095af8c2c0b0dd63b848493,131b836037daaf7026091cf1057ec66ea3f8bf6df69c9d19e247bcba09ff424b,964c40835860a00ee8e98dcc228cdbf0ded4ae08f13c84a4f2972fcd674427a5,0-31,32,e11c71726323d33da7b8d6f6f269f1988931c0a52b7122bcdd8c05042974e0db,mistral-nemo,enwik8-140,8,False,novel_inputs_persistent_instance,deep-novel,fastokens,16,67108250,4929386993,7920605312,12.983240012369166,8.080116597529273,1.6068134482538485,win,material_win
verda-amd-epyc-9655-32c,198bafb07ddea8ca108101f41fb68707e2e354fbe0f02c72aeafc42b5ac2f0fc,e23b4ff90410bc70a095af8c2c0b0dd63b848493,131b836037daaf7026091cf1057ec66ea3f8bf6df69c9d19e247bcba09ff424b,964c40835860a00ee8e98dcc228cdbf0ded4ae08f13c84a4f2972fcd674427a5,0-31,32,e11c71726323d33da7b8d6f6f269f1988931c0a52b7122bcdd8c05042974e0db,mistral-nemo,enwik8-140,8,False,novel_inputs_persistent_instance,deep-novel,gigatoken,16,67108250,4929386993,458499227,12.983240012369166,139.5845634522078,0.0930134370969644,loss,material_loss
verda-amd-epyc-9655-32c,198bafb07ddea8ca108101f41fb68707e2e354fbe0f02c72aeafc42b5ac2f0fc,e23b4ff90410bc70a095af8c2c0b0dd63b848493,131b836037daaf7026091cf1057ec66ea3f8bf6df69c9d19e247bcba09ff424b,964c40835860a00ee8e98dcc228cdbf0ded4ae08f13c84a4f2972fcd674427a5,0-31,32,e11c71726323d33da7b8d6f6f269f1988931c0a52b7122bcdd8c05042974e0db,mistral-nemo,enwik8-140,8,False,novel_inputs_persistent_instance,deep-novel,huggingface,16,67108250,4929386993,7342805520,12.983240012369166,8.715934838482516,1.489598104272841,win,material_win
verda-amd-epyc-9655-32c,198bafb07ddea8ca108101f41fb68707e2e354fbe0f02c72aeafc42b5ac2f0fc,e23b4ff90410bc70a095af8c2c0b0dd63b848493,131b836037daaf7026091cf1057ec66ea3f8bf6df69c9d19e247bcba09ff424b,964c40835860a00ee8e98dcc228cdbf0ded4ae08f13c84a4f2972fcd674427a5,0-31,32,e11c71726323d33da7b8d6f6f269f1988931c0a52b7122bcdd8c05042974e0db,mistral-nemo,enwik8-140,8,False,novel_inputs_persistent_instance,deep-novel,kitoken,16,67108250,4929386993,5749634545,12.983240012369166,11.131040406668095,1.166399504271991,win,material_win
verda-amd-epyc-9655-32c,198bafb07ddea8ca108101f41fb68707e2e354fbe0f02c72aeafc42b5ac2f0fc,e23b4ff90410bc70a095af8c2c0b0dd63b848493,131b836037daaf7026091cf1057ec66ea3f8bf6df69c9d19e247bcba09ff424b,964c40835860a00ee8e98dcc228cdbf0ded4ae08f13c84a4f2972fcd674427a5,0-31,32,e11c71726323d33da7b8d6f6f269f1988931c0a52b7122bcdd8c05042974e0db,mistral-nemo,enwik8-140,8,False,novel_inputs_persistent_instance,deep-novel,splintr,16,67108250,4929386993,6775547823,12.983240012369166,9.445644266094604,1.3745213821965387,win,material_win
verda-amd-epyc-9655-32c,198bafb07ddea8ca108101f41fb68707e2e354fbe0f02c72aeafc42b5ac2f0fc,e23b4ff90410bc70a095af8c2c0b0dd63b848493,131b836037daaf7026091cf1057ec66ea3f8bf6df69c9d19e247bcba09ff424b,964c40835860a00ee8e98dcc228cdbf0ded4ae08f13c84a4f2972fcd674427a5,0-31,32,e11c71726323d33da7b8d6f6f269f1988931c0a52b7122bcdd8c05042974e0db,mistral-nemo,enwik8-65536,1,False,novel_inputs_persistent_instance,core-novel,fastokens,16,67108862,607454934,853408172,105.3576068124444,74.99342072465105,1.4048913330581327,win,material_win
verda-amd-epyc-9655-32c,198bafb07ddea8ca108101f41fb68707e2e354fbe0f02c72aeafc42b5ac2f0fc,e23b4ff90410bc70a095af8c2c0b0dd63b848493,131b836037daaf7026091cf1057ec66ea3f8bf6df69c9d19e247bcba09ff424b,964c40835860a00ee8e98dcc228cdbf0ded4ae08f13c84a4f2972fcd674427a5,0-31,32,e11c71726323d33da7b8d6f6f269f1988931c0a52b7122bcdd8c05042974e0db,mistral-nemo,enwik8-65536,1,False,novel_inputs_persistent_instance,core-novel,gigatoken,16,67108862,607454934,300564829,105.3576068124444,212.9324256120844,0.4947936252996177,loss,material_loss
verda-amd-epyc-9655-32c,198bafb07ddea8ca108101f41fb68707e2e354fbe0f02c72aeafc42b5ac2f0fc,e23b4ff90410bc70a095af8c2c0b0dd63b848493,131b836037daaf7026091cf1057ec66ea3f8bf6df69c9d19e247bcba09ff424b,964c40835860a00ee8e98dcc228cdbf0ded4ae08f13c84a4f2972fcd674427a5,0-31,32,e11c71726323d33da7b8d6f6f269f1988931c0a52b7122bcdd8c05042974e0db,mistral-nemo,enwik8-65536,1,False,novel_inputs_persistent_instance,core-novel,huggingface,16,67108862,607454934,10560786505,105.3576068124444,6.060154521857874,17.385300396621687,win,material_win
verda-amd-epyc-9655-32c,198bafb07ddea8ca108101f41fb68707e2e354fbe0f02c72aeafc42b5ac2f0fc,e23b4ff90410bc70a095af8c2c0b0dd63b848493,131b836037daaf7026091cf1057ec66ea3f8bf6df69c9d19e247bcba09ff424b,964c40835860a00ee8e98dcc228cdbf0ded4ae08f13c84a4f2972fcd674427a5,0-31,32,e11c71726323d33da7b8d6f6f269f1988931c0a52b7122bcdd8c05042974e0db,mistral-nemo,enwik8-65536,1,False,novel_inputs_persistent_instance,core-novel,kitoken,16,67108862,607454934,2433548765,105.3576068124444,26.299040731428025,4.0061387747325465,win,material_win
verda-amd-epyc-9655-32c,198bafb07ddea8ca108101f41fb68707e2e354fbe0f02c72aeafc42b5ac2f0fc,e23b4ff90410bc70a095af8c2c0b0dd63b848493,131b836037daaf7026091cf1057ec66ea3f8bf6df69c9d19e247bcba09ff424b,964c40835860a00ee8e98dcc228cdbf0ded4ae08f13c84a4f2972fcd674427a5,0-31,32,e11c71726323d33da7b8d6f6f269f1988931c0a52b7122bcdd8c05042974e0db,mistral-nemo,enwik8-65536,1,False,novel_inputs_persistent_instance,core-novel,splintr,16,67108862,607454934,3708761096,105.3576068124444,17.256435892211314,6.105409452481293,win,material_win
verda-amd-epyc-9655-32c,198bafb07ddea8ca108101f41fb68707e2e354fbe0f02c72aeafc42b5ac2f0fc,e23b4ff90410bc70a095af8c2c0b0dd63b848493,131b836037daaf7026091cf1057ec66ea3f8bf6df69c9d19e247bcba09ff424b,964c40835860a00ee8e98dcc228cdbf0ded4ae08f13c84a4f2972fcd674427a5,0-31,32,e11c71726323d33da7b8d6f6f269f1988931c0a52b7122bcdd8c05042974e0db,mistral-nemo,repeated-chat140,1,False,warm_repeated,warm-repeated,fastokens,16,67109952,4826228530,11389609813,13.261087244382157,5.619247599211523,2.359940011584988,win,material_win
verda-amd-epyc-9655-32c,198bafb07ddea8ca108101f41fb68707e2e354fbe0f02c72aeafc42b5ac2f0fc,e23b4ff90410bc70a095af8c2c0b0dd63b848493,131b836037daaf7026091cf1057ec66ea3f8bf6df69c9d19e247bcba09ff424b,964c40835860a00ee8e98dcc228cdbf0ded4ae08f13c84a4f2972fcd674427a5,0-31,32,e11c71726323d33da7b8d6f6f269f1988931c0a52b7122bcdd8c05042974e0db,mistral-nemo,repeated-chat140,1,False,warm_repeated,warm-repeated,gigatoken,16,67109952,4826228530,378538949,13.261087244382157,169.0738503045198,0.07843369758538972,loss,material_loss
verda-amd-epyc-9655-32c,198bafb07ddea8ca108101f41fb68707e2e354fbe0f02c72aeafc42b5ac2f0fc,e23b4ff90410bc70a095af8c2c0b0dd63b848493,131b836037daaf7026091cf1057ec66ea3f8bf6df69c9d19e247bcba09ff424b,964c40835860a00ee8e98dcc228cdbf0ded4ae08f13c84a4f2972fcd674427a5,0-31,32,e11c71726323d33da7b8d6f6f269f1988931c0a52b7122bcdd8c05042974e0db,mistral-nemo,repeated-chat140,1,False,warm_repeated,warm-repeated,huggingface,16,67109952,4826228530,10854510043,13.261087244382157,5.89626223054905,2.249066735138628,win,material_win
verda-amd-epyc-9655-32c,198bafb07ddea8ca108101f41fb68707e2e354fbe0f02c72aeafc42b5ac2f0fc,e23b4ff90410bc70a095af8c2c0b0dd63b848493,131b836037daaf7026091cf1057ec66ea3f8bf6df69c9d19e247bcba09ff424b,964c40835860a00ee8e98dcc228cdbf0ded4ae08f13c84a4f2972fcd674427a5,0-31,32,e11c71726323d33da7b8d6f6f269f1988931c0a52b7122bcdd8c05042974e0db,mistral-nemo,repeated-chat140,1,False,warm_repeated,warm-repeated,kitoken,16,67109952,4826228530,2341297768,13.261087244382157,27.335710336548807,0.4851195407441678,loss,material_loss
verda-amd-epyc-9655-32c,198bafb07ddea8ca108101f41fb68707e2e354fbe0f02c72aeafc42b5ac2f0fc,e23b4ff90410bc70a095af8c2c0b0dd63b848493,131b836037daaf7026091cf1057ec66ea3f8bf6df69c9d19e247bcba09ff424b,964c40835860a00ee8e98dcc228cdbf0ded4ae08f13c84a4f2972fcd674427a5,0-31,32,e11c71726323d33da7b8d6f6f269f1988931c0a52b7122bcdd8c05042974e0db,mistral-nemo,repeated-chat140,1,False,warm_repeated,warm-repeated,splintr,16,67109952,4826228530,2970391032,13.261087244382157,21.546334104895134,0.615468375261542,loss,material_loss
verda-amd-epyc-9655-32c,198bafb07ddea8ca108101f41fb68707e2e354fbe0f02c72aeafc42b5ac2f0fc,e23b4ff90410bc70a095af8c2c0b0dd63b848493,131b836037daaf7026091cf1057ec66ea3f8bf6df69c9d19e247bcba09ff424b,964c40835860a00ee8e98dcc228cdbf0ded4ae08f13c84a4f2972fcd674427a5,0-31,32,e11c71726323d33da7b8d6f6f269f1988931c0a52b7122bcdd8c05042974e0db,mistral-nemo,repeated-chat140,1,False,warm_repeated,warm-repeated,tokie,16,67109952,4826228530,635941612,13.261087244382157,100.63980150060733,0.1317678199544355,loss,material_loss
verda-amd-epyc-9655-32c,198bafb07ddea8ca108101f41fb68707e2e354fbe0f02c72aeafc42b5ac2f0fc,e23b4ff90410bc70a095af8c2c0b0dd63b848493,131b836037daaf7026091cf1057ec66ea3f8bf6df69c9d19e247bcba09ff424b,964c40835860a00ee8e98dcc228cdbf0ded4ae08f13c84a4f2972fcd674427a5,0-31,32,e11c71726323d33da7b8d6f6f269f1988931c0a52b7122bcdd8c05042974e0db,mistral-nemo,repeated-chat140,32,False,warm_repeated,warm-repeated,fastokens,16,67123200,1352448560,3534469820,47.331686962644994,18.111251512963833,2.6133857689936835,win,material_win
verda-amd-epyc-9655-32c,198bafb07ddea8ca108101f41fb68707e2e354fbe0f02c72aeafc42b5ac2f0fc,e23b4ff90410bc70a095af8c2c0b0dd63b848493,131b836037daaf7026091cf1057ec66ea3f8bf6df69c9d19e247bcba09ff424b,964c40835860a00ee8e98dcc228cdbf0ded4ae08f13c84a4f2972fcd674427a5,0-31,32,e11c71726323d33da7b8d6f6f269f1988931c0a52b7122bcdd8c05042974e0db,mistral-nemo,repeated-chat140,32,False,warm_repeated,warm-repeated,gigatoken,16,67123200,1352448560,147927552,47.331686962644994,432.7366403994842,0.10937758105934912,loss,material_loss
verda-amd-epyc-9655-32c,198bafb07ddea8ca108101f41fb68707e2e354fbe0f02c72aeafc42b5ac2f0fc,e23b4ff90410bc70a095af8c2c0b0dd63b848493,131b836037daaf7026091cf1057ec66ea3f8bf6df69c9d19e247bcba09ff424b,964c40835860a00ee8e98dcc228cdbf0ded4ae08f13c84a4f2972fcd674427a5,0-31,32,e11c71726323d33da7b8d6f6f269f1988931c0a52b7122bcdd8c05042974e0db,mistral-nemo,repeated-chat140,32,False,warm_repeated,warm-repeated,huggingface,16,67123200,1352448560,3511754085,47.331686962644994,18.22840390459744,2.596589762349261,win,material_win
verda-amd-epyc-9655-32c,198bafb07ddea8ca108101f41fb68707e2e354fbe0f02c72aeafc42b5ac2f0fc,e23b4ff90410bc70a095af8c2c0b0dd63b848493,131b836037daaf7026091cf1057ec66ea3f8bf6df69c9d19e247bcba09ff424b,964c40835860a00ee8e98dcc228cdbf0ded4ae08f13c84a4f2972fcd674427a5,0-31,32,e11c71726323d33da7b8d6f6f269f1988931c0a52b7122bcdd8c05042974e0db,mistral-nemo,repeated-chat140,32,False,warm_repeated,warm-repeated,kitoken,16,67123200,1352448560,3415544565,47.331686962644994,18.741864044452893,2.525452476358879,win,material_win
verda-amd-epyc-9655-32c,198bafb07ddea8ca108101f41fb68707e2e354fbe0f02c72aeafc42b5ac2f0fc,e23b4ff90410bc70a095af8c2c0b0dd63b848493,131b836037daaf7026091cf1057ec66ea3f8bf6df69c9d19e247bcba09ff424b,964c40835860a00ee8e98dcc228cdbf0ded4ae08f13c84a4f2972fcd674427a5,0-31,32,e11c71726323d33da7b8d6f6f269f1988931c0a52b7122bcdd8c05042974e0db,mistral-nemo,repeated-chat140,32,False,warm_repeated,warm-repeated,splintr,16,67123200,1352448560,1936183718,47.331686962644994,33.06177573950655,1.4316135750109416,win,material_win
verda-amd-epyc-9655-32c,198bafb07ddea8ca108101f41fb68707e2e354fbe0f02c72aeafc42b5ac2f0fc,e23b4ff90410bc70a095af8c2c0b0dd63b848493,131b836037daaf7026091cf1057ec66ea3f8bf6df69c9d19e247bcba09ff424b,964c40835860a00ee8e98dcc228cdbf0ded4ae08f13c84a4f2972fcd674427a5,0-31,32,e11c71726323d33da7b8d6f6f269f1988931c0a52b7122bcdd8c05042974e0db,mistral-nemo,repeated-chat140,32,False,warm_repeated,warm-repeated,tokie,16,67123200,1352448560,703154771,47.331686962644994,91.03781203669028,0.5199123957808791,loss,material_loss
verda-amd-epyc-9655-32c,198bafb07ddea8ca108101f41fb68707e2e354fbe0f02c72aeafc42b5ac2f0fc,e23b4ff90410bc70a095af8c2c0b0dd63b848493,131b836037daaf7026091cf1057ec66ea3f8bf6df69c9d19e247bcba09ff424b,964c40835860a00ee8e98dcc228cdbf0ded4ae08f13c84a4f2972fcd674427a5,0-31,32,e11c71726323d33da7b8d6f6f269f1988931c0a52b7122bcdd8c05042974e0db,mistral-nemo,repeated-chat140,512,False,warm_repeated,warm-repeated,fastokens,16,67829760,368596317,1341709590,175.49687019797324,48.21274326585085,3.640051536380381,win,material_win
verda-amd-epyc-9655-32c,198bafb07ddea8ca108101f41fb68707e2e354fbe0f02c72aeafc42b5ac2f0fc,e23b4ff90410bc70a095af8c2c0b0dd63b848493,131b836037daaf7026091cf1057ec66ea3f8bf6df69c9d19e247bcba09ff424b,964c40835860a00ee8e98dcc228cdbf0ded4ae08f13c84a4f2972fcd674427a5,0-31,32,e11c71726323d33da7b8d6f6f269f1988931c0a52b7122bcdd8c05042974e0db,mistral-nemo,repeated-chat140,512,False,warm_repeated,warm-repeated,gigatoken,16,67829760,368596317,139178320,175.49687019797324,464.78144009785433,0.37759009946917077,loss,material_loss
verda-amd-epyc-9655-32c,198bafb07ddea8ca108101f41fb68707e2e354fbe0f02c72aeafc42b5ac2f0fc,e23b4ff90410bc70a095af8c2c0b0dd63b848493,131b836037daaf7026091cf1057ec66ea3f8bf6df69c9d19e247bcba09ff424b,964c40835860a00ee8e98dcc228cdbf0ded4ae08f13c84a4f2972fcd674427a5,0-31,32,e11c71726323d33da7b8d6f6f269f1988931c0a52b7122bcdd8c05042974e0db,mistral-nemo,repeated-chat140,512,False,warm_repeated,warm-repeated,huggingface,16,67829760,368596317,1326887227,175.49687019797324,48.751317130585356,3.5998385382673264,win,material_win
verda-amd-epyc-9655-32c,198bafb07ddea8ca108101f41fb68707e2e354fbe0f02c72aeafc42b5ac2f0fc,e23b4ff90410bc70a095af8c2c0b0dd63b848493,131b836037daaf7026091cf1057ec66ea3f8bf6df69c9d19e247bcba09ff424b,964c40835860a00ee8e98dcc228cdbf0ded4ae08f13c84a4f2972fcd674427a5,0-31,32,e11c71726323d33da7b8d6f6f269f1988931c0a52b7122bcdd8c05042974e0db,mistral-nemo,repeated-chat140,512,False,warm_repeated,warm-repeated,kitoken,16,67829760,368596317,1541116163,175.49687019797324,41.974447840503245,4.18104059080981,win,material_win
verda-amd-epyc-9655-32c,198bafb07ddea8ca108101f41fb68707e2e354fbe0f02c72aeafc42b5ac2f0fc,e23b4ff90410bc70a095af8c2c0b0dd63b848493,131b836037daaf7026091cf1057ec66ea3f8bf6df69c9d19e247bcba09ff424b,964c40835860a00ee8e98dcc228cdbf0ded4ae08f13c84a4f2972fcd674427a5,0-31,32,e11c71726323d33da7b8d6f6f269f1988931c0a52b7122bcdd8c05042974e0db,mistral-nemo,repeated-chat140,512,False,warm_repeated,warm-repeated,splintr,16,67829760,368596317,1147444597,175.49687019797324,56.37527090120587,3.1130115632707205,win,material_win
verda-amd-epyc-9655-32c,198bafb07ddea8ca108101f41fb68707e2e354fbe0f02c72aeafc42b5ac2f0fc,e23b4ff90410bc70a095af8c2c0b0dd63b848493,131b836037daaf7026091cf1057ec66ea3f8bf6df69c9d19e247bcba09ff424b,964c40835860a00ee8e98dcc228cdbf0ded4ae08f13c84a4f2972fcd674427a5,0-31,32,e11c71726323d33da7b8d6f6f269f1988931c0a52b7122bcdd8c05042974e0db,mistral-nemo,repeated-chat140,512,False,warm_repeated,warm-repeated,tokie,16,67829760,368596317,829553441,175.49687019797324,77.97870131431351,2.250574416347193,win,material_win
verda-amd-epyc-9655-32c,198bafb07ddea8ca108101f41fb68707e2e354fbe0f02c72aeafc42b5ac2f0fc,e23b4ff90410bc70a095af8c2c0b0dd63b848493,131b836037daaf7026091cf1057ec66ea3f8bf6df69c9d19e247bcba09ff424b,964c40835860a00ee8e98dcc228cdbf0ded4ae08f13c84a4f2972fcd674427a5,0-31,32,e11c71726323d33da7b8d6f6f269f1988931c0a52b7122bcdd8c05042974e0db,mistral-nemo,rust-code-4096,1,False,novel_inputs_persistent_instance,core-novel,fastokens,16,67108855,751063658,1486821204,85.212472651594,43.044847117294104,1.97962075273252,win,material_win
verda-amd-epyc-9655-32c,198bafb07ddea8ca108101f41fb68707e2e354fbe0f02c72aeafc42b5ac2f0fc,e23b4ff90410bc70a095af8c2c0b0dd63b848493,131b836037daaf7026091cf1057ec66ea3f8bf6df69c9d19e247bcba09ff424b,964c40835860a00ee8e98dcc228cdbf0ded4ae08f13c84a4f2972fcd674427a5,0-31,32,e11c71726323d33da7b8d6f6f269f1988931c0a52b7122bcdd8c05042974e0db,mistral-nemo,rust-code-4096,1,False,novel_inputs_persistent_instance,core-novel,gigatoken,16,67108855,751063658,177576977,85.212472651594,360.40703304083814,0.23643398946085073,loss,material_loss
verda-amd-epyc-9655-32c,198bafb07ddea8ca108101f41fb68707e2e354fbe0f02c72aeafc42b5ac2f0fc,e23b4ff90410bc70a095af8c2c0b0dd63b848493,131b836037daaf7026091cf1057ec66ea3f8bf6df69c9d19e247bcba09ff424b,964c40835860a00ee8e98dcc228cdbf0ded4ae08f13c84a4f2972fcd674427a5,0-31,32,e11c71726323d33da7b8d6f6f269f1988931c0a52b7122bcdd8c05042974e0db,mistral-nemo,rust-code-4096,1,False,novel_inputs_persistent_instance,core-novel,huggingface,16,67108855,751063658,9425399354,85.212472651594,6.790162306467206,12.54940144367896,win,material_win
verda-amd-epyc-9655-32c,198bafb07ddea8ca108101f41fb68707e2e354fbe0f02c72aeafc42b5ac2f0fc,e23b4ff90410bc70a095af8c2c0b0dd63b848493,131b836037daaf7026091cf1057ec66ea3f8bf6df69c9d19e247bcba09ff424b,964c40835860a00ee8e98dcc228cdbf0ded4ae08f13c84a4f2972fcd674427a5,0-31,32,e11c71726323d33da7b8d6f6f269f1988931c0a52b7122bcdd8c05042974e0db,mistral-nemo,rust-code-4096,1,False,novel_inputs_persistent_instance,core-novel,kitoken,16,67108855,751063658,2513600322,85.212472651594,25.461482820788383,3.3467207409468345,win,material_win
verda-amd-epyc-9655-32c,198bafb07ddea8ca108101f41fb68707e2e354fbe0f02c72aeafc42b5ac2f0fc,e23b4ff90410bc70a095af8c2c0b0dd63b848493,131b836037daaf7026091cf1057ec66ea3f8bf6df69c9d19e247bcba09ff424b,964c40835860a00ee8e98dcc228cdbf0ded4ae08f13c84a4f2972fcd674427a5,0-31,32,e11c71726323d33da7b8d6f6f269f1988931c0a52b7122bcdd8c05042974e0db,mistral-nemo,rust-code-4096,1,False,novel_inputs_persistent_instance,core-novel,splintr,16,67108855,751063658,3191655878,85.212472651594,20.052284413893556,4.249514463925773,win,material_win
verda-amd-epyc-9655-32c,198bafb07ddea8ca108101f41fb68707e2e354fbe0f02c72aeafc42b5ac2f0fc,e23b4ff90410bc70a095af8c2c0b0dd63b848493,131b836037daaf7026091cf1057ec66ea3f8bf6df69c9d19e247bcba09ff424b,964c40835860a00ee8e98dcc228cdbf0ded4ae08f13c84a4f2972fcd674427a5,0-31,32,c6021eb6847e682f89aa52d5eb6e8c7d902a23acfc8137e25211cf84828f1592,nemotron-3,enwik8-140,1,False,novel_inputs_persistent_instance,core-novel,fastokens,16,67108250,7683807855,10605637911,8.329127387318007,6.034471003162436,1.3802580844208265,win,material_win
verda-amd-epyc-9655-32c,198bafb07ddea8ca108101f41fb68707e2e354fbe0f02c72aeafc42b5ac2f0fc,e23b4ff90410bc70a095af8c2c0b0dd63b848493,131b836037daaf7026091cf1057ec66ea3f8bf6df69c9d19e247bcba09ff424b,964c40835860a00ee8e98dcc228cdbf0ded4ae08f13c84a4f2972fcd674427a5,0-31,32,c6021eb6847e682f89aa52d5eb6e8c7d902a23acfc8137e25211cf84828f1592,nemotron-3,enwik8-140,1,False,novel_inputs_persistent_instance,core-novel,gigatoken,16,67108250,7683807855,649846694,8.329127387318007,98.48386555609642,0.08457352217327146,loss,material_loss
verda-amd-epyc-9655-32c,198bafb07ddea8ca108101f41fb68707e2e354fbe0f02c72aeafc42b5ac2f0fc,e23b4ff90410bc70a095af8c2c0b0dd63b848493,131b836037daaf7026091cf1057ec66ea3f8bf6df69c9d19e247bcba09ff424b,964c40835860a00ee8e98dcc228cdbf0ded4ae08f13c84a4f2972fcd674427a5,0-31,32,c6021eb6847e682f89aa52d5eb6e8c7d902a23acfc8137e25211cf84828f1592,nemotron-3,enwik8-140,1,False,novel_inputs_persistent_instance,core-novel,huggingface,16,67108250,7683807855,11383196506,8.329127387318007,5.622270898181903,1.481452519481306,win,material_win
verda-amd-epyc-9655-32c,198bafb07ddea8ca108101f41fb68707e2e354fbe0f02c72aeafc42b5ac2f0fc,e23b4ff90410bc70a095af8c2c0b0dd63b848493,131b836037daaf7026091cf1057ec66ea3f8bf6df69c9d19e247bcba09ff424b,964c40835860a00ee8e98dcc228cdbf0ded4ae08f13c84a4f2972fcd674427a5,0-31,32,c6021eb6847e682f89aa52d5eb6e8c7d902a23acfc8137e25211cf84828f1592,nemotron-3,enwik8-140,1,False,novel_inputs_persistent_instance,core-novel,kitoken,16,67108250,7683807855,2823634690,8.329127387318007,22.66561417120489,0.36747856574297433,loss,material_loss
verda-amd-epyc-9655-32c,198bafb07ddea8ca108101f41fb68707e2e354fbe0f02c72aeafc42b5ac2f0fc,e23b4ff90410bc70a095af8c2c0b0dd63b848493,131b836037daaf7026091cf1057ec66ea3f8bf6df69c9d19e247bcba09ff424b,964c40835860a00ee8e98dcc228cdbf0ded4ae08f13c84a4f2972fcd674427a5,0-31,32,c6021eb6847e682f89aa52d5eb6e8c7d902a23acfc8137e25211cf84828f1592,nemotron-3,enwik8-140,1,False,novel_inputs_persistent_instance,core-novel,splintr,16,67108250,7683807855,4047445497,8.329127387318007,15.812298026349366,0.5267499621774444,loss,material_loss
verda-amd-epyc-9655-32c,198bafb07ddea8ca108101f41fb68707e2e354fbe0f02c72aeafc42b5ac2f0fc,e23b4ff90410bc70a095af8c2c0b0dd63b848493,131b836037daaf7026091cf1057ec66ea3f8bf6df69c9d19e247bcba09ff424b,964c40835860a00ee8e98dcc228cdbf0ded4ae08f13c84a4f2972fcd674427a5,0-31,32,c6021eb6847e682f89aa52d5eb6e8c7d902a23acfc8137e25211cf84828f1592,nemotron-3,enwik8-140,32,False,novel_inputs_persistent_instance,core-novel,fastokens,16,67162008,1676897563,4505204326,38.195942006906655,14.217042654031912,2.686630612033396,win,material_win
verda-amd-epyc-9655-32c,198bafb07ddea8ca108101f41fb68707e2e354fbe0f02c72aeafc42b5ac2f0fc,e23b4ff90410bc70a095af8c2c0b0dd63b848493,131b836037daaf7026091cf1057ec66ea3f8bf6df69c9d19e247bcba09ff424b,964c40835860a00ee8e98dcc228cdbf0ded4ae08f13c84a4f2972fcd674427a5,0-31,32,c6021eb6847e682f89aa52d5eb6e8c7d902a23acfc8137e25211cf84828f1592,nemotron-3,enwik8-140,32,False,novel_inputs_persistent_instance,core-novel,gigatoken,16,67162008,1676897563,473537558,38.195942006906655,135.25998304842187,0.28238907876568964,loss,material_loss
verda-amd-epyc-9655-32c,198bafb07ddea8ca108101f41fb68707e2e354fbe0f02c72aeafc42b5ac2f0fc,e23b4ff90410bc70a095af8c2c0b0dd63b848493,131b836037daaf7026091cf1057ec66ea3f8bf6df69c9d19e247bcba09ff424b,964c40835860a00ee8e98dcc228cdbf0ded4ae08f13c84a4f2972fcd674427a5,0-31,32,c6021eb6847e682f89aa52d5eb6e8c7d902a23acfc8137e25211cf84828f1592,nemotron-3,enwik8-140,32,False,novel_inputs_persistent_instance,core-novel,huggingface,16,67162008,1676897563,3661203169,38.195942006906655,17.494435329401707,2.1833195120458293,win,material_win
verda-amd-epyc-9655-32c,198bafb07ddea8ca108101f41fb68707e2e354fbe0f02c72aeafc42b5ac2f0fc,e23b4ff90410bc70a095af8c2c0b0dd63b848493,131b836037daaf7026091cf1057ec66ea3f8bf6df69c9d19e247bcba09ff424b,964c40835860a00ee8e98dcc228cdbf0ded4ae08f13c84a4f2972fcd674427a5,0-31,32,c6021eb6847e682f89aa52d5eb6e8c7d902a23acfc8137e25211cf84828f1592,nemotron-3,enwik8-140,32,False,novel_inputs_persistent_instance,core-novel,kitoken,16,67162008,1676897563,3399069424,38.195942006906655,18.843593371651917,2.0269988453671575,win,material_win
verda-amd-epyc-9655-32c,198bafb07ddea8ca108101f41fb68707e2e354fbe0f02c72aeafc42b5ac2f0fc,e23b4ff90410bc70a095af8c2c0b0dd63b848493,131b836037daaf7026091cf1057ec66ea3f8bf6df69c9d19e247bcba09ff424b,964c40835860a00ee8e98dcc228cdbf0ded4ae08f13c84a4f2972fcd674427a5,0-31,32,c6021eb6847e682f89aa52d5eb6e8c7d902a23acfc8137e25211cf84828f1592,nemotron-3,enwik8-140,32,False,novel_inputs_persistent_instance,core-novel,splintr,16,67162008,1676897563,4007714512,38.195942006906655,15.981847478429145,2.389957860532713,win,material_win
verda-amd-epyc-9655-32c,198bafb07ddea8ca108101f41fb68707e2e354fbe0f02c72aeafc42b5ac2f0fc,e23b4ff90410bc70a095af8c2c0b0dd63b848493,131b836037daaf7026091cf1057ec66ea3f8bf6df69c9d19e247bcba09ff424b,964c40835860a00ee8e98dcc228cdbf0ded4ae08f13c84a4f2972fcd674427a5,0-31,32,c6021eb6847e682f89aa52d5eb6e8c7d902a23acfc8137e25211cf84828f1592,nemotron-3,enwik8-140,512,False,novel_inputs_persistent_instance,core-novel,fastokens,16,67663752,575072837,1899999675,112.21045106340509,33.9627334063002,3.3039287421603603,win,material_win
verda-amd-epyc-9655-32c,198bafb07ddea8ca108101f41fb68707e2e354fbe0f02c72aeafc42b5ac2f0fc,e23b4ff90410bc70a095af8c2c0b0dd63b848493,131b836037daaf7026091cf1057ec66ea3f8bf6df69c9d19e247bcba09ff424b,964c40835860a00ee8e98dcc228cdbf0ded4ae08f13c84a4f2972fcd674427a5,0-31,32,c6021eb6847e682f89aa52d5eb6e8c7d902a23acfc8137e25211cf84828f1592,nemotron-3,enwik8-140,512,False,novel_inputs_persistent_instance,core-novel,gigatoken,16,67663752,575072837,458923985,112.21045106340509,140.6097404869393,0.7980275809827547,loss,material_loss
verda-amd-epyc-9655-32c,198bafb07ddea8ca108101f41fb68707e2e354fbe0f02c72aeafc42b5ac2f0fc,e23b4ff90410bc70a095af8c2c0b0dd63b848493,131b836037daaf7026091cf1057ec66ea3f8bf6df69c9d19e247bcba09ff424b,964c40835860a00ee8e98dcc228cdbf0ded4ae08f13c84a4f2972fcd674427a5,0-31,32,c6021eb6847e682f89aa52d5eb6e8c7d902a23acfc8137e25211cf84828f1592,nemotron-3,enwik8-140,512,False,novel_inputs_persistent_instance,core-novel,huggingface,16,67663752,575072837,1423586781,112.21045106340509,45.32859063832655,2.475489519599758,win,material_win
verda-amd-epyc-9655-32c,198bafb07ddea8ca108101f41fb68707e2e354fbe0f02c72aeafc42b5ac2f0fc,e23b4ff90410bc70a095af8c2c0b0dd63b848493,131b836037daaf7026091cf1057ec66ea3f8bf6df69c9d19e247bcba09ff424b,964c40835860a00ee8e98dcc228cdbf0ded4ae08f13c84a4f2972fcd674427a5,0-31,32,c6021eb6847e682f89aa52d5eb6e8c7d902a23acfc8137e25211cf84828f1592,nemotron-3,enwik8-140,512,False,novel_inputs_persistent_instance,core-novel,kitoken,16,67663752,575072837,1521334083,112.21045106340509,42.41618139970511,2.645463296330235,win,material_win
verda-amd-epyc-9655-32c,198bafb07ddea8ca108101f41fb68707e2e354fbe0f02c72aeafc42b5ac2f0fc,e23b4ff90410bc70a095af8c2c0b0dd63b848493,131b836037daaf7026091cf1057ec66ea3f8bf6df69c9d19e247bcba09ff424b,964c40835860a00ee8e98dcc228cdbf0ded4ae08f13c84a4f2972fcd674427a5,0-31,32,c6021eb6847e682f89aa52d5eb6e8c7d902a23acfc8137e25211cf84828f1592,nemotron-3,enwik8-140,512,False,novel_inputs_persistent_instance,core-novel,splintr,16,67663752,575072837,2852107472,112.21045106340509,22.62508796305346,4.959558665435627,win,material_win
verda-amd-epyc-9655-32c,198bafb07ddea8ca108101f41fb68707e2e354fbe0f02c72aeafc42b5ac2f0fc,e23b4ff90410bc70a095af8c2c0b0dd63b848493,131b836037daaf7026091cf1057ec66ea3f8bf6df69c9d19e247bcba09ff424b,964c40835860a00ee8e98dcc228cdbf0ded4ae08f13c84a4f2972fcd674427a5,0-31,32,c6021eb6847e682f89aa52d5eb6e8c7d902a23acfc8137e25211cf84828f1592,nemotron-3,enwik8-65536,1,False,novel_inputs_persistent_instance,core-novel,fastokens,16,67108862,630376085,850638934,101.5266911539821,75.23756030270226,1.3494149829621154,win,material_win
verda-amd-epyc-9655-32c,198bafb07ddea8ca108101f41fb68707e2e354fbe0f02c72aeafc42b5ac2f0fc,e23b4ff90410bc70a095af8c2c0b0dd63b848493,131b836037daaf7026091cf1057ec66ea3f8bf6df69c9d19e247bcba09ff424b,964c40835860a00ee8e98dcc228cdbf0ded4ae08f13c84a4f2972fcd674427a5,0-31,32,c6021eb6847e682f89aa52d5eb6e8c7d902a23acfc8137e25211cf84828f1592,nemotron-3,enwik8-65536,1,False,novel_inputs_persistent_instance,core-novel,gigatoken,16,67108862,630376085,306075909,101.5266911539821,209.09844979877644,0.48554492513782466,loss,material_loss
verda-amd-epyc-9655-32c,198bafb07ddea8ca108101f41fb68707e2e354fbe0f02c72aeafc42b5ac2f0fc,e23b4ff90410bc70a095af8c2c0b0dd63b848493,131b836037daaf7026091cf1057ec66ea3f8bf6df69c9d19e247bcba09ff424b,964c40835860a00ee8e98dcc228cdbf0ded4ae08f13c84a4f2972fcd674427a5,0-31,32,c6021eb6847e682f89aa52d5eb6e8c7d902a23acfc8137e25211cf84828f1592,nemotron-3,enwik8-65536,1,False,novel_inputs_persistent_instance,core-novel,huggingface,16,67108862,630376085,11085186040,101.5266911539821,5.773470816070432,17.58503582825481,win,material_win
verda-amd-epyc-9655-32c,198bafb07ddea8ca108101f41fb68707e2e354fbe0f02c72aeafc42b5ac2f0fc,e23b4ff90410bc70a095af8c2c0b0dd63b848493,131b836037daaf7026091cf1057ec66ea3f8bf6df69c9d19e247bcba09ff424b,964c40835860a00ee8e98dcc228cdbf0ded4ae08f13c84a4f2972fcd674427a5,0-31,32,c6021eb6847e682f89aa52d5eb6e8c7d902a23acfc8137e25211cf84828f1592,nemotron-3,enwik8-65536,1,False,novel_inputs_persistent_instance,core-novel,kitoken,16,67108862,630376085,2425473270,101.5266911539821,26.386602105349677,3.8476606706931147,win,material_win
verda-amd-epyc-9655-32c,198bafb07ddea8ca108101f41fb68707e2e354fbe0f02c72aeafc42b5ac2f0fc,e23b4ff90410bc70a095af8c2c0b0dd63b848493,131b836037daaf7026091cf1057ec66ea3f8bf6df69c9d19e247bcba09ff424b,964c40835860a00ee8e98dcc228cdbf0ded4ae08f13c84a4f2972fcd674427a5,0-31,32,c6021eb6847e682f89aa52d5eb6e8c7d902a23acfc8137e25211cf84828f1592,nemotron-3,enwik8-65536,1,False,novel_inputs_persistent_instance,core-novel,splintr,16,67108862,630376085,3901704714,101.5266911539821,16.403086031346287,6.189487207466001,win,material_win
verda-amd-epyc-9655-32c,198bafb07ddea8ca108101f41fb68707e2e354fbe0f02c72aeafc42b5ac2f0fc,e23b4ff90410bc70a095af8c2c0b0dd63b848493,131b836037daaf7026091cf1057ec66ea3f8bf6df69c9d19e247bcba09ff424b,964c40835860a00ee8e98dcc228cdbf0ded4ae08f13c84a4f2972fcd674427a5,0-31,32,c6021eb6847e682f89aa52d5eb6e8c7d902a23acfc8137e25211cf84828f1592,nemotron-3,rust-code-4096,1,False,novel_inputs_persistent_instance,core-novel,fastokens,16,67108855,953269959,1502171875,67.13732118870972,42.60497249486258,1.5758095184031704,win,material_win
verda-amd-epyc-9655-32c,198bafb07ddea8ca108101f41fb68707e2e354fbe0f02c72aeafc42b5ac2f0fc,e23b4ff90410bc70a095af8c2c0b0dd63b848493,131b836037daaf7026091cf1057ec66ea3f8bf6df69c9d19e247bcba09ff424b,964c40835860a00ee8e98dcc228cdbf0ded4ae08f13c84a4f2972fcd674427a5,0-31,32,c6021eb6847e682f89aa52d5eb6e8c7d902a23acfc8137e25211cf84828f1592,nemotron-3,rust-code-4096,1,False,novel_inputs_persistent_instance,core-novel,gigatoken,16,67108855,953269959,178165724,67.13732118870972,359.21607130747077,0.1868995475184171,loss,material_loss
verda-amd-epyc-9655-32c,198bafb07ddea8ca108101f41fb68707e2e354fbe0f02c72aeafc42b5ac2f0fc,e23b4ff90410bc70a095af8c2c0b0dd63b848493,131b836037daaf7026091cf1057ec66ea3f8bf6df69c9d19e247bcba09ff424b,964c40835860a00ee8e98dcc228cdbf0ded4ae08f13c84a4f2972fcd674427a5,0-31,32,c6021eb6847e682f89aa52d5eb6e8c7d902a23acfc8137e25211cf84828f1592,nemotron-3,rust-code-4096,1,False,novel_inputs_persistent_instance,core-novel,huggingface,16,67108855,953269959,9548552864,67.13732118870972,6.702585441844724,10.01663041392454,win,material_win
verda-amd-epyc-9655-32c,198bafb07ddea8ca108101f41fb68707e2e354fbe0f02c72aeafc42b5ac2f0fc,e23b4ff90410bc70a095af8c2c0b0dd63b848493,131b836037daaf7026091cf1057ec66ea3f8bf6df69c9d19e247bcba09ff424b,964c40835860a00ee8e98dcc228cdbf0ded4ae08f13c84a4f2972fcd674427a5,0-31,32,c6021eb6847e682f89aa52d5eb6e8c7d902a23acfc8137e25211cf84828f1592,nemotron-3,rust-code-4096,1,False,novel_inputs_persistent_instance,core-novel,kitoken,16,67108855,953269959,2530939788,67.13732118870972,25.287046227008524,2.655008441318143,win,material_win
verda-amd-epyc-9655-32c,198bafb07ddea8ca108101f41fb68707e2e354fbe0f02c72aeafc42b5ac2f0fc,e23b4ff90410bc70a095af8c2c0b0dd63b848493,131b836037daaf7026091cf1057ec66ea3f8bf6df69c9d19e247bcba09ff424b,964c40835860a00ee8e98dcc228cdbf0ded4ae08f13c84a4f2972fcd674427a5,0-31,32,c6021eb6847e682f89aa52d5eb6e8c7d902a23acfc8137e25211cf84828f1592,nemotron-3,rust-code-4096,1,False,novel_inputs_persistent_instance,core-novel,splintr,16,67108855,953269959,3215094827,67.13732118870972,19.906097599195682,3.3727012968841494,win,material_win
verda-amd-epyc-9655-32c,198bafb07ddea8ca108101f41fb68707e2e354fbe0f02c72aeafc42b5ac2f0fc,e23b4ff90410bc70a095af8c2c0b0dd63b848493,131b836037daaf7026091cf1057ec66ea3f8bf6df69c9d19e247bcba09ff424b,964c40835860a00ee8e98dcc228cdbf0ded4ae08f13c84a4f2972fcd674427a5,0-31,32,382cc235b56c725945e149cc25f191da667c836655efd0857b004320e90e91ea,phi-4-mini,enwik8-140,1,False,novel_inputs_persistent_instance,core-novel,huggingface,16,67108250,4570104303,13528109875,14.003928619738053,4.730846735820863,2.960131537067897,win,material_win
verda-amd-epyc-9655-32c,198bafb07ddea8ca108101f41fb68707e2e354fbe0f02c72aeafc42b5ac2f0fc,e23b4ff90410bc70a095af8c2c0b0dd63b848493,131b836037daaf7026091cf1057ec66ea3f8bf6df69c9d19e247bcba09ff424b,964c40835860a00ee8e98dcc228cdbf0ded4ae08f13c84a4f2972fcd674427a5,0-31,32,382cc235b56c725945e149cc25f191da667c836655efd0857b004320e90e91ea,phi-4-mini,enwik8-140,32,False,novel_inputs_persistent_instance,core-novel,huggingface,16,67162008,1779702958,3918301388,35.98953509626694,16.34654298518986,2.2016603222390105,win,material_win
verda-amd-epyc-9655-32c,198bafb07ddea8ca108101f41fb68707e2e354fbe0f02c72aeafc42b5ac2f0fc,e23b4ff90410bc70a095af8c2c0b0dd63b848493,131b836037daaf7026091cf1057ec66ea3f8bf6df69c9d19e247bcba09ff424b,964c40835860a00ee8e98dcc228cdbf0ded4ae08f13c84a4f2972fcd674427a5,0-31,32,382cc235b56c725945e149cc25f191da667c836655efd0857b004320e90e91ea,phi-4-mini,enwik8-140,512,False,novel_inputs_persistent_instance,core-novel,huggingface,16,67663752,548952149,1556661244,117.54974008505435,41.45358065719405,2.83569569193908,win,material_win
verda-amd-epyc-9655-32c,198bafb07ddea8ca108101f41fb68707e2e354fbe0f02c72aeafc42b5ac2f0fc,e23b4ff90410bc70a095af8c2c0b0dd63b848493,131b836037daaf7026091cf1057ec66ea3f8bf6df69c9d19e247bcba09ff424b,964c40835860a00ee8e98dcc228cdbf0ded4ae08f13c84a4f2972fcd674427a5,0-31,32,382cc235b56c725945e149cc25f191da667c836655efd0857b004320e90e91ea,phi-4-mini,enwik8-65536,1,False,novel_inputs_persistent_instance,core-novel,huggingface,16,67108862,577491179,13583877516,110.82420029943239,4.711467548000774,23.522225117831628,win,material_win
verda-amd-epyc-9655-32c,198bafb07ddea8ca108101f41fb68707e2e354fbe0f02c72aeafc42b5ac2f0fc,e23b4ff90410bc70a095af8c2c0b0dd63b848493,131b836037daaf7026091cf1057ec66ea3f8bf6df69c9d19e247bcba09ff424b,964c40835860a00ee8e98dcc228cdbf0ded4ae08f13c84a4f2972fcd674427a5,0-31,32,382cc235b56c725945e149cc25f191da667c836655efd0857b004320e90e91ea,phi-4-mini,rust-code-4096,1,False,novel_inputs_persistent_instance,core-novel,huggingface,16,67108855,630717718,10783781888,101.47168787310197,5.934837340149581,17.097635884077068,win,material_win
verda-amd-epyc-9655-32c,198bafb07ddea8ca108101f41fb68707e2e354fbe0f02c72aeafc42b5ac2f0fc,e23b4ff90410bc70a095af8c2c0b0dd63b848493,131b836037daaf7026091cf1057ec66ea3f8bf6df69c9d19e247bcba09ff424b,964c40835860a00ee8e98dcc228cdbf0ded4ae08f13c84a4f2972fcd674427a5,0-31,32,c0382117ea329cdf097041132f6d735924b697924d6f6fc3945713e96ce87539,qwen-2-5,enwik8-140,1,False,novel_inputs_persistent_instance,core-novel,fastokens,16,67108250,14912953554,15464541069,4.291531802350689,4.1384619277362225,1.036987140944461,win,material_win
verda-amd-epyc-9655-32c,198bafb07ddea8ca108101f41fb68707e2e354fbe0f02c72aeafc42b5ac2f0fc,e23b4ff90410bc70a095af8c2c0b0dd63b848493,131b836037daaf7026091cf1057ec66ea3f8bf6df69c9d19e247bcba09ff424b,964c40835860a00ee8e98dcc228cdbf0ded4ae08f13c84a4f2972fcd674427a5,0-31,32,c0382117ea329cdf097041132f6d735924b697924d6f6fc3945713e96ce87539,qwen-2-5,enwik8-140,1,False,novel_inputs_persistent_instance,core-novel,gigatoken,16,67108250,14912953554,499854335,4.291531802350689,128.03612965359144,0.033518131280300775,loss,material_loss
verda-amd-epyc-9655-32c,198bafb07ddea8ca108101f41fb68707e2e354fbe0f02c72aeafc42b5ac2f0fc,e23b4ff90410bc70a095af8c2c0b0dd63b848493,131b836037daaf7026091cf1057ec66ea3f8bf6df69c9d19e247bcba09ff424b,964c40835860a00ee8e98dcc228cdbf0ded4ae08f13c84a4f2972fcd674427a5,0-31,32,c0382117ea329cdf097041132f6d735924b697924d6f6fc3945713e96ce87539,qwen-2-5,enwik8-140,1,False,novel_inputs_persistent_instance,core-novel,huggingface,16,67108250,14912953554,14952317325,4.291531802350689,4.280233829505737,1.0026395690737897,win,near_tie
verda-amd-epyc-9655-32c,198bafb07ddea8ca108101f41fb68707e2e354fbe0f02c72aeafc42b5ac2f0fc,e23b4ff90410bc70a095af8c2c0b0dd63b848493,131b836037daaf7026091cf1057ec66ea3f8bf6df69c9d19e247bcba09ff424b,964c40835860a00ee8e98dcc228cdbf0ded4ae08f13c84a4f2972fcd674427a5,0-31,32,c0382117ea329cdf097041132f6d735924b697924d6f6fc3945713e96ce87539,qwen-2-5,enwik8-140,1,False,novel_inputs_persistent_instance,core-novel,kitoken,16,67108250,14912953554,4111536552,4.291531802350689,15.565814297051086,0.27570236419714395,loss,material_loss
verda-amd-epyc-9655-32c,198bafb07ddea8ca108101f41fb68707e2e354fbe0f02c72aeafc42b5ac2f0fc,e23b4ff90410bc70a095af8c2c0b0dd63b848493,131b836037daaf7026091cf1057ec66ea3f8bf6df69c9d19e247bcba09ff424b,964c40835860a00ee8e98dcc228cdbf0ded4ae08f13c84a4f2972fcd674427a5,0-31,32,c0382117ea329cdf097041132f6d735924b697924d6f6fc3945713e96ce87539,qwen-2-5,enwik8-140,1,False,novel_inputs_persistent_instance,core-novel,splintr,16,67108250,14912953554,4861355663,4.291531802350689,13.164931529505688,0.3259820829855714,loss,material_loss
verda-amd-epyc-9655-32c,198bafb07ddea8ca108101f41fb68707e2e354fbe0f02c72aeafc42b5ac2f0fc,e23b4ff90410bc70a095af8c2c0b0dd63b848493,131b836037daaf7026091cf1057ec66ea3f8bf6df69c9d19e247bcba09ff424b,964c40835860a00ee8e98dcc228cdbf0ded4ae08f13c84a4f2972fcd674427a5,0-31,32,c0382117ea329cdf097041132f6d735924b697924d6f6fc3945713e96ce87539,qwen-2-5,enwik8-140,32,False,novel_inputs_persistent_instance,core-novel,fastokens,16,67162008,1490456049,4377986930,42.973881793324246,14.630167492955739,2.9373472186163068,win,material_win
verda-amd-epyc-9655-32c,198bafb07ddea8ca108101f41fb68707e2e354fbe0f02c72aeafc42b5ac2f0fc,e23b4ff90410bc70a095af8c2c0b0dd63b848493,131b836037daaf7026091cf1057ec66ea3f8bf6df69c9d19e247bcba09ff424b,964c40835860a00ee8e98dcc228cdbf0ded4ae08f13c84a4f2972fcd674427a5,0-31,32,c0382117ea329cdf097041132f6d735924b697924d6f6fc3945713e96ce87539,qwen-2-5,enwik8-140,32,False,novel_inputs_persistent_instance,core-novel,gigatoken,16,67162008,1490456049,427327722,42.973881793324246,149.88655958967038,0.2867093748163251,loss,material_loss
verda-amd-epyc-9655-32c,198bafb07ddea8ca108101f41fb68707e2e354fbe0f02c72aeafc42b5ac2f0fc,e23b4ff90410bc70a095af8c2c0b0dd63b848493,131b836037daaf7026091cf1057ec66ea3f8bf6df69c9d19e247bcba09ff424b,964c40835860a00ee8e98dcc228cdbf0ded4ae08f13c84a4f2972fcd674427a5,0-31,32,c0382117ea329cdf097041132f6d735924b697924d6f6fc3945713e96ce87539,qwen-2-5,enwik8-140,32,False,novel_inputs_persistent_instance,core-novel,huggingface,16,67162008,1490456049,3889751509,42.973881793324246,16.466522840770775,2.6097727011875143,win,material_win
verda-amd-epyc-9655-32c,198bafb07ddea8ca108101f41fb68707e2e354fbe0f02c72aeafc42b5ac2f0fc,e23b4ff90410bc70a095af8c2c0b0dd63b848493,131b836037daaf7026091cf1057ec66ea3f8bf6df69c9d19e247bcba09ff424b,964c40835860a00ee8e98dcc228cdbf0ded4ae08f13c84a4f2972fcd674427a5,0-31,32,c0382117ea329cdf097041132f6d735924b697924d6f6fc3945713e96ce87539,qwen-2-5,enwik8-140,32,False,novel_inputs_persistent_instance,core-novel,kitoken,16,67162008,1490456049,3643944291,42.973881793324246,17.57729453385628,2.44485189177155,win,material_win
verda-amd-epyc-9655-32c,198bafb07ddea8ca108101f41fb68707e2e354fbe0f02c72aeafc42b5ac2f0fc,e23b4ff90410bc70a095af8c2c0b0dd63b848493,131b836037daaf7026091cf1057ec66ea3f8bf6df69c9d19e247bcba09ff424b,964c40835860a00ee8e98dcc228cdbf0ded4ae08f13c84a4f2972fcd674427a5,0-31,32,c0382117ea329cdf097041132f6d735924b697924d6f6fc3945713e96ce87539,qwen-2-5,enwik8-140,32,False,novel_inputs_persistent_instance,core-novel,splintr,16,67162008,1490456049,4077259885,42.973881793324246,15.709246865403355,2.7355787429864695,win,material_win
verda-amd-epyc-9655-32c,198bafb07ddea8ca108101f41fb68707e2e354fbe0f02c72aeafc42b5ac2f0fc,e23b4ff90410bc70a095af8c2c0b0dd63b848493,131b836037daaf7026091cf1057ec66ea3f8bf6df69c9d19e247bcba09ff424b,964c40835860a00ee8e98dcc228cdbf0ded4ae08f13c84a4f2972fcd674427a5,0-31,32,c0382117ea329cdf097041132f6d735924b697924d6f6fc3945713e96ce87539,qwen-2-5,enwik8-140,512,False,novel_inputs_persistent_instance,core-novel,fastokens,16,67663752,556858753,1795430767,115.88070060215436,35.9407801292747,3.224212167497347,win,material_win
verda-amd-epyc-9655-32c,198bafb07ddea8ca108101f41fb68707e2e354fbe0f02c72aeafc42b5ac2f0fc,e23b4ff90410bc70a095af8c2c0b0dd63b848493,131b836037daaf7026091cf1057ec66ea3f8bf6df69c9d19e247bcba09ff424b,964c40835860a00ee8e98dcc228cdbf0ded4ae08f13c84a4f2972fcd674427a5,0-31,32,c0382117ea329cdf097041132f6d735924b697924d6f6fc3945713e96ce87539,qwen-2-5,enwik8-140,512,False,novel_inputs_persistent_instance,core-novel,gigatoken,16,67663752,556858753,411732195,115.88070060215436,156.72610307795344,0.7393835380728944,loss,material_loss
verda-amd-epyc-9655-32c,198bafb07ddea8ca108101f41fb68707e2e354fbe0f02c72aeafc42b5ac2f0fc,e23b4ff90410bc70a095af8c2c0b0dd63b848493,131b836037daaf7026091cf1057ec66ea3f8bf6df69c9d19e247bcba09ff424b,964c40835860a00ee8e98dcc228cdbf0ded4ae08f13c84a4f2972fcd674427a5,0-31,32,c0382117ea329cdf097041132f6d735924b697924d6f6fc3945713e96ce87539,qwen-2-5,enwik8-140,512,False,novel_inputs_persistent_instance,core-novel,huggingface,16,67663752,556858753,1656398602,115.88070060215436,38.95752046407609,2.974539940472122,win,material_win
verda-amd-epyc-9655-32c,198bafb07ddea8ca108101f41fb68707e2e354fbe0f02c72aeafc42b5ac2f0fc,e23b4ff90410bc70a095af8c2c0b0dd63b848493,131b836037daaf7026091cf1057ec66ea3f8bf6df69c9d19e247bcba09ff424b,964c40835860a00ee8e98dcc228cdbf0ded4ae08f13c84a4f2972fcd674427a5,0-31,32,c0382117ea329cdf097041132f6d735924b697924d6f6fc3945713e96ce87539,qwen-2-5,enwik8-140,512,False,novel_inputs_persistent_instance,core-novel,kitoken,16,67663752,556858753,1738832741,115.88070060215436,37.11063227218243,3.122574138652356,win,material_win
verda-amd-epyc-9655-32c,198bafb07ddea8ca108101f41fb68707e2e354fbe0f02c72aeafc42b5ac2f0fc,e23b4ff90410bc70a095af8c2c0b0dd63b848493,131b836037daaf7026091cf1057ec66ea3f8bf6df69c9d19e247bcba09ff424b,964c40835860a00ee8e98dcc228cdbf0ded4ae08f13c84a4f2972fcd674427a5,0-31,32,c0382117ea329cdf097041132f6d735924b697924d6f6fc3945713e96ce87539,qwen-2-5,enwik8-140,512,False,novel_inputs_persistent_instance,core-novel,splintr,16,67663752,556858753,2757312292,115.88070060215436,23.40292850443726,4.951547007468876,win,material_win
verda-amd-epyc-9655-32c,198bafb07ddea8ca108101f41fb68707e2e354fbe0f02c72aeafc42b5ac2f0fc,e23b4ff90410bc70a095af8c2c0b0dd63b848493,131b836037daaf7026091cf1057ec66ea3f8bf6df69c9d19e247bcba09ff424b,964c40835860a00ee8e98dcc228cdbf0ded4ae08f13c84a4f2972fcd674427a5,0-31,32,c0382117ea329cdf097041132f6d735924b697924d6f6fc3945713e96ce87539,qwen-2-5,enwik8-65536,1,False,novel_inputs_persistent_instance,core-novel,fastokens,16,67108862,679241133,836016865,94.22279509190349,76.55347729456554,1.2308101267477274,win,material_win
verda-amd-epyc-9655-32c,198bafb07ddea8ca108101f41fb68707e2e354fbe0f02c72aeafc42b5ac2f0fc,e23b4ff90410bc70a095af8c2c0b0dd63b848493,131b836037daaf7026091cf1057ec66ea3f8bf6df69c9d19e247bcba09ff424b,964c40835860a00ee8e98dcc228cdbf0ded4ae08f13c84a4f2972fcd674427a5,0-31,32,c0382117ea329cdf097041132f6d735924b697924d6f6fc3945713e96ce87539,qwen-2-5,enwik8-65536,1,False,novel_inputs_persistent_instance,core-novel,gigatoken,16,67108862,679241133,300762675,94.22279509190349,212.79235560945642,0.44279219909963846,loss,material_loss
verda-amd-epyc-9655-32c,198bafb07ddea8ca108101f41fb68707e2e354fbe0f02c72aeafc42b5ac2f0fc,e23b4ff90410bc70a095af8c2c0b0dd63b848493,131b836037daaf7026091cf1057ec66ea3f8bf6df69c9d19e247bcba09ff424b,964c40835860a00ee8e98dcc228cdbf0ded4ae08f13c84a4f2972fcd674427a5,0-31,32,c0382117ea329cdf097041132f6d735924b697924d6f6fc3945713e96ce87539,qwen-2-5,enwik8-65536,1,False,novel_inputs_persistent_instance,core-novel,huggingface,16,67108862,679241133,13326862675,94.22279509190349,4.8023304249026015,19.620223257297937,win,material_win
verda-amd-epyc-9655-32c,198bafb07ddea8ca108101f41fb68707e2e354fbe0f02c72aeafc42b5ac2f0fc,e23b4ff90410bc70a095af8c2c0b0dd63b848493,131b836037daaf7026091cf1057ec66ea3f8bf6df69c9d19e247bcba09ff424b,964c40835860a00ee8e98dcc228cdbf0ded4ae08f13c84a4f2972fcd674427a5,0-31,32,c0382117ea329cdf097041132f6d735924b697924d6f6fc3945713e96ce87539,qwen-2-5,enwik8-65536,1,False,novel_inputs_persistent_instance,core-novel,kitoken,16,67108862,679241133,3661112467,94.22279509190349,17.481024871408675,5.39000406354955,win,material_win
verda-amd-epyc-9655-32c,198bafb07ddea8ca108101f41fb68707e2e354fbe0f02c72aeafc42b5ac2f0fc,e23b4ff90410bc70a095af8c2c0b0dd63b848493,131b836037daaf7026091cf1057ec66ea3f8bf6df69c9d19e247bcba09ff424b,964c40835860a00ee8e98dcc228cdbf0ded4ae08f13c84a4f2972fcd674427a5,0-31,32,c0382117ea329cdf097041132f6d735924b697924d6f6fc3945713e96ce87539,qwen-2-5,enwik8-65536,1,False,novel_inputs_persistent_instance,core-novel,splintr,16,67108862,679241133,4316709958,94.22279509190349,14.826105695158537,6.355195155709158,win,material_win
verda-amd-epyc-9655-32c,198bafb07ddea8ca108101f41fb68707e2e354fbe0f02c72aeafc42b5ac2f0fc,e23b4ff90410bc70a095af8c2c0b0dd63b848493,131b836037daaf7026091cf1057ec66ea3f8bf6df69c9d19e247bcba09ff424b,964c40835860a00ee8e98dcc228cdbf0ded4ae08f13c84a4f2972fcd674427a5,0-31,32,c0382117ea329cdf097041132f6d735924b697924d6f6fc3945713e96ce87539,qwen-2-5,rust-code-4096,1,False,novel_inputs_persistent_instance,core-novel,fastokens,16,67108855,973269478,1609281882,65.75772986166854,39.76928599816993,1.6534802728088838,win,material_win
verda-amd-epyc-9655-32c,198bafb07ddea8ca108101f41fb68707e2e354fbe0f02c72aeafc42b5ac2f0fc,e23b4ff90410bc70a095af8c2c0b0dd63b848493,131b836037daaf7026091cf1057ec66ea3f8bf6df69c9d19e247bcba09ff424b,964c40835860a00ee8e98dcc228cdbf0ded4ae08f13c84a4f2972fcd674427a5,0-31,32,c0382117ea329cdf097041132f6d735924b697924d6f6fc3945713e96ce87539,qwen-2-5,rust-code-4096,1,False,novel_inputs_persistent_instance,core-novel,gigatoken,16,67108855,973269478,182815975,65.75772986166854,350.0787686466194,0.18783695485414165,loss,material_loss
verda-amd-epyc-9655-32c,198bafb07ddea8ca108101f41fb68707e2e354fbe0f02c72aeafc42b5ac2f0fc,e23b4ff90410bc70a095af8c2c0b0dd63b848493,131b836037daaf7026091cf1057ec66ea3f8bf6df69c9d19e247bcba09ff424b,964c40835860a00ee8e98dcc228cdbf0ded4ae08f13c84a4f2972fcd674427a5,0-31,32,c0382117ea329cdf097041132f6d735924b697924d6f6fc3945713e96ce87539,qwen-2-5,rust-code-4096,1,False,novel_inputs_persistent_instance,core-novel,huggingface,16,67108855,973269478,11625107634,65.75772986166854,5.505324632844698,11.944387342638931,win,material_win
verda-amd-epyc-9655-32c,198bafb07ddea8ca108101f41fb68707e2e354fbe0f02c72aeafc42b5ac2f0fc,e23b4ff90410bc70a095af8c2c0b0dd63b848493,131b836037daaf7026091cf1057ec66ea3f8bf6df69c9d19e247bcba09ff424b,964c40835860a00ee8e98dcc228cdbf0ded4ae08f13c84a4f2972fcd674427a5,0-31,32,c0382117ea329cdf097041132f6d735924b697924d6f6fc3945713e96ce87539,qwen-2-5,rust-code-4096,1,False,novel_inputs_persistent_instance,core-novel,kitoken,16,67108855,973269478,3669091247,65.75772986166854,17.443008938319586,3.769861615859693,win,material_win
verda-amd-epyc-9655-32c,198bafb07ddea8ca108101f41fb68707e2e354fbe0f02c72aeafc42b5ac2f0fc,e23b4ff90410bc70a095af8c2c0b0dd63b848493,131b836037daaf7026091cf1057ec66ea3f8bf6df69c9d19e247bcba09ff424b,964c40835860a00ee8e98dcc228cdbf0ded4ae08f13c84a4f2972fcd674427a5,0-31,32,c0382117ea329cdf097041132f6d735924b697924d6f6fc3945713e96ce87539,qwen-2-5,rust-code-4096,1,False,novel_inputs_persistent_instance,core-novel,splintr,16,67108855,973269478,3846472801,65.75772986166854,16.63861795676614,3.9521148951513716,win,material_win
verda-amd-epyc-9655-32c,198bafb07ddea8ca108101f41fb68707e2e354fbe0f02c72aeafc42b5ac2f0fc,e23b4ff90410bc70a095af8c2c0b0dd63b848493,131b836037daaf7026091cf1057ec66ea3f8bf6df69c9d19e247bcba09ff424b,964c40835860a00ee8e98dcc228cdbf0ded4ae08f13c84a4f2972fcd674427a5,0-31,32,aeb13307a71acd8fe81861d94ad54ab689df773318809eed3cbe794b4492dae4,qwen-3,enwik8-140,1,False,novel_inputs_persistent_instance,core-novel,fastokens,18,75496722,10136495590,15281889248,7.10297598464823,4.711412546958846,1.5076107035528241,win,material_win
verda-amd-epyc-9655-32c,198bafb07ddea8ca108101f41fb68707e2e354fbe0f02c72aeafc42b5ac2f0fc,e23b4ff90410bc70a095af8c2c0b0dd63b848493,131b836037daaf7026091cf1057ec66ea3f8bf6df69c9d19e247bcba09ff424b,964c40835860a00ee8e98dcc228cdbf0ded4ae08f13c84a4f2972fcd674427a5,0-31,32,aeb13307a71acd8fe81861d94ad54ab689df773318809eed3cbe794b4492dae4,qwen-3,enwik8-140,1,False,novel_inputs_persistent_instance,core-novel,gigatoken,18,75496722,10136495590,561616938,7.10297598464823,128.19998805709577,0.05540543405889254,loss,material_loss
verda-amd-epyc-9655-32c,198bafb07ddea8ca108101f41fb68707e2e354fbe0f02c72aeafc42b5ac2f0fc,e23b4ff90410bc70a095af8c2c0b0dd63b848493,131b836037daaf7026091cf1057ec66ea3f8bf6df69c9d19e247bcba09ff424b,964c40835860a00ee8e98dcc228cdbf0ded4ae08f13c84a4f2972fcd674427a5,0-31,32,aeb13307a71acd8fe81861d94ad54ab689df773318809eed3cbe794b4492dae4,qwen-3,enwik8-140,1,False,novel_inputs_persistent_instance,core-novel,huggingface,18,75496722,10136495590,16742120843,7.10297598464823,4.300487699225162,1.6516675506194345,win,material_win
verda-amd-epyc-9655-32c,198bafb07ddea8ca108101f41fb68707e2e354fbe0f02c72aeafc42b5ac2f0fc,e23b4ff90410bc70a095af8c2c0b0dd63b848493,131b836037daaf7026091cf1057ec66ea3f8bf6df69c9d19e247bcba09ff424b,964c40835860a00ee8e98dcc228cdbf0ded4ae08f13c84a4f2972fcd674427a5,0-31,32,aeb13307a71acd8fe81861d94ad54ab689df773318809eed3cbe794b4492dae4,qwen-3,enwik8-140,1,False,novel_inputs_persistent_instance,core-novel,kitoken,18,75496722,10136495590,4639189855,7.10297598464823,15.51979698926607,0.45767196501093727,loss,material_loss
verda-amd-epyc-9655-32c,198bafb07ddea8ca108101f41fb68707e2e354fbe0f02c72aeafc42b5ac2f0fc,e23b4ff90410bc70a095af8c2c0b0dd63b848493,131b836037daaf7026091cf1057ec66ea3f8bf6df69c9d19e247bcba09ff424b,964c40835860a00ee8e98dcc228cdbf0ded4ae08f13c84a4f2972fcd674427a5,0-31,32,aeb13307a71acd8fe81861d94ad54ab689df773318809eed3cbe794b4492dae4,qwen-3,enwik8-140,1,False,novel_inputs_persistent_instance,core-novel,splintr,18,75496722,10136495590,5414115661,7.10297598464823,13.298438609817998,0.5341210493241086,loss,material_loss
verda-amd-epyc-9655-32c,198bafb07ddea8ca108101f41fb68707e2e354fbe0f02c72aeafc42b5ac2f0fc,e23b4ff90410bc70a095af8c2c0b0dd63b848493,131b836037daaf7026091cf1057ec66ea3f8bf6df69c9d19e247bcba09ff424b,964c40835860a00ee8e98dcc228cdbf0ded4ae08f13c84a4f2972fcd674427a5,0-31,32,aeb13307a71acd8fe81861d94ad54ab689df773318809eed3cbe794b4492dae4,qwen-3,enwik8-140,1024,False,novel_inputs_persistent_instance,deep-novel,fastokens,18,77411853,474963207,1906637763,155.43455767409813,38.72035759711118,4.014285180199232,win,material_win
verda-amd-epyc-9655-32c,198bafb07ddea8ca108101f41fb68707e2e354fbe0f02c72aeafc42b5ac2f0fc,e23b4ff90410bc70a095af8c2c0b0dd63b848493,131b836037daaf7026091cf1057ec66ea3f8bf6df69c9d19e247bcba09ff424b,964c40835860a00ee8e98dcc228cdbf0ded4ae08f13c84a4f2972fcd674427a5,0-31,32,aeb13307a71acd8fe81861d94ad54ab689df773318809eed3cbe794b4492dae4,qwen-3,enwik8-140,1024,False,novel_inputs_persistent_instance,deep-novel,gigatoken,18,77411853,474963207,470324957,155.43455767409813,156.96742197653805,0.9902345067330658,loss,near_tie
verda-amd-epyc-9655-32c,198bafb07ddea8ca108101f41fb68707e2e354fbe0f02c72aeafc42b5ac2f0fc,e23b4ff90410bc70a095af8c2c0b0dd63b848493,131b836037daaf7026091cf1057ec66ea3f8bf6df69c9d19e247bcba09ff424b,964c40835860a00ee8e98dcc228cdbf0ded4ae08f13c84a4f2972fcd674427a5,0-31,32,aeb13307a71acd8fe81861d94ad54ab689df773318809eed3cbe794b4492dae4,qwen-3,enwik8-140,1024,False,novel_inputs_persistent_instance,deep-novel,huggingface,18,77411853,474963207,1703342481,155.43455767409813,43.34166312119125,3.5862619586026168,win,material_win
verda-amd-epyc-9655-32c,198bafb07ddea8ca108101f41fb68707e2e354fbe0f02c72aeafc42b5ac2f0fc,e23b4ff90410bc70a095af8c2c0b0dd63b848493,131b836037daaf7026091cf1057ec66ea3f8bf6df69c9d19e247bcba09ff424b,964c40835860a00ee8e98dcc228cdbf0ded4ae08f13c84a4f2972fcd674427a5,0-31,32,aeb13307a71acd8fe81861d94ad54ab689df773318809eed3cbe794b4492dae4,qwen-3,enwik8-140,1024,False,novel_inputs_persistent_instance,deep-novel,kitoken,18,77411853,474963207,1706368784,155.43455767409813,43.26479520942532,3.5926336163550454,win,material_win
verda-amd-epyc-9655-32c,198bafb07ddea8ca108101f41fb68707e2e354fbe0f02c72aeafc42b5ac2f0fc,e23b4ff90410bc70a095af8c2c0b0dd63b848493,131b836037daaf7026091cf1057ec66ea3f8bf6df69c9d19e247bcba09ff424b,964c40835860a00ee8e98dcc228cdbf0ded4ae08f13c84a4f2972fcd674427a5,0-31,32,aeb13307a71acd8fe81861d94ad54ab689df773318809eed3cbe794b4492dae4,qwen-3,enwik8-140,1024,False,novel_inputs_persistent_instance,deep-novel,splintr,18,77411853,474963207,3156406861,155.43455767409813,23.389157115229104,6.645581835563107,win,material_win
verda-amd-epyc-9655-32c,198bafb07ddea8ca108101f41fb68707e2e354fbe0f02c72aeafc42b5ac2f0fc,e23b4ff90410bc70a095af8c2c0b0dd63b848493,131b836037daaf7026091cf1057ec66ea3f8bf6df69c9d19e247bcba09ff424b,964c40835860a00ee8e98dcc228cdbf0ded4ae08f13c84a4f2972fcd674427a5,0-31,32,aeb13307a71acd8fe81861d94ad54ab689df773318809eed3cbe794b4492dae4,qwen-3,enwik8-140,128,False,novel_inputs_persistent_instance,deep-novel,fastokens,18,75799103,1155521625,3164083605,62.55846379139113,22.84631721598644,2.7382296761430145,win,material_win
verda-amd-epyc-9655-32c,198bafb07ddea8ca108101f41fb68707e2e354fbe0f02c72aeafc42b5ac2f0fc,e23b4ff90410bc70a095af8c2c0b0dd63b848493,131b836037daaf7026091cf1057ec66ea3f8bf6df69c9d19e247bcba09ff424b,964c40835860a00ee8e98dcc228cdbf0ded4ae08f13c84a4f2972fcd674427a5,0-31,32,aeb13307a71acd8fe81861d94ad54ab689df773318809eed3cbe794b4492dae4,qwen-3,enwik8-140,128,False,novel_inputs_persistent_instance,deep-novel,gigatoken,18,75799103,1155521625,474348398,62.55846379139113,152.39359517712955,0.41050585963720065,loss,material_loss
verda-amd-epyc-9655-32c,198bafb07ddea8ca108101f41fb68707e2e354fbe0f02c72aeafc42b5ac2f0fc,e23b4ff90410bc70a095af8c2c0b0dd63b848493,131b836037daaf7026091cf1057ec66ea3f8bf6df69c9d19e247bcba09ff424b,964c40835860a00ee8e98dcc228cdbf0ded4ae08f13c84a4f2972fcd674427a5,0-31,32,aeb13307a71acd8fe81861d94ad54ab689df773318809eed3cbe794b4492dae4,qwen-3,enwik8-140,128,False,novel_inputs_persistent_instance,deep-novel,huggingface,18,75799103,1155521625,2659178280,62.55846379139113,27.184208851815658,2.3012795455039625,win,material_win
verda-amd-epyc-9655-32c,198bafb07ddea8ca108101f41fb68707e2e354fbe0f02c72aeafc42b5ac2f0fc,e23b4ff90410bc70a095af8c2c0b0dd63b848493,131b836037daaf7026091cf1057ec66ea3f8bf6df69c9d19e247bcba09ff424b,964c40835860a00ee8e98dcc228cdbf0ded4ae08f13c84a4f2972fcd674427a5,0-31,32,aeb13307a71acd8fe81861d94ad54ab689df773318809eed3cbe794b4492dae4,qwen-3,enwik8-140,128,False,novel_inputs_persistent_instance,deep-novel,kitoken,18,75799103,1155521625,2480342221,62.55846379139113,29.14422740769526,2.1465130269630395,win,material_win
verda-amd-epyc-9655-32c,198bafb07ddea8ca108101f41fb68707e2e354fbe0f02c72aeafc42b5ac2f0fc,e23b4ff90410bc70a095af8c2c0b0dd63b848493,131b836037daaf7026091cf1057ec66ea3f8bf6df69c9d19e247bcba09ff424b,964c40835860a00ee8e98dcc228cdbf0ded4ae08f13c84a4f2972fcd674427a5,0-31,32,aeb13307a71acd8fe81861d94ad54ab689df773318809eed3cbe794b4492dae4,qwen-3,enwik8-140,128,False,novel_inputs_persistent_instance,deep-novel,splintr,18,75799103,1155521625,3584566474,62.55846379139113,20.16635993837952,3.1021197669061364,win,material_win
verda-amd-epyc-9655-32c,198bafb07ddea8ca108101f41fb68707e2e354fbe0f02c72aeafc42b5ac2f0fc,e23b4ff90410bc70a095af8c2c0b0dd63b848493,131b836037daaf7026091cf1057ec66ea3f8bf6df69c9d19e247bcba09ff424b,964c40835860a00ee8e98dcc228cdbf0ded4ae08f13c84a4f2972fcd674427a5,0-31,32,aeb13307a71acd8fe81861d94ad54ab689df773318809eed3cbe794b4492dae4,qwen-3,enwik8-140,16,False,novel_inputs_persistent_instance,deep-novel,fastokens,18,75516882,3559455605,6817265823,20.233012800417114,10.56413416879042,1.9152551905476005,win,material_win
verda-amd-epyc-9655-32c,198bafb07ddea8ca108101f41fb68707e2e354fbe0f02c72aeafc42b5ac2f0fc,e23b4ff90410bc70a095af8c2c0b0dd63b848493,131b836037daaf7026091cf1057ec66ea3f8bf6df69c9d19e247bcba09ff424b,964c40835860a00ee8e98dcc228cdbf0ded4ae08f13c84a4f2972fcd674427a5,0-31,32,aeb13307a71acd8fe81861d94ad54ab689df773318809eed3cbe794b4492dae4,qwen-3,enwik8-140,16,False,novel_inputs_persistent_instance,deep-novel,gigatoken,18,75516882,3559455605,465317424,20.233012800417114,154.77286493892703,0.1307271323587698,loss,material_loss
verda-amd-epyc-9655-32c,198bafb07ddea8ca108101f41fb68707e2e354fbe0f02c72aeafc42b5ac2f0fc,e23b4ff90410bc70a095af8c2c0b0dd63b848493,131b836037daaf7026091cf1057ec66ea3f8bf6df69c9d19e247bcba09ff424b,964c40835860a00ee8e98dcc228cdbf0ded4ae08f13c84a4f2972fcd674427a5,0-31,32,aeb13307a71acd8fe81861d94ad54ab689df773318809eed3cbe794b4492dae4,qwen-3,enwik8-140,16,False,novel_inputs_persistent_instance,deep-novel,huggingface,18,75516882,3559455605,7359246628,20.233012800417114,9.786125463504638,2.0675202740729226,win,material_win
verda-amd-epyc-9655-32c,198bafb07ddea8ca108101f41fb68707e2e354fbe0f02c72aeafc42b5ac2f0fc,e23b4ff90410bc70a095af8c2c0b0dd63b848493,131b836037daaf7026091cf1057ec66ea3f8bf6df69c9d19e247bcba09ff424b,964c40835860a00ee8e98dcc228cdbf0ded4ae08f13c84a4f2972fcd674427a5,0-31,32,aeb13307a71acd8fe81861d94ad54ab689df773318809eed3cbe794b4492dae4,qwen-3,enwik8-140,16,False,novel_inputs_persistent_instance,deep-novel,kitoken,18,75516882,3559455605,5429280331,20.233012800417114,13.264835563430303,1.5253119952875491,win,material_win
verda-amd-epyc-9655-32c,198bafb07ddea8ca108101f41fb68707e2e354fbe0f02c72aeafc42b5ac2f0fc,e23b4ff90410bc70a095af8c2c0b0dd63b848493,131b836037daaf7026091cf1057ec66ea3f8bf6df69c9d19e247bcba09ff424b,964c40835860a00ee8e98dcc228cdbf0ded4ae08f13c84a4f2972fcd674427a5,0-31,32,aeb13307a71acd8fe81861d94ad54ab689df773318809eed3cbe794b4492dae4,qwen-3,enwik8-140,16,False,novel_inputs_persistent_instance,deep-novel,splintr,18,75516882,3559455605,5965517097,20.233012800417114,12.07246742360337,1.6759633379385834,win,material_win
verda-amd-epyc-9655-32c,198bafb07ddea8ca108101f41fb68707e2e354fbe0f02c72aeafc42b5ac2f0fc,e23b4ff90410bc70a095af8c2c0b0dd63b848493,131b836037daaf7026091cf1057ec66ea3f8bf6df69c9d19e247bcba09ff424b,964c40835860a00ee8e98dcc228cdbf0ded4ae08f13c84a4f2972fcd674427a5,0-31,32,aeb13307a71acd8fe81861d94ad54ab689df773318809eed3cbe794b4492dae4,qwen-3,enwik8-140,2,False,novel_inputs_persistent_instance,deep-novel,fastokens,18,75496722,7952604965,16332748795,9.05354724158145,4.4082772378342145,2.053760857842384,win,material_win
verda-amd-epyc-9655-32c,198bafb07ddea8ca108101f41fb68707e2e354fbe0f02c72aeafc42b5ac2f0fc,e23b4ff90410bc70a095af8c2c0b0dd63b848493,131b836037daaf7026091cf1057ec66ea3f8bf6df69c9d19e247bcba09ff424b,964c40835860a00ee8e98dcc228cdbf0ded4ae08f13c84a4f2972fcd674427a5,0-31,32,aeb13307a71acd8fe81861d94ad54ab689df773318809eed3cbe794b4492dae4,qwen-3,enwik8-140,2,False,novel_inputs_persistent_instance,deep-novel,gigatoken,18,75496722,7952604965,517883424,9.05354724158145,139.02604603205586,0.0651212308770828,loss,material_loss
verda-amd-epyc-9655-32c,198bafb07ddea8ca108101f41fb68707e2e354fbe0f02c72aeafc42b5ac2f0fc,e23b4ff90410bc70a095af8c2c0b0dd63b848493,131b836037daaf7026091cf1057ec66ea3f8bf6df69c9d19e247bcba09ff424b,964c40835860a00ee8e98dcc228cdbf0ded4ae08f13c84a4f2972fcd674427a5,0-31,32,aeb13307a71acd8fe81861d94ad54ab689df773318809eed3cbe794b4492dae4,qwen-3,enwik8-140,2,False,novel_inputs_persistent_instance,deep-novel,huggingface,18,75496722,7952604965,16945040130,9.05354724158145,4.248988741950102,2.130753407792336,win,material_win
verda-amd-epyc-9655-32c,198bafb07ddea8ca108101f41fb68707e2e354fbe0f02c72aeafc42b5ac2f0fc,e23b4ff90410bc70a095af8c2c0b0dd63b848493,131b836037daaf7026091cf1057ec66ea3f8bf6df69c9d19e247bcba09ff424b,964c40835860a00ee8e98dcc228cdbf0ded4ae08f13c84a4f2972fcd674427a5,0-31,32,aeb13307a71acd8fe81861d94ad54ab689df773318809eed3cbe794b4492dae4,qwen-3,enwik8-140,2,False,novel_inputs_persistent_instance,deep-novel,kitoken,18,75496722,7952604965,10587671848,9.05354724158145,6.800294321349154,1.3313463820467788,win,material_win
verda-amd-epyc-9655-32c,198bafb07ddea8ca108101f41fb68707e2e354fbe0f02c72aeafc42b5ac2f0fc,e23b4ff90410bc70a095af8c2c0b0dd63b848493,131b836037daaf7026091cf1057ec66ea3f8bf6df69c9d19e247bcba09ff424b,964c40835860a00ee8e98dcc228cdbf0ded4ae08f13c84a4f2972fcd674427a5,0-31,32,aeb13307a71acd8fe81861d94ad54ab689df773318809eed3cbe794b4492dae4,qwen-3,enwik8-140,2,False,novel_inputs_persistent_instance,deep-novel,splintr,18,75496722,7952604965,13170097070,9.05354724158145,5.466875783950671,1.6560733404918975,win,material_win
verda-amd-epyc-9655-32c,198bafb07ddea8ca108101f41fb68707e2e354fbe0f02c72aeafc42b5ac2f0fc,e23b4ff90410bc70a095af8c2c0b0dd63b848493,131b836037daaf7026091cf1057ec66ea3f8bf6df69c9d19e247bcba09ff424b,964c40835860a00ee8e98dcc228cdbf0ded4ae08f13c84a4f2972fcd674427a5,0-31,32,aeb13307a71acd8fe81861d94ad54ab689df773318809eed3cbe794b4492dae4,qwen-3,enwik8-140,256,False,novel_inputs_persistent_instance,deep-novel,fastokens,18,76121654,834083457,2503159849,87.0359743175713,29.001450455177498,3.001090392085309,win,material_win
verda-amd-epyc-9655-32c,198bafb07ddea8ca108101f41fb68707e2e354fbe0f02c72aeafc42b5ac2f0fc,e23b4ff90410bc70a095af8c2c0b0dd63b848493,131b836037daaf7026091cf1057ec66ea3f8bf6df69c9d19e247bcba09ff424b,964c40835860a00ee8e98dcc228cdbf0ded4ae08f13c84a4f2972fcd674427a5,0-31,32,aeb13307a71acd8fe81861d94ad54ab689df773318809eed3cbe794b4492dae4,qwen-3,enwik8-140,256,False,novel_inputs_persistent_instance,deep-novel,gigatoken,18,76121654,834083457,460209680,87.0359743175713,157.74389261469486,0.5517549546603704,loss,material_loss
verda-amd-epyc-9655-32c,198bafb07ddea8ca108101f41fb68707e2e354fbe0f02c72aeafc42b5ac2f0fc,e23b4ff90410bc70a095af8c2c0b0dd63b848493,131b836037daaf7026091cf1057ec66ea3f8bf6df69c9d19e247bcba09ff424b,964c40835860a00ee8e98dcc228cdbf0ded4ae08f13c84a4f2972fcd674427a5,0-31,32,aeb13307a71acd8fe81861d94ad54ab689df773318809eed3cbe794b4492dae4,qwen-3,enwik8-140,256,False,novel_inputs_persistent_instance,deep-novel,huggingface,18,76121654,834083457,2220361380,87.0359743175713,32.69524816818922,2.6620374272691034,win,material_win
verda-amd-epyc-9655-32c,198bafb07ddea8ca108101f41fb68707e2e354fbe0f02c72aeafc42b5ac2f0fc,e23b4ff90410bc70a095af8c2c0b0dd63b848493,131b836037daaf7026091cf1057ec66ea3f8bf6df69c9d19e247bcba09ff424b,964c40835860a00ee8e98dcc228cdbf0ded4ae08f13c84a4f2972fcd674427a5,0-31,32,aeb13307a71acd8fe81861d94ad54ab689df773318809eed3cbe794b4492dae4,qwen-3,enwik8-140,256,False,novel_inputs_persistent_instance,deep-novel,kitoken,18,76121654,834083457,2108346549,87.0359743175713,34.432321563357505,2.5277405172178113,win,material_win
verda-amd-epyc-9655-32c,198bafb07ddea8ca108101f41fb68707e2e354fbe0f02c72aeafc42b5ac2f0fc,e23b4ff90410bc70a095af8c2c0b0dd63b848493,131b836037daaf7026091cf1057ec66ea3f8bf6df69c9d19e247bcba09ff424b,964c40835860a00ee8e98dcc228cdbf0ded4ae08f13c84a4f2972fcd674427a5,0-31,32,aeb13307a71acd8fe81861d94ad54ab689df773318809eed3cbe794b4492dae4,qwen-3,enwik8-140,256,False,novel_inputs_persistent_instance,deep-novel,splintr,18,76121654,834083457,3344459833,87.0359743175713,21.70612594173233,4.009742436361497,win,material_win
verda-amd-epyc-9655-32c,198bafb07ddea8ca108101f41fb68707e2e354fbe0f02c72aeafc42b5ac2f0fc,e23b4ff90410bc70a095af8c2c0b0dd63b848493,131b836037daaf7026091cf1057ec66ea3f8bf6df69c9d19e247bcba09ff424b,964c40835860a00ee8e98dcc228cdbf0ded4ae08f13c84a4f2972fcd674427a5,0-31,32,aeb13307a71acd8fe81861d94ad54ab689df773318809eed3cbe794b4492dae4,qwen-3,enwik8-140,32,False,novel_inputs_persistent_instance,core-novel,fastokens,18,75557200,1963857780,5216201229,36.6915373370725,13.814068494704983,2.656099276700169,win,material_win
verda-amd-epyc-9655-32c,198bafb07ddea8ca108101f41fb68707e2e354fbe0f02c72aeafc42b5ac2f0fc,e23b4ff90410bc70a095af8c2c0b0dd63b848493,131b836037daaf7026091cf1057ec66ea3f8bf6df69c9d19e247bcba09ff424b,964c40835860a00ee8e98dcc228cdbf0ded4ae08f13c84a4f2972fcd674427a5,0-31,32,aeb13307a71acd8fe81861d94ad54ab689df773318809eed3cbe794b4492dae4,qwen-3,enwik8-140,32,False,novel_inputs_persistent_instance,core-novel,gigatoken,18,75557200,1963857780,455209424,36.6915373370725,158.29408896325992,0.23179347742788176,loss,material_loss
verda-amd-epyc-9655-32c,198bafb07ddea8ca108101f41fb68707e2e354fbe0f02c72aeafc42b5ac2f0fc,e23b4ff90410bc70a095af8c2c0b0dd63b848493,131b836037daaf7026091cf1057ec66ea3f8bf6df69c9d19e247bcba09ff424b,964c40835860a00ee8e98dcc228cdbf0ded4ae08f13c84a4f2972fcd674427a5,0-31,32,aeb13307a71acd8fe81861d94ad54ab689df773318809eed3cbe794b4492dae4,qwen-3,enwik8-140,32,False,novel_inputs_persistent_instance,core-novel,huggingface,18,75557200,1963857780,4487273120,36.6915373370725,16.058073385016137,2.2849277405413746,win,material_win
verda-amd-epyc-9655-32c,198bafb07ddea8ca108101f41fb68707e2e354fbe0f02c72aeafc42b5ac2f0fc,e23b4ff90410bc70a095af8c2c0b0dd63b848493,131b836037daaf7026091cf1057ec66ea3f8bf6df69c9d19e247bcba09ff424b,964c40835860a00ee8e98dcc228cdbf0ded4ae08f13c84a4f2972fcd674427a5,0-31,32,aeb13307a71acd8fe81861d94ad54ab689df773318809eed3cbe794b4492dae4,qwen-3,enwik8-140,32,False,novel_inputs_persistent_instance,core-novel,kitoken,18,75557200,1963857780,4194727266,36.6915373370725,17.177984762828753,2.135962852666449,win,material_win
verda-amd-epyc-9655-32c,198bafb07ddea8ca108101f41fb68707e2e354fbe0f02c72aeafc42b5ac2f0fc,e23b4ff90410bc70a095af8c2c0b0dd63b848493,131b836037daaf7026091cf1057ec66ea3f8bf6df69c9d19e247bcba09ff424b,964c40835860a00ee8e98dcc228cdbf0ded4ae08f13c84a4f2972fcd674427a5,0-31,32,aeb13307a71acd8fe81861d94ad54ab689df773318809eed3cbe794b4492dae4,qwen-3,enwik8-140,32,False,novel_inputs_persistent_instance,core-novel,splintr,18,75557200,1963857780,4455173023,36.6915373370725,16.173773877596563,2.2685823120042836,win,material_win
verda-amd-epyc-9655-32c,198bafb07ddea8ca108101f41fb68707e2e354fbe0f02c72aeafc42b5ac2f0fc,e23b4ff90410bc70a095af8c2c0b0dd63b848493,131b836037daaf7026091cf1057ec66ea3f8bf6df69c9d19e247bcba09ff424b,964c40835860a00ee8e98dcc228cdbf0ded4ae08f13c84a4f2972fcd674427a5,0-31,32,aeb13307a71acd8fe81861d94ad54ab689df773318809eed3cbe794b4492dae4,qwen-3,enwik8-140,4,False,novel_inputs_persistent_instance,deep-novel,fastokens,18,75496722,7143480761,12080958744,10.07901989984273,5.959732689263681,1.6911865725118596,win,material_win
verda-amd-epyc-9655-32c,198bafb07ddea8ca108101f41fb68707e2e354fbe0f02c72aeafc42b5ac2f0fc,e23b4ff90410bc70a095af8c2c0b0dd63b848493,131b836037daaf7026091cf1057ec66ea3f8bf6df69c9d19e247bcba09ff424b,964c40835860a00ee8e98dcc228cdbf0ded4ae08f13c84a4f2972fcd674427a5,0-31,32,aeb13307a71acd8fe81861d94ad54ab689df773318809eed3cbe794b4492dae4,qwen-3,enwik8-140,4,False,novel_inputs_persistent_instance,deep-novel,gigatoken,18,75496722,7143480761,485948309,10.07901989984273,148.1624349973048,0.06802682407336297,loss,material_loss
verda-amd-epyc-9655-32c,198bafb07ddea8ca108101f41fb68707e2e354fbe0f02c72aeafc42b5ac2f0fc,e23b4ff90410bc70a095af8c2c0b0dd63b848493,131b836037daaf7026091cf1057ec66ea3f8bf6df69c9d19e247bcba09ff424b,964c40835860a00ee8e98dcc228cdbf0ded4ae08f13c84a4f2972fcd674427a5,0-31,32,aeb13307a71acd8fe81861d94ad54ab689df773318809eed3cbe794b4492dae4,qwen-3,enwik8-140,4,False,novel_inputs_persistent_instance,deep-novel,huggingface,18,75496722,7143480761,12460604240,10.07901989984273,5.778153559611223,1.7443323019821038,win,material_win
verda-amd-epyc-9655-32c,198bafb07ddea8ca108101f41fb68707e2e354fbe0f02c72aeafc42b5ac2f0fc,e23b4ff90410bc70a095af8c2c0b0dd63b848493,131b836037daaf7026091cf1057ec66ea3f8bf6df69c9d19e247bcba09ff424b,964c40835860a00ee8e98dcc228cdbf0ded4ae08f13c84a4f2972fcd674427a5,0-31,32,aeb13307a71acd8fe81861d94ad54ab689df773318809eed3cbe794b4492dae4,qwen-3,enwik8-140,4,False,novel_inputs_persistent_instance,deep-novel,kitoken,18,75496722,7143480761,8812203676,10.07901989984273,8.170406335517692,1.2336008132212564,win,material_win
verda-amd-epyc-9655-32c,198bafb07ddea8ca108101f41fb68707e2e354fbe0f02c72aeafc42b5ac2f0fc,e23b4ff90410bc70a095af8c2c0b0dd63b848493,131b836037daaf7026091cf1057ec66ea3f8bf6df69c9d19e247bcba09ff424b,964c40835860a00ee8e98dcc228cdbf0ded4ae08f13c84a4f2972fcd674427a5,0-31,32,aeb13307a71acd8fe81861d94ad54ab689df773318809eed3cbe794b4492dae4,qwen-3,enwik8-140,4,False,novel_inputs_persistent_instance,deep-novel,splintr,18,75496722,7143480761,10767974050,10.07901989984273,6.686428144230408,1.5073847624519416,win,material_win
verda-amd-epyc-9655-32c,198bafb07ddea8ca108101f41fb68707e2e354fbe0f02c72aeafc42b5ac2f0fc,e23b4ff90410bc70a095af8c2c0b0dd63b848493,131b836037daaf7026091cf1057ec66ea3f8bf6df69c9d19e247bcba09ff424b,964c40835860a00ee8e98dcc228cdbf0ded4ae08f13c84a4f2972fcd674427a5,0-31,32,aeb13307a71acd8fe81861d94ad54ab689df773318809eed3cbe794b4492dae4,qwen-3,enwik8-140,512,False,novel_inputs_persistent_instance,core-novel,fastokens,18,76121654,598734488,2063043146,121.24784490811408,35.188438246149545,3.4456728104828995,win,material_win
verda-amd-epyc-9655-32c,198bafb07ddea8ca108101f41fb68707e2e354fbe0f02c72aeafc42b5ac2f0fc,e23b4ff90410bc70a095af8c2c0b0dd63b848493,131b836037daaf7026091cf1057ec66ea3f8bf6df69c9d19e247bcba09ff424b,964c40835860a00ee8e98dcc228cdbf0ded4ae08f13c84a4f2972fcd674427a5,0-31,32,aeb13307a71acd8fe81861d94ad54ab689df773318809eed3cbe794b4492dae4,qwen-3,enwik8-140,512,False,novel_inputs_persistent_instance,core-novel,gigatoken,18,76121654,598734488,448186621,121.24784490811408,161.97553193396882,0.7485565471551724,loss,material_loss
verda-amd-epyc-9655-32c,198bafb07ddea8ca108101f41fb68707e2e354fbe0f02c72aeafc42b5ac2f0fc,e23b4ff90410bc70a095af8c2c0b0dd63b848493,131b836037daaf7026091cf1057ec66ea3f8bf6df69c9d19e247bcba09ff424b,964c40835860a00ee8e98dcc228cdbf0ded4ae08f13c84a4f2972fcd674427a5,0-31,32,aeb13307a71acd8fe81861d94ad54ab689df773318809eed3cbe794b4492dae4,qwen-3,enwik8-140,512,False,novel_inputs_persistent_instance,core-novel,huggingface,18,76121654,598734488,1880366770,121.24784490811408,38.60697152298808,3.1405686622147613,win,material_win
verda-amd-epyc-9655-32c,198bafb07ddea8ca108101f41fb68707e2e354fbe0f02c72aeafc42b5ac2f0fc,e23b4ff90410bc70a095af8c2c0b0dd63b848493,131b836037daaf7026091cf1057ec66ea3f8bf6df69c9d19e247bcba09ff424b,964c40835860a00ee8e98dcc228cdbf0ded4ae08f13c84a4f2972fcd674427a5,0-31,32,aeb13307a71acd8fe81861d94ad54ab689df773318809eed3cbe794b4492dae4,qwen-3,enwik8-140,512,False,novel_inputs_persistent_instance,core-novel,kitoken,18,76121654,598734488,1843540679,121.24784490811408,39.37817438427302,3.0790621150923245,win,material_win
verda-amd-epyc-9655-32c,198bafb07ddea8ca108101f41fb68707e2e354fbe0f02c72aeafc42b5ac2f0fc,e23b4ff90410bc70a095af8c2c0b0dd63b848493,131b836037daaf7026091cf1057ec66ea3f8bf6df69c9d19e247bcba09ff424b,964c40835860a00ee8e98dcc228cdbf0ded4ae08f13c84a4f2972fcd674427a5,0-31,32,aeb13307a71acd8fe81861d94ad54ab689df773318809eed3cbe794b4492dae4,qwen-3,enwik8-140,512,False,novel_inputs_persistent_instance,core-novel,splintr,18,76121654,598734488,2953396784,121.24784490811408,24.58026186506577,4.9327320259527125,win,material_win
verda-amd-epyc-9655-32c,198bafb07ddea8ca108101f41fb68707e2e354fbe0f02c72aeafc42b5ac2f0fc,e23b4ff90410bc70a095af8c2c0b0dd63b848493,131b836037daaf7026091cf1057ec66ea3f8bf6df69c9d19e247bcba09ff424b,964c40835860a00ee8e98dcc228cdbf0ded4ae08f13c84a4f2972fcd674427a5,0-31,32,aeb13307a71acd8fe81861d94ad54ab689df773318809eed3cbe794b4492dae4,qwen-3,enwik8-140,64,False,novel_inputs_persistent_instance,deep-novel,fastokens,18,75637831,1555035088,3962495995,46.38728561819852,18.204146291730567,2.548171437145089,win,material_win
verda-amd-epyc-9655-32c,198bafb07ddea8ca108101f41fb68707e2e354fbe0f02c72aeafc42b5ac2f0fc,e23b4ff90410bc70a095af8c2c0b0dd63b848493,131b836037daaf7026091cf1057ec66ea3f8bf6df69c9d19e247bcba09ff424b,964c40835860a00ee8e98dcc228cdbf0ded4ae08f13c84a4f2972fcd674427a5,0-31,32,aeb13307a71acd8fe81861d94ad54ab689df773318809eed3cbe794b4492dae4,qwen-3,enwik8-140,64,False,novel_inputs_persistent_instance,deep-novel,gigatoken,18,75637831,1555035088,453835969,46.38728561819852,158.94257330973355,0.29184934314485383,loss,material_loss
verda-amd-epyc-9655-32c,198bafb07ddea8ca108101f41fb68707e2e354fbe0f02c72aeafc42b5ac2f0fc,e23b4ff90410bc70a095af8c2c0b0dd63b848493,131b836037daaf7026091cf1057ec66ea3f8bf6df69c9d19e247bcba09ff424b,964c40835860a00ee8e98dcc228cdbf0ded4ae08f13c84a4f2972fcd674427a5,0-31,32,aeb13307a71acd8fe81861d94ad54ab689df773318809eed3cbe794b4492dae4,qwen-3,enwik8-140,64,False,novel_inputs_persistent_instance,deep-novel,huggingface,18,75637831,1555035088,3431421300,46.38728561819852,21.02156816867007,2.2066520083564827,win,material_win
verda-amd-epyc-9655-32c,198bafb07ddea8ca108101f41fb68707e2e354fbe0f02c72aeafc42b5ac2f0fc,e23b4ff90410bc70a095af8c2c0b0dd63b848493,131b836037daaf7026091cf1057ec66ea3f8bf6df69c9d19e247bcba09ff424b,964c40835860a00ee8e98dcc228cdbf0ded4ae08f13c84a4f2972fcd674427a5,0-31,32,aeb13307a71acd8fe81861d94ad54ab689df773318809eed3cbe794b4492dae4,qwen-3,enwik8-140,64,False,novel_inputs_persistent_instance,deep-novel,kitoken,18,75637831,1555035088,3194245832,46.38728561819852,22.582437472638603,2.054131033215631,win,material_win
verda-amd-epyc-9655-32c,198bafb07ddea8ca108101f41fb68707e2e354fbe0f02c72aeafc42b5ac2f0fc,e23b4ff90410bc70a095af8c2c0b0dd63b848493,131b836037daaf7026091cf1057ec66ea3f8bf6df69c9d19e247bcba09ff424b,964c40835860a00ee8e98dcc228cdbf0ded4ae08f13c84a4f2972fcd674427a5,0-31,32,aeb13307a71acd8fe81861d94ad54ab689df773318809eed3cbe794b4492dae4,qwen-3,enwik8-140,64,False,novel_inputs_persistent_instance,deep-novel,splintr,18,75637831,1555035088,3882255818,46.38728561819852,18.580397623188382,2.496571201485326,win,material_win
verda-amd-epyc-9655-32c,198bafb07ddea8ca108101f41fb68707e2e354fbe0f02c72aeafc42b5ac2f0fc,e23b4ff90410bc70a095af8c2c0b0dd63b848493,131b836037daaf7026091cf1057ec66ea3f8bf6df69c9d19e247bcba09ff424b,964c40835860a00ee8e98dcc228cdbf0ded4ae08f13c84a4f2972fcd674427a5,0-31,32,aeb13307a71acd8fe81861d94ad54ab689df773318809eed3cbe794b4492dae4,qwen-3,enwik8-140,8,False,novel_inputs_persistent_instance,deep-novel,fastokens,18,75496722,5502925179,9146074863,13.083820405013487,7.872151258627053,1.6620387458479018,win,material_win
verda-amd-epyc-9655-32c,198bafb07ddea8ca108101f41fb68707e2e354fbe0f02c72aeafc42b5ac2f0fc,e23b4ff90410bc70a095af8c2c0b0dd63b848493,131b836037daaf7026091cf1057ec66ea3f8bf6df69c9d19e247bcba09ff424b,964c40835860a00ee8e98dcc228cdbf0ded4ae08f13c84a4f2972fcd674427a5,0-31,32,aeb13307a71acd8fe81861d94ad54ab689df773318809eed3cbe794b4492dae4,qwen-3,enwik8-140,8,False,novel_inputs_persistent_instance,deep-novel,gigatoken,18,75496722,5502925179,488691172,13.083820405013487,147.33084792508325,0.08880570898272792,loss,material_loss
verda-amd-epyc-9655-32c,198bafb07ddea8ca108101f41fb68707e2e354fbe0f02c72aeafc42b5ac2f0fc,e23b4ff90410bc70a095af8c2c0b0dd63b848493,131b836037daaf7026091cf1057ec66ea3f8bf6df69c9d19e247bcba09ff424b,964c40835860a00ee8e98dcc228cdbf0ded4ae08f13c84a4f2972fcd674427a5,0-31,32,aeb13307a71acd8fe81861d94ad54ab689df773318809eed3cbe794b4492dae4,qwen-3,enwik8-140,8,False,novel_inputs_persistent_instance,deep-novel,huggingface,18,75496722,5502925179,9021534570,13.083820405013487,7.980824568769867,1.6394070928726323,win,material_win
verda-amd-epyc-9655-32c,198bafb07ddea8ca108101f41fb68707e2e354fbe0f02c72aeafc42b5ac2f0fc,e23b4ff90410bc70a095af8c2c0b0dd63b848493,131b836037daaf7026091cf1057ec66ea3f8bf6df69c9d19e247bcba09ff424b,964c40835860a00ee8e98dcc228cdbf0ded4ae08f13c84a4f2972fcd674427a5,0-31,32,aeb13307a71acd8fe81861d94ad54ab689df773318809eed3cbe794b4492dae4,qwen-3,enwik8-140,8,False,novel_inputs_persistent_instance,deep-novel,kitoken,18,75496722,5502925179,7055667346,13.083820405013487,10.204461351920246,1.2821666870786288,win,material_win
verda-amd-epyc-9655-32c,198bafb07ddea8ca108101f41fb68707e2e354fbe0f02c72aeafc42b5ac2f0fc,e23b4ff90410bc70a095af8c2c0b0dd63b848493,131b836037daaf7026091cf1057ec66ea3f8bf6df69c9d19e247bcba09ff424b,964c40835860a00ee8e98dcc228cdbf0ded4ae08f13c84a4f2972fcd674427a5,0-31,32,aeb13307a71acd8fe81861d94ad54ab689df773318809eed3cbe794b4492dae4,qwen-3,enwik8-140,8,False,novel_inputs_persistent_instance,deep-novel,splintr,18,75496722,5502925179,7874399943,13.083820405013487,9.14346302771514,1.4309480297951185,win,material_win
verda-amd-epyc-9655-32c,198bafb07ddea8ca108101f41fb68707e2e354fbe0f02c72aeafc42b5ac2f0fc,e23b4ff90410bc70a095af8c2c0b0dd63b848493,131b836037daaf7026091cf1057ec66ea3f8bf6df69c9d19e247bcba09ff424b,964c40835860a00ee8e98dcc228cdbf0ded4ae08f13c84a4f2972fcd674427a5,0-31,32,aeb13307a71acd8fe81861d94ad54ab689df773318809eed3cbe794b4492dae4,qwen-3,enwik8-65536,1,False,novel_inputs_persistent_instance,core-novel,fastokens,18,75497470,612483351,825989726,117.55421265753127,87.16815212862753,1.3485913121579691,win,material_win
verda-amd-epyc-9655-32c,198bafb07ddea8ca108101f41fb68707e2e354fbe0f02c72aeafc42b5ac2f0fc,e23b4ff90410bc70a095af8c2c0b0dd63b848493,131b836037daaf7026091cf1057ec66ea3f8bf6df69c9d19e247bcba09ff424b,964c40835860a00ee8e98dcc228cdbf0ded4ae08f13c84a4f2972fcd674427a5,0-31,32,aeb13307a71acd8fe81861d94ad54ab689df773318809eed3cbe794b4492dae4,qwen-3,enwik8-65536,1,False,novel_inputs_persistent_instance,core-novel,gigatoken,18,75497470,612483351,336919372,117.55421265753127,213.70097440598153,0.5500873965796991,loss,material_loss
verda-amd-epyc-9655-32c,198bafb07ddea8ca108101f41fb68707e2e354fbe0f02c72aeafc42b5ac2f0fc,e23b4ff90410bc70a095af8c2c0b0dd63b848493,131b836037daaf7026091cf1057ec66ea3f8bf6df69c9d19e247bcba09ff424b,964c40835860a00ee8e98dcc228cdbf0ded4ae08f13c84a4f2972fcd674427a5,0-31,32,aeb13307a71acd8fe81861d94ad54ab689df773318809eed3cbe794b4492dae4,qwen-3,enwik8-65536,1,False,novel_inputs_persistent_instance,core-novel,huggingface,18,75497470,612483351,15116224326,117.55421265753127,4.763094046494859,24.680220778768565,win,material_win
verda-amd-epyc-9655-32c,198bafb07ddea8ca108101f41fb68707e2e354fbe0f02c72aeafc42b5ac2f0fc,e23b4ff90410bc70a095af8c2c0b0dd63b848493,131b836037daaf7026091cf1057ec66ea3f8bf6df69c9d19e247bcba09ff424b,964c40835860a00ee8e98dcc228cdbf0ded4ae08f13c84a4f2972fcd674427a5,0-31,32,aeb13307a71acd8fe81861d94ad54ab689df773318809eed3cbe794b4492dae4,qwen-3,enwik8-65536,1,False,novel_inputs_persistent_instance,core-novel,kitoken,18,75497470,612483351,4084365074,117.55421265753127,17.628198456348706,6.668532405544522,win,material_win
verda-amd-epyc-9655-32c,198bafb07ddea8ca108101f41fb68707e2e354fbe0f02c72aeafc42b5ac2f0fc,e23b4ff90410bc70a095af8c2c0b0dd63b848493,131b836037daaf7026091cf1057ec66ea3f8bf6df69c9d19e247bcba09ff424b,964c40835860a00ee8e98dcc228cdbf0ded4ae08f13c84a4f2972fcd674427a5,0-31,32,aeb13307a71acd8fe81861d94ad54ab689df773318809eed3cbe794b4492dae4,qwen-3,enwik8-65536,1,False,novel_inputs_persistent_instance,core-novel,splintr,18,75497470,612483351,4865714858,117.55421265753127,14.797414191723966,7.944240198620517,win,material_win
verda-amd-epyc-9655-32c,198bafb07ddea8ca108101f41fb68707e2e354fbe0f02c72aeafc42b5ac2f0fc,e23b4ff90410bc70a095af8c2c0b0dd63b848493,131b836037daaf7026091cf1057ec66ea3f8bf6df69c9d19e247bcba09ff424b,964c40835860a00ee8e98dcc228cdbf0ded4ae08f13c84a4f2972fcd674427a5,0-31,32,aeb13307a71acd8fe81861d94ad54ab689df773318809eed3cbe794b4492dae4,qwen-3,repeated-chat140,1,False,warm_repeated,warm-repeated,fastokens,18,75498696,11192990666,11556860133,6.432701450924562,6.230166885187766,1.0325086902917997,win,material_win
verda-amd-epyc-9655-32c,198bafb07ddea8ca108101f41fb68707e2e354fbe0f02c72aeafc42b5ac2f0fc,e23b4ff90410bc70a095af8c2c0b0dd63b848493,131b836037daaf7026091cf1057ec66ea3f8bf6df69c9d19e247bcba09ff424b,964c40835860a00ee8e98dcc228cdbf0ded4ae08f13c84a4f2972fcd674427a5,0-31,32,aeb13307a71acd8fe81861d94ad54ab689df773318809eed3cbe794b4492dae4,qwen-3,repeated-chat140,1,False,warm_repeated,warm-repeated,gigatoken,18,75498696,11192990666,292761404,6.432701450924562,245.93804481605534,0.02615578023211406,loss,material_loss
verda-amd-epyc-9655-32c,198bafb07ddea8ca108101f41fb68707e2e354fbe0f02c72aeafc42b5ac2f0fc,e23b4ff90410bc70a095af8c2c0b0dd63b848493,131b836037daaf7026091cf1057ec66ea3f8bf6df69c9d19e247bcba09ff424b,964c40835860a00ee8e98dcc228cdbf0ded4ae08f13c84a4f2972fcd674427a5,0-31,32,aeb13307a71acd8fe81861d94ad54ab689df773318809eed3cbe794b4492dae4,qwen-3,repeated-chat140,1,False,warm_repeated,warm-repeated,huggingface,18,75498696,11192990666,13443710381,6.432701450924562,5.355751147326303,1.2010829618429701,win,material_win
verda-amd-epyc-9655-32c,198bafb07ddea8ca108101f41fb68707e2e354fbe0f02c72aeafc42b5ac2f0fc,e23b4ff90410bc70a095af8c2c0b0dd63b848493,131b836037daaf7026091cf1057ec66ea3f8bf6df69c9d19e247bcba09ff424b,964c40835860a00ee8e98dcc228cdbf0ded4ae08f13c84a4f2972fcd674427a5,0-31,32,aeb13307a71acd8fe81861d94ad54ab689df773318809eed3cbe794b4492dae4,qwen-3,repeated-chat140,1,False,warm_repeated,warm-repeated,kitoken,18,75498696,11192990666,4369400360,6.432701450924562,16.47850079303863,0.3903693383103193,loss,material_loss
verda-amd-epyc-9655-32c,198bafb07ddea8ca108101f41fb68707e2e354fbe0f02c72aeafc42b5ac2f0fc,e23b4ff90410bc70a095af8c2c0b0dd63b848493,131b836037daaf7026091cf1057ec66ea3f8bf6df69c9d19e247bcba09ff424b,964c40835860a00ee8e98dcc228cdbf0ded4ae08f13c84a4f2972fcd674427a5,0-31,32,aeb13307a71acd8fe81861d94ad54ab689df773318809eed3cbe794b4492dae4,qwen-3,repeated-chat140,1,False,warm_repeated,warm-repeated,splintr,18,75498696,11192990666,4379796933,6.432701450924562,16.43938483879551,0.3912981850600607,loss,material_loss
verda-amd-epyc-9655-32c,198bafb07ddea8ca108101f41fb68707e2e354fbe0f02c72aeafc42b5ac2f0fc,e23b4ff90410bc70a095af8c2c0b0dd63b848493,131b836037daaf7026091cf1057ec66ea3f8bf6df69c9d19e247bcba09ff424b,964c40835860a00ee8e98dcc228cdbf0ded4ae08f13c84a4f2972fcd674427a5,0-31,32,aeb13307a71acd8fe81861d94ad54ab689df773318809eed3cbe794b4492dae4,qwen-3,repeated-chat140,1,False,warm_repeated,warm-repeated,tokie,18,75498696,11192990666,853812466,6.432701450924562,84.32901856619564,0.07628099508682284,loss,material_loss
verda-amd-epyc-9655-32c,198bafb07ddea8ca108101f41fb68707e2e354fbe0f02c72aeafc42b5ac2f0fc,e23b4ff90410bc70a095af8c2c0b0dd63b848493,131b836037daaf7026091cf1057ec66ea3f8bf6df69c9d19e247bcba09ff424b,964c40835860a00ee8e98dcc228cdbf0ded4ae08f13c84a4f2972fcd674427a5,0-31,32,aeb13307a71acd8fe81861d94ad54ab689df773318809eed3cbe794b4492dae4,qwen-3,repeated-chat140,32,False,warm_repeated,warm-repeated,fastokens,18,75513600,1404615486,3798958167,51.270530317487186,18.956613285437896,2.7046250058217,win,material_win
verda-amd-epyc-9655-32c,198bafb07ddea8ca108101f41fb68707e2e354fbe0f02c72aeafc42b5ac2f0fc,e23b4ff90410bc70a095af8c2c0b0dd63b848493,131b836037daaf7026091cf1057ec66ea3f8bf6df69c9d19e247bcba09ff424b,964c40835860a00ee8e98dcc228cdbf0ded4ae08f13c84a4f2972fcd674427a5,0-31,32,aeb13307a71acd8fe81861d94ad54ab689df773318809eed3cbe794b4492dae4,qwen-3,repeated-chat140,32,False,warm_repeated,warm-repeated,gigatoken,18,75513600,1404615486,203715869,51.270530317487186,353.50893974477265,0.14503319309125146,loss,material_loss
verda-amd-epyc-9655-32c,198bafb07ddea8ca108101f41fb68707e2e354fbe0f02c72aeafc42b5ac2f0fc,e23b4ff90410bc70a095af8c2c0b0dd63b848493,131b836037daaf7026091cf1057ec66ea3f8bf6df69c9d19e247bcba09ff424b,964c40835860a00ee8e98dcc228cdbf0ded4ae08f13c84a4f2972fcd674427a5,0-31,32,aeb13307a71acd8fe81861d94ad54ab689df773318809eed3cbe794b4492dae4,qwen-3,repeated-chat140,32,False,warm_repeated,warm-repeated,huggingface,18,75513600,1404615486,4416979178,51.270530317487186,16.304215609180986,3.1446180268013935,win,material_win
verda-amd-epyc-9655-32c,198bafb07ddea8ca108101f41fb68707e2e354fbe0f02c72aeafc42b5ac2f0fc,e23b4ff90410bc70a095af8c2c0b0dd63b848493,131b836037daaf7026091cf1057ec66ea3f8bf6df69c9d19e247bcba09ff424b,964c40835860a00ee8e98dcc228cdbf0ded4ae08f13c84a4f2972fcd674427a5,0-31,32,aeb13307a71acd8fe81861d94ad54ab689df773318809eed3cbe794b4492dae4,qwen-3,repeated-chat140,32,False,warm_repeated,warm-repeated,kitoken,18,75513600,1404615486,4331565426,51.270530317487186,16.62571698146503,3.0838086787261862,win,material_win
verda-amd-epyc-9655-32c,198bafb07ddea8ca108101f41fb68707e2e354fbe0f02c72aeafc42b5ac2f0fc,e23b4ff90410bc70a095af8c2c0b0dd63b848493,131b836037daaf7026091cf1057ec66ea3f8bf6df69c9d19e247bcba09ff424b,964c40835860a00ee8e98dcc228cdbf0ded4ae08f13c84a4f2972fcd674427a5,0-31,32,aeb13307a71acd8fe81861d94ad54ab689df773318809eed3cbe794b4492dae4,qwen-3,repeated-chat140,32,False,warm_repeated,warm-repeated,splintr,18,75513600,1404615486,2544669596,51.270530317487186,28.300483871295878,1.8116485410869234,win,material_win
verda-amd-epyc-9655-32c,198bafb07ddea8ca108101f41fb68707e2e354fbe0f02c72aeafc42b5ac2f0fc,e23b4ff90410bc70a095af8c2c0b0dd63b848493,131b836037daaf7026091cf1057ec66ea3f8bf6df69c9d19e247bcba09ff424b,964c40835860a00ee8e98dcc228cdbf0ded4ae08f13c84a4f2972fcd674427a5,0-31,32,aeb13307a71acd8fe81861d94ad54ab689df773318809eed3cbe794b4492dae4,qwen-3,repeated-chat140,32,False,warm_repeated,warm-repeated,tokie,18,75513600,1404615486,901167491,51.270530317487186,79.91342517189737,0.6415759330450668,loss,material_loss
verda-amd-epyc-9655-32c,198bafb07ddea8ca108101f41fb68707e2e354fbe0f02c72aeafc42b5ac2f0fc,e23b4ff90410bc70a095af8c2c0b0dd63b848493,131b836037daaf7026091cf1057ec66ea3f8bf6df69c9d19e247bcba09ff424b,964c40835860a00ee8e98dcc228cdbf0ded4ae08f13c84a4f2972fcd674427a5,0-31,32,aeb13307a71acd8fe81861d94ad54ab689df773318809eed3cbe794b4492dae4,qwen-3,repeated-chat140,512,False,warm_repeated,warm-repeated,fastokens,18,76308480,422266924,1444810879,172.33989536911966,50.3688327363432,3.421558253518336,win,material_win
verda-amd-epyc-9655-32c,198bafb07ddea8ca108101f41fb68707e2e354fbe0f02c72aeafc42b5ac2f0fc,e23b4ff90410bc70a095af8c2c0b0dd63b848493,131b836037daaf7026091cf1057ec66ea3f8bf6df69c9d19e247bcba09ff424b,964c40835860a00ee8e98dcc228cdbf0ded4ae08f13c84a4f2972fcd674427a5,0-31,32,aeb13307a71acd8fe81861d94ad54ab689df773318809eed3cbe794b4492dae4,qwen-3,repeated-chat140,512,False,warm_repeated,warm-repeated,gigatoken,18,76308480,422266924,195469242,172.33989536911966,372.30122118138667,0.46290445898149485,loss,material_loss
verda-amd-epyc-9655-32c,198bafb07ddea8ca108101f41fb68707e2e354fbe0f02c72aeafc42b5ac2f0fc,e23b4ff90410bc70a095af8c2c0b0dd63b848493,131b836037daaf7026091cf1057ec66ea3f8bf6df69c9d19e247bcba09ff424b,964c40835860a00ee8e98dcc228cdbf0ded4ae08f13c84a4f2972fcd674427a5,0-31,32,aeb13307a71acd8fe81861d94ad54ab689df773318809eed3cbe794b4492dae4,qwen-3,repeated-chat140,512,False,warm_repeated,warm-repeated,huggingface,18,76308480,422266924,1577801383,172.33989536911966,46.123319629515116,3.736502419024418,win,material_win
verda-amd-epyc-9655-32c,198bafb07ddea8ca108101f41fb68707e2e354fbe0f02c72aeafc42b5ac2f0fc,e23b4ff90410bc70a095af8c2c0b0dd63b848493,131b836037daaf7026091cf1057ec66ea3f8bf6df69c9d19e247bcba09ff424b,964c40835860a00ee8e98dcc228cdbf0ded4ae08f13c84a4f2972fcd674427a5,0-31,32,aeb13307a71acd8fe81861d94ad54ab689df773318809eed3cbe794b4492dae4,qwen-3,repeated-chat140,512,False,warm_repeated,warm-repeated,kitoken,18,76308480,422266924,2059482119,172.33989536911966,35.335794775113555,4.8772044456884815,win,material_win
verda-amd-epyc-9655-32c,198bafb07ddea8ca108101f41fb68707e2e354fbe0f02c72aeafc42b5ac2f0fc,e23b4ff90410bc70a095af8c2c0b0dd63b848493,131b836037daaf7026091cf1057ec66ea3f8bf6df69c9d19e247bcba09ff424b,964c40835860a00ee8e98dcc228cdbf0ded4ae08f13c84a4f2972fcd674427a5,0-31,32,aeb13307a71acd8fe81861d94ad54ab689df773318809eed3cbe794b4492dae4,qwen-3,repeated-chat140,512,False,warm_repeated,warm-repeated,splintr,18,76308480,422266924,1586731786,172.33989536911966,45.8637295490594,3.757651134427948,win,material_win
verda-amd-epyc-9655-32c,198bafb07ddea8ca108101f41fb68707e2e354fbe0f02c72aeafc42b5ac2f0fc,e23b4ff90410bc70a095af8c2c0b0dd63b848493,131b836037daaf7026091cf1057ec66ea3f8bf6df69c9d19e247bcba09ff424b,964c40835860a00ee8e98dcc228cdbf0ded4ae08f13c84a4f2972fcd674427a5,0-31,32,aeb13307a71acd8fe81861d94ad54ab689df773318809eed3cbe794b4492dae4,qwen-3,repeated-chat140,512,False,warm_repeated,warm-repeated,tokie,18,76308480,422266924,1226760988,172.33989536911966,59.32161049451305,2.9051789715833864,win,material_win
verda-amd-epyc-9655-32c,198bafb07ddea8ca108101f41fb68707e2e354fbe0f02c72aeafc42b5ac2f0fc,e23b4ff90410bc70a095af8c2c0b0dd63b848493,131b836037daaf7026091cf1057ec66ea3f8bf6df69c9d19e247bcba09ff424b,964c40835860a00ee8e98dcc228cdbf0ded4ae08f13c84a4f2972fcd674427a5,0-31,32,aeb13307a71acd8fe81861d94ad54ab689df773318809eed3cbe794b4492dae4,qwen-3,rust-code-4096,1,False,novel_inputs_persistent_instance,core-novel,fastokens,18,75497463,1243909123,1694643780,57.882035018189306,42.486800038254145,1.3623533654234643,win,material_win
verda-amd-epyc-9655-32c,198bafb07ddea8ca108101f41fb68707e2e354fbe0f02c72aeafc42b5ac2f0fc,e23b4ff90410bc70a095af8c2c0b0dd63b848493,131b836037daaf7026091cf1057ec66ea3f8bf6df69c9d19e247bcba09ff424b,964c40835860a00ee8e98dcc228cdbf0ded4ae08f13c84a4f2972fcd674427a5,0-31,32,aeb13307a71acd8fe81861d94ad54ab689df773318809eed3cbe794b4492dae4,qwen-3,rust-code-4096,1,False,novel_inputs_persistent_instance,core-novel,gigatoken,18,75497463,1243909123,208085844,57.882035018189306,346.0110021560676,0.16728379923619227,loss,material_loss
verda-amd-epyc-9655-32c,198bafb07ddea8ca108101f41fb68707e2e354fbe0f02c72aeafc42b5ac2f0fc,e23b4ff90410bc70a095af8c2c0b0dd63b848493,131b836037daaf7026091cf1057ec66ea3f8bf6df69c9d19e247bcba09ff424b,964c40835860a00ee8e98dcc228cdbf0ded4ae08f13c84a4f2972fcd674427a5,0-31,32,aeb13307a71acd8fe81861d94ad54ab689df773318809eed3cbe794b4492dae4,qwen-3,rust-code-4096,1,False,novel_inputs_persistent_instance,core-novel,huggingface,18,75497463,1243909123,12950707718,57.882035018189306,5.559541067926304,10.411297319506836,win,material_win
verda-amd-epyc-9655-32c,198bafb07ddea8ca108101f41fb68707e2e354fbe0f02c72aeafc42b5ac2f0fc,e23b4ff90410bc70a095af8c2c0b0dd63b848493,131b836037daaf7026091cf1057ec66ea3f8bf6df69c9d19e247bcba09ff424b,964c40835860a00ee8e98dcc228cdbf0ded4ae08f13c84a4f2972fcd674427a5,0-31,32,aeb13307a71acd8fe81861d94ad54ab689df773318809eed3cbe794b4492dae4,qwen-3,rust-code-4096,1,False,novel_inputs_persistent_instance,core-novel,kitoken,18,75497463,1243909123,4119690680,57.882035018189306,17.477038207376083,3.311890397639603,win,material_win
verda-amd-epyc-9655-32c,198bafb07ddea8ca108101f41fb68707e2e354fbe0f02c72aeafc42b5ac2f0fc,e23b4ff90410bc70a095af8c2c0b0dd63b848493,131b836037daaf7026091cf1057ec66ea3f8bf6df69c9d19e247bcba09ff424b,964c40835860a00ee8e98dcc228cdbf0ded4ae08f13c84a4f2972fcd674427a5,0-31,32,aeb13307a71acd8fe81861d94ad54ab689df773318809eed3cbe794b4492dae4,qwen-3,rust-code-4096,1,False,novel_inputs_persistent_instance,core-novel,splintr,18,75497463,1243909123,4331745884,57.882035018189306,16.62147165254423,3.4823652338467492,win,material_win
