cycle,order,round,model,tokenizer_sha256,contract,shape,input_bytes,batch,parent_elapsed_ns,candidate_elapsed_ns,total_bytes,ratio,log_ratio
0,ab,0,deepseek-r1,ecb6f9fc369894346f0511f4074ca75cee5cd5f3b06d02f1ba35fcd39f8e121d,flat-ragged,140-byte batch 1,140,1,55105705,56432442,4194400,0.9764898176832397,-0.023790956079482263
0,ab,1,deepseek-r1,ecb6f9fc369894346f0511f4074ca75cee5cd5f3b06d02f1ba35fcd39f8e121d,flat-ragged,140-byte batch 1,140,1,53590908,52780890,4194400,1.0153468044968548,0.01523023344191525
0,ab,2,deepseek-r1,ecb6f9fc369894346f0511f4074ca75cee5cd5f3b06d02f1ba35fcd39f8e121d,flat-ragged,140-byte batch 1,140,1,49303287,47949588,4194400,1.0282317128564276,0.02784054324515763
0,ab,3,deepseek-r1,ecb6f9fc369894346f0511f4074ca75cee5cd5f3b06d02f1ba35fcd39f8e121d,flat-ragged,140-byte batch 1,140,1,42570486,42839176,4194400,0.9937279372507072,-0.006291814768774871
0,ab,4,deepseek-r1,ecb6f9fc369894346f0511f4074ca75cee5cd5f3b06d02f1ba35fcd39f8e121d,flat-ragged,140-byte batch 1,140,1,52414882,53313562,4194400,0.983143501085146,-0.017000186696800892
0,ab,5,deepseek-r1,ecb6f9fc369894346f0511f4074ca75cee5cd5f3b06d02f1ba35fcd39f8e121d,flat-ragged,140-byte batch 1,140,1,49053123,49264832,4194400,0.9957026342848383,-0.004306625930416814
0,ab,0,deepseek-r1,ecb6f9fc369894346f0511f4074ca75cee5cd5f3b06d02f1ba35fcd39f8e121d,flat-ragged,140-byte batch 32,140,32,50797651,49864808,4197760,1.0187074419297875,0.01853460990749779
0,ab,1,deepseek-r1,ecb6f9fc369894346f0511f4074ca75cee5cd5f3b06d02f1ba35fcd39f8e121d,flat-ragged,140-byte batch 32,140,32,49543286,48523830,4197760,1.0210093885828881,0.02079173461810358
0,ab,2,deepseek-r1,ecb6f9fc369894346f0511f4074ca75cee5cd5f3b06d02f1ba35fcd39f8e121d,flat-ragged,140-byte batch 32,140,32,46700993,47362828,4197760,0.9860262778227685,-0.0140722737987608
0,ab,3,deepseek-r1,ecb6f9fc369894346f0511f4074ca75cee5cd5f3b06d02f1ba35fcd39f8e121d,flat-ragged,140-byte batch 32,140,32,39811726,39423740,4197760,1.0098414305694996,0.009793319091327496
0,ab,4,deepseek-r1,ecb6f9fc369894346f0511f4074ca75cee5cd5f3b06d02f1ba35fcd39f8e121d,flat-ragged,140-byte batch 32,140,32,49779463,49793616,4197760,0.9997157667762068,-0.00028427362571187585
0,ab,5,deepseek-r1,ecb6f9fc369894346f0511f4074ca75cee5cd5f3b06d02f1ba35fcd39f8e121d,flat-ragged,140-byte batch 32,140,32,47403984,46244890,4197760,1.0250642611540433,0.024755304434019493
0,ab,0,deepseek-r1,ecb6f9fc369894346f0511f4074ca75cee5cd5f3b06d02f1ba35fcd39f8e121d,flat-ragged,140-byte batch 512,140,512,16544943,16818908,4229120,0.9837108925264352,-0.016423233508124337
0,ab,1,deepseek-r1,ecb6f9fc369894346f0511f4074ca75cee5cd5f3b06d02f1ba35fcd39f8e121d,flat-ragged,140-byte batch 512,140,512,16619248,16682841,4229120,0.9961881192777657,-0.003819164455260622
0,ab,2,deepseek-r1,ecb6f9fc369894346f0511f4074ca75cee5cd5f3b06d02f1ba35fcd39f8e121d,flat-ragged,140-byte batch 512,140,512,15820687,16116825,4229120,0.9816255372878964,-0.01854536994188065
0,ab,3,deepseek-r1,ecb6f9fc369894346f0511f4074ca75cee5cd5f3b06d02f1ba35fcd39f8e121d,flat-ragged,140-byte batch 512,140,512,13884457,14985947,4229120,0.9264984722019903,-0.07634288225755295
0,ab,4,deepseek-r1,ecb6f9fc369894346f0511f4074ca75cee5cd5f3b06d02f1ba35fcd39f8e121d,flat-ragged,140-byte batch 512,140,512,13292947,13824273,4229120,0.9615657185010742,-0.03919236631393958
0,ab,5,deepseek-r1,ecb6f9fc369894346f0511f4074ca75cee5cd5f3b06d02f1ba35fcd39f8e121d,flat-ragged,140-byte batch 512,140,512,13689692,13817111,4229120,0.990778173527013,-0.009264610750662605
0,ab,0,deepseek-r1,ecb6f9fc369894346f0511f4074ca75cee5cd5f3b06d02f1ba35fcd39f8e121d,flat-ragged,4 KiB single,4096,1,38645124,38232336,4194304,1.0107968291552993,0.010738959561508273
0,ab,1,deepseek-r1,ecb6f9fc369894346f0511f4074ca75cee5cd5f3b06d02f1ba35fcd39f8e121d,flat-ragged,4 KiB single,4096,1,41548792,41987080,4194304,0.9895613603041697,-0.010493504438022475
0,ab,2,deepseek-r1,ecb6f9fc369894346f0511f4074ca75cee5cd5f3b06d02f1ba35fcd39f8e121d,flat-ragged,4 KiB single,4096,1,38366218,39184034,4194304,0.9791288462030224,-0.021092035098162897
0,ab,3,deepseek-r1,ecb6f9fc369894346f0511f4074ca75cee5cd5f3b06d02f1ba35fcd39f8e121d,flat-ragged,4 KiB single,4096,1,38443020,37841769,4194304,1.0158885542586553,0.015763652449526527
0,ab,4,deepseek-r1,ecb6f9fc369894346f0511f4074ca75cee5cd5f3b06d02f1ba35fcd39f8e121d,flat-ragged,4 KiB single,4096,1,38565225,37825077,4194304,1.019567653490831,0.019378668311632184
0,ab,5,deepseek-r1,ecb6f9fc369894346f0511f4074ca75cee5cd5f3b06d02f1ba35fcd39f8e121d,flat-ragged,4 KiB single,4096,1,42850929,41747843,4194304,1.0264225866711245,0.02607953979728083
0,ab,0,deepseek-r1,ecb6f9fc369894346f0511f4074ca75cee5cd5f3b06d02f1ba35fcd39f8e121d,flat-ragged,64 KiB single,65536,1,35754803,36858142,4194304,0.9700652572232209,-0.030391934259746088
0,ab,1,deepseek-r1,ecb6f9fc369894346f0511f4074ca75cee5cd5f3b06d02f1ba35fcd39f8e121d,flat-ragged,64 KiB single,65536,1,37275809,39577050,4194304,0.9418541553754006,-0.05990484083456504
0,ab,2,deepseek-r1,ecb6f9fc369894346f0511f4074ca75cee5cd5f3b06d02f1ba35fcd39f8e121d,flat-ragged,64 KiB single,65536,1,35053553,36540569,4194304,0.9593050671980504,-0.04154614498929162
0,ab,3,deepseek-r1,ecb6f9fc369894346f0511f4074ca75cee5cd5f3b06d02f1ba35fcd39f8e121d,flat-ragged,64 KiB single,65536,1,36008060,37352722,4194304,0.9640009635710083,-0.036662984817103145
0,ab,4,deepseek-r1,ecb6f9fc369894346f0511f4074ca75cee5cd5f3b06d02f1ba35fcd39f8e121d,flat-ragged,64 KiB single,65536,1,34929463,35590211,4194304,0.9814345579462848,-0.01873994303995113
0,ab,5,deepseek-r1,ecb6f9fc369894346f0511f4074ca75cee5cd5f3b06d02f1ba35fcd39f8e121d,flat-ragged,64 KiB single,65536,1,37277995,39113096,4194304,0.9530821850563811,-0.04805414079190459
0,ab,0,deepseek-r1,ecb6f9fc369894346f0511f4074ca75cee5cd5f3b06d02f1ba35fcd39f8e121d,nested,140-byte batch 1,140,1,54801193,55546405,4194400,0.9865839742463981,-0.013506833729792707
0,ab,1,deepseek-r1,ecb6f9fc369894346f0511f4074ca75cee5cd5f3b06d02f1ba35fcd39f8e121d,nested,140-byte batch 1,140,1,52232014,52303759,4194400,0.9986283012660715,-0.0013726403738328486
0,ab,2,deepseek-r1,ecb6f9fc369894346f0511f4074ca75cee5cd5f3b06d02f1ba35fcd39f8e121d,nested,140-byte batch 1,140,1,49710449,49514939,4194400,1.0039485053187684,0.003940730431045888
0,ab,3,deepseek-r1,ecb6f9fc369894346f0511f4074ca75cee5cd5f3b06d02f1ba35fcd39f8e121d,nested,140-byte batch 1,140,1,43805100,41768771,4194400,1.0487524279802247,0.04760129391481089
0,ab,4,deepseek-r1,ecb6f9fc369894346f0511f4074ca75cee5cd5f3b06d02f1ba35fcd39f8e121d,nested,140-byte batch 1,140,1,52976554,51968072,4194400,1.0194057997764474,0.019219908309667386
0,ab,5,deepseek-r1,ecb6f9fc369894346f0511f4074ca75cee5cd5f3b06d02f1ba35fcd39f8e121d,nested,140-byte batch 1,140,1,49318420,48116720,4194400,1.0249746865538631,0.024667916240407595
0,ab,0,deepseek-r1,ecb6f9fc369894346f0511f4074ca75cee5cd5f3b06d02f1ba35fcd39f8e121d,nested,140-byte batch 32,140,32,57810485,56061473,4197760,1.0311981099747414,0.030721339800529983
0,ab,1,deepseek-r1,ecb6f9fc369894346f0511f4074ca75cee5cd5f3b06d02f1ba35fcd39f8e121d,nested,140-byte batch 32,140,32,52263489,53070824,4197760,0.9847875925197619,-0.015329303176068353
0,ab,2,deepseek-r1,ecb6f9fc369894346f0511f4074ca75cee5cd5f3b06d02f1ba35fcd39f8e121d,nested,140-byte batch 32,140,32,50786792,52213862,4197760,0.9726687522175624,-0.027711694411936726
0,ab,3,deepseek-r1,ecb6f9fc369894346f0511f4074ca75cee5cd5f3b06d02f1ba35fcd39f8e121d,nested,140-byte batch 32,140,32,44684849,43741627,4197760,1.0215634868817294,0.02133428398717539
0,ab,4,deepseek-r1,ecb6f9fc369894346f0511f4074ca75cee5cd5f3b06d02f1ba35fcd39f8e121d,nested,140-byte batch 32,140,32,52304720,52366938,4197760,0.9988118839409705,-0.0011888224284690074
0,ab,5,deepseek-r1,ecb6f9fc369894346f0511f4074ca75cee5cd5f3b06d02f1ba35fcd39f8e121d,nested,140-byte batch 32,140,32,50166074,51550504,4197760,0.9731442004912308,-0.027223005833244097
0,ab,0,deepseek-r1,ecb6f9fc369894346f0511f4074ca75cee5cd5f3b06d02f1ba35fcd39f8e121d,nested,140-byte batch 512,140,512,19544703,19616882,4229120,0.996320567152313,-0.0036862186110147624
0,ab,1,deepseek-r1,ecb6f9fc369894346f0511f4074ca75cee5cd5f3b06d02f1ba35fcd39f8e121d,nested,140-byte batch 512,140,512,18902308,19176568,4229120,0.9856981708092918,-0.01440508604007871
0,ab,2,deepseek-r1,ecb6f9fc369894346f0511f4074ca75cee5cd5f3b06d02f1ba35fcd39f8e121d,nested,140-byte batch 512,140,512,18514509,18786308,4229120,0.9855320694199201,-0.014573611650507131
0,ab,3,deepseek-r1,ecb6f9fc369894346f0511f4074ca75cee5cd5f3b06d02f1ba35fcd39f8e121d,nested,140-byte batch 512,140,512,16905087,17185762,4229120,0.9836681667068355,-0.01646666776082295
0,ab,4,deepseek-r1,ecb6f9fc369894346f0511f4074ca75cee5cd5f3b06d02f1ba35fcd39f8e121d,nested,140-byte batch 512,140,512,16377295,16429477,4229120,0.996823879421116,-0.0031811751553167795
0,ab,5,deepseek-r1,ecb6f9fc369894346f0511f4074ca75cee5cd5f3b06d02f1ba35fcd39f8e121d,nested,140-byte batch 512,140,512,16604069,17286809,4229120,0.9605051458600601,-0.040295939307335486
0,ab,0,deepseek-r1,ecb6f9fc369894346f0511f4074ca75cee5cd5f3b06d02f1ba35fcd39f8e121d,nested,4 KiB single,4096,1,40597781,41420588,4194304,0.9801353133857008,-0.02006464196561062
0,ab,1,deepseek-r1,ecb6f9fc369894346f0511f4074ca75cee5cd5f3b06d02f1ba35fcd39f8e121d,nested,4 KiB single,4096,1,41865124,42284640,4194304,0.9900787614604263,-0.009970781987260556
0,ab,2,deepseek-r1,ecb6f9fc369894346f0511f4074ca75cee5cd5f3b06d02f1ba35fcd39f8e121d,nested,4 KiB single,4096,1,39236523,38933476,4194304,1.0077837129158465,0.007753576105635741
0,ab,3,deepseek-r1,ecb6f9fc369894346f0511f4074ca75cee5cd5f3b06d02f1ba35fcd39f8e121d,nested,4 KiB single,4096,1,39067758,38927689,4194304,1.0035981843155395,0.0035917263370503017
0,ab,4,deepseek-r1,ecb6f9fc369894346f0511f4074ca75cee5cd5f3b06d02f1ba35fcd39f8e121d,nested,4 KiB single,4096,1,39925514,39044804,4194304,1.0225563944436755,0.02230576090406915
0,ab,5,deepseek-r1,ecb6f9fc369894346f0511f4074ca75cee5cd5f3b06d02f1ba35fcd39f8e121d,nested,4 KiB single,4096,1,42115358,42261667,4194304,0.9965380210865795,-0.0034679854293802027
0,ab,0,deepseek-r1,ecb6f9fc369894346f0511f4074ca75cee5cd5f3b06d02f1ba35fcd39f8e121d,nested,64 KiB single,65536,1,38397443,38112790,4194304,1.0074687001397693,0.007440947497326368
0,ab,1,deepseek-r1,ecb6f9fc369894346f0511f4074ca75cee5cd5f3b06d02f1ba35fcd39f8e121d,nested,64 KiB single,65536,1,38768048,39168895,4194304,0.9897661907490625,-0.01028653470679743
0,ab,2,deepseek-r1,ecb6f9fc369894346f0511f4074ca75cee5cd5f3b06d02f1ba35fcd39f8e121d,nested,64 KiB single,65536,1,38971225,39222036,4194304,0.993605354908144,-0.006415178417139596
0,ab,3,deepseek-r1,ecb6f9fc369894346f0511f4074ca75cee5cd5f3b06d02f1ba35fcd39f8e121d,nested,64 KiB single,65536,1,36791684,38023701,4194304,0.9675987090262466,-0.03293783444904974
0,ab,4,deepseek-r1,ecb6f9fc369894346f0511f4074ca75cee5cd5f3b06d02f1ba35fcd39f8e121d,nested,64 KiB single,65536,1,36209174,36512396,4194304,0.9916953683346336,-0.00833930723089904
0,ab,5,deepseek-r1,ecb6f9fc369894346f0511f4074ca75cee5cd5f3b06d02f1ba35fcd39f8e121d,nested,64 KiB single,65536,1,37382107,36890920,4194304,1.0133145771371384,0.013226717174579718
0,ab,0,gemma-3,4667f2089529e8e7657cfb6d1c19910ae71ff5f28aa7ab2ff2763330affad795,flat-ragged,140-byte batch 1,140,1,255179320,262848005,4194400,0.9708246406511626,-0.029609423652088924
0,ab,1,gemma-3,4667f2089529e8e7657cfb6d1c19910ae71ff5f28aa7ab2ff2763330affad795,flat-ragged,140-byte batch 1,140,1,237041119,238603719,4194400,0.9934510660330487,-0.006570472322012481
0,ab,2,gemma-3,4667f2089529e8e7657cfb6d1c19910ae71ff5f28aa7ab2ff2763330affad795,flat-ragged,140-byte batch 1,140,1,226853209,237869582,4194400,0.953687340317435,-0.04741939676718738
0,ab,3,gemma-3,4667f2089529e8e7657cfb6d1c19910ae71ff5f28aa7ab2ff2763330affad795,flat-ragged,140-byte batch 1,140,1,183670734,181841214,4194400,1.0100610854918732,0.010010809709308198
0,ab,4,gemma-3,4667f2089529e8e7657cfb6d1c19910ae71ff5f28aa7ab2ff2763330affad795,flat-ragged,140-byte batch 1,140,1,180665364,182145065,4194400,0.991876249845144,-0.008156927618936455
0,ab,5,gemma-3,4667f2089529e8e7657cfb6d1c19910ae71ff5f28aa7ab2ff2763330affad795,flat-ragged,140-byte batch 1,140,1,184019088,181421405,4194400,1.014318503376159,0.014216961741710894
0,ab,0,gemma-3,4667f2089529e8e7657cfb6d1c19910ae71ff5f28aa7ab2ff2763330affad795,flat-ragged,140-byte batch 32,140,32,93854290,93083049,4197760,1.0082855150135874,0.008251378563162323
0,ab,1,gemma-3,4667f2089529e8e7657cfb6d1c19910ae71ff5f28aa7ab2ff2763330affad795,flat-ragged,140-byte batch 32,140,32,84320296,84263828,4197760,1.0006701333340802,0.000669908895001255
0,ab,2,gemma-3,4667f2089529e8e7657cfb6d1c19910ae71ff5f28aa7ab2ff2763330affad795,flat-ragged,140-byte batch 32,140,32,80927558,82989194,4197760,0.9751577777704408,-0.025155997721978275
0,ab,3,gemma-3,4667f2089529e8e7657cfb6d1c19910ae71ff5f28aa7ab2ff2763330affad795,flat-ragged,140-byte batch 32,140,32,69492894,68683484,4197760,1.0117846380652444,0.011715739982463672
0,ab,4,gemma-3,4667f2089529e8e7657cfb6d1c19910ae71ff5f28aa7ab2ff2763330affad795,flat-ragged,140-byte batch 32,140,32,72807341,74038580,4197760,0.9833703050490704,-0.016769520668194805
0,ab,5,gemma-3,4667f2089529e8e7657cfb6d1c19910ae71ff5f28aa7ab2ff2763330affad795,flat-ragged,140-byte batch 32,140,32,75435095,74979908,4197760,1.0060707863231841,0.006052433340461618
0,ab,0,gemma-3,4667f2089529e8e7657cfb6d1c19910ae71ff5f28aa7ab2ff2763330affad795,flat-ragged,140-byte batch 512,140,512,72908115,73433932,4229120,0.9928395908311161,-0.007186167934470858
0,ab,1,gemma-3,4667f2089529e8e7657cfb6d1c19910ae71ff5f28aa7ab2ff2763330affad795,flat-ragged,140-byte batch 512,140,512,69114456,67347618,4229120,1.0262346026848344,0.02589637819797385
0,ab,2,gemma-3,4667f2089529e8e7657cfb6d1c19910ae71ff5f28aa7ab2ff2763330affad795,flat-ragged,140-byte batch 512,140,512,65660214,64917160,4229120,1.0114461877260188,0.011381175741875593
0,ab,3,gemma-3,4667f2089529e8e7657cfb6d1c19910ae71ff5f28aa7ab2ff2763330affad795,flat-ragged,140-byte batch 512,140,512,54237781,52596065,4229120,1.0312136658892637,0.030736424968976588
0,ab,4,gemma-3,4667f2089529e8e7657cfb6d1c19910ae71ff5f28aa7ab2ff2763330affad795,flat-ragged,140-byte batch 512,140,512,53857862,53067075,4229120,1.0149016504112955,0.014791711652508924
0,ab,5,gemma-3,4667f2089529e8e7657cfb6d1c19910ae71ff5f28aa7ab2ff2763330affad795,flat-ragged,140-byte batch 512,140,512,56192469,56117634,4229120,1.0013335380461692,0.0013326496740065925
0,ab,0,gemma-3,4667f2089529e8e7657cfb6d1c19910ae71ff5f28aa7ab2ff2763330affad795,flat-ragged,4 KiB single,4096,1,186508248,182283734,4194304,1.0231754853123647,0.022911012152988675
0,ab,1,gemma-3,4667f2089529e8e7657cfb6d1c19910ae71ff5f28aa7ab2ff2763330affad795,flat-ragged,4 KiB single,4096,1,187009896,187676929,4194304,0.9964458444436716,-0.003560486572583537
0,ab,2,gemma-3,4667f2089529e8e7657cfb6d1c19910ae71ff5f28aa7ab2ff2763330affad795,flat-ragged,4 KiB single,4096,1,170747747,169863165,4194304,1.0052076152001523,0.005194102464565127
0,ab,3,gemma-3,4667f2089529e8e7657cfb6d1c19910ae71ff5f28aa7ab2ff2763330affad795,flat-ragged,4 KiB single,4096,1,176952737,167862736,4194304,1.054151393076305,0.05273607649919468
0,ab,4,gemma-3,4667f2089529e8e7657cfb6d1c19910ae71ff5f28aa7ab2ff2763330affad795,flat-ragged,4 KiB single,4096,1,198865832,186545443,4194304,1.0660449743604834,0.06395551468528482
0,ab,5,gemma-3,4667f2089529e8e7657cfb6d1c19910ae71ff5f28aa7ab2ff2763330affad795,flat-ragged,4 KiB single,4096,1,177432449,169943971,4194304,1.0440643934347045,0.0431211670935002
0,ab,0,gemma-3,4667f2089529e8e7657cfb6d1c19910ae71ff5f28aa7ab2ff2763330affad795,flat-ragged,64 KiB single,65536,1,102053685,99474849,4194304,1.0259245027856236,0.025594160011533678
0,ab,1,gemma-3,4667f2089529e8e7657cfb6d1c19910ae71ff5f28aa7ab2ff2763330affad795,flat-ragged,64 KiB single,65536,1,100212116,97852242,4194304,1.0241167085369387,0.023830493303470753
0,ab,2,gemma-3,4667f2089529e8e7657cfb6d1c19910ae71ff5f28aa7ab2ff2763330affad795,flat-ragged,64 KiB single,65536,1,92997741,90553815,4194304,1.0269886586224999,0.026630887674636183
0,ab,3,gemma-3,4667f2089529e8e7657cfb6d1c19910ae71ff5f28aa7ab2ff2763330affad795,flat-ragged,64 KiB single,65536,1,95924356,91935329,4194304,1.0433894895834877,0.04247453831743604
0,ab,4,gemma-3,4667f2089529e8e7657cfb6d1c19910ae71ff5f28aa7ab2ff2763330affad795,flat-ragged,64 KiB single,65536,1,99047281,94268814,4194304,1.050689796521679,0.049446897541121214
0,ab,5,gemma-3,4667f2089529e8e7657cfb6d1c19910ae71ff5f28aa7ab2ff2763330affad795,flat-ragged,64 KiB single,65536,1,106407080,103864563,4194304,1.0244791575351835,0.024184344453938605
0,ab,0,gemma-3,4667f2089529e8e7657cfb6d1c19910ae71ff5f28aa7ab2ff2763330affad795,nested,140-byte batch 1,140,1,248820772,246941217,4194400,1.0076113458208154,0.007582525675890804
0,ab,1,gemma-3,4667f2089529e8e7657cfb6d1c19910ae71ff5f28aa7ab2ff2763330affad795,nested,140-byte batch 1,140,1,229557391,226938225,4194400,1.0115413170258118,0.01147522407350366
0,ab,2,gemma-3,4667f2089529e8e7657cfb6d1c19910ae71ff5f28aa7ab2ff2763330affad795,nested,140-byte batch 1,140,1,233360783,217280130,4194400,1.0740088520749689,0.07139823820817107
0,ab,3,gemma-3,4667f2089529e8e7657cfb6d1c19910ae71ff5f28aa7ab2ff2763330affad795,nested,140-byte batch 1,140,1,176810012,172911963,4194400,1.022543547203845,0.022293196980351825
0,ab,4,gemma-3,4667f2089529e8e7657cfb6d1c19910ae71ff5f28aa7ab2ff2763330affad795,nested,140-byte batch 1,140,1,179340556,175334505,4194400,1.022848046937481,0.022590939218813718
0,ab,5,gemma-3,4667f2089529e8e7657cfb6d1c19910ae71ff5f28aa7ab2ff2763330affad795,nested,140-byte batch 1,140,1,181762496,178489239,4194400,1.0183386797901022,0.018172554144713013
0,ab,0,gemma-3,4667f2089529e8e7657cfb6d1c19910ae71ff5f28aa7ab2ff2763330affad795,nested,140-byte batch 32,140,32,59446307,59287922,4197760,1.0026714547357554,0.002667892742944221
0,ab,1,gemma-3,4667f2089529e8e7657cfb6d1c19910ae71ff5f28aa7ab2ff2763330affad795,nested,140-byte batch 32,140,32,59483078,57769257,4197760,1.0296666616293852,0.029235120376187248
0,ab,2,gemma-3,4667f2089529e8e7657cfb6d1c19910ae71ff5f28aa7ab2ff2763330affad795,nested,140-byte batch 32,140,32,57746890,55972553,4197760,1.031700126310122,0.031208049553304577
0,ab,3,gemma-3,4667f2089529e8e7657cfb6d1c19910ae71ff5f28aa7ab2ff2763330affad795,nested,140-byte batch 32,140,32,57223836,57560172,4197760,0.9941567929991592,-0.005860345329345895
0,ab,4,gemma-3,4667f2089529e8e7657cfb6d1c19910ae71ff5f28aa7ab2ff2763330affad795,nested,140-byte batch 32,140,32,56272450,57269077,4197760,0.9825974670414193,-0.017555737063430315
0,ab,5,gemma-3,4667f2089529e8e7657cfb6d1c19910ae71ff5f28aa7ab2ff2763330affad795,nested,140-byte batch 32,140,32,57169257,56681667,4197760,1.0086022522943794,0.008565463747801576
0,ab,0,gemma-3,4667f2089529e8e7657cfb6d1c19910ae71ff5f28aa7ab2ff2763330affad795,nested,140-byte batch 512,140,512,46027132,45232054,4229120,1.0175777558100723,0.017425053901426707
0,ab,1,gemma-3,4667f2089529e8e7657cfb6d1c19910ae71ff5f28aa7ab2ff2763330affad795,nested,140-byte batch 512,140,512,46119604,43827351,4229120,1.0523018833604614,0.050980034519239346
0,ab,2,gemma-3,4667f2089529e8e7657cfb6d1c19910ae71ff5f28aa7ab2ff2763330affad795,nested,140-byte batch 512,140,512,44875893,43850805,4229120,1.023376720222126,0.023107669643440826
0,ab,3,gemma-3,4667f2089529e8e7657cfb6d1c19910ae71ff5f28aa7ab2ff2763330affad795,nested,140-byte batch 512,140,512,44169549,44048704,4229120,1.0027434405334603,0.0027396841691530193
0,ab,4,gemma-3,4667f2089529e8e7657cfb6d1c19910ae71ff5f28aa7ab2ff2763330affad795,nested,140-byte batch 512,140,512,43125475,43382543,4229120,0.9940743907059575,-0.005943235381492938
0,ab,5,gemma-3,4667f2089529e8e7657cfb6d1c19910ae71ff5f28aa7ab2ff2763330affad795,nested,140-byte batch 512,140,512,43772445,43380151,4229120,1.009043168153103,0.009002523561457464
0,ab,0,gemma-3,4667f2089529e8e7657cfb6d1c19910ae71ff5f28aa7ab2ff2763330affad795,nested,4 KiB single,4096,1,155222757,153061219,4194304,1.0141220487731775,0.014023261607499274
0,ab,1,gemma-3,4667f2089529e8e7657cfb6d1c19910ae71ff5f28aa7ab2ff2763330affad795,nested,4 KiB single,4096,1,156579251,155101327,4194304,1.0095287643799462,0.009483652054709897
0,ab,2,gemma-3,4667f2089529e8e7657cfb6d1c19910ae71ff5f28aa7ab2ff2763330affad795,nested,4 KiB single,4096,1,155163711,155739543,4194304,0.9963025960593708,-0.003704256234258825
0,ab,3,gemma-3,4667f2089529e8e7657cfb6d1c19910ae71ff5f28aa7ab2ff2763330affad795,nested,4 KiB single,4096,1,155411947,152460011,4194304,1.019362034546882,0.01917697529018824
0,ab,4,gemma-3,4667f2089529e8e7657cfb6d1c19910ae71ff5f28aa7ab2ff2763330affad795,nested,4 KiB single,4096,1,156748659,152264647,4194304,1.0294488056705637,0.029023518877296994
0,ab,5,gemma-3,4667f2089529e8e7657cfb6d1c19910ae71ff5f28aa7ab2ff2763330affad795,nested,4 KiB single,4096,1,154275030,151537240,4194304,1.0180667801525223,0.01790551534075762
0,ab,0,gemma-3,4667f2089529e8e7657cfb6d1c19910ae71ff5f28aa7ab2ff2763330affad795,nested,64 KiB single,65536,1,87494743,86908447,4194304,1.0067461336640844,0.006723480328925084
0,ab,1,gemma-3,4667f2089529e8e7657cfb6d1c19910ae71ff5f28aa7ab2ff2763330affad795,nested,64 KiB single,65536,1,87550498,86085731,4194304,1.0170152124281782,0.016872075094352578
0,ab,2,gemma-3,4667f2089529e8e7657cfb6d1c19910ae71ff5f28aa7ab2ff2763330affad795,nested,64 KiB single,65536,1,90360004,90751018,4194304,0.995691354117923,-0.004317954845720495
0,ab,3,gemma-3,4667f2089529e8e7657cfb6d1c19910ae71ff5f28aa7ab2ff2763330affad795,nested,64 KiB single,65536,1,106701864,103016440,4194304,1.0357751054103597,0.03515004055234849
0,ab,4,gemma-3,4667f2089529e8e7657cfb6d1c19910ae71ff5f28aa7ab2ff2763330affad795,nested,64 KiB single,65536,1,113005688,107740274,4194304,1.0488713626252704,0.04771469332008629
0,ab,5,gemma-3,4667f2089529e8e7657cfb6d1c19910ae71ff5f28aa7ab2ff2763330affad795,nested,64 KiB single,65536,1,92130032,90896680,4194304,1.0135687244022553,0.013477493592004305
0,ab,0,glm-4-7,9340665016419c825c4bdabbcc9acc43b7ca2c68ce142724afa829abb1be5efd,flat-ragged,140-byte batch 1,140,1,64686258,67091131,4194400,0.9641551280451659,-0.036503076109341934
0,ab,1,glm-4-7,9340665016419c825c4bdabbcc9acc43b7ca2c68ce142724afa829abb1be5efd,flat-ragged,140-byte batch 1,140,1,69430699,65061709,4194400,1.0671514792210577,0.06499292964812549
0,ab,2,glm-4-7,9340665016419c825c4bdabbcc9acc43b7ca2c68ce142724afa829abb1be5efd,flat-ragged,140-byte batch 1,140,1,58644144,62618333,4194400,0.9365331395838979,-0.06557037108885067
0,ab,3,glm-4-7,9340665016419c825c4bdabbcc9acc43b7ca2c68ce142724afa829abb1be5efd,flat-ragged,140-byte batch 1,140,1,66299725,69013885,4194400,0.9606722618209365,-0.04012196686665434
0,ab,4,glm-4-7,9340665016419c825c4bdabbcc9acc43b7ca2c68ce142724afa829abb1be5efd,flat-ragged,140-byte batch 1,140,1,61392650,58982803,4194400,1.0408567731174119,0.040044194304792405
0,ab,5,glm-4-7,9340665016419c825c4bdabbcc9acc43b7ca2c68ce142724afa829abb1be5efd,flat-ragged,140-byte batch 1,140,1,56499958,54638068,4194400,1.034076790562946,0.033509038863453106
0,ab,0,glm-4-7,9340665016419c825c4bdabbcc9acc43b7ca2c68ce142724afa829abb1be5efd,flat-ragged,140-byte batch 32,140,32,59293050,59334832,4197760,0.999295826775072,-0.0007044212713452808
0,ab,1,glm-4-7,9340665016419c825c4bdabbcc9acc43b7ca2c68ce142724afa829abb1be5efd,flat-ragged,140-byte batch 32,140,32,58525534,56483060,4197760,1.0361608241479834,0.03552236745355906
0,ab,2,glm-4-7,9340665016419c825c4bdabbcc9acc43b7ca2c68ce142724afa829abb1be5efd,flat-ragged,140-byte batch 32,140,32,57358237,53865415,4197760,1.0648434993028457,0.06282783935191213
0,ab,3,glm-4-7,9340665016419c825c4bdabbcc9acc43b7ca2c68ce142724afa829abb1be5efd,flat-ragged,140-byte batch 32,140,32,63169430,62547439,4197760,1.0099443080315407,0.009895188770040343
0,ab,4,glm-4-7,9340665016419c825c4bdabbcc9acc43b7ca2c68ce142724afa829abb1be5efd,flat-ragged,140-byte batch 32,140,32,54589270,53057183,4197760,1.0288761467038308,0.028467086832057707
0,ab,5,glm-4-7,9340665016419c825c4bdabbcc9acc43b7ca2c68ce142724afa829abb1be5efd,flat-ragged,140-byte batch 32,140,32,51267155,52455940,4197760,0.9773374569209893,-0.022923285429219502
0,ab,0,glm-4-7,9340665016419c825c4bdabbcc9acc43b7ca2c68ce142724afa829abb1be5efd,flat-ragged,140-byte batch 512,140,512,19926254,20845944,4229120,0.9558815854057748,-0.04512123824090444
0,ab,1,glm-4-7,9340665016419c825c4bdabbcc9acc43b7ca2c68ce142724afa829abb1be5efd,flat-ragged,140-byte batch 512,140,512,19173750,20225998,4229120,0.9479754719643501,-0.05342665051716581
0,ab,2,glm-4-7,9340665016419c825c4bdabbcc9acc43b7ca2c68ce142724afa829abb1be5efd,flat-ragged,140-byte batch 512,140,512,18259732,19228083,4229120,0.9496387133340334,-0.051673668474251026
0,ab,3,glm-4-7,9340665016419c825c4bdabbcc9acc43b7ca2c68ce142724afa829abb1be5efd,flat-ragged,140-byte batch 512,140,512,16391184,16155174,4229120,1.0146089420021103,0.014503259439143776
0,ab,4,glm-4-7,9340665016419c825c4bdabbcc9acc43b7ca2c68ce142724afa829abb1be5efd,flat-ragged,140-byte batch 512,140,512,15223616,16006513,4229120,0.9510888473960568,-0.05014779556816528
0,ab,5,glm-4-7,9340665016419c825c4bdabbcc9acc43b7ca2c68ce142724afa829abb1be5efd,flat-ragged,140-byte batch 512,140,512,15286382,15900950,4229120,0.9613502337910628,-0.03941648917345049
0,ab,0,glm-4-7,9340665016419c825c4bdabbcc9acc43b7ca2c68ce142724afa829abb1be5efd,flat-ragged,4 KiB single,4096,1,47281461,46095920,4194304,1.0257190007271793,0.025393830803481898
0,ab,1,glm-4-7,9340665016419c825c4bdabbcc9acc43b7ca2c68ce142724afa829abb1be5efd,flat-ragged,4 KiB single,4096,1,46743220,44273584,4194304,1.0557812532186235,0.054281017252981775
0,ab,2,glm-4-7,9340665016419c825c4bdabbcc9acc43b7ca2c68ce142724afa829abb1be5efd,flat-ragged,4 KiB single,4096,1,42311489,41939202,4194304,1.008876826030214,0.008837658627520268
0,ab,3,glm-4-7,9340665016419c825c4bdabbcc9acc43b7ca2c68ce142724afa829abb1be5efd,flat-ragged,4 KiB single,4096,1,42346665,41736458,4194304,1.0146204788149489,0.01451463007345489
0,ab,4,glm-4-7,9340665016419c825c4bdabbcc9acc43b7ca2c68ce142724afa829abb1be5efd,flat-ragged,4 KiB single,4096,1,47585220,46814059,4194304,1.0164728506024228,0.01633864502561862
0,ab,5,glm-4-7,9340665016419c825c4bdabbcc9acc43b7ca2c68ce142724afa829abb1be5efd,flat-ragged,4 KiB single,4096,1,45269060,46312071,4194304,0.9774786361853695,-0.022778842926291988
0,ab,0,glm-4-7,9340665016419c825c4bdabbcc9acc43b7ca2c68ce142724afa829abb1be5efd,flat-ragged,64 KiB single,65536,1,19583247,19273540,4194304,1.0160690252024278,0.015941285039961704
0,ab,1,glm-4-7,9340665016419c825c4bdabbcc9acc43b7ca2c68ce142724afa829abb1be5efd,flat-ragged,64 KiB single,65536,1,18654657,19142326,4194304,0.9745240468687034,-0.025806084229476174
0,ab,2,glm-4-7,9340665016419c825c4bdabbcc9acc43b7ca2c68ce142724afa829abb1be5efd,flat-ragged,64 KiB single,65536,1,17885492,18458853,4194304,0.9689384275393492,-0.031554211381319884
0,ab,3,glm-4-7,9340665016419c825c4bdabbcc9acc43b7ca2c68ce142724afa829abb1be5efd,flat-ragged,64 KiB single,65536,1,18468065,19040513,4194304,0.9699352638240367,-0.030525948037545037
0,ab,4,glm-4-7,9340665016419c825c4bdabbcc9acc43b7ca2c68ce142724afa829abb1be5efd,flat-ragged,64 KiB single,65536,1,17638957,17799637,4194304,0.9909728496148545,-0.009068141985217907
0,ab,5,glm-4-7,9340665016419c825c4bdabbcc9acc43b7ca2c68ce142724afa829abb1be5efd,flat-ragged,64 KiB single,65536,1,17788079,18330225,4194304,0.9704233854194371,-0.030022822900460322
0,ab,0,glm-4-7,9340665016419c825c4bdabbcc9acc43b7ca2c68ce142724afa829abb1be5efd,nested,140-byte batch 1,140,1,68567940,66009112,4194400,1.0387647693245745,0.03803228544944888
0,ab,1,glm-4-7,9340665016419c825c4bdabbcc9acc43b7ca2c68ce142724afa829abb1be5efd,nested,140-byte batch 1,140,1,59833799,61312312,4194400,0.9758855448152077,-0.024409969102217818
0,ab,2,glm-4-7,9340665016419c825c4bdabbcc9acc43b7ca2c68ce142724afa829abb1be5efd,nested,140-byte batch 1,140,1,59727110,58839351,4194400,1.0150878448676295,0.014975155416419148
0,ab,3,glm-4-7,9340665016419c825c4bdabbcc9acc43b7ca2c68ce142724afa829abb1be5efd,nested,140-byte batch 1,140,1,66945484,66711703,4194400,1.003504347655463,0.0034982217366125038
0,ab,4,glm-4-7,9340665016419c825c4bdabbcc9acc43b7ca2c68ce142724afa829abb1be5efd,nested,140-byte batch 1,140,1,59615664,58981423,4194400,1.0107532332680411,0.010695828413707049
0,ab,5,glm-4-7,9340665016419c825c4bdabbcc9acc43b7ca2c68ce142724afa829abb1be5efd,nested,140-byte batch 1,140,1,56523452,57138320,4194400,0.9892389555730725,-0.010819363223634361
0,ab,0,glm-4-7,9340665016419c825c4bdabbcc9acc43b7ca2c68ce142724afa829abb1be5efd,nested,140-byte batch 32,140,32,70946054,67390128,4197760,1.0527662746092425,0.051421247080036044
0,ab,1,glm-4-7,9340665016419c825c4bdabbcc9acc43b7ca2c68ce142724afa829abb1be5efd,nested,140-byte batch 32,140,32,63700574,63284950,4197760,1.0065675014359654,0.006546029359067776
0,ab,2,glm-4-7,9340665016419c825c4bdabbcc9acc43b7ca2c68ce142724afa829abb1be5efd,nested,140-byte batch 32,140,32,61456783,59670873,4197760,1.0299293425789162,0.02949020045054993
0,ab,3,glm-4-7,9340665016419c825c4bdabbcc9acc43b7ca2c68ce142724afa829abb1be5efd,nested,140-byte batch 32,140,32,69673399,66393062,4197760,1.0494078281854209,0.04822603192001042
0,ab,4,glm-4-7,9340665016419c825c4bdabbcc9acc43b7ca2c68ce142724afa829abb1be5efd,nested,140-byte batch 32,140,32,61530851,58607360,4197760,1.0498826597888047,0.04867840534255617
0,ab,5,glm-4-7,9340665016419c825c4bdabbcc9acc43b7ca2c68ce142724afa829abb1be5efd,nested,140-byte batch 32,140,32,57612120,58841841,4197760,0.9791012487185776,-0.021120221249032713
0,ab,0,glm-4-7,9340665016419c825c4bdabbcc9acc43b7ca2c68ce142724afa829abb1be5efd,nested,140-byte batch 512,140,512,23108824,23145874,4229120,0.9983992827404141,-0.0016019997762722357
0,ab,1,glm-4-7,9340665016419c825c4bdabbcc9acc43b7ca2c68ce142724afa829abb1be5efd,nested,140-byte batch 512,140,512,21848496,22070699,4229120,0.9899322173710946,-0.010118805499418793
0,ab,2,glm-4-7,9340665016419c825c4bdabbcc9acc43b7ca2c68ce142724afa829abb1be5efd,nested,140-byte batch 512,140,512,21476672,21734099,4229120,0.9881556166648546,-0.011915086891350101
0,ab,3,glm-4-7,9340665016419c825c4bdabbcc9acc43b7ca2c68ce142724afa829abb1be5efd,nested,140-byte batch 512,140,512,18955343,18833661,4229120,1.0064608787425875,0.006440096730866913
0,ab,4,glm-4-7,9340665016419c825c4bdabbcc9acc43b7ca2c68ce142724afa829abb1be5efd,nested,140-byte batch 512,140,512,18410058,18903258,4229120,0.973909259451466,-0.02643714246035909
0,ab,5,glm-4-7,9340665016419c825c4bdabbcc9acc43b7ca2c68ce142724afa829abb1be5efd,nested,140-byte batch 512,140,512,18140602,18447626,4229120,0.9833569913006692,-0.016783059655960015
0,ab,0,glm-4-7,9340665016419c825c4bdabbcc9acc43b7ca2c68ce142724afa829abb1be5efd,nested,4 KiB single,4096,1,49910011,50156273,4194304,0.9950901056783067,-0.0049219874530550605
0,ab,1,glm-4-7,9340665016419c825c4bdabbcc9acc43b7ca2c68ce142724afa829abb1be5efd,nested,4 KiB single,4096,1,47753141,47373007,4194304,1.008024274245458,0.007992250951936175
0,ab,2,glm-4-7,9340665016419c825c4bdabbcc9acc43b7ca2c68ce142724afa829abb1be5efd,nested,4 KiB single,4096,1,44902867,45094882,4194304,0.9957419779920923,-0.004267113199792448
0,ab,3,glm-4-7,9340665016419c825c4bdabbcc9acc43b7ca2c68ce142724afa829abb1be5efd,nested,4 KiB single,4096,1,44007484,43891191,4194304,1.00264957494546,0.0026460710096931836
0,ab,4,glm-4-7,9340665016419c825c4bdabbcc9acc43b7ca2c68ce142724afa829abb1be5efd,nested,4 KiB single,4096,1,50026942,48629143,4194304,1.0287440599148538,0.02833869891213597
0,ab,5,glm-4-7,9340665016419c825c4bdabbcc9acc43b7ca2c68ce142724afa829abb1be5efd,nested,4 KiB single,4096,1,50161831,48708170,4194304,1.0298442951151727,0.029407621023145435
0,ab,0,glm-4-7,9340665016419c825c4bdabbcc9acc43b7ca2c68ce142724afa829abb1be5efd,nested,64 KiB single,65536,1,48724206,47910826,4194304,1.0169769563146334,0.016834458318696104
0,ab,1,glm-4-7,9340665016419c825c4bdabbcc9acc43b7ca2c68ce142724afa829abb1be5efd,nested,64 KiB single,65536,1,42922264,42456692,4194304,1.0109658095830922,0.01090612105212898
0,ab,2,glm-4-7,9340665016419c825c4bdabbcc9acc43b7ca2c68ce142724afa829abb1be5efd,nested,64 KiB single,65536,1,42808091,42873861,4194304,0.9984659650783493,-0.001535212757936582
0,ab,3,glm-4-7,9340665016419c825c4bdabbcc9acc43b7ca2c68ce142724afa829abb1be5efd,nested,64 KiB single,65536,1,40567516,40417082,4194304,1.003722040101757,0.0037151304505227043
0,ab,4,glm-4-7,9340665016419c825c4bdabbcc9acc43b7ca2c68ce142724afa829abb1be5efd,nested,64 KiB single,65536,1,42477570,41731422,4194304,1.0178797645572681,0.017721801680626346
0,ab,5,glm-4-7,9340665016419c825c4bdabbcc9acc43b7ca2c68ce142724afa829abb1be5efd,nested,64 KiB single,65536,1,44551981,44027836,4194304,1.0119048549195104,0.011834549567455983
0,ab,0,gpt-2,8414cab924d8b9b33013f0d221c5862f365ee9be39c5c2bfae8a5a9e970478a6,flat-ragged,140-byte batch 1,140,1,32639258,32453873,4194400,1.0057122612145553,0.005696008115720568
0,ab,1,gpt-2,8414cab924d8b9b33013f0d221c5862f365ee9be39c5c2bfae8a5a9e970478a6,flat-ragged,140-byte batch 1,140,1,33622637,33197733,4194400,1.0127991872216093,0.01271796990114278
0,ab,2,gpt-2,8414cab924d8b9b33013f0d221c5862f365ee9be39c5c2bfae8a5a9e970478a6,flat-ragged,140-byte batch 1,140,1,38119144,39596700,4194400,0.9626848702038301,-0.03802915832479883
0,ab,3,gpt-2,8414cab924d8b9b33013f0d221c5862f365ee9be39c5c2bfae8a5a9e970478a6,flat-ragged,140-byte batch 1,140,1,35142963,34269417,4194400,1.0254905416103226,0.02517107528963909
0,ab,4,gpt-2,8414cab924d8b9b33013f0d221c5862f365ee9be39c5c2bfae8a5a9e970478a6,flat-ragged,140-byte batch 1,140,1,31976648,32567394,4194400,0.9818608145312456,-0.01830571740316313
0,ab,5,gpt-2,8414cab924d8b9b33013f0d221c5862f365ee9be39c5c2bfae8a5a9e970478a6,flat-ragged,140-byte batch 1,140,1,24295041,24588012,4194400,0.9880848032773044,-0.01198675164111025
0,ab,0,gpt-2,8414cab924d8b9b33013f0d221c5862f365ee9be39c5c2bfae8a5a9e970478a6,flat-ragged,140-byte batch 32,140,32,28264971,30790183,4197760,0.9179864569171284,-0.08557264128405599
0,ab,1,gpt-2,8414cab924d8b9b33013f0d221c5862f365ee9be39c5c2bfae8a5a9e970478a6,flat-ragged,140-byte batch 32,140,32,29574026,29492350,4197760,1.0027693961315391,0.002765568419411364
0,ab,2,gpt-2,8414cab924d8b9b33013f0d221c5862f365ee9be39c5c2bfae8a5a9e970478a6,flat-ragged,140-byte batch 32,140,32,35553912,35816652,4197760,0.9926643059770076,-0.007362732538393933
0,ab,3,gpt-2,8414cab924d8b9b33013f0d221c5862f365ee9be39c5c2bfae8a5a9e970478a6,flat-ragged,140-byte batch 32,140,32,31436241,31194909,4197760,1.0077362623497315,0.007706490919970432
0,ab,4,gpt-2,8414cab924d8b9b33013f0d221c5862f365ee9be39c5c2bfae8a5a9e970478a6,flat-ragged,140-byte batch 32,140,32,28745869,29539181,4197760,0.9731437374651654,-0.02722348163752409
0,ab,5,gpt-2,8414cab924d8b9b33013f0d221c5862f365ee9be39c5c2bfae8a5a9e970478a6,flat-ragged,140-byte batch 32,140,32,20881720,21500006,4197760,0.9712425196532504,-0.02917907910265385
0,ab,0,gpt-2,8414cab924d8b9b33013f0d221c5862f365ee9be39c5c2bfae8a5a9e970478a6,flat-ragged,140-byte batch 512,140,512,12444559,12040415,4229120,1.0335656204541122,0.03301459154845867
0,ab,1,gpt-2,8414cab924d8b9b33013f0d221c5862f365ee9be39c5c2bfae8a5a9e970478a6,flat-ragged,140-byte batch 512,140,512,12527033,12113886,4229120,1.0341052408781128,0.033536551253306734
0,ab,2,gpt-2,8414cab924d8b9b33013f0d221c5862f365ee9be39c5c2bfae8a5a9e970478a6,flat-ragged,140-byte batch 512,140,512,11782462,12264835,4229120,0.9606702413852286,-0.04012407001661795
0,ab,3,gpt-2,8414cab924d8b9b33013f0d221c5862f365ee9be39c5c2bfae8a5a9e970478a6,flat-ragged,140-byte batch 512,140,512,10952832,10714366,4229120,1.0222566598900953,0.02201259517423216
0,ab,4,gpt-2,8414cab924d8b9b33013f0d221c5862f365ee9be39c5c2bfae8a5a9e970478a6,flat-ragged,140-byte batch 512,140,512,9772280,9883227,4229120,0.9887742131188528,-0.01128927158433432
0,ab,5,gpt-2,8414cab924d8b9b33013f0d221c5862f365ee9be39c5c2bfae8a5a9e970478a6,flat-ragged,140-byte batch 512,140,512,10399654,10468409,4229120,0.9934321442733084,-0.006589518997370848
0,ab,0,gpt-2,8414cab924d8b9b33013f0d221c5862f365ee9be39c5c2bfae8a5a9e970478a6,flat-ragged,4 KiB single,4096,1,20897013,20708275,4194304,1.0091141343255292,0.009072851253326073
0,ab,1,gpt-2,8414cab924d8b9b33013f0d221c5862f365ee9be39c5c2bfae8a5a9e970478a6,flat-ragged,4 KiB single,4096,1,22728080,22535991,4194304,1.0085236544512286,0.00848753322008616
0,ab,2,gpt-2,8414cab924d8b9b33013f0d221c5862f365ee9be39c5c2bfae8a5a9e970478a6,flat-ragged,4 KiB single,4096,1,21749656,21360919,4194304,1.0181985147736388,0.01803490380662061
0,ab,3,gpt-2,8414cab924d8b9b33013f0d221c5862f365ee9be39c5c2bfae8a5a9e970478a6,flat-ragged,4 KiB single,4096,1,26666715,25858557,4194304,1.0312530200351087,0.03077458718135883
0,ab,4,gpt-2,8414cab924d8b9b33013f0d221c5862f365ee9be39c5c2bfae8a5a9e970478a6,flat-ragged,4 KiB single,4096,1,25410273,25847280,4194304,0.983092727745434,-0.017051831905020375
0,ab,5,gpt-2,8414cab924d8b9b33013f0d221c5862f365ee9be39c5c2bfae8a5a9e970478a6,flat-ragged,4 KiB single,4096,1,24251486,24926794,4194304,0.9729083491442982,-0.027465395328976384
0,ab,0,gpt-2,8414cab924d8b9b33013f0d221c5862f365ee9be39c5c2bfae8a5a9e970478a6,flat-ragged,64 KiB single,65536,1,22165503,21820921,4194304,1.0157913591273255,0.015667972878385873
0,ab,1,gpt-2,8414cab924d8b9b33013f0d221c5862f365ee9be39c5c2bfae8a5a9e970478a6,flat-ragged,64 KiB single,65536,1,21916352,21891238,4194304,1.0011472169824291,0.0011465594318808127
0,ab,2,gpt-2,8414cab924d8b9b33013f0d221c5862f365ee9be39c5c2bfae8a5a9e970478a6,flat-ragged,64 KiB single,65536,1,19896387,19870095,4194304,1.0013231944789394,0.0013223198285948006
0,ab,3,gpt-2,8414cab924d8b9b33013f0d221c5862f365ee9be39c5c2bfae8a5a9e970478a6,flat-ragged,64 KiB single,65536,1,23627372,23218813,4194304,1.0175960330099563,0.017443015217541238
0,ab,4,gpt-2,8414cab924d8b9b33013f0d221c5862f365ee9be39c5c2bfae8a5a9e970478a6,flat-ragged,64 KiB single,65536,1,24588577,24596069,4194304,0.9996953984801392,-0.00030464792032640586
0,ab,5,gpt-2,8414cab924d8b9b33013f0d221c5862f365ee9be39c5c2bfae8a5a9e970478a6,flat-ragged,64 KiB single,65536,1,23926202,23590621,4194304,1.0142251872046946,0.014124958624436582
0,ab,0,gpt-2,8414cab924d8b9b33013f0d221c5862f365ee9be39c5c2bfae8a5a9e970478a6,nested,140-byte batch 1,140,1,35288582,34852305,4194400,1.0125178808116135,0.012440179903472988
0,ab,1,gpt-2,8414cab924d8b9b33013f0d221c5862f365ee9be39c5c2bfae8a5a9e970478a6,nested,140-byte batch 1,140,1,32691302,32007191,4194400,1.021373665686564,0.021148452332517734
0,ab,2,gpt-2,8414cab924d8b9b33013f0d221c5862f365ee9be39c5c2bfae8a5a9e970478a6,nested,140-byte batch 1,140,1,39432507,38176118,4194400,1.0329103393907155,0.03238039004010016
0,ab,3,gpt-2,8414cab924d8b9b33013f0d221c5862f365ee9be39c5c2bfae8a5a9e970478a6,nested,140-byte batch 1,140,1,34783661,34477250,4194400,1.0088873387523656,0.008848078796869364
0,ab,4,gpt-2,8414cab924d8b9b33013f0d221c5862f365ee9be39c5c2bfae8a5a9e970478a6,nested,140-byte batch 1,140,1,33206658,32554589,4194400,1.0200300178878008,0.019832056164911786
0,ab,5,gpt-2,8414cab924d8b9b33013f0d221c5862f365ee9be39c5c2bfae8a5a9e970478a6,nested,140-byte batch 1,140,1,24608600,25690087,4194400,0.957902555954754,-0.04300922230709828
0,ab,0,gpt-2,8414cab924d8b9b33013f0d221c5862f365ee9be39c5c2bfae8a5a9e970478a6,nested,140-byte batch 32,140,32,35999101,35898843,4197760,1.0027927919571114,0.0027888993594462493
0,ab,1,gpt-2,8414cab924d8b9b33013f0d221c5862f365ee9be39c5c2bfae8a5a9e970478a6,nested,140-byte batch 32,140,32,34173654,33309548,4197760,1.0259416909529964,0.02561091370378279
0,ab,2,gpt-2,8414cab924d8b9b33013f0d221c5862f365ee9be39c5c2bfae8a5a9e970478a6,nested,140-byte batch 32,140,32,39505934,39131408,4197760,1.0095709819590442,0.009525470275112972
0,ab,3,gpt-2,8414cab924d8b9b33013f0d221c5862f365ee9be39c5c2bfae8a5a9e970478a6,nested,140-byte batch 32,140,32,36069526,36426312,4197760,0.990205267005894,-0.00984301693555963
0,ab,4,gpt-2,8414cab924d8b9b33013f0d221c5862f365ee9be39c5c2bfae8a5a9e970478a6,nested,140-byte batch 32,140,32,33346678,33228538,4197760,1.0035553776094512,0.0035490721954771123
0,ab,5,gpt-2,8414cab924d8b9b33013f0d221c5862f365ee9be39c5c2bfae8a5a9e970478a6,nested,140-byte batch 32,140,32,26108231,26910723,4197760,0.9701794708377028,-0.030274203116904118
0,ab,0,gpt-2,8414cab924d8b9b33013f0d221c5862f365ee9be39c5c2bfae8a5a9e970478a6,nested,140-byte batch 512,140,512,15239404,15015934,4229120,1.0148821911444204,0.014772537919348383
0,ab,1,gpt-2,8414cab924d8b9b33013f0d221c5862f365ee9be39c5c2bfae8a5a9e970478a6,nested,140-byte batch 512,140,512,14548505,14830198,4229120,0.9810054457802924,-0.01917726817806147
0,ab,2,gpt-2,8414cab924d8b9b33013f0d221c5862f365ee9be39c5c2bfae8a5a9e970478a6,nested,140-byte batch 512,140,512,14635214,13755469,4229120,1.0639560163306683,0.06199405202992631
0,ab,3,gpt-2,8414cab924d8b9b33013f0d221c5862f365ee9be39c5c2bfae8a5a9e970478a6,nested,140-byte batch 512,140,512,12789217,13126302,4229120,0.9743198808011578,-0.0260156095438369
0,ab,4,gpt-2,8414cab924d8b9b33013f0d221c5862f365ee9be39c5c2bfae8a5a9e970478a6,nested,140-byte batch 512,140,512,12203006,12862366,4229120,0.9487372696438586,-0.05262336839250848
0,ab,5,gpt-2,8414cab924d8b9b33013f0d221c5862f365ee9be39c5c2bfae8a5a9e970478a6,nested,140-byte batch 512,140,512,12647523,12882824,4229120,0.9817352934418727,-0.01843356557828857
0,ab,0,gpt-2,8414cab924d8b9b33013f0d221c5862f365ee9be39c5c2bfae8a5a9e970478a6,nested,4 KiB single,4096,1,24189144,23816330,4194304,1.0156537132295362,0.015532457623877654
0,ab,1,gpt-2,8414cab924d8b9b33013f0d221c5862f365ee9be39c5c2bfae8a5a9e970478a6,nested,4 KiB single,4096,1,23219401,22968790,4194304,1.0109109361006827,0.010851841301852285
0,ab,2,gpt-2,8414cab924d8b9b33013f0d221c5862f365ee9be39c5c2bfae8a5a9e970478a6,nested,4 KiB single,4096,1,23051549,22974850,4194304,1.0033383895868744,0.0033328295353331813
0,ab,3,gpt-2,8414cab924d8b9b33013f0d221c5862f365ee9be39c5c2bfae8a5a9e970478a6,nested,4 KiB single,4096,1,28205086,27846107,4194304,1.0128915327374128,0.012809144249682365
0,ab,4,gpt-2,8414cab924d8b9b33013f0d221c5862f365ee9be39c5c2bfae8a5a9e970478a6,nested,4 KiB single,4096,1,25942217,25726898,4194304,1.0083694116562363,0.00833458232954569
0,ab,5,gpt-2,8414cab924d8b9b33013f0d221c5862f365ee9be39c5c2bfae8a5a9e970478a6,nested,4 KiB single,4096,1,24529466,24667643,4194304,0.9943984514450772,-0.0056172960625147685
0,ab,0,gpt-2,8414cab924d8b9b33013f0d221c5862f365ee9be39c5c2bfae8a5a9e970478a6,nested,64 KiB single,65536,1,24512879,22790128,4194304,1.0755919843890303,0.0728711931618874
0,ab,1,gpt-2,8414cab924d8b9b33013f0d221c5862f365ee9be39c5c2bfae8a5a9e970478a6,nested,64 KiB single,65536,1,22417781,21471565,4194304,1.0440683294394237,0.043124936973332216
0,ab,2,gpt-2,8414cab924d8b9b33013f0d221c5862f365ee9be39c5c2bfae8a5a9e970478a6,nested,64 KiB single,65536,1,22341367,22597427,4194304,0.9886686214319887,-0.011396067781037954
0,ab,3,gpt-2,8414cab924d8b9b33013f0d221c5862f365ee9be39c5c2bfae8a5a9e970478a6,nested,64 KiB single,65536,1,24341476,24905116,4194304,0.9773685053303908,-0.022891517572566175
0,ab,4,gpt-2,8414cab924d8b9b33013f0d221c5862f365ee9be39c5c2bfae8a5a9e970478a6,nested,64 KiB single,65536,1,25369072,25105144,4194304,1.0105129052436426,0.010458028926591484
0,ab,5,gpt-2,8414cab924d8b9b33013f0d221c5862f365ee9be39c5c2bfae8a5a9e970478a6,nested,64 KiB single,65536,1,23289516,23297287,4194304,0.9996664418479285,-0.0003336137949656561
0,ab,0,gpt-oss,0614fe83cadab421296e664e1f48f4261fa8fef6e03e63bb75c20f38e37d07d3,flat-ragged,140-byte batch 1,140,1,53384165,55057554,4194400,0.969606550265564,-0.03086490805297972
0,ab,1,gpt-oss,0614fe83cadab421296e664e1f48f4261fa8fef6e03e63bb75c20f38e37d07d3,flat-ragged,140-byte batch 1,140,1,53983965,54057361,4194400,0.9986422570646761,-0.0013586655034311865
0,ab,2,gpt-oss,0614fe83cadab421296e664e1f48f4261fa8fef6e03e63bb75c20f38e37d07d3,flat-ragged,140-byte batch 1,140,1,51967956,54834983,4194400,0.947715366301837,-0.05370106832717462
0,ab,3,gpt-oss,0614fe83cadab421296e664e1f48f4261fa8fef6e03e63bb75c20f38e37d07d3,flat-ragged,140-byte batch 1,140,1,55954815,55591449,4194400,1.006536364972246,0.006515095571456146
0,ab,4,gpt-oss,0614fe83cadab421296e664e1f48f4261fa8fef6e03e63bb75c20f38e37d07d3,flat-ragged,140-byte batch 1,140,1,48520189,49511493,4194400,0.9799783052391492,-0.020224845073630014
0,ab,5,gpt-oss,0614fe83cadab421296e664e1f48f4261fa8fef6e03e63bb75c20f38e37d07d3,flat-ragged,140-byte batch 1,140,1,45265550,42885973,4194400,1.0554861376236002,0.05400145475111639
0,ab,0,gpt-oss,0614fe83cadab421296e664e1f48f4261fa8fef6e03e63bb75c20f38e37d07d3,flat-ragged,140-byte batch 32,140,32,50018148,52590695,4197760,0.951083608992047,-0.050153303380027665
0,ab,1,gpt-oss,0614fe83cadab421296e664e1f48f4261fa8fef6e03e63bb75c20f38e37d07d3,flat-ragged,140-byte batch 32,140,32,48597147,49420135,4197760,0.983347111455685,-0.016793106764694345
0,ab,2,gpt-oss,0614fe83cadab421296e664e1f48f4261fa8fef6e03e63bb75c20f38e37d07d3,flat-ragged,140-byte batch 32,140,32,49374366,48942454,4197760,1.0088248946405507,0.008786182842826585
0,ab,3,gpt-oss,0614fe83cadab421296e664e1f48f4261fa8fef6e03e63bb75c20f38e37d07d3,flat-ragged,140-byte batch 32,140,32,52771684,51426892,4197760,1.026149587262633,0.025813532673567226
0,ab,4,gpt-oss,0614fe83cadab421296e664e1f48f4261fa8fef6e03e63bb75c20f38e37d07d3,flat-ragged,140-byte batch 32,140,32,46701920,46691450,4197760,1.0002242380564321,0.00022421291883694834
0,ab,5,gpt-oss,0614fe83cadab421296e664e1f48f4261fa8fef6e03e63bb75c20f38e37d07d3,flat-ragged,140-byte batch 32,140,32,40719372,40904542,4197760,0.9954731188531581,-0.004537158501270909
0,ab,0,gpt-oss,0614fe83cadab421296e664e1f48f4261fa8fef6e03e63bb75c20f38e37d07d3,flat-ragged,140-byte batch 512,140,512,18335951,18490613,4229120,0.9916356477743599,-0.008399529714999465
0,ab,1,gpt-oss,0614fe83cadab421296e664e1f48f4261fa8fef6e03e63bb75c20f38e37d07d3,flat-ragged,140-byte batch 512,140,512,18502011,17990153,4229120,1.028452120446113,0.02805487622814733
0,ab,2,gpt-oss,0614fe83cadab421296e664e1f48f4261fa8fef6e03e63bb75c20f38e37d07d3,flat-ragged,140-byte batch 512,140,512,16941006,17154645,4229120,0.9875462884833817,-0.01253190889188006
0,ab,3,gpt-oss,0614fe83cadab421296e664e1f48f4261fa8fef6e03e63bb75c20f38e37d07d3,flat-ragged,140-byte batch 512,140,512,14312357,14009024,4229120,1.021652686154296,0.021421596601279066
0,ab,4,gpt-oss,0614fe83cadab421296e664e1f48f4261fa8fef6e03e63bb75c20f38e37d07d3,flat-ragged,140-byte batch 512,140,512,14286777,14181944,4229120,1.0073920049324692,0.007364817959295173
0,ab,5,gpt-oss,0614fe83cadab421296e664e1f48f4261fa8fef6e03e63bb75c20f38e37d07d3,flat-ragged,140-byte batch 512,140,512,14337954,13879769,4229120,1.0330109960763756,0.032477834878886294
0,ab,0,gpt-oss,0614fe83cadab421296e664e1f48f4261fa8fef6e03e63bb75c20f38e37d07d3,flat-ragged,4 KiB single,4096,1,39312291,39278793,4194304,1.0008528266130785,0.0008524631630877223
0,ab,1,gpt-oss,0614fe83cadab421296e664e1f48f4261fa8fef6e03e63bb75c20f38e37d07d3,flat-ragged,4 KiB single,4096,1,41822884,38521913,4194304,1.0856907339985946,0.08221640563197374
0,ab,2,gpt-oss,0614fe83cadab421296e664e1f48f4261fa8fef6e03e63bb75c20f38e37d07d3,flat-ragged,4 KiB single,4096,1,36919204,36173963,4194304,1.0206015857317043,0.02039224337149696
0,ab,3,gpt-oss,0614fe83cadab421296e664e1f48f4261fa8fef6e03e63bb75c20f38e37d07d3,flat-ragged,4 KiB single,4096,1,36203759,36692269,4194304,0.9866862962331384,-0.01340312569915668
0,ab,4,gpt-oss,0614fe83cadab421296e664e1f48f4261fa8fef6e03e63bb75c20f38e37d07d3,flat-ragged,4 KiB single,4096,1,45209760,44296129,4194304,1.020625526894235,0.020415700989107163
0,ab,5,gpt-oss,0614fe83cadab421296e664e1f48f4261fa8fef6e03e63bb75c20f38e37d07d3,flat-ragged,4 KiB single,4096,1,40287512,40996321,4194304,0.9827104241865996,-0.01744078597021088
0,ab,0,gpt-oss,0614fe83cadab421296e664e1f48f4261fa8fef6e03e63bb75c20f38e37d07d3,flat-ragged,64 KiB single,65536,1,20301685,19981814,4194304,1.0160081061709412,0.015881327639167848
0,ab,1,gpt-oss,0614fe83cadab421296e664e1f48f4261fa8fef6e03e63bb75c20f38e37d07d3,flat-ragged,64 KiB single,65536,1,20202307,19242781,4194304,1.0498642062184256,0.04866082839489803
0,ab,2,gpt-oss,0614fe83cadab421296e664e1f48f4261fa8fef6e03e63bb75c20f38e37d07d3,flat-ragged,64 KiB single,65536,1,18809159,18348280,4194304,1.0251183762183704,0.024808094915563222
0,ab,3,gpt-oss,0614fe83cadab421296e664e1f48f4261fa8fef6e03e63bb75c20f38e37d07d3,flat-ragged,64 KiB single,65536,1,20383294,20247792,4194304,1.0066921864863092,0.00666989321155656
0,ab,4,gpt-oss,0614fe83cadab421296e664e1f48f4261fa8fef6e03e63bb75c20f38e37d07d3,flat-ragged,64 KiB single,65536,1,19190009,18233224,4194304,1.052474811914777,0.05114435461561158
0,ab,5,gpt-oss,0614fe83cadab421296e664e1f48f4261fa8fef6e03e63bb75c20f38e37d07d3,flat-ragged,64 KiB single,65536,1,18919772,18882306,4194304,1.0019841856180065,0.0019822197217623273
0,ab,0,gpt-oss,0614fe83cadab421296e664e1f48f4261fa8fef6e03e63bb75c20f38e37d07d3,nested,140-byte batch 1,140,1,60314466,60843765,4194400,0.991300686274099,-0.008737373646441315
0,ab,1,gpt-oss,0614fe83cadab421296e664e1f48f4261fa8fef6e03e63bb75c20f38e37d07d3,nested,140-byte batch 1,140,1,55035780,53121899,4194400,1.0360280983177954,0.03539426539787242
0,ab,2,gpt-oss,0614fe83cadab421296e664e1f48f4261fa8fef6e03e63bb75c20f38e37d07d3,nested,140-byte batch 1,140,1,58584255,54210126,4194400,1.0806884123456935,0.07759825690963258
0,ab,3,gpt-oss,0614fe83cadab421296e664e1f48f4261fa8fef6e03e63bb75c20f38e37d07d3,nested,140-byte batch 1,140,1,62007042,58170126,4194400,1.06596024908043,0.0638760352551536
0,ab,4,gpt-oss,0614fe83cadab421296e664e1f48f4261fa8fef6e03e63bb75c20f38e37d07d3,nested,140-byte batch 1,140,1,51302858,51272527,4194400,1.0005915643674048,0.0005913894621794927
0,ab,5,gpt-oss,0614fe83cadab421296e664e1f48f4261fa8fef6e03e63bb75c20f38e37d07d3,nested,140-byte batch 1,140,1,45593653,45287773,4194400,1.0067541409024463,0.00673143387972724
0,ab,0,gpt-oss,0614fe83cadab421296e664e1f48f4261fa8fef6e03e63bb75c20f38e37d07d3,nested,140-byte batch 32,140,32,64772552,63659353,4197760,1.0174868098329557,0.017335674941454132
0,ab,1,gpt-oss,0614fe83cadab421296e664e1f48f4261fa8fef6e03e63bb75c20f38e37d07d3,nested,140-byte batch 32,140,32,56148578,55521952,4197760,1.0112860945522952,0.011222881759562193
0,ab,2,gpt-oss,0614fe83cadab421296e664e1f48f4261fa8fef6e03e63bb75c20f38e37d07d3,nested,140-byte batch 32,140,32,58630713,56700112,4197760,1.0340493330947917,0.03348248587150376
0,ab,3,gpt-oss,0614fe83cadab421296e664e1f48f4261fa8fef6e03e63bb75c20f38e37d07d3,nested,140-byte batch 32,140,32,61437708,61135759,4197760,1.0049389915973728,0.0049268347901873285
0,ab,4,gpt-oss,0614fe83cadab421296e664e1f48f4261fa8fef6e03e63bb75c20f38e37d07d3,nested,140-byte batch 32,140,32,52057493,52070197,4197760,0.9997560216643697,-0.00024400810318626545
0,ab,5,gpt-oss,0614fe83cadab421296e664e1f48f4261fa8fef6e03e63bb75c20f38e37d07d3,nested,140-byte batch 32,140,32,46351061,46800164,4197760,0.9904038156789365,-0.009642524394710998
0,ab,0,gpt-oss,0614fe83cadab421296e664e1f48f4261fa8fef6e03e63bb75c20f38e37d07d3,nested,140-byte batch 512,140,512,21930722,21097559,4229120,1.0394909667037784,0.03873113823851672
0,ab,1,gpt-oss,0614fe83cadab421296e664e1f48f4261fa8fef6e03e63bb75c20f38e37d07d3,nested,140-byte batch 512,140,512,20141422,19799175,4229120,1.0172859222669632,0.01713822039188601
0,ab,2,gpt-oss,0614fe83cadab421296e664e1f48f4261fa8fef6e03e63bb75c20f38e37d07d3,nested,140-byte batch 512,140,512,19607652,19661399,4229120,0.9972663694989354,-0.002737373692146546
0,ab,3,gpt-oss,0614fe83cadab421296e664e1f48f4261fa8fef6e03e63bb75c20f38e37d07d3,nested,140-byte batch 512,140,512,17212976,17181098,4229120,1.0018554111035278,0.0018536919545032713
0,ab,4,gpt-oss,0614fe83cadab421296e664e1f48f4261fa8fef6e03e63bb75c20f38e37d07d3,nested,140-byte batch 512,140,512,16597039,15940952,4229120,1.0411573286212767,0.04033291041454561
0,ab,5,gpt-oss,0614fe83cadab421296e664e1f48f4261fa8fef6e03e63bb75c20f38e37d07d3,nested,140-byte batch 512,140,512,16667943,16706974,4229120,0.9976637899837517,-0.002338943212578505
0,ab,0,gpt-oss,0614fe83cadab421296e664e1f48f4261fa8fef6e03e63bb75c20f38e37d07d3,nested,4 KiB single,4096,1,46626133,44771261,4194304,1.0414299699979412,0.040594739897903
0,ab,1,gpt-oss,0614fe83cadab421296e664e1f48f4261fa8fef6e03e63bb75c20f38e37d07d3,nested,4 KiB single,4096,1,41816110,40101853,4194304,1.0427475757791043,0.04185912925798284
0,ab,2,gpt-oss,0614fe83cadab421296e664e1f48f4261fa8fef6e03e63bb75c20f38e37d07d3,nested,4 KiB single,4096,1,39502359,38571870,4194304,1.0241235128086867,0.023837137320785864
0,ab,3,gpt-oss,0614fe83cadab421296e664e1f48f4261fa8fef6e03e63bb75c20f38e37d07d3,nested,4 KiB single,4096,1,39785504,39532981,4194304,1.0063876538933403,0.006367339294733732
0,ab,4,gpt-oss,0614fe83cadab421296e664e1f48f4261fa8fef6e03e63bb75c20f38e37d07d3,nested,4 KiB single,4096,1,46463377,45497924,4194304,1.0212197154314118,0.020997712340048512
0,ab,5,gpt-oss,0614fe83cadab421296e664e1f48f4261fa8fef6e03e63bb75c20f38e37d07d3,nested,4 KiB single,4096,1,42923075,41639289,4194304,1.0308311220203592,0.03036539144386983
0,ab,0,gpt-oss,0614fe83cadab421296e664e1f48f4261fa8fef6e03e63bb75c20f38e37d07d3,nested,64 KiB single,65536,1,44324514,42478624,4194304,1.043454561993345,0.04253690273784335
0,ab,1,gpt-oss,0614fe83cadab421296e664e1f48f4261fa8fef6e03e63bb75c20f38e37d07d3,nested,64 KiB single,65536,1,38477290,38687285,4194304,0.9945719892207479,-0.005442795956768699
0,ab,2,gpt-oss,0614fe83cadab421296e664e1f48f4261fa8fef6e03e63bb75c20f38e37d07d3,nested,64 KiB single,65536,1,38213145,37123788,4194304,1.0293439074697872,0.028921616242614266
0,ab,3,gpt-oss,0614fe83cadab421296e664e1f48f4261fa8fef6e03e63bb75c20f38e37d07d3,nested,64 KiB single,65536,1,36441276,35716617,4194304,1.0202891276069064,0.020086045567570366
0,ab,4,gpt-oss,0614fe83cadab421296e664e1f48f4261fa8fef6e03e63bb75c20f38e37d07d3,nested,64 KiB single,65536,1,40533766,40866638,4194304,0.9918546761786472,-0.00817867821647429
0,ab,5,gpt-oss,0614fe83cadab421296e664e1f48f4261fa8fef6e03e63bb75c20f38e37d07d3,nested,64 KiB single,65536,1,39221928,38787109,4194304,1.011210399826396,0.011148028996014738
0,ab,0,llama-3,e134af98b985517b4f068e3755ae90d4e9cd2d45d328325dc503f1c6b2d06cc7,flat-ragged,140-byte batch 1,140,1,54103617,56764741,4194400,0.9531201243391563,-0.048014334646887154
0,ab,1,llama-3,e134af98b985517b4f068e3755ae90d4e9cd2d45d328325dc503f1c6b2d06cc7,flat-ragged,140-byte batch 1,140,1,50785039,52128739,4194400,0.9742234317235259,-0.026114605626798747
0,ab,2,llama-3,e134af98b985517b4f068e3755ae90d4e9cd2d45d328325dc503f1c6b2d06cc7,flat-ragged,140-byte batch 1,140,1,44493911,46201579,4194400,0.9630387524201284,-0.03766162664359152
0,ab,3,llama-3,e134af98b985517b4f068e3755ae90d4e9cd2d45d328325dc503f1c6b2d06cc7,flat-ragged,140-byte batch 1,140,1,36393762,36825567,4194400,0.9882743149616678,-0.011794973048651678
0,ab,4,llama-3,e134af98b985517b4f068e3755ae90d4e9cd2d45d328325dc503f1c6b2d06cc7,flat-ragged,140-byte batch 1,140,1,52879097,53126281,4194400,0.9953472368976853,-0.004663620896812466
0,ab,5,llama-3,e134af98b985517b4f068e3755ae90d4e9cd2d45d328325dc503f1c6b2d06cc7,flat-ragged,140-byte batch 1,140,1,44722330,46746797,4194400,0.9566929259345833,-0.044272810561180945
0,ab,0,llama-3,e134af98b985517b4f068e3755ae90d4e9cd2d45d328325dc503f1c6b2d06cc7,flat-ragged,140-byte batch 32,140,32,48992848,49357980,4197760,0.9926023714908917,-0.007425126660895398
0,ab,1,llama-3,e134af98b985517b4f068e3755ae90d4e9cd2d45d328325dc503f1c6b2d06cc7,flat-ragged,140-byte batch 32,140,32,47425005,48694095,4197760,0.9739374969387972,-0.02640814891942421
0,ab,2,llama-3,e134af98b985517b4f068e3755ae90d4e9cd2d45d328325dc503f1c6b2d06cc7,flat-ragged,140-byte batch 32,140,32,42893575,44395882,4197760,0.9661611182766906,-0.034424669571070654
0,ab,3,llama-3,e134af98b985517b4f068e3755ae90d4e9cd2d45d328325dc503f1c6b2d06cc7,flat-ragged,140-byte batch 32,140,32,34775391,36128097,4197760,0.9625580611123802,-0.038160891405929105
0,ab,4,llama-3,e134af98b985517b4f068e3755ae90d4e9cd2d45d328325dc503f1c6b2d06cc7,flat-ragged,140-byte batch 32,140,32,48680185,49240789,4197760,0.9886150483900654,-0.011450256305177495
0,ab,5,llama-3,e134af98b985517b4f068e3755ae90d4e9cd2d45d328325dc503f1c6b2d06cc7,flat-ragged,140-byte batch 32,140,32,43807389,43899276,4197760,0.997906867530116,-0.0020953261332721162
0,ab,0,llama-3,e134af98b985517b4f068e3755ae90d4e9cd2d45d328325dc503f1c6b2d06cc7,flat-ragged,140-byte batch 512,140,512,16687314,17144104,4229120,0.9733558545841766,-0.027005534384190653
0,ab,1,llama-3,e134af98b985517b4f068e3755ae90d4e9cd2d45d328325dc503f1c6b2d06cc7,flat-ragged,140-byte batch 512,140,512,16291221,16273269,4229120,1.0011031588060149,0.001102550773469102
0,ab,2,llama-3,e134af98b985517b4f068e3755ae90d4e9cd2d45d328325dc503f1c6b2d06cc7,flat-ragged,140-byte batch 512,140,512,15280230,15755547,4229120,0.9698317678211997,-0.030632657762214827
0,ab,3,llama-3,e134af98b985517b4f068e3755ae90d4e9cd2d45d328325dc503f1c6b2d06cc7,flat-ragged,140-byte batch 512,140,512,13086134,13301451,4229120,0.9838125178974835,-0.01631993067513108
0,ab,4,llama-3,e134af98b985517b4f068e3755ae90d4e9cd2d45d328325dc503f1c6b2d06cc7,flat-ragged,140-byte batch 512,140,512,12289427,12268372,4229120,1.0017162016280563,0.001714730636813462
0,ab,5,llama-3,e134af98b985517b4f068e3755ae90d4e9cd2d45d328325dc503f1c6b2d06cc7,flat-ragged,140-byte batch 512,140,512,12487842,12530768,4229120,0.9965743520269468,-0.0034315289396595282
0,ab,0,llama-3,e134af98b985517b4f068e3755ae90d4e9cd2d45d328325dc503f1c6b2d06cc7,flat-ragged,4 KiB single,4096,1,35290368,36730401,4194304,0.9607945200489372,-0.03999471176204438
0,ab,1,llama-3,e134af98b985517b4f068e3755ae90d4e9cd2d45d328325dc503f1c6b2d06cc7,flat-ragged,4 KiB single,4096,1,40548182,41034329,4194304,0.9881526757754464,-0.01191806303572947
0,ab,2,llama-3,e134af98b985517b4f068e3755ae90d4e9cd2d45d328325dc503f1c6b2d06cc7,flat-ragged,4 KiB single,4096,1,35274616,36915657,4194304,0.9555462063156562,-0.04547215821288857
0,ab,3,llama-3,e134af98b985517b4f068e3755ae90d4e9cd2d45d328325dc503f1c6b2d06cc7,flat-ragged,4 KiB single,4096,1,33340845,34663885,4194304,0.9618323220262242,-0.038915144936731275
0,ab,4,llama-3,e134af98b985517b4f068e3755ae90d4e9cd2d45d328325dc503f1c6b2d06cc7,flat-ragged,4 KiB single,4096,1,34431449,35514708,4194304,0.9694982991272235,-0.030976558682378957
0,ab,5,llama-3,e134af98b985517b4f068e3755ae90d4e9cd2d45d328325dc503f1c6b2d06cc7,flat-ragged,4 KiB single,4096,1,40621854,40537635,4194304,1.0020775508980728,0.002075395773610084
0,ab,0,llama-3,e134af98b985517b4f068e3755ae90d4e9cd2d45d328325dc503f1c6b2d06cc7,flat-ragged,64 KiB single,65536,1,18343263,18559072,4194304,0.9883717785027183,-0.011696357984021051
0,ab,1,llama-3,e134af98b985517b4f068e3755ae90d4e9cd2d45d328325dc503f1c6b2d06cc7,flat-ragged,64 KiB single,65536,1,17935384,18086520,4194304,0.991643721401353,-0.008391388020875376
0,ab,2,llama-3,e134af98b985517b4f068e3755ae90d4e9cd2d45d328325dc503f1c6b2d06cc7,flat-ragged,64 KiB single,65536,1,17431210,17389089,4194304,1.0024222660543056,0.002419337096742847
0,ab,3,llama-3,e134af98b985517b4f068e3755ae90d4e9cd2d45d328325dc503f1c6b2d06cc7,flat-ragged,64 KiB single,65536,1,18625484,18395299,4194304,1.0125132513475317,0.012435607663561858
0,ab,4,llama-3,e134af98b985517b4f068e3755ae90d4e9cd2d45d328325dc503f1c6b2d06cc7,flat-ragged,64 KiB single,65536,1,16945439,16830112,4194304,1.0068524202334483,0.006829049107028285
0,ab,5,llama-3,e134af98b985517b4f068e3755ae90d4e9cd2d45d328325dc503f1c6b2d06cc7,flat-ragged,64 KiB single,65536,1,17303267,17202859,4194304,1.005836704236197,0.005819736669126873
0,ab,0,llama-3,e134af98b985517b4f068e3755ae90d4e9cd2d45d328325dc503f1c6b2d06cc7,nested,140-byte batch 1,140,1,58522158,58297321,4194400,1.003856729539939,0.0038493114255567056
0,ab,1,llama-3,e134af98b985517b4f068e3755ae90d4e9cd2d45d328325dc503f1c6b2d06cc7,nested,140-byte batch 1,140,1,51779730,53005728,4194400,0.9768704619998805,-0.02340122324277222
0,ab,2,llama-3,e134af98b985517b4f068e3755ae90d4e9cd2d45d328325dc503f1c6b2d06cc7,nested,140-byte batch 1,140,1,48507659,47113990,4194400,1.029580789060744,0.029151718482294187
0,ab,3,llama-3,e134af98b985517b4f068e3755ae90d4e9cd2d45d328325dc503f1c6b2d06cc7,nested,140-byte batch 1,140,1,38376770,38329077,4194400,1.0012443033783465,0.001243529874480278
0,ab,4,llama-3,e134af98b985517b4f068e3755ae90d4e9cd2d45d328325dc503f1c6b2d06cc7,nested,140-byte batch 1,140,1,54040971,54171925,4194400,0.9975826223638905,-0.0024203042108027623
0,ab,5,llama-3,e134af98b985517b4f068e3755ae90d4e9cd2d45d328325dc503f1c6b2d06cc7,nested,140-byte batch 1,140,1,48994513,48449429,4194400,1.0112505763483817,0.011187759326996954
0,ab,0,llama-3,e134af98b985517b4f068e3755ae90d4e9cd2d45d328325dc503f1c6b2d06cc7,nested,140-byte batch 32,140,32,59507407,60083291,4197760,0.9904152387391696,-0.009630990721094823
0,ab,1,llama-3,e134af98b985517b4f068e3755ae90d4e9cd2d45d328325dc503f1c6b2d06cc7,nested,140-byte batch 32,140,32,53524095,51975410,4197760,1.0297964941498297,0.029361204225031128
0,ab,2,llama-3,e134af98b985517b4f068e3755ae90d4e9cd2d45d328325dc503f1c6b2d06cc7,nested,140-byte batch 32,140,32,51102094,48616029,4197760,1.0511367351702048,0.049872183499332416
0,ab,3,llama-3,e134af98b985517b4f068e3755ae90d4e9cd2d45d328325dc503f1c6b2d06cc7,nested,140-byte batch 32,140,32,40275071,38723801,4197760,1.0400598587933039,0.039278268028990614
0,ab,4,llama-3,e134af98b985517b4f068e3755ae90d4e9cd2d45d328325dc503f1c6b2d06cc7,nested,140-byte batch 32,140,32,54512128,53174823,4197760,1.0251492139428466,0.02483817657380775
0,ab,5,llama-3,e134af98b985517b4f068e3755ae90d4e9cd2d45d328325dc503f1c6b2d06cc7,nested,140-byte batch 32,140,32,51506635,48564607,4197760,1.060579672764571,0.058815619748589024
0,ab,0,llama-3,e134af98b985517b4f068e3755ae90d4e9cd2d45d328325dc503f1c6b2d06cc7,nested,140-byte batch 512,140,512,20352963,20134934,4229120,1.0108283940737028,0.010770186831571368
0,ab,1,llama-3,e134af98b985517b4f068e3755ae90d4e9cd2d45d328325dc503f1c6b2d06cc7,nested,140-byte batch 512,140,512,18602116,18490553,4229120,1.0060335134379161,0.006015384679239939
0,ab,2,llama-3,e134af98b985517b4f068e3755ae90d4e9cd2d45d328325dc503f1c6b2d06cc7,nested,140-byte batch 512,140,512,18193668,18405957,4229120,0.9884662883869608,-0.011600740759831071
0,ab,3,llama-3,e134af98b985517b4f068e3755ae90d4e9cd2d45d328325dc503f1c6b2d06cc7,nested,140-byte batch 512,140,512,16008256,16061006,4229120,0.9967156478243019,-0.003289757498873374
0,ab,4,llama-3,e134af98b985517b4f068e3755ae90d4e9cd2d45d328325dc503f1c6b2d06cc7,nested,140-byte batch 512,140,512,15365424,15027481,4229120,1.0224883332076746,0.022239198803880575
0,ab,5,llama-3,e134af98b985517b4f068e3755ae90d4e9cd2d45d328325dc503f1c6b2d06cc7,nested,140-byte batch 512,140,512,15068676,15285095,4229120,0.9858411740326115,-0.014260018457283927
0,ab,0,llama-3,e134af98b985517b4f068e3755ae90d4e9cd2d45d328325dc503f1c6b2d06cc7,nested,4 KiB single,4096,1,39676058,40168282,4194304,0.987745953386804,-0.012329746498012347
0,ab,1,llama-3,e134af98b985517b4f068e3755ae90d4e9cd2d45d328325dc503f1c6b2d06cc7,nested,4 KiB single,4096,1,40921639,40630563,4194304,1.0071639666917733,0.007138427385012994
0,ab,2,llama-3,e134af98b985517b4f068e3755ae90d4e9cd2d45d328325dc503f1c6b2d06cc7,nested,4 KiB single,4096,1,37616310,37534436,4194304,1.002181303590122,0.002178928001405348
0,ab,3,llama-3,e134af98b985517b4f068e3755ae90d4e9cd2d45d328325dc503f1c6b2d06cc7,nested,4 KiB single,4096,1,35802839,35395436,4194304,1.0115100432722457,0.011444306664106762
0,ab,4,llama-3,e134af98b985517b4f068e3755ae90d4e9cd2d45d328325dc503f1c6b2d06cc7,nested,4 KiB single,4096,1,36672863,35794186,4194304,1.0245480369353839,0.024251575772695343
0,ab,5,llama-3,e134af98b985517b4f068e3755ae90d4e9cd2d45d328325dc503f1c6b2d06cc7,nested,4 KiB single,4096,1,42750615,42557965,4194304,1.0045267671985725,0.00451655220360588
0,ab,0,llama-3,e134af98b985517b4f068e3755ae90d4e9cd2d45d328325dc503f1c6b2d06cc7,nested,64 KiB single,65536,1,36536663,35680175,4194304,1.0240045907846584,0.023721009795409594
0,ab,1,llama-3,e134af98b985517b4f068e3755ae90d4e9cd2d45d328325dc503f1c6b2d06cc7,nested,64 KiB single,65536,1,38160525,38045913,4194304,1.0030124654913657,0.003007937109314411
0,ab,2,llama-3,e134af98b985517b4f068e3755ae90d4e9cd2d45d328325dc503f1c6b2d06cc7,nested,64 KiB single,65536,1,36219635,36228995,4194304,0.9997416433991614,-0.0002583899806546023
0,ab,3,llama-3,e134af98b985517b4f068e3755ae90d4e9cd2d45d328325dc503f1c6b2d06cc7,nested,64 KiB single,65536,1,33955390,33594015,4194304,1.0107571244461253,0.010699678186793146
0,ab,4,llama-3,e134af98b985517b4f068e3755ae90d4e9cd2d45d328325dc503f1c6b2d06cc7,nested,64 KiB single,65536,1,32756265,32837303,4194304,0.9975321359369861,-0.002470914258876578
0,ab,5,llama-3,e134af98b985517b4f068e3755ae90d4e9cd2d45d328325dc503f1c6b2d06cc7,nested,64 KiB single,65536,1,35270604,34950550,4194304,1.0091573380104175,0.00911566381396233
0,ab,0,minimax-m2-1,757622126525aeeb131756849d93298070ff3f0319c455ec8c5bb0f6b1cebbe8,flat-ragged,140-byte batch 1,140,1,59384043,59688045,4194400,0.9949068192801422,-0.005106195173563531
0,ab,1,minimax-m2-1,757622126525aeeb131756849d93298070ff3f0319c455ec8c5bb0f6b1cebbe8,flat-ragged,140-byte batch 1,140,1,56222403,57594620,4194400,0.9761745628324312,-0.024113853200660226
0,ab,2,minimax-m2-1,757622126525aeeb131756849d93298070ff3f0319c455ec8c5bb0f6b1cebbe8,flat-ragged,140-byte batch 1,140,1,58439143,58665253,4194400,0.9961457593986682,-0.0038616873271118328
0,ab,3,minimax-m2-1,757622126525aeeb131756849d93298070ff3f0319c455ec8c5bb0f6b1cebbe8,flat-ragged,140-byte batch 1,140,1,58244172,58495843,4194400,0.9956976258979634,-0.004311655945703087
0,ab,4,minimax-m2-1,757622126525aeeb131756849d93298070ff3f0319c455ec8c5bb0f6b1cebbe8,flat-ragged,140-byte batch 1,140,1,55268151,56874068,4194400,0.9717636339992419,-0.028642678991406892
0,ab,5,minimax-m2-1,757622126525aeeb131756849d93298070ff3f0319c455ec8c5bb0f6b1cebbe8,flat-ragged,140-byte batch 1,140,1,51582304,49323148,4194400,1.0458031591981922,0.044785163610887746
0,ab,0,minimax-m2-1,757622126525aeeb131756849d93298070ff3f0319c455ec8c5bb0f6b1cebbe8,flat-ragged,140-byte batch 32,140,32,53182721,58318610,4197760,0.9119339607031101,-0.09218770303939335
0,ab,1,minimax-m2-1,757622126525aeeb131756849d93298070ff3f0319c455ec8c5bb0f6b1cebbe8,flat-ragged,140-byte batch 32,140,32,54889588,54666588,4197760,1.004079274162858,0.004070976482032384
0,ab,2,minimax-m2-1,757622126525aeeb131756849d93298070ff3f0319c455ec8c5bb0f6b1cebbe8,flat-ragged,140-byte batch 32,140,32,54512840,53854373,4197760,1.0122268065399258,0.012152662889094615
0,ab,3,minimax-m2-1,757622126525aeeb131756849d93298070ff3f0319c455ec8c5bb0f6b1cebbe8,flat-ragged,140-byte batch 32,140,32,57688328,56757856,4197760,1.0163937129690028,0.016260786857376745
0,ab,4,minimax-m2-1,757622126525aeeb131756849d93298070ff3f0319c455ec8c5bb0f6b1cebbe8,flat-ragged,140-byte batch 32,140,32,54242801,54070060,4197760,1.0031947624988764,0.003189670088309863
0,ab,5,minimax-m2-1,757622126525aeeb131756849d93298070ff3f0319c455ec8c5bb0f6b1cebbe8,flat-ragged,140-byte batch 32,140,32,47512737,48854104,4197760,0.9725434121153875,-0.027840564778518418
0,ab,0,minimax-m2-1,757622126525aeeb131756849d93298070ff3f0319c455ec8c5bb0f6b1cebbe8,flat-ragged,140-byte batch 512,140,512,17474034,18194166,4229120,0.9604196202233177,-0.04038498562326513
0,ab,1,minimax-m2-1,757622126525aeeb131756849d93298070ff3f0319c455ec8c5bb0f6b1cebbe8,flat-ragged,140-byte batch 512,140,512,18388641,18353711,4229120,1.0019031573505761,0.001901348641101157
0,ab,2,minimax-m2-1,757622126525aeeb131756849d93298070ff3f0319c455ec8c5bb0f6b1cebbe8,flat-ragged,140-byte batch 512,140,512,17049336,17336948,4229120,0.9834104595572416,-0.01672868794408099
0,ab,3,minimax-m2-1,757622126525aeeb131756849d93298070ff3f0319c455ec8c5bb0f6b1cebbe8,flat-ragged,140-byte batch 512,140,512,15948611,15444396,4229120,1.0326471167923952,0.03212552170036236
0,ab,4,minimax-m2-1,757622126525aeeb131756849d93298070ff3f0319c455ec8c5bb0f6b1cebbe8,flat-ragged,140-byte batch 512,140,512,15171125,15085106,4229120,1.0057022469712842,0.005686050701939968
0,ab,5,minimax-m2-1,757622126525aeeb131756849d93298070ff3f0319c455ec8c5bb0f6b1cebbe8,flat-ragged,140-byte batch 512,140,512,15127150,15674200,4229120,0.9650986972221868,-0.03552490595889493
0,ab,0,minimax-m2-1,757622126525aeeb131756849d93298070ff3f0319c455ec8c5bb0f6b1cebbe8,flat-ragged,4 KiB single,4096,1,42868037,42647138,4194304,1.0051796910732909,0.005166322616596393
0,ab,1,minimax-m2-1,757622126525aeeb131756849d93298070ff3f0319c455ec8c5bb0f6b1cebbe8,flat-ragged,4 KiB single,4096,1,44182027,44725320,4194304,0.9878526749501177,-0.012221706775887865
0,ab,2,minimax-m2-1,757622126525aeeb131756849d93298070ff3f0319c455ec8c5bb0f6b1cebbe8,flat-ragged,4 KiB single,4096,1,42075389,42025863,4194304,1.0011784647944053,0.0011777709498302532
0,ab,3,minimax-m2-1,757622126525aeeb131756849d93298070ff3f0319c455ec8c5bb0f6b1cebbe8,flat-ragged,4 KiB single,4096,1,43242092,42020493,4194304,1.0290715056579656,0.02865694487290479
0,ab,4,minimax-m2-1,757622126525aeeb131756849d93298070ff3f0319c455ec8c5bb0f6b1cebbe8,flat-ragged,4 KiB single,4096,1,50682897,48267125,4194304,1.050050049593797,0.04883782931323765
0,ab,5,minimax-m2-1,757622126525aeeb131756849d93298070ff3f0319c455ec8c5bb0f6b1cebbe8,flat-ragged,4 KiB single,4096,1,43882477,45025781,4194304,0.9746077919225876,-0.025720153609218428
0,ab,0,minimax-m2-1,757622126525aeeb131756849d93298070ff3f0319c455ec8c5bb0f6b1cebbe8,flat-ragged,64 KiB single,65536,1,38993198,39493236,4194304,0.9873386419892257,-0.012742196075418842
0,ab,1,minimax-m2-1,757622126525aeeb131756849d93298070ff3f0319c455ec8c5bb0f6b1cebbe8,flat-ragged,64 KiB single,65536,1,39636850,39523888,4194304,1.0028580690239786,0.002853992510163744
0,ab,2,minimax-m2-1,757622126525aeeb131756849d93298070ff3f0319c455ec8c5bb0f6b1cebbe8,flat-ragged,64 KiB single,65536,1,36794516,35717774,4194304,1.0301458315963363,0.029700376293578287
0,ab,3,minimax-m2-1,757622126525aeeb131756849d93298070ff3f0319c455ec8c5bb0f6b1cebbe8,flat-ragged,64 KiB single,65536,1,38885271,38695179,4194304,1.004912549958743,0.004900522758592396
0,ab,4,minimax-m2-1,757622126525aeeb131756849d93298070ff3f0319c455ec8c5bb0f6b1cebbe8,flat-ragged,64 KiB single,65536,1,40710917,40769504,4194304,0.9985629700081708,-0.001438063509677286
0,ab,5,minimax-m2-1,757622126525aeeb131756849d93298070ff3f0319c455ec8c5bb0f6b1cebbe8,flat-ragged,64 KiB single,65536,1,40464334,41669494,4194304,0.971078122522918,-0.029348358187842094
0,ab,0,minimax-m2-1,757622126525aeeb131756849d93298070ff3f0319c455ec8c5bb0f6b1cebbe8,nested,140-byte batch 1,140,1,62523023,63309796,4194400,0.9875726498944966,-0.012505215399549812
0,ab,1,minimax-m2-1,757622126525aeeb131756849d93298070ff3f0319c455ec8c5bb0f6b1cebbe8,nested,140-byte batch 1,140,1,58998297,58199722,4194400,1.0137212854728068,0.01362800098867312
0,ab,2,minimax-m2-1,757622126525aeeb131756849d93298070ff3f0319c455ec8c5bb0f6b1cebbe8,nested,140-byte batch 1,140,1,58844476,57892108,4194400,1.0164507397104974,0.016316892223859007
0,ab,3,minimax-m2-1,757622126525aeeb131756849d93298070ff3f0319c455ec8c5bb0f6b1cebbe8,nested,140-byte batch 1,140,1,62121828,60482033,4194400,1.027112101208635,0.02675107903885526
0,ab,4,minimax-m2-1,757622126525aeeb131756849d93298070ff3f0319c455ec8c5bb0f6b1cebbe8,nested,140-byte batch 1,140,1,56771826,53937946,4194400,1.05253963508362,0.05120594390204698
0,ab,5,minimax-m2-1,757622126525aeeb131756849d93298070ff3f0319c455ec8c5bb0f6b1cebbe8,nested,140-byte batch 1,140,1,51795313,51297168,4194400,1.0097109649405986,0.00966411657162808
0,ab,0,minimax-m2-1,757622126525aeeb131756849d93298070ff3f0319c455ec8c5bb0f6b1cebbe8,nested,140-byte batch 32,140,32,63878637,62900789,4197760,1.01554587812881,0.015426278889610184
0,ab,1,minimax-m2-1,757622126525aeeb131756849d93298070ff3f0319c455ec8c5bb0f6b1cebbe8,nested,140-byte batch 32,140,32,60782968,60223906,4197760,1.0092830577943583,0.00924023502683015
0,ab,2,minimax-m2-1,757622126525aeeb131756849d93298070ff3f0319c455ec8c5bb0f6b1cebbe8,nested,140-byte batch 32,140,32,62391694,60614848,4197760,1.0293137087467414,0.028892277975959283
0,ab,3,minimax-m2-1,757622126525aeeb131756849d93298070ff3f0319c455ec8c5bb0f6b1cebbe8,nested,140-byte batch 32,140,32,64219455,61366409,4197760,1.046491982283011,0.0454436014154292
0,ab,4,minimax-m2-1,757622126525aeeb131756849d93298070ff3f0319c455ec8c5bb0f6b1cebbe8,nested,140-byte batch 32,140,32,58226750,55248862,4197760,1.0538995355234648,0.05249712823601803
0,ab,5,minimax-m2-1,757622126525aeeb131756849d93298070ff3f0319c455ec8c5bb0f6b1cebbe8,nested,140-byte batch 32,140,32,54805691,54115450,4197760,1.0127549710849675,0.012674311590188664
0,ab,0,minimax-m2-1,757622126525aeeb131756849d93298070ff3f0319c455ec8c5bb0f6b1cebbe8,nested,140-byte batch 512,140,512,21244399,21643405,4229120,0.9815645458743668,-0.01860750494762694
0,ab,1,minimax-m2-1,757622126525aeeb131756849d93298070ff3f0319c455ec8c5bb0f6b1cebbe8,nested,140-byte batch 512,140,512,20737372,21303328,4229120,0.9734334466427029,-0.026925821537486083
0,ab,2,minimax-m2-1,757622126525aeeb131756849d93298070ff3f0319c455ec8c5bb0f6b1cebbe8,nested,140-byte batch 512,140,512,20337375,20611039,4229120,0.9867224548941953,-0.013366479808091006
0,ab,3,minimax-m2-1,757622126525aeeb131756849d93298070ff3f0319c455ec8c5bb0f6b1cebbe8,nested,140-byte batch 512,140,512,18864941,18626512,4229120,1.0128005178854742,0.012719283747962088
0,ab,4,minimax-m2-1,757622126525aeeb131756849d93298070ff3f0319c455ec8c5bb0f6b1cebbe8,nested,140-byte batch 512,140,512,17646776,18226521,4229120,0.9681922293343859,-0.03232462739763122
0,ab,5,minimax-m2-1,757622126525aeeb131756849d93298070ff3f0319c455ec8c5bb0f6b1cebbe8,nested,140-byte batch 512,140,512,18211414,18341009,4229120,0.9929341401010162,-0.007090941304670267
0,ab,0,minimax-m2-1,757622126525aeeb131756849d93298070ff3f0319c455ec8c5bb0f6b1cebbe8,nested,4 KiB single,4096,1,47483540,46271703,4194304,1.0261895915090915,0.025852516723452748
0,ab,1,minimax-m2-1,757622126525aeeb131756849d93298070ff3f0319c455ec8c5bb0f6b1cebbe8,nested,4 KiB single,4096,1,46811697,45359031,4194304,1.0320259487024757,0.031523810834809804
0,ab,2,minimax-m2-1,757622126525aeeb131756849d93298070ff3f0319c455ec8c5bb0f6b1cebbe8,nested,4 KiB single,4096,1,44109227,43564234,4194304,1.0125101017499814,0.012432496985805468
0,ab,3,minimax-m2-1,757622126525aeeb131756849d93298070ff3f0319c455ec8c5bb0f6b1cebbe8,nested,4 KiB single,4096,1,44120470,44682934,4194304,0.9874121068236029,-0.012667791916356988
0,ab,4,minimax-m2-1,757622126525aeeb131756849d93298070ff3f0319c455ec8c5bb0f6b1cebbe8,nested,4 KiB single,4096,1,47632885,47912495,4194304,0.994164152795633,-0.00585294230269729
0,ab,5,minimax-m2-1,757622126525aeeb131756849d93298070ff3f0319c455ec8c5bb0f6b1cebbe8,nested,4 KiB single,4096,1,46640261,45765090,4194304,1.019123113272584,0.018942564678320385
0,ab,0,minimax-m2-1,757622126525aeeb131756849d93298070ff3f0319c455ec8c5bb0f6b1cebbe8,nested,64 KiB single,65536,1,45438012,44818768,4194304,1.0138166225363445,0.013722043189542822
0,ab,1,minimax-m2-1,757622126525aeeb131756849d93298070ff3f0319c455ec8c5bb0f6b1cebbe8,nested,64 KiB single,65536,1,42550131,41801022,4194304,1.0179208297825828,0.017762144752963
0,ab,2,minimax-m2-1,757622126525aeeb131756849d93298070ff3f0319c455ec8c5bb0f6b1cebbe8,nested,64 KiB single,65536,1,44764680,44811150,4194304,0.9989629813115709,-0.0010375567643378482
0,ab,3,minimax-m2-1,757622126525aeeb131756849d93298070ff3f0319c455ec8c5bb0f6b1cebbe8,nested,64 KiB single,65536,1,41159955,39597647,4194304,1.039454566580686,0.038696120367665066
0,ab,4,minimax-m2-1,757622126525aeeb131756849d93298070ff3f0319c455ec8c5bb0f6b1cebbe8,nested,64 KiB single,65536,1,43780570,42841713,4194304,1.0219145532299327,0.021677880879107787
0,ab,5,minimax-m2-1,757622126525aeeb131756849d93298070ff3f0319c455ec8c5bb0f6b1cebbe8,nested,64 KiB single,65536,1,42260654,40381029,4194304,1.0465472288980056,0.045496392222894505
0,ab,0,mistral-nemo,e11c71726323d33da7b8d6f6f269f1988931c0a52b7122bcdd8c05042974e0db,flat-ragged,140-byte batch 1,140,1,67477247,68093735,4194400,0.990946479878068,-0.009094752288064889
0,ab,1,mistral-nemo,e11c71726323d33da7b8d6f6f269f1988931c0a52b7122bcdd8c05042974e0db,flat-ragged,140-byte batch 1,140,1,61413453,62793574,4194400,0.9780213019886398,-0.02222382801004774
0,ab,2,mistral-nemo,e11c71726323d33da7b8d6f6f269f1988931c0a52b7122bcdd8c05042974e0db,flat-ragged,140-byte batch 1,140,1,57209355,57076852,4194400,1.0023214840229802,0.002318793542080084
0,ab,3,mistral-nemo,e11c71726323d33da7b8d6f6f269f1988931c0a52b7122bcdd8c05042974e0db,flat-ragged,140-byte batch 1,140,1,45782111,44304650,4194400,1.033347763722318,0.03280378761804854
0,ab,4,mistral-nemo,e11c71726323d33da7b8d6f6f269f1988931c0a52b7122bcdd8c05042974e0db,flat-ragged,140-byte batch 1,140,1,65823608,63412497,4194400,1.038022647176313,0.037317602594619366
0,ab,5,mistral-nemo,e11c71726323d33da7b8d6f6f269f1988931c0a52b7122bcdd8c05042974e0db,flat-ragged,140-byte batch 1,140,1,57167622,59642936,4194400,0.958497784213708,-0.04238802822189758
0,ab,0,mistral-nemo,e11c71726323d33da7b8d6f6f269f1988931c0a52b7122bcdd8c05042974e0db,flat-ragged,140-byte batch 32,140,32,62432799,63813495,4197760,0.9783635734102951,-0.021873926076689566
0,ab,1,mistral-nemo,e11c71726323d33da7b8d6f6f269f1988931c0a52b7122bcdd8c05042974e0db,flat-ragged,140-byte batch 32,140,32,57853688,58947025,4197760,0.9814522106925667,-0.018721956524819974
0,ab,2,mistral-nemo,e11c71726323d33da7b8d6f6f269f1988931c0a52b7122bcdd8c05042974e0db,flat-ragged,140-byte batch 32,140,32,53607609,53397262,4197760,1.0039392843775399,0.003931545713377944
0,ab,3,mistral-nemo,e11c71726323d33da7b8d6f6f269f1988931c0a52b7122bcdd8c05042974e0db,flat-ragged,140-byte batch 32,140,32,40583770,41459173,4197760,0.9788851794028791,-0.021340926881586956
0,ab,4,mistral-nemo,e11c71726323d33da7b8d6f6f269f1988931c0a52b7122bcdd8c05042974e0db,flat-ragged,140-byte batch 32,140,32,60407575,61323021,4197760,0.9850717400240279,-0.015040807950503362
0,ab,5,mistral-nemo,e11c71726323d33da7b8d6f6f269f1988931c0a52b7122bcdd8c05042974e0db,flat-ragged,140-byte batch 32,140,32,53408887,55083359,4197760,0.9696011276291266,-0.030870500683928073
0,ab,0,mistral-nemo,e11c71726323d33da7b8d6f6f269f1988931c0a52b7122bcdd8c05042974e0db,flat-ragged,140-byte batch 512,140,512,21100067,20283867,4229120,1.0402388755556324,0.039450374813285206
0,ab,1,mistral-nemo,e11c71726323d33da7b8d6f6f269f1988931c0a52b7122bcdd8c05042974e0db,flat-ragged,140-byte batch 512,140,512,19484814,19637625,4229120,0.9922184581893178,-0.0078119759932087805
0,ab,2,mistral-nemo,e11c71726323d33da7b8d6f6f269f1988931c0a52b7122bcdd8c05042974e0db,flat-ragged,140-byte batch 512,140,512,18044215,18674533,4229120,0.9662471880822937,-0.034335589219494034
0,ab,3,mistral-nemo,e11c71726323d33da7b8d6f6f269f1988931c0a52b7122bcdd8c05042974e0db,flat-ragged,140-byte batch 512,140,512,15939909,16245319,4229120,0.9812001229400297,-0.01897884130222396
0,ab,4,mistral-nemo,e11c71726323d33da7b8d6f6f269f1988931c0a52b7122bcdd8c05042974e0db,flat-ragged,140-byte batch 512,140,512,15169017,15388537,4229120,0.9857348362615628,-0.01436788928812852
0,ab,5,mistral-nemo,e11c71726323d33da7b8d6f6f269f1988931c0a52b7122bcdd8c05042974e0db,flat-ragged,140-byte batch 512,140,512,15278336,15433290,4229120,0.9899597558265283,-0.010090987360037194
0,ab,0,mistral-nemo,e11c71726323d33da7b8d6f6f269f1988931c0a52b7122bcdd8c05042974e0db,flat-ragged,4 KiB single,4096,1,46061725,45187103,4194304,1.0193555670076924,0.019170630577036572
0,ab,1,mistral-nemo,e11c71726323d33da7b8d6f6f269f1988931c0a52b7122bcdd8c05042974e0db,flat-ragged,4 KiB single,4096,1,48151387,46512810,4194304,1.0352285101674141,0.03462218511885173
0,ab,2,mistral-nemo,e11c71726323d33da7b8d6f6f269f1988931c0a52b7122bcdd8c05042974e0db,flat-ragged,4 KiB single,4096,1,43520436,42859819,4194304,1.015413434200457,0.015295853895139135
0,ab,3,mistral-nemo,e11c71726323d33da7b8d6f6f269f1988931c0a52b7122bcdd8c05042974e0db,flat-ragged,4 KiB single,4096,1,41375645,41361562,4194304,1.0003404852070141,0.00034042725508017614
0,ab,4,mistral-nemo,e11c71726323d33da7b8d6f6f269f1988931c0a52b7122bcdd8c05042974e0db,flat-ragged,4 KiB single,4096,1,42229397,43723489,4194304,0.9658286190290075,-0.03476887352261913
0,ab,5,mistral-nemo,e11c71726323d33da7b8d6f6f269f1988931c0a52b7122bcdd8c05042974e0db,flat-ragged,4 KiB single,4096,1,49350155,49991177,4194304,0.9871772973058826,-0.01290562315188992
0,ab,0,mistral-nemo,e11c71726323d33da7b8d6f6f269f1988931c0a52b7122bcdd8c05042974e0db,flat-ragged,64 KiB single,65536,1,20212125,20779364,4194304,0.9727018112777658,-0.0276777069950128
0,ab,1,mistral-nemo,e11c71726323d33da7b8d6f6f269f1988931c0a52b7122bcdd8c05042974e0db,flat-ragged,64 KiB single,65536,1,18967045,19563721,4194304,0.9695008940272661,-0.030973882146925223
0,ab,2,mistral-nemo,e11c71726323d33da7b8d6f6f269f1988931c0a52b7122bcdd8c05042974e0db,flat-ragged,64 KiB single,65536,1,19010503,18228686,4194304,1.0428893777642558,0.04199510880622507
0,ab,3,mistral-nemo,e11c71726323d33da7b8d6f6f269f1988931c0a52b7122bcdd8c05042974e0db,flat-ragged,64 KiB single,65536,1,19138781,19024443,4194304,1.006010057692622,0.005992069333954512
0,ab,4,mistral-nemo,e11c71726323d33da7b8d6f6f269f1988931c0a52b7122bcdd8c05042974e0db,flat-ragged,64 KiB single,65536,1,18629823,17937563,4194304,1.0385927564407718,0.03786667805441705
0,ab,5,mistral-nemo,e11c71726323d33da7b8d6f6f269f1988931c0a52b7122bcdd8c05042974e0db,flat-ragged,64 KiB single,65536,1,18185108,19820084,4194304,0.917509128619233,-0.0860927496541519
0,ab,0,mistral-nemo,e11c71726323d33da7b8d6f6f269f1988931c0a52b7122bcdd8c05042974e0db,nested,140-byte batch 1,140,1,72273775,75724620,4194400,0.9544290218953888,-0.04664200013667331
0,ab,1,mistral-nemo,e11c71726323d33da7b8d6f6f269f1988931c0a52b7122bcdd8c05042974e0db,nested,140-byte batch 1,140,1,64014134,65409775,4194400,0.9786631126616778,-0.021567809398921604
0,ab,2,mistral-nemo,e11c71726323d33da7b8d6f6f269f1988931c0a52b7122bcdd8c05042974e0db,nested,140-byte batch 1,140,1,59251480,60365695,4194400,0.9815422484575056,-0.01863022140597404
0,ab,3,mistral-nemo,e11c71726323d33da7b8d6f6f269f1988931c0a52b7122bcdd8c05042974e0db,nested,140-byte batch 1,140,1,45768061,46699566,4194400,0.9800532407517449,-0.020148381495494725
0,ab,4,mistral-nemo,e11c71726323d33da7b8d6f6f269f1988931c0a52b7122bcdd8c05042974e0db,nested,140-byte batch 1,140,1,65083673,67787751,4194400,0.9601096369165574,-0.0407077959197496
0,ab,5,mistral-nemo,e11c71726323d33da7b8d6f6f269f1988931c0a52b7122bcdd8c05042974e0db,nested,140-byte batch 1,140,1,61975290,60317001,4194400,1.02749289541103,0.027121752922527866
0,ab,0,mistral-nemo,e11c71726323d33da7b8d6f6f269f1988931c0a52b7122bcdd8c05042974e0db,nested,140-byte batch 32,140,32,74352067,75216605,4197760,0.9885060220412767,-0.011560544289590568
0,ab,1,mistral-nemo,e11c71726323d33da7b8d6f6f269f1988931c0a52b7122bcdd8c05042974e0db,nested,140-byte batch 32,140,32,64581307,64852603,4197760,0.9958167292066904,-0.004192045149462819
0,ab,2,mistral-nemo,e11c71726323d33da7b8d6f6f269f1988931c0a52b7122bcdd8c05042974e0db,nested,140-byte batch 32,140,32,60212121,60691700,4197760,0.9920981122624675,-0.007933273097501407
0,ab,3,mistral-nemo,e11c71726323d33da7b8d6f6f269f1988931c0a52b7122bcdd8c05042974e0db,nested,140-byte batch 32,140,32,47588410,48253580,4197760,0.9862151160597825,-0.013880777729185553
0,ab,4,mistral-nemo,e11c71726323d33da7b8d6f6f269f1988931c0a52b7122bcdd8c05042974e0db,nested,140-byte batch 32,140,32,65150027,68103187,4197760,0.9566369779434845,-0.04433129288668207
0,ab,5,mistral-nemo,e11c71726323d33da7b8d6f6f269f1988931c0a52b7122bcdd8c05042974e0db,nested,140-byte batch 32,140,32,62332061,61344258,4197760,1.0161026155047796,0.015974343568761176
0,ab,0,mistral-nemo,e11c71726323d33da7b8d6f6f269f1988931c0a52b7122bcdd8c05042974e0db,nested,140-byte batch 512,140,512,23868090,24177807,4229120,0.9871900292694039,-0.012892725892752612
0,ab,1,mistral-nemo,e11c71726323d33da7b8d6f6f269f1988931c0a52b7122bcdd8c05042974e0db,nested,140-byte batch 512,140,512,22199063,22433628,4229120,0.9895440452164046,-0.010511002331482104
0,ab,2,mistral-nemo,e11c71726323d33da7b8d6f6f269f1988931c0a52b7122bcdd8c05042974e0db,nested,140-byte batch 512,140,512,21023045,22467810,4229120,0.9356962249547242,-0.0664644011695345
0,ab,3,mistral-nemo,e11c71726323d33da7b8d6f6f269f1988931c0a52b7122bcdd8c05042974e0db,nested,140-byte batch 512,140,512,19164096,18830247,4229120,1.0177294010004223,0.017574068452005206
0,ab,4,mistral-nemo,e11c71726323d33da7b8d6f6f269f1988931c0a52b7122bcdd8c05042974e0db,nested,140-byte batch 512,140,512,16811873,18288142,4229120,0.9192772562680233,-0.08416750869039441
0,ab,5,mistral-nemo,e11c71726323d33da7b8d6f6f269f1988931c0a52b7122bcdd8c05042974e0db,nested,140-byte batch 512,140,512,17878059,18371649,4229120,0.9731330595310198,-0.02723445431536944
0,ab,0,mistral-nemo,e11c71726323d33da7b8d6f6f269f1988931c0a52b7122bcdd8c05042974e0db,nested,4 KiB single,4096,1,50456310,49096788,4194304,1.0276906505574255,0.027314198164115816
0,ab,1,mistral-nemo,e11c71726323d33da7b8d6f6f269f1988931c0a52b7122bcdd8c05042974e0db,nested,4 KiB single,4096,1,48984267,48703976,4194304,1.0057549921591618,0.005738495453798037
0,ab,2,mistral-nemo,e11c71726323d33da7b8d6f6f269f1988931c0a52b7122bcdd8c05042974e0db,nested,4 KiB single,4096,1,44299211,45401748,4194304,0.9757159790411594,-0.024583740000018704
0,ab,3,mistral-nemo,e11c71726323d33da7b8d6f6f269f1988931c0a52b7122bcdd8c05042974e0db,nested,4 KiB single,4096,1,44037115,42714659,4194304,1.0309602377956477,0.03049063765255393
0,ab,4,mistral-nemo,e11c71726323d33da7b8d6f6f269f1988931c0a52b7122bcdd8c05042974e0db,nested,4 KiB single,4096,1,43565412,43960409,4194304,0.9910147105319244,-0.009025900633235922
0,ab,5,mistral-nemo,e11c71726323d33da7b8d6f6f269f1988931c0a52b7122bcdd8c05042974e0db,nested,4 KiB single,4096,1,52998566,50556823,4194304,1.0482970023650418,0.04716694495216579
0,ab,0,mistral-nemo,e11c71726323d33da7b8d6f6f269f1988931c0a52b7122bcdd8c05042974e0db,nested,64 KiB single,65536,1,46494895,46916012,4194304,0.9910240239515669,-0.009016502815241216
0,ab,1,mistral-nemo,e11c71726323d33da7b8d6f6f269f1988931c0a52b7122bcdd8c05042974e0db,nested,64 KiB single,65536,1,45272760,45227257,4194304,1.001006096832271,0.0010055910560644436
0,ab,2,mistral-nemo,e11c71726323d33da7b8d6f6f269f1988931c0a52b7122bcdd8c05042974e0db,nested,64 KiB single,65536,1,44393983,44714349,4194304,0.9928352753162077,-0.007190514582536858
0,ab,3,mistral-nemo,e11c71726323d33da7b8d6f6f269f1988931c0a52b7122bcdd8c05042974e0db,nested,64 KiB single,65536,1,40512961,40378581,4194304,1.0033280020414783,0.0033224764986356107
0,ab,4,mistral-nemo,e11c71726323d33da7b8d6f6f269f1988931c0a52b7122bcdd8c05042974e0db,nested,64 KiB single,65536,1,39231110,40163676,4194304,0.9767808603973401,-0.02349295056542796
0,ab,5,mistral-nemo,e11c71726323d33da7b8d6f6f269f1988931c0a52b7122bcdd8c05042974e0db,nested,64 KiB single,65536,1,42370671,41740691,4194304,1.015092706539046,0.014979944814498245
0,ab,0,nemotron-3,c6021eb6847e682f89aa52d5eb6e8c7d902a23acfc8137e25211cf84828f1592,flat-ragged,140-byte batch 1,140,1,73017021,73782098,4194400,0.9896305876257409,-0.010423549301360014
0,ab,1,nemotron-3,c6021eb6847e682f89aa52d5eb6e8c7d902a23acfc8137e25211cf84828f1592,flat-ragged,140-byte batch 1,140,1,63325500,64741314,4194400,0.9781312130921532,-0.0221114532306972
0,ab,2,nemotron-3,c6021eb6847e682f89aa52d5eb6e8c7d902a23acfc8137e25211cf84828f1592,flat-ragged,140-byte batch 1,140,1,56879926,57796991,4194400,0.9841329975119293,-0.015994230990084478
0,ab,3,nemotron-3,c6021eb6847e682f89aa52d5eb6e8c7d902a23acfc8137e25211cf84828f1592,flat-ragged,140-byte batch 1,140,1,44804400,45821241,4194400,0.9778085233440098,-0.02244141201732021
0,ab,4,nemotron-3,c6021eb6847e682f89aa52d5eb6e8c7d902a23acfc8137e25211cf84828f1592,flat-ragged,140-byte batch 1,140,1,64260546,64983867,4194400,0.9888692219562741,-0.011193188705278025
0,ab,5,nemotron-3,c6021eb6847e682f89aa52d5eb6e8c7d902a23acfc8137e25211cf84828f1592,flat-ragged,140-byte batch 1,140,1,57604127,60996644,4194400,0.9443819073062446,-0.057224631825699104
0,ab,0,nemotron-3,c6021eb6847e682f89aa52d5eb6e8c7d902a23acfc8137e25211cf84828f1592,flat-ragged,140-byte batch 32,140,32,64140233,64776372,4197760,0.9901794592633252,-0.0098690802981254
0,ab,1,nemotron-3,c6021eb6847e682f89aa52d5eb6e8c7d902a23acfc8137e25211cf84828f1592,flat-ragged,140-byte batch 32,140,32,57943117,60104643,4197760,0.9640372874355148,-0.03662530520728025
0,ab,2,nemotron-3,c6021eb6847e682f89aa52d5eb6e8c7d902a23acfc8137e25211cf84828f1592,flat-ragged,140-byte batch 32,140,32,54335761,54801245,4197760,0.9915059593992801,-0.008530320551917527
0,ab,3,nemotron-3,c6021eb6847e682f89aa52d5eb6e8c7d902a23acfc8137e25211cf84828f1592,flat-ragged,140-byte batch 32,140,32,41091416,41270110,4197760,0.9956701351171586,-0.004339265894347135
0,ab,4,nemotron-3,c6021eb6847e682f89aa52d5eb6e8c7d902a23acfc8137e25211cf84828f1592,flat-ragged,140-byte batch 32,140,32,60367316,61967681,4197760,0.9741741989667162,-0.02616514228938206
0,ab,5,nemotron-3,c6021eb6847e682f89aa52d5eb6e8c7d902a23acfc8137e25211cf84828f1592,flat-ragged,140-byte batch 32,140,32,54243671,56638922,4197760,0.9577101591022513,-0.043210094698096085
0,ab,0,nemotron-3,c6021eb6847e682f89aa52d5eb6e8c7d902a23acfc8137e25211cf84828f1592,flat-ragged,140-byte batch 512,140,512,20540548,21931414,4229120,0.9365811068999017,-0.06551915444138318
0,ab,1,nemotron-3,c6021eb6847e682f89aa52d5eb6e8c7d902a23acfc8137e25211cf84828f1592,flat-ragged,140-byte batch 512,140,512,20466669,20922108,4229120,0.9782316867879661,-0.02200873844714923
0,ab,2,nemotron-3,c6021eb6847e682f89aa52d5eb6e8c7d902a23acfc8137e25211cf84828f1592,flat-ragged,140-byte batch 512,140,512,19375593,19598757,4229120,0.9886133595105037,-0.011451964635439198
0,ab,3,nemotron-3,c6021eb6847e682f89aa52d5eb6e8c7d902a23acfc8137e25211cf84828f1592,flat-ragged,140-byte batch 512,140,512,16237844,16290399,4229120,0.9967738666192277,-0.003231348568682789
0,ab,4,nemotron-3,c6021eb6847e682f89aa52d5eb6e8c7d902a23acfc8137e25211cf84828f1592,flat-ragged,140-byte batch 512,140,512,15463382,16297059,4229120,0.9488449419002533,-0.052509884764916324
0,ab,5,nemotron-3,c6021eb6847e682f89aa52d5eb6e8c7d902a23acfc8137e25211cf84828f1592,flat-ragged,140-byte batch 512,140,512,15830303,16136708,4229120,0.9810119263482986,-0.01917066215295862
0,ab,0,nemotron-3,c6021eb6847e682f89aa52d5eb6e8c7d902a23acfc8137e25211cf84828f1592,flat-ragged,4 KiB single,4096,1,45535141,49533116,4194304,0.9192868262113775,-0.08415709845400886
0,ab,1,nemotron-3,c6021eb6847e682f89aa52d5eb6e8c7d902a23acfc8137e25211cf84828f1592,flat-ragged,4 KiB single,4096,1,49184986,49269001,4194304,0.9982947695651471,-0.0017066859952168153
0,ab,2,nemotron-3,c6021eb6847e682f89aa52d5eb6e8c7d902a23acfc8137e25211cf84828f1592,flat-ragged,4 KiB single,4096,1,43837235,45635671,4194304,0.960591441725487,-0.040206099092072324
0,ab,3,nemotron-3,c6021eb6847e682f89aa52d5eb6e8c7d902a23acfc8137e25211cf84828f1592,flat-ragged,4 KiB single,4096,1,43435524,45144447,4194304,0.962145443934666,-0.03858965062307955
0,ab,4,nemotron-3,c6021eb6847e682f89aa52d5eb6e8c7d902a23acfc8137e25211cf84828f1592,flat-ragged,4 KiB single,4096,1,44624171,45603046,4194304,0.9785348768150268,-0.02169884963861528
0,ab,5,nemotron-3,c6021eb6847e682f89aa52d5eb6e8c7d902a23acfc8137e25211cf84828f1592,flat-ragged,4 KiB single,4096,1,50891871,50328094,4194304,1.0112020335997625,0.011139755484148174
0,ab,0,nemotron-3,c6021eb6847e682f89aa52d5eb6e8c7d902a23acfc8137e25211cf84828f1592,flat-ragged,64 KiB single,65536,1,20897790,21456892,4194304,0.9739430109449215,-0.02640248737488689
0,ab,1,nemotron-3,c6021eb6847e682f89aa52d5eb6e8c7d902a23acfc8137e25211cf84828f1592,flat-ragged,64 KiB single,65536,1,20453258,20694181,4194304,0.9883579350156452,-0.011710364438195005
0,ab,2,nemotron-3,c6021eb6847e682f89aa52d5eb6e8c7d902a23acfc8137e25211cf84828f1592,flat-ragged,64 KiB single,65536,1,19419620,19064867,4194304,1.0186076829174837,0.018436678064586688
0,ab,3,nemotron-3,c6021eb6847e682f89aa52d5eb6e8c7d902a23acfc8137e25211cf84828f1592,flat-ragged,64 KiB single,65536,1,19817086,20497601,4194304,0.9668002611622697,-0.033763360022239786
0,ab,4,nemotron-3,c6021eb6847e682f89aa52d5eb6e8c7d902a23acfc8137e25211cf84828f1592,flat-ragged,64 KiB single,65536,1,19036510,19056322,4194304,0.998960345023557,-0.001040195792551937
0,ab,5,nemotron-3,c6021eb6847e682f89aa52d5eb6e8c7d902a23acfc8137e25211cf84828f1592,flat-ragged,64 KiB single,65536,1,18909442,18989736,4194304,0.9957717158363866,-0.004237248635578161
0,ab,0,nemotron-3,c6021eb6847e682f89aa52d5eb6e8c7d902a23acfc8137e25211cf84828f1592,nested,140-byte batch 1,140,1,76916691,77945332,4194400,0.9868030454986066,-0.01328480809476366
0,ab,1,nemotron-3,c6021eb6847e682f89aa52d5eb6e8c7d902a23acfc8137e25211cf84828f1592,nested,140-byte batch 1,140,1,64388038,65519098,4194400,0.9827369418303042,-0.017413802145393432
0,ab,2,nemotron-3,c6021eb6847e682f89aa52d5eb6e8c7d902a23acfc8137e25211cf84828f1592,nested,140-byte batch 1,140,1,60089031,60187050,4194400,0.9983714270760903,-0.0016299004903489222
0,ab,3,nemotron-3,c6021eb6847e682f89aa52d5eb6e8c7d902a23acfc8137e25211cf84828f1592,nested,140-byte batch 1,140,1,45948733,48277775,4194400,0.9517574701816727,-0.04944503485968634
0,ab,4,nemotron-3,c6021eb6847e682f89aa52d5eb6e8c7d902a23acfc8137e25211cf84828f1592,nested,140-byte batch 1,140,1,67384776,66566750,4194400,1.0122888078507664,0.012213913402964916
0,ab,5,nemotron-3,c6021eb6847e682f89aa52d5eb6e8c7d902a23acfc8137e25211cf84828f1592,nested,140-byte batch 1,140,1,60363293,63795447,4194400,0.9462006434409026,-0.05530063575900203
0,ab,0,nemotron-3,c6021eb6847e682f89aa52d5eb6e8c7d902a23acfc8137e25211cf84828f1592,nested,140-byte batch 32,140,32,75537507,78888939,4197760,0.9575170861405552,-0.04341171355333087
0,ab,1,nemotron-3,c6021eb6847e682f89aa52d5eb6e8c7d902a23acfc8137e25211cf84828f1592,nested,140-byte batch 32,140,32,65267386,66875598,4197760,0.975952185130367,-0.024341684414241227
0,ab,2,nemotron-3,c6021eb6847e682f89aa52d5eb6e8c7d902a23acfc8137e25211cf84828f1592,nested,140-byte batch 32,140,32,62140399,64435587,4197760,0.9643801180859888,-0.036269748725468634
0,ab,3,nemotron-3,c6021eb6847e682f89aa52d5eb6e8c7d902a23acfc8137e25211cf84828f1592,nested,140-byte batch 32,140,32,47655674,49575564,4197760,0.9612734612560333,-0.039496351431746846
0,ab,4,nemotron-3,c6021eb6847e682f89aa52d5eb6e8c7d902a23acfc8137e25211cf84828f1592,nested,140-byte batch 32,140,32,67756433,69227568,4197760,0.9787492895893728,-0.021479757512000337
0,ab,5,nemotron-3,c6021eb6847e682f89aa52d5eb6e8c7d902a23acfc8137e25211cf84828f1592,nested,140-byte batch 32,140,32,60193935,62005478,4197760,0.9707841458782077,-0.029651136249643783
0,ab,0,nemotron-3,c6021eb6847e682f89aa52d5eb6e8c7d902a23acfc8137e25211cf84828f1592,nested,140-byte batch 512,140,512,23756066,24720461,4229120,0.9609879848114483,-0.03979337288766563
0,ab,1,nemotron-3,c6021eb6847e682f89aa52d5eb6e8c7d902a23acfc8137e25211cf84828f1592,nested,140-byte batch 512,140,512,22761439,23485227,4229120,0.9691811367205435,-0.03130375296075725
0,ab,2,nemotron-3,c6021eb6847e682f89aa52d5eb6e8c7d902a23acfc8137e25211cf84828f1592,nested,140-byte batch 512,140,512,21572910,22522939,4229120,0.9578194923850746,-0.04309594007474469
0,ab,3,nemotron-3,c6021eb6847e682f89aa52d5eb6e8c7d902a23acfc8137e25211cf84828f1592,nested,140-byte batch 512,140,512,18687067,18967199,4229120,0.9852307132961488,-0.014879438540240512
0,ab,4,nemotron-3,c6021eb6847e682f89aa52d5eb6e8c7d902a23acfc8137e25211cf84828f1592,nested,140-byte batch 512,140,512,17519548,18913337,4229120,0.9263065528838195,-0.07655004849065228
0,ab,5,nemotron-3,c6021eb6847e682f89aa52d5eb6e8c7d902a23acfc8137e25211cf84828f1592,nested,140-byte batch 512,140,512,17964673,18001274,4229120,0.9979667550196725,-0.0020353148290514645
0,ab,0,nemotron-3,c6021eb6847e682f89aa52d5eb6e8c7d902a23acfc8137e25211cf84828f1592,nested,4 KiB single,4096,1,50691101,49920016,4194304,1.0154464093120483,0.015328327934841597
0,ab,1,nemotron-3,c6021eb6847e682f89aa52d5eb6e8c7d902a23acfc8137e25211cf84828f1592,nested,4 KiB single,4096,1,51721337,49616385,4194304,1.0424245337502924,0.04154928238259065
0,ab,2,nemotron-3,c6021eb6847e682f89aa52d5eb6e8c7d902a23acfc8137e25211cf84828f1592,nested,4 KiB single,4096,1,46181017,47116563,4194304,0.9801440100798524,-0.02005576905240121
0,ab,3,nemotron-3,c6021eb6847e682f89aa52d5eb6e8c7d902a23acfc8137e25211cf84828f1592,nested,4 KiB single,4096,1,44845866,44825083,4194304,1.0004636466596168,0.0004635392087159097
0,ab,4,nemotron-3,c6021eb6847e682f89aa52d5eb6e8c7d902a23acfc8137e25211cf84828f1592,nested,4 KiB single,4096,1,44017930,44466146,4194304,0.9899200618825836,-0.01013108468674857
0,ab,5,nemotron-3,c6021eb6847e682f89aa52d5eb6e8c7d902a23acfc8137e25211cf84828f1592,nested,4 KiB single,4096,1,50750758,52471921,4194304,0.9671983993115099,-0.033351634654480815
0,ab,0,nemotron-3,c6021eb6847e682f89aa52d5eb6e8c7d902a23acfc8137e25211cf84828f1592,nested,64 KiB single,65536,1,48158674,47926927,4194304,1.004835423727459,0.004823770616202747
0,ab,1,nemotron-3,c6021eb6847e682f89aa52d5eb6e8c7d902a23acfc8137e25211cf84828f1592,nested,64 KiB single,65536,1,46633891,46944853,4194304,0.9933760150447164,-0.006646020908079926
0,ab,2,nemotron-3,c6021eb6847e682f89aa52d5eb6e8c7d902a23acfc8137e25211cf84828f1592,nested,64 KiB single,65536,1,46426796,46196173,4194304,1.0049922533626325,0.004979833384448494
0,ab,3,nemotron-3,c6021eb6847e682f89aa52d5eb6e8c7d902a23acfc8137e25211cf84828f1592,nested,64 KiB single,65536,1,42205806,42656326,4194304,0.9894383777918426,-0.01061779198603777
0,ab,4,nemotron-3,c6021eb6847e682f89aa52d5eb6e8c7d902a23acfc8137e25211cf84828f1592,nested,64 KiB single,65536,1,41544248,40305107,4194304,1.0307440196102196,0.030280890609112397
0,ab,5,nemotron-3,c6021eb6847e682f89aa52d5eb6e8c7d902a23acfc8137e25211cf84828f1592,nested,64 KiB single,65536,1,43718407,44084381,4194304,0.9916983296192817,-0.00833632115239005
0,ab,0,phi-4-mini,382cc235b56c725945e149cc25f191da667c836655efd0857b004320e90e91ea,flat-ragged,140-byte batch 1,140,1,43683896,51311049,4194400,0.8513545688765786,-0.1609265875044324
0,ab,1,phi-4-mini,382cc235b56c725945e149cc25f191da667c836655efd0857b004320e90e91ea,flat-ragged,140-byte batch 1,140,1,41806850,48968854,4194400,0.853743687773457,-0.15812426165482735
0,ab,2,phi-4-mini,382cc235b56c725945e149cc25f191da667c836655efd0857b004320e90e91ea,flat-ragged,140-byte batch 1,140,1,42413423,46724091,4194400,0.9077420682191548,-0.0967950065731215
0,ab,3,phi-4-mini,382cc235b56c725945e149cc25f191da667c836655efd0857b004320e90e91ea,flat-ragged,140-byte batch 1,140,1,45064511,51566758,4194400,0.8739062285048054,-0.13478219912285813
0,ab,4,phi-4-mini,382cc235b56c725945e149cc25f191da667c836655efd0857b004320e90e91ea,flat-ragged,140-byte batch 1,140,1,41655170,43993069,4194400,0.9468575606762056,-0.054606608221715876
0,ab,5,phi-4-mini,382cc235b56c725945e149cc25f191da667c836655efd0857b004320e90e91ea,flat-ragged,140-byte batch 1,140,1,36636438,41930487,4194400,0.8737422486888836,-0.1349698567880498
0,ab,0,phi-4-mini,382cc235b56c725945e149cc25f191da667c836655efd0857b004320e90e91ea,flat-ragged,140-byte batch 32,140,32,40487934,45436883,4197760,0.8910807988303246,-0.11532017231155964
0,ab,1,phi-4-mini,382cc235b56c725945e149cc25f191da667c836655efd0857b004320e90e91ea,flat-ragged,140-byte batch 32,140,32,39653995,42675409,4197760,0.9292001161605739,-0.07343115307451127
0,ab,2,phi-4-mini,382cc235b56c725945e149cc25f191da667c836655efd0857b004320e90e91ea,flat-ragged,140-byte batch 32,140,32,39997617,42537551,4197760,0.9402896043545149,-0.06156736142913977
0,ab,3,phi-4-mini,382cc235b56c725945e149cc25f191da667c836655efd0857b004320e90e91ea,flat-ragged,140-byte batch 32,140,32,41547288,45133495,4197760,0.9205422270090096,-0.0827924053698644
0,ab,4,phi-4-mini,382cc235b56c725945e149cc25f191da667c836655efd0857b004320e90e91ea,flat-ragged,140-byte batch 32,140,32,37953904,41040721,4197760,0.9247864821868017,-0.078192398183395
0,ab,5,phi-4-mini,382cc235b56c725945e149cc25f191da667c836655efd0857b004320e90e91ea,flat-ragged,140-byte batch 32,140,32,33361293,35729146,4197760,0.9337276911124603,-0.06857043453408475
0,ab,0,phi-4-mini,382cc235b56c725945e149cc25f191da667c836655efd0857b004320e90e91ea,flat-ragged,140-byte batch 512,140,512,14815028,14867399,4229120,0.9964774605161266,-0.0035287582342385304
0,ab,1,phi-4-mini,382cc235b56c725945e149cc25f191da667c836655efd0857b004320e90e91ea,flat-ragged,140-byte batch 512,140,512,14320711,14888811,4229120,0.9618438302427239,-0.03890318011979853
0,ab,2,phi-4-mini,382cc235b56c725945e149cc25f191da667c836655efd0857b004320e90e91ea,flat-ragged,140-byte batch 512,140,512,13466801,14626521,4229120,0.9207111520230956,-0.08260891621352809
0,ab,3,phi-4-mini,382cc235b56c725945e149cc25f191da667c836655efd0857b004320e90e91ea,flat-ragged,140-byte batch 512,140,512,11840811,12580469,4229120,0.941205848525997,-0.06059340824471165
0,ab,4,phi-4-mini,382cc235b56c725945e149cc25f191da667c836655efd0857b004320e90e91ea,flat-ragged,140-byte batch 512,140,512,11443800,12232309,4229120,0.9355388259076843,-0.06663263128828789
0,ab,5,phi-4-mini,382cc235b56c725945e149cc25f191da667c836655efd0857b004320e90e91ea,flat-ragged,140-byte batch 512,140,512,11589762,11853452,4229120,0.9777541597165113,-0.02249701097917755
0,ab,0,phi-4-mini,382cc235b56c725945e149cc25f191da667c836655efd0857b004320e90e91ea,flat-ragged,4 KiB single,4096,1,29507254,35523411,4194304,0.8306424740574603,-0.18555581249592462
0,ab,1,phi-4-mini,382cc235b56c725945e149cc25f191da667c836655efd0857b004320e90e91ea,flat-ragged,4 KiB single,4096,1,31307634,34483824,4194304,0.9078933357274994,-0.09662837894692983
0,ab,2,phi-4-mini,382cc235b56c725945e149cc25f191da667c836655efd0857b004320e90e91ea,flat-ragged,4 KiB single,4096,1,29090647,32133980,4194304,0.9052923727468555,-0.09949732364740639
0,ab,3,phi-4-mini,382cc235b56c725945e149cc25f191da667c836655efd0857b004320e90e91ea,flat-ragged,4 KiB single,4096,1,28987970,32631287,4194304,0.8883489639866181,-0.11839063572297881
0,ab,4,phi-4-mini,382cc235b56c725945e149cc25f191da667c836655efd0857b004320e90e91ea,flat-ragged,4 KiB single,4096,1,34227329,38728558,4194304,0.8837749394129263,-0.12355284218319278
0,ab,5,phi-4-mini,382cc235b56c725945e149cc25f191da667c836655efd0857b004320e90e91ea,flat-ragged,4 KiB single,4096,1,31588973,35173187,4194304,0.898098116613658,-0.10747595538608902
0,ab,0,phi-4-mini,382cc235b56c725945e149cc25f191da667c836655efd0857b004320e90e91ea,flat-ragged,64 KiB single,65536,1,16944104,18100935,4194304,0.9360899865117465,-0.06604366769001781
0,ab,1,phi-4-mini,382cc235b56c725945e149cc25f191da667c836655efd0857b004320e90e91ea,flat-ragged,64 KiB single,65536,1,17023877,17579852,4194304,0.968374307132961,-0.03213658552488068
0,ab,2,phi-4-mini,382cc235b56c725945e149cc25f191da667c836655efd0857b004320e90e91ea,flat-ragged,64 KiB single,65536,1,15801698,16782165,4194304,0.9415768466106726,-0.06019931274932001
0,ab,3,phi-4-mini,382cc235b56c725945e149cc25f191da667c836655efd0857b004320e90e91ea,flat-ragged,64 KiB single,65536,1,16955836,18372159,4194304,0.9229092781093392,-0.08022433954915612
0,ab,4,phi-4-mini,382cc235b56c725945e149cc25f191da667c836655efd0857b004320e90e91ea,flat-ragged,64 KiB single,65536,1,16533806,16951504,4194304,0.9753592365609565,-0.024949428089668633
0,ab,5,phi-4-mini,382cc235b56c725945e149cc25f191da667c836655efd0857b004320e90e91ea,flat-ragged,64 KiB single,65536,1,16247832,17316523,4194304,0.9382848970315808,-0.06370164791332046
0,ab,0,phi-4-mini,382cc235b56c725945e149cc25f191da667c836655efd0857b004320e90e91ea,nested,140-byte batch 1,140,1,48420943,48882234,4194400,0.9905632177121856,-0.009481590839627843
0,ab,1,phi-4-mini,382cc235b56c725945e149cc25f191da667c836655efd0857b004320e90e91ea,nested,140-byte batch 1,140,1,43875938,44528478,4194400,0.9853455579595601,-0.014762879069575388
0,ab,2,phi-4-mini,382cc235b56c725945e149cc25f191da667c836655efd0857b004320e90e91ea,nested,140-byte batch 1,140,1,44421723,44544049,4194400,0.9972538194720466,-0.002749958199396347
0,ab,3,phi-4-mini,382cc235b56c725945e149cc25f191da667c836655efd0857b004320e90e91ea,nested,140-byte batch 1,140,1,44940364,47447240,4194400,0.9471649773516858,-0.054281990460303374
0,ab,4,phi-4-mini,382cc235b56c725945e149cc25f191da667c836655efd0857b004320e90e91ea,nested,140-byte batch 1,140,1,41899763,43797062,4194400,0.9566797654144016,-0.044286566919512445
0,ab,5,phi-4-mini,382cc235b56c725945e149cc25f191da667c836655efd0857b004320e90e91ea,nested,140-byte batch 1,140,1,37578740,38438399,4194400,0.9776354108817071,-0.022618468960477686
0,ab,0,phi-4-mini,382cc235b56c725945e149cc25f191da667c836655efd0857b004320e90e91ea,nested,140-byte batch 32,140,32,51281501,51410989,4197760,0.9974813166889281,-0.0025218605299426144
0,ab,1,phi-4-mini,382cc235b56c725945e149cc25f191da667c836655efd0857b004320e90e91ea,nested,140-byte batch 32,140,32,46027906,47231393,4197760,0.9745193414049846,-0.025810912714821447
0,ab,2,phi-4-mini,382cc235b56c725945e149cc25f191da667c836655efd0857b004320e90e91ea,nested,140-byte batch 32,140,32,45879922,46880375,4197760,0.9786594497164325,-0.02157155221098105
0,ab,3,phi-4-mini,382cc235b56c725945e149cc25f191da667c836655efd0857b004320e90e91ea,nested,140-byte batch 32,140,32,48785572,50470891,4197760,0.9666080989138868,-0.033962140841629754
0,ab,4,phi-4-mini,382cc235b56c725945e149cc25f191da667c836655efd0857b004320e90e91ea,nested,140-byte batch 32,140,32,43488880,45317198,4197760,0.9596550960630884,-0.04118133400923962
0,ab,5,phi-4-mini,382cc235b56c725945e149cc25f191da667c836655efd0857b004320e90e91ea,nested,140-byte batch 32,140,32,41093369,39781317,4197760,1.0329816129516276,0.032449390319480256
0,ab,0,phi-4-mini,382cc235b56c725945e149cc25f191da667c836655efd0857b004320e90e91ea,nested,140-byte batch 512,140,512,17866827,18290392,4229120,0.9768422131138578,-0.023430141400886777
0,ab,1,phi-4-mini,382cc235b56c725945e149cc25f191da667c836655efd0857b004320e90e91ea,nested,140-byte batch 512,140,512,17219682,17708544,4229120,0.9723940037080406,-0.0279942030461822
0,ab,2,phi-4-mini,382cc235b56c725945e149cc25f191da667c836655efd0857b004320e90e91ea,nested,140-byte batch 512,140,512,16412764,16739664,4229120,0.9804715315671808,-0.019721668374917192
0,ab,3,phi-4-mini,382cc235b56c725945e149cc25f191da667c836655efd0857b004320e90e91ea,nested,140-byte batch 512,140,512,14672967,15207590,4229120,0.9648449885879353,-0.03578782413373943
0,ab,4,phi-4-mini,382cc235b56c725945e149cc25f191da667c836655efd0857b004320e90e91ea,nested,140-byte batch 512,140,512,14209339,14474733,4229120,0.9816650158590144,-0.018505153203649906
0,ab,5,phi-4-mini,382cc235b56c725945e149cc25f191da667c836655efd0857b004320e90e91ea,nested,140-byte batch 512,140,512,14687384,14975848,4229120,0.9807380523627109,-0.01944987611023046
0,ab,0,phi-4-mini,382cc235b56c725945e149cc25f191da667c836655efd0857b004320e90e91ea,nested,4 KiB single,4096,1,35255453,36915216,4194304,0.9550385131161091,-0.046003611444282194
0,ab,1,phi-4-mini,382cc235b56c725945e149cc25f191da667c836655efd0857b004320e90e91ea,nested,4 KiB single,4096,1,33583817,34342439,4194304,0.9779100721413526,-0.02233756395076453
0,ab,2,phi-4-mini,382cc235b56c725945e149cc25f191da667c836655efd0857b004320e90e91ea,nested,4 KiB single,4096,1,31734434,32782332,4194304,0.9680346718470181,-0.03248737432323112
0,ab,3,phi-4-mini,382cc235b56c725945e149cc25f191da667c836655efd0857b004320e90e91ea,nested,4 KiB single,4096,1,32132074,32235629,4194304,0.996787560745286,-0.003217610214930081
0,ab,4,phi-4-mini,382cc235b56c725945e149cc25f191da667c836655efd0857b004320e90e91ea,nested,4 KiB single,4096,1,34964015,37544449,4194304,0.9312698929207883,-0.07120614799084318
0,ab,5,phi-4-mini,382cc235b56c725945e149cc25f191da667c836655efd0857b004320e90e91ea,nested,4 KiB single,4096,1,34083437,35796285,4194304,0.952150118371222,-0.04903256925738843
0,ab,0,phi-4-mini,382cc235b56c725945e149cc25f191da667c836655efd0857b004320e90e91ea,nested,64 KiB single,65536,1,34371003,35592565,4194304,0.9656792928523134,-0.034923494869053294
0,ab,1,phi-4-mini,382cc235b56c725945e149cc25f191da667c836655efd0857b004320e90e91ea,nested,64 KiB single,65536,1,31725109,32538665,4194304,0.9749972532677662,-0.02532062514952351
0,ab,2,phi-4-mini,382cc235b56c725945e149cc25f191da667c836655efd0857b004320e90e91ea,nested,64 KiB single,65536,1,30961378,31317385,4194304,0.9886322884238259,-0.011432817886179612
0,ab,3,phi-4-mini,382cc235b56c725945e149cc25f191da667c836655efd0857b004320e90e91ea,nested,64 KiB single,65536,1,28419108,29450772,4194304,0.9649698826231109,-0.035658387847168
0,ab,4,phi-4-mini,382cc235b56c725945e149cc25f191da667c836655efd0857b004320e90e91ea,nested,64 KiB single,65536,1,32333819,32504100,4194304,0.9947612455044132,-0.005252524884096941
0,ab,5,phi-4-mini,382cc235b56c725945e149cc25f191da667c836655efd0857b004320e90e91ea,nested,64 KiB single,65536,1,30687764,32150711,4194304,0.9544972115857717,-0.04657055715557124
0,ab,0,qwen-2-5,c0382117ea329cdf097041132f6d735924b697924d6f6fc3945713e96ce87539,flat-ragged,140-byte batch 1,140,1,42549287,44544700,4194400,0.9552042555006544,-0.04583008126509855
0,ab,1,qwen-2-5,c0382117ea329cdf097041132f6d735924b697924d6f6fc3945713e96ce87539,flat-ragged,140-byte batch 1,140,1,41578017,43745466,4194400,0.9504531738214882,-0.05081638305259113
0,ab,2,qwen-2-5,c0382117ea329cdf097041132f6d735924b697924d6f6fc3945713e96ce87539,flat-ragged,140-byte batch 1,140,1,39889413,40791590,4194400,0.9778832597601613,-0.02236498237044684
0,ab,3,qwen-2-5,c0382117ea329cdf097041132f6d735924b697924d6f6fc3945713e96ce87539,flat-ragged,140-byte batch 1,140,1,43273761,45637255,4194400,0.948211302366893,-0.05317790877194183
0,ab,4,qwen-2-5,c0382117ea329cdf097041132f6d735924b697924d6f6fc3945713e96ce87539,flat-ragged,140-byte batch 1,140,1,39875706,41034089,4194400,0.9717702274321236,-0.028635893997316957
0,ab,5,qwen-2-5,c0382117ea329cdf097041132f6d735924b697924d6f6fc3945713e96ce87539,flat-ragged,140-byte batch 1,140,1,37008894,40230234,4194400,0.9199273859555478,-0.08346054036324115
0,ab,0,qwen-2-5,c0382117ea329cdf097041132f6d735924b697924d6f6fc3945713e96ce87539,flat-ragged,140-byte batch 32,140,32,39554266,39712684,4197760,0.9960108966696887,-0.003997081025970572
0,ab,1,qwen-2-5,c0382117ea329cdf097041132f6d735924b697924d6f6fc3945713e96ce87539,flat-ragged,140-byte batch 32,140,32,38918708,40333391,4197760,0.9649252650242078,-0.035704626212983266
0,ab,2,qwen-2-5,c0382117ea329cdf097041132f6d735924b697924d6f6fc3945713e96ce87539,flat-ragged,140-byte batch 32,140,32,37124006,38435433,4197760,0.9658797391459074,-0.03471594615737221
0,ab,3,qwen-2-5,c0382117ea329cdf097041132f6d735924b697924d6f6fc3945713e96ce87539,flat-ragged,140-byte batch 32,140,32,41312590,42192639,4197760,0.9791421200271451,-0.02107847842051027
0,ab,4,qwen-2-5,c0382117ea329cdf097041132f6d735924b697924d6f6fc3945713e96ce87539,flat-ragged,140-byte batch 32,140,32,38340921,38777062,4197760,0.9887526032787115,-0.011311127004916226
0,ab,5,qwen-2-5,c0382117ea329cdf097041132f6d735924b697924d6f6fc3945713e96ce87539,flat-ragged,140-byte batch 32,140,32,35851287,35874486,4197760,0.9993533287138944,-0.0006468804681679805
0,ab,0,qwen-2-5,c0382117ea329cdf097041132f6d735924b697924d6f6fc3945713e96ce87539,flat-ragged,140-byte batch 512,140,512,13356594,14401650,4229120,0.9274349814083803,-0.07533258786513695
0,ab,1,qwen-2-5,c0382117ea329cdf097041132f6d735924b697924d6f6fc3945713e96ce87539,flat-ragged,140-byte batch 512,140,512,13892607,14443954,4229120,0.9618285270086017,-0.03891909055700461
0,ab,2,qwen-2-5,c0382117ea329cdf097041132f6d735924b697924d6f6fc3945713e96ce87539,flat-ragged,140-byte batch 512,140,512,12814459,13848458,4229120,0.9253347195767211,-0.07759974792302995
0,ab,3,qwen-2-5,c0382117ea329cdf097041132f6d735924b697924d6f6fc3945713e96ce87539,flat-ragged,140-byte batch 512,140,512,11851019,12533854,4229120,0.9455207472498084,-0.0560194479728034
0,ab,4,qwen-2-5,c0382117ea329cdf097041132f6d735924b697924d6f6fc3945713e96ce87539,flat-ragged,140-byte batch 512,140,512,11124422,11532653,4229120,0.9646021604916059,-0.03603953156996269
0,ab,5,qwen-2-5,c0382117ea329cdf097041132f6d735924b697924d6f6fc3945713e96ce87539,flat-ragged,140-byte batch 512,140,512,10650023,11445201,4229120,0.9305230200850121,-0.07200846372705962
0,ab,0,qwen-2-5,c0382117ea329cdf097041132f6d735924b697924d6f6fc3945713e96ce87539,flat-ragged,4 KiB single,4096,1,31216637,34239410,4194304,0.9117165570317947,-0.09242612994217002
0,ab,1,qwen-2-5,c0382117ea329cdf097041132f6d735924b697924d6f6fc3945713e96ce87539,flat-ragged,4 KiB single,4096,1,32627475,33083663,4194304,0.9862110794684373,-0.013884870750617064
0,ab,2,qwen-2-5,c0382117ea329cdf097041132f6d735924b697924d6f6fc3945713e96ce87539,flat-ragged,4 KiB single,4096,1,28762700,31148758,4194304,0.9233979730427775,-0.07969496401369643
0,ab,3,qwen-2-5,c0382117ea329cdf097041132f6d735924b697924d6f6fc3945713e96ce87539,flat-ragged,4 KiB single,4096,1,29215726,29672362,4194304,0.984610729674975,-0.015508914220994272
0,ab,4,qwen-2-5,c0382117ea329cdf097041132f6d735924b697924d6f6fc3945713e96ce87539,flat-ragged,4 KiB single,4096,1,32310706,33504250,4194304,0.9643763403150346,-0.036273666038033135
0,ab,5,qwen-2-5,c0382117ea329cdf097041132f6d735924b697924d6f6fc3945713e96ce87539,flat-ragged,4 KiB single,4096,1,32600120,33722987,4194304,0.9667032164143704,-0.033863742306633096
0,ab,0,qwen-2-5,c0382117ea329cdf097041132f6d735924b697924d6f6fc3945713e96ce87539,flat-ragged,64 KiB single,65536,1,30102113,29938133,4194304,1.0054772954612767,0.005462349628814036
0,ab,1,qwen-2-5,c0382117ea329cdf097041132f6d735924b697924d6f6fc3945713e96ce87539,flat-ragged,64 KiB single,65536,1,30119632,30268018,4194304,0.9950975977350086,-0.004914458457986801
0,ab,2,qwen-2-5,c0382117ea329cdf097041132f6d735924b697924d6f6fc3945713e96ce87539,flat-ragged,64 KiB single,65536,1,27437862,27860180,4194304,0.9848415193297387,-0.015274544836372934
0,ab,3,qwen-2-5,c0382117ea329cdf097041132f6d735924b697924d6f6fc3945713e96ce87539,flat-ragged,64 KiB single,65536,1,28613731,29107467,4194304,0.9830374796955021,-0.017108031692539327
0,ab,4,qwen-2-5,c0382117ea329cdf097041132f6d735924b697924d6f6fc3945713e96ce87539,flat-ragged,64 KiB single,65536,1,28337373,29429283,4194304,0.9628971592682024,-0.0378086649238601
0,ab,5,qwen-2-5,c0382117ea329cdf097041132f6d735924b697924d6f6fc3945713e96ce87539,flat-ragged,64 KiB single,65536,1,31920711,32542884,4194304,0.9808814424683442,-0.0193036804731393
0,ab,0,qwen-2-5,c0382117ea329cdf097041132f6d735924b697924d6f6fc3945713e96ce87539,nested,140-byte batch 1,140,1,45171311,46620115,4194400,0.9689231997818967,-0.03156992742341306
0,ab,1,qwen-2-5,c0382117ea329cdf097041132f6d735924b697924d6f6fc3945713e96ce87539,nested,140-byte batch 1,140,1,41216262,42200089,4194400,0.976686613149086,-0.023589442828138796
0,ab,2,qwen-2-5,c0382117ea329cdf097041132f6d735924b697924d6f6fc3945713e96ce87539,nested,140-byte batch 1,140,1,40273742,41636870,4194400,0.9672615160553615,-0.03328637949631224
0,ab,3,qwen-2-5,c0382117ea329cdf097041132f6d735924b697924d6f6fc3945713e96ce87539,nested,140-byte batch 1,140,1,45378259,47900813,4194400,0.9473379710695098,-0.05409936343568041
0,ab,4,qwen-2-5,c0382117ea329cdf097041132f6d735924b697924d6f6fc3945713e96ce87539,nested,140-byte batch 1,140,1,40810311,41715412,4194400,0.9783029591077753,-0.02193588277859235
0,ab,5,qwen-2-5,c0382117ea329cdf097041132f6d735924b697924d6f6fc3945713e96ce87539,nested,140-byte batch 1,140,1,39439034,39215208,4194400,1.0057076326102874,0.005691405790485462
0,ab,0,qwen-2-5,c0382117ea329cdf097041132f6d735924b697924d6f6fc3945713e96ce87539,nested,140-byte batch 32,140,32,47959854,49305535,4197760,0.9727073035512138,-0.02767206060073389
0,ab,1,qwen-2-5,c0382117ea329cdf097041132f6d735924b697924d6f6fc3945713e96ce87539,nested,140-byte batch 32,140,32,43515617,45705643,4197760,0.9520841223041102,-0.049101884329797583
0,ab,2,qwen-2-5,c0382117ea329cdf097041132f6d735924b697924d6f6fc3945713e96ce87539,nested,140-byte batch 32,140,32,42350787,44286053,4197760,0.9563007793898454,-0.04468279262138254
0,ab,3,qwen-2-5,c0382117ea329cdf097041132f6d735924b697924d6f6fc3945713e96ce87539,nested,140-byte batch 32,140,32,47430412,47110989,4197760,1.0067802227628888,0.006757340425862849
0,ab,4,qwen-2-5,c0382117ea329cdf097041132f6d735924b697924d6f6fc3945713e96ce87539,nested,140-byte batch 32,140,32,41633573,42933327,4197760,0.9697262222422223,-0.030741492434467332
0,ab,5,qwen-2-5,c0382117ea329cdf097041132f6d735924b697924d6f6fc3945713e96ce87539,nested,140-byte batch 32,140,32,41495745,41962240,4197760,0.9888829814614282,-0.011179274419018628
0,ab,0,qwen-2-5,c0382117ea329cdf097041132f6d735924b697924d6f6fc3945713e96ce87539,nested,140-byte batch 512,140,512,17029796,17953115,4229120,0.9485705405440783,-0.052799121740820465
0,ab,1,qwen-2-5,c0382117ea329cdf097041132f6d735924b697924d6f6fc3945713e96ce87539,nested,140-byte batch 512,140,512,16271488,17213665,4229120,0.945265752528587,-0.05628917141624577
0,ab,2,qwen-2-5,c0382117ea329cdf097041132f6d735924b697924d6f6fc3945713e96ce87539,nested,140-byte batch 512,140,512,15779348,16717494,4229120,0.9438823785430999,-0.05775371960069027
0,ab,3,qwen-2-5,c0382117ea329cdf097041132f6d735924b697924d6f6fc3945713e96ce87539,nested,140-byte batch 512,140,512,14355079,15035642,4229120,0.9547366850048704,-0.04631969902783513
0,ab,4,qwen-2-5,c0382117ea329cdf097041132f6d735924b697924d6f6fc3945713e96ce87539,nested,140-byte batch 512,140,512,13558529,14423058,4229120,0.9400592440243948,-0.06181238014624771
0,ab,5,qwen-2-5,c0382117ea329cdf097041132f6d735924b697924d6f6fc3945713e96ce87539,nested,140-byte batch 512,140,512,14587391,14667337,4229120,0.9945493854814954,-0.0054655233172414145
0,ab,0,qwen-2-5,c0382117ea329cdf097041132f6d735924b697924d6f6fc3945713e96ce87539,nested,4 KiB single,4096,1,35185569,36361789,4194304,0.9676523066563089,-0.0328824435673071
0,ab,1,qwen-2-5,c0382117ea329cdf097041132f6d735924b697924d6f6fc3945713e96ce87539,nested,4 KiB single,4096,1,33682605,33232129,4194304,1.0135554360661034,0.013464383061913238
0,ab,2,qwen-2-5,c0382117ea329cdf097041132f6d735924b697924d6f6fc3945713e96ce87539,nested,4 KiB single,4096,1,31630061,31870645,4194304,0.9924512352981875,-0.007577400828685502
0,ab,3,qwen-2-5,c0382117ea329cdf097041132f6d735924b697924d6f6fc3945713e96ce87539,nested,4 KiB single,4096,1,30744604,31500835,4194304,0.9759933030346656,-0.02429955423739561
0,ab,4,qwen-2-5,c0382117ea329cdf097041132f6d735924b697924d6f6fc3945713e96ce87539,nested,4 KiB single,4096,1,33629220,34226395,4194304,0.9825522086097587,-0.017601798116417124
0,ab,5,qwen-2-5,c0382117ea329cdf097041132f6d735924b697924d6f6fc3945713e96ce87539,nested,4 KiB single,4096,1,33679080,33472318,4194304,1.0061771043164682,0.006158104211210275
0,ab,0,qwen-2-5,c0382117ea329cdf097041132f6d735924b697924d6f6fc3945713e96ce87539,nested,64 KiB single,65536,1,33901942,34522777,4194304,0.9820166552650154,-0.018147010216494293
0,ab,1,qwen-2-5,c0382117ea329cdf097041132f6d735924b697924d6f6fc3945713e96ce87539,nested,64 KiB single,65536,1,31231331,31747720,4194304,0.9837346114933608,-0.016399122073395046
0,ab,2,qwen-2-5,c0382117ea329cdf097041132f6d735924b697924d6f6fc3945713e96ce87539,nested,64 KiB single,65536,1,30733424,31279748,4194304,0.9825342582683211,-0.017620067380127037
0,ab,3,qwen-2-5,c0382117ea329cdf097041132f6d735924b697924d6f6fc3945713e96ce87539,nested,64 KiB single,65536,1,29233696,29750000,4194304,0.982645243697479,-0.017507115429259586
0,ab,4,qwen-2-5,c0382117ea329cdf097041132f6d735924b697924d6f6fc3945713e96ce87539,nested,64 KiB single,65536,1,30817572,31125006,4194304,0.9901226043137148,-0.009926500780254584
0,ab,5,qwen-2-5,c0382117ea329cdf097041132f6d735924b697924d6f6fc3945713e96ce87539,nested,64 KiB single,65536,1,31844956,31395283,4194304,1.0143229478135298,0.01422134343012429
0,ab,0,qwen-3,aeb13307a71acd8fe81861d94ad54ab689df773318809eed3cbe794b4492dae4,flat-ragged,140-byte batch 1,140,1,43976057,42956277,4194400,1.023739953069024,0.023462542284994857
0,ab,1,qwen-3,aeb13307a71acd8fe81861d94ad54ab689df773318809eed3cbe794b4492dae4,flat-ragged,140-byte batch 1,140,1,44177427,45228370,4194400,0.9767636330913539,-0.02351058753867741
0,ab,2,qwen-3,aeb13307a71acd8fe81861d94ad54ab689df773318809eed3cbe794b4492dae4,flat-ragged,140-byte batch 1,140,1,40822996,41132107,4194400,0.9924849218154567,-0.007543458661677548
0,ab,3,qwen-3,aeb13307a71acd8fe81861d94ad54ab689df773318809eed3cbe794b4492dae4,flat-ragged,140-byte batch 1,140,1,43610890,46791646,4194400,0.9320229940190606,-0.07039779290661605
0,ab,4,qwen-3,aeb13307a71acd8fe81861d94ad54ab689df773318809eed3cbe794b4492dae4,flat-ragged,140-byte batch 1,140,1,39390748,43103414,4194400,0.913866080306307,-0.09007123871577534
0,ab,5,qwen-3,aeb13307a71acd8fe81861d94ad54ab689df773318809eed3cbe794b4492dae4,flat-ragged,140-byte batch 1,140,1,38549915,40081548,4194400,0.961787079680655,-0.03896218370701746
0,ab,0,qwen-3,aeb13307a71acd8fe81861d94ad54ab689df773318809eed3cbe794b4492dae4,flat-ragged,140-byte batch 32,140,32,41142409,45043346,4197760,0.9133959319984799,-0.0905858319323321
0,ab,1,qwen-3,aeb13307a71acd8fe81861d94ad54ab689df773318809eed3cbe794b4492dae4,flat-ragged,140-byte batch 32,140,32,39052634,41144904,4197760,0.9491487451277076,-0.05218975384759522
0,ab,2,qwen-3,aeb13307a71acd8fe81861d94ad54ab689df773318809eed3cbe794b4492dae4,flat-ragged,140-byte batch 32,140,32,37827548,38383254,4197760,0.9855221758947275,-0.014583650466248758
0,ab,3,qwen-3,aeb13307a71acd8fe81861d94ad54ab689df773318809eed3cbe794b4492dae4,flat-ragged,140-byte batch 32,140,32,43662641,42369636,4197760,1.0305172553287925,0.030060865826132252
0,ab,4,qwen-3,aeb13307a71acd8fe81861d94ad54ab689df773318809eed3cbe794b4492dae4,flat-ragged,140-byte batch 32,140,32,37922109,38653486,4197760,0.9810786276818603,-0.019102672086495714
0,ab,5,qwen-3,aeb13307a71acd8fe81861d94ad54ab689df773318809eed3cbe794b4492dae4,flat-ragged,140-byte batch 32,140,32,35893641,37616189,4197760,0.9542072696412707,-0.04687436735728964
0,ab,0,qwen-3,aeb13307a71acd8fe81861d94ad54ab689df773318809eed3cbe794b4492dae4,flat-ragged,140-byte batch 512,140,512,15016685,14296951,4229120,1.05034178266401,0.04911561850248186
0,ab,1,qwen-3,aeb13307a71acd8fe81861d94ad54ab689df773318809eed3cbe794b4492dae4,flat-ragged,140-byte batch 512,140,512,14660797,14942085,4229120,0.9811747825019065,-0.019004667598773436
0,ab,2,qwen-3,aeb13307a71acd8fe81861d94ad54ab689df773318809eed3cbe794b4492dae4,flat-ragged,140-byte batch 512,140,512,13924680,13918238,4229120,1.0004628459435743,0.0004627388634303216
0,ab,3,qwen-3,aeb13307a71acd8fe81861d94ad54ab689df773318809eed3cbe794b4492dae4,flat-ragged,140-byte batch 512,140,512,11968122,12076678,4229120,0.9910111042125989,-0.0090295396568033
0,ab,4,qwen-3,aeb13307a71acd8fe81861d94ad54ab689df773318809eed3cbe794b4492dae4,flat-ragged,140-byte batch 512,140,512,11249882,11954400,4229120,0.9410662182961922,-0.060741771738514805
0,ab,5,qwen-3,aeb13307a71acd8fe81861d94ad54ab689df773318809eed3cbe794b4492dae4,flat-ragged,140-byte batch 512,140,512,11278873,12039529,4229120,0.9368201197904005,-0.06526398978323053
0,ab,0,qwen-3,aeb13307a71acd8fe81861d94ad54ab689df773318809eed3cbe794b4492dae4,flat-ragged,4 KiB single,4096,1,33448082,34197510,4194304,0.9780853050412149,-0.022158388782586445
0,ab,1,qwen-3,aeb13307a71acd8fe81861d94ad54ab689df773318809eed3cbe794b4492dae4,flat-ragged,4 KiB single,4096,1,32535505,33755470,4194304,0.9638587464490941,-0.03681052368773051
0,ab,2,qwen-3,aeb13307a71acd8fe81861d94ad54ab689df773318809eed3cbe794b4492dae4,flat-ragged,4 KiB single,4096,1,30167333,30680385,4194304,0.9832775240597534,-0.016863875120489247
0,ab,3,qwen-3,aeb13307a71acd8fe81861d94ad54ab689df773318809eed3cbe794b4492dae4,flat-ragged,4 KiB single,4096,1,29691617,30211894,4194304,0.982779067078681,-0.017370937830686987
0,ab,4,qwen-3,aeb13307a71acd8fe81861d94ad54ab689df773318809eed3cbe794b4492dae4,flat-ragged,4 KiB single,4096,1,32651637,33475613,4194304,0.9753857830773703,-0.02492221129183164
0,ab,5,qwen-3,aeb13307a71acd8fe81861d94ad54ab689df773318809eed3cbe794b4492dae4,flat-ragged,4 KiB single,4096,1,32848071,33647072,4194304,0.9762534760825549,-0.024033017186636904
0,ab,0,qwen-3,aeb13307a71acd8fe81861d94ad54ab689df773318809eed3cbe794b4492dae4,flat-ragged,64 KiB single,65536,1,28263388,29953373,4194304,0.9435794760075935,-0.05807468241896011
0,ab,1,qwen-3,aeb13307a71acd8fe81861d94ad54ab689df773318809eed3cbe794b4492dae4,flat-ragged,64 KiB single,65536,1,29143396,30110783,4194304,0.9678724063734908,-0.032655011991105584
0,ab,2,qwen-3,aeb13307a71acd8fe81861d94ad54ab689df773318809eed3cbe794b4492dae4,flat-ragged,64 KiB single,65536,1,26748140,28045496,4194304,0.9537410213746977,-0.0473631104516905
0,ab,3,qwen-3,aeb13307a71acd8fe81861d94ad54ab689df773318809eed3cbe794b4492dae4,flat-ragged,64 KiB single,65536,1,27644263,29094656,4194304,0.95014916141301,-0.05113629469895193
0,ab,4,qwen-3,aeb13307a71acd8fe81861d94ad54ab689df773318809eed3cbe794b4492dae4,flat-ragged,64 KiB single,65536,1,28492816,28802064,4194304,0.9892629917078165,-0.010795065916494264
0,ab,5,qwen-3,aeb13307a71acd8fe81861d94ad54ab689df773318809eed3cbe794b4492dae4,flat-ragged,64 KiB single,65536,1,30556247,31435284,4194304,0.9720366133800478,-0.028361807144653636
0,ab,0,qwen-3,aeb13307a71acd8fe81861d94ad54ab689df773318809eed3cbe794b4492dae4,nested,140-byte batch 1,140,1,47754375,48619780,4194400,0.9822005570572306,-0.017959758224607707
0,ab,1,qwen-3,aeb13307a71acd8fe81861d94ad54ab689df773318809eed3cbe794b4492dae4,nested,140-byte batch 1,140,1,44396134,42959026,4194400,1.0334529930916032,0.03290561588478315
0,ab,2,qwen-3,aeb13307a71acd8fe81861d94ad54ab689df773318809eed3cbe794b4492dae4,nested,140-byte batch 1,140,1,42253179,42450796,4194400,0.9953447987170841,-0.004666070477719581
0,ab,3,qwen-3,aeb13307a71acd8fe81861d94ad54ab689df773318809eed3cbe794b4492dae4,nested,140-byte batch 1,140,1,46201043,46916108,4194400,0.9847586462201852,-0.015358697052697854
0,ab,4,qwen-3,aeb13307a71acd8fe81861d94ad54ab689df773318809eed3cbe794b4492dae4,nested,140-byte batch 1,140,1,41742602,41366189,4194400,1.0090995329543169,0.009058381654344241
0,ab,5,qwen-3,aeb13307a71acd8fe81861d94ad54ab689df773318809eed3cbe794b4492dae4,nested,140-byte batch 1,140,1,40797207,40585518,4194400,1.0052158752784675,0.005202319716655824
0,ab,0,qwen-3,aeb13307a71acd8fe81861d94ad54ab689df773318809eed3cbe794b4492dae4,nested,140-byte batch 32,140,32,48412793,50082891,4197760,0.9666533227884149,-0.03391535578294221
0,ab,1,qwen-3,aeb13307a71acd8fe81861d94ad54ab689df773318809eed3cbe794b4492dae4,nested,140-byte batch 32,140,32,44896141,44822067,4197760,1.0016526234722731,0.001651259392768988
0,ab,2,qwen-3,aeb13307a71acd8fe81861d94ad54ab689df773318809eed3cbe794b4492dae4,nested,140-byte batch 32,140,32,43992152,44154788,4197760,0.9963166848406112,-0.003690115267767423
0,ab,3,qwen-3,aeb13307a71acd8fe81861d94ad54ab689df773318809eed3cbe794b4492dae4,nested,140-byte batch 32,140,32,47906323,48833445,4197760,0.9810146099665915,-0.01916792659536727
0,ab,4,qwen-3,aeb13307a71acd8fe81861d94ad54ab689df773318809eed3cbe794b4492dae4,nested,140-byte batch 32,140,32,43765833,44296878,4197760,0.9880116833515897,-0.012060756049541533
0,ab,5,qwen-3,aeb13307a71acd8fe81861d94ad54ab689df773318809eed3cbe794b4492dae4,nested,140-byte batch 32,140,32,41685838,42329148,4197760,0.9848021982393786,-0.015314471946047207
0,ab,0,qwen-3,aeb13307a71acd8fe81861d94ad54ab689df773318809eed3cbe794b4492dae4,nested,140-byte batch 512,140,512,17615592,17989382,4229120,0.9792216319604531,-0.020997276005207177
0,ab,1,qwen-3,aeb13307a71acd8fe81861d94ad54ab689df773318809eed3cbe794b4492dae4,nested,140-byte batch 512,140,512,16865765,16898076,4229120,0.9980878888223724,-0.001913941595886361
0,ab,2,qwen-3,aeb13307a71acd8fe81861d94ad54ab689df773318809eed3cbe794b4492dae4,nested,140-byte batch 512,140,512,16065513,16975129,4229120,0.9464147812956237,-0.05507434799569195
0,ab,3,qwen-3,aeb13307a71acd8fe81861d94ad54ab689df773318809eed3cbe794b4492dae4,nested,140-byte batch 512,140,512,14394994,15140608,4229120,0.95075402520163,-0.05049989847078695
0,ab,4,qwen-3,aeb13307a71acd8fe81861d94ad54ab689df773318809eed3cbe794b4492dae4,nested,140-byte batch 512,140,512,13963903,14552076,4229120,0.9595815057590409,-0.04125802106701428
0,ab,5,qwen-3,aeb13307a71acd8fe81861d94ad54ab689df773318809eed3cbe794b4492dae4,nested,140-byte batch 512,140,512,14243595,14744926,4229120,0.9659997615450902,-0.034591691617382285
0,ab,0,qwen-3,aeb13307a71acd8fe81861d94ad54ab689df773318809eed3cbe794b4492dae4,nested,4 KiB single,4096,1,36316176,34840431,4194304,1.0423572544208768,0.04148473910058317
0,ab,1,qwen-3,aeb13307a71acd8fe81861d94ad54ab689df773318809eed3cbe794b4492dae4,nested,4 KiB single,4096,1,34109649,33611861,4194304,1.014809891067918,0.014701295510545016
0,ab,2,qwen-3,aeb13307a71acd8fe81861d94ad54ab689df773318809eed3cbe794b4492dae4,nested,4 KiB single,4096,1,31118946,31924134,4194304,0.9747780785533603,-0.025545445631916595
0,ab,3,qwen-3,aeb13307a71acd8fe81861d94ad54ab689df773318809eed3cbe794b4492dae4,nested,4 KiB single,4096,1,31440791,30982991,4194304,1.0147758491102425,0.014667749790347328
0,ab,4,qwen-3,aeb13307a71acd8fe81861d94ad54ab689df773318809eed3cbe794b4492dae4,nested,4 KiB single,4096,1,34484119,34593883,4194304,0.9968270691092989,-0.003177975309139938
0,ab,5,qwen-3,aeb13307a71acd8fe81861d94ad54ab689df773318809eed3cbe794b4492dae4,nested,4 KiB single,4096,1,34174099,33759151,4194304,1.0122914228500592,0.012216496653806972
0,ab,0,qwen-3,aeb13307a71acd8fe81861d94ad54ab689df773318809eed3cbe794b4492dae4,nested,64 KiB single,65536,1,35513235,35099532,4194304,1.0117865674106423,0.01171764685422847
0,ab,1,qwen-3,aeb13307a71acd8fe81861d94ad54ab689df773318809eed3cbe794b4492dae4,nested,64 KiB single,65536,1,31527064,32002202,4194304,0.9851529591619976,-0.014958361376719843
0,ab,2,qwen-3,aeb13307a71acd8fe81861d94ad54ab689df773318809eed3cbe794b4492dae4,nested,64 KiB single,65536,1,30758007,31418719,4194304,0.9789707530723961,-0.021253511185516504
0,ab,3,qwen-3,aeb13307a71acd8fe81861d94ad54ab689df773318809eed3cbe794b4492dae4,nested,64 KiB single,65536,1,29374235,30027499,4194304,0.9782444751725743,-0.02199566557168365
0,ab,4,qwen-3,aeb13307a71acd8fe81861d94ad54ab689df773318809eed3cbe794b4492dae4,nested,64 KiB single,65536,1,30519446,30611780,4194304,0.9969837101926121,-0.003020847977638221
0,ab,5,qwen-3,aeb13307a71acd8fe81861d94ad54ab689df773318809eed3cbe794b4492dae4,nested,64 KiB single,65536,1,31373517,31771955,4194304,0.9874594433990606,-0.01261985302588954
0,ba,0,deepseek-r1,ecb6f9fc369894346f0511f4074ca75cee5cd5f3b06d02f1ba35fcd39f8e121d,flat-ragged,140-byte batch 1,140,1,57478641,55688212,4194400,1.0321509514437275,0.03164492714164937
0,ba,1,deepseek-r1,ecb6f9fc369894346f0511f4074ca75cee5cd5f3b06d02f1ba35fcd39f8e121d,flat-ragged,140-byte batch 1,140,1,53293486,54033620,4194400,0.9863023428746769,-0.01379233560710837
0,ba,2,deepseek-r1,ecb6f9fc369894346f0511f4074ca75cee5cd5f3b06d02f1ba35fcd39f8e121d,flat-ragged,140-byte batch 1,140,1,49720196,49118745,4194400,1.0122448364672183,0.012170474872142392
0,ba,3,deepseek-r1,ecb6f9fc369894346f0511f4074ca75cee5cd5f3b06d02f1ba35fcd39f8e121d,flat-ragged,140-byte batch 1,140,1,42513382,42429317,4194400,1.0019812951502378,0.001979334973700116
0,ba,4,deepseek-r1,ecb6f9fc369894346f0511f4074ca75cee5cd5f3b06d02f1ba35fcd39f8e121d,flat-ragged,140-byte batch 1,140,1,53521353,53004110,4194400,1.0097585451392355,0.009711238054183906
0,ba,5,deepseek-r1,ecb6f9fc369894346f0511f4074ca75cee5cd5f3b06d02f1ba35fcd39f8e121d,flat-ragged,140-byte batch 1,140,1,49812304,49465465,4194400,1.0070117404132357,0.006987272470086284
0,ba,0,deepseek-r1,ecb6f9fc369894346f0511f4074ca75cee5cd5f3b06d02f1ba35fcd39f8e121d,flat-ragged,140-byte batch 32,140,32,51594857,53295587,4197760,0.968088727496331,-0.03243153526943392
0,ba,1,deepseek-r1,ecb6f9fc369894346f0511f4074ca75cee5cd5f3b06d02f1ba35fcd39f8e121d,flat-ragged,140-byte batch 32,140,32,50388911,52132853,4197760,0.9665481188992284,-0.03402419481753186
0,ba,2,deepseek-r1,ecb6f9fc369894346f0511f4074ca75cee5cd5f3b06d02f1ba35fcd39f8e121d,flat-ragged,140-byte batch 32,140,32,45825947,47426328,4197760,0.9662554309496616,-0.0343270584498208
0,ba,3,deepseek-r1,ecb6f9fc369894346f0511f4074ca75cee5cd5f3b06d02f1ba35fcd39f8e121d,flat-ragged,140-byte batch 32,140,32,39290288,39941579,4197760,0.9836939095472415,-0.01644049785471559
0,ba,4,deepseek-r1,ecb6f9fc369894346f0511f4074ca75cee5cd5f3b06d02f1ba35fcd39f8e121d,flat-ragged,140-byte batch 32,140,32,51708038,49935229,4197760,1.035502170221348,0.034886497671052605
0,ba,5,deepseek-r1,ecb6f9fc369894346f0511f4074ca75cee5cd5f3b06d02f1ba35fcd39f8e121d,flat-ragged,140-byte batch 32,140,32,46168099,46202063,4197760,0.999264881310603,-0.0007353890216330742
0,ba,0,deepseek-r1,ecb6f9fc369894346f0511f4074ca75cee5cd5f3b06d02f1ba35fcd39f8e121d,flat-ragged,140-byte batch 512,140,512,17331138,16727912,4229120,1.036061045753947,0.03542606657423455
0,ba,1,deepseek-r1,ecb6f9fc369894346f0511f4074ca75cee5cd5f3b06d02f1ba35fcd39f8e121d,flat-ragged,140-byte batch 512,140,512,17205828,16690012,4229120,1.0309056698101835,0.03043770696945212
0,ba,2,deepseek-r1,ecb6f9fc369894346f0511f4074ca75cee5cd5f3b06d02f1ba35fcd39f8e121d,flat-ragged,140-byte batch 512,140,512,16341490,15683272,4229120,1.0419694308687626,0.04111260592268271
0,ba,3,deepseek-r1,ecb6f9fc369894346f0511f4074ca75cee5cd5f3b06d02f1ba35fcd39f8e121d,flat-ragged,140-byte batch 512,140,512,15164021,14628520,4229120,1.036606642367102,0.035952534593091515
0,ba,4,deepseek-r1,ecb6f9fc369894346f0511f4074ca75cee5cd5f3b06d02f1ba35fcd39f8e121d,flat-ragged,140-byte batch 512,140,512,14620852,13809268,4229120,1.0587709645435226,0.057108768009830564
0,ba,5,deepseek-r1,ecb6f9fc369894346f0511f4074ca75cee5cd5f3b06d02f1ba35fcd39f8e121d,flat-ragged,140-byte batch 512,140,512,14895046,14109387,4229120,1.0556834255095562,0.054188353889845414
0,ba,0,deepseek-r1,ecb6f9fc369894346f0511f4074ca75cee5cd5f3b06d02f1ba35fcd39f8e121d,flat-ragged,4 KiB single,4096,1,39283153,39407679,4194304,0.9968400574923482,-0.0031649456685583334
0,ba,1,deepseek-r1,ecb6f9fc369894346f0511f4074ca75cee5cd5f3b06d02f1ba35fcd39f8e121d,flat-ragged,4 KiB single,4096,1,41940956,42984856,4194304,0.9757147028711693,-0.02458504793270814
0,ba,2,deepseek-r1,ecb6f9fc369894346f0511f4074ca75cee5cd5f3b06d02f1ba35fcd39f8e121d,flat-ragged,4 KiB single,4096,1,40299531,38790033,4194304,1.0389145840633855,0.03817649898155757
0,ba,3,deepseek-r1,ecb6f9fc369894346f0511f4074ca75cee5cd5f3b06d02f1ba35fcd39f8e121d,flat-ragged,4 KiB single,4096,1,39590274,38650928,4194304,1.0243033233251218,0.02401269693924528
0,ba,4,deepseek-r1,ecb6f9fc369894346f0511f4074ca75cee5cd5f3b06d02f1ba35fcd39f8e121d,flat-ragged,4 KiB single,4096,1,39786614,39595166,4194304,1.004835135682977,0.0048234839577942865
0,ba,5,deepseek-r1,ecb6f9fc369894346f0511f4074ca75cee5cd5f3b06d02f1ba35fcd39f8e121d,flat-ragged,4 KiB single,4096,1,43315560,42600328,4194304,1.0167893542979294,0.016649971029023606
0,ba,0,deepseek-r1,ecb6f9fc369894346f0511f4074ca75cee5cd5f3b06d02f1ba35fcd39f8e121d,flat-ragged,64 KiB single,65536,1,37404164,36857919,4194304,1.0148202886874866,0.014711541337269974
0,ba,1,deepseek-r1,ecb6f9fc369894346f0511f4074ca75cee5cd5f3b06d02f1ba35fcd39f8e121d,flat-ragged,64 KiB single,65536,1,38844306,38254958,4194304,1.0154057939365664,0.015288329578070591
0,ba,2,deepseek-r1,ecb6f9fc369894346f0511f4074ca75cee5cd5f3b06d02f1ba35fcd39f8e121d,flat-ragged,64 KiB single,65536,1,35226560,35395080,4194304,0.9952388863084926,-0.004772483897550433
0,ba,3,deepseek-r1,ecb6f9fc369894346f0511f4074ca75cee5cd5f3b06d02f1ba35fcd39f8e121d,flat-ragged,64 KiB single,65536,1,36402898,36383372,4194304,1.000536673731066,0.0005365297732224019
0,ba,4,deepseek-r1,ecb6f9fc369894346f0511f4074ca75cee5cd5f3b06d02f1ba35fcd39f8e121d,flat-ragged,64 KiB single,65536,1,34855094,34734430,4194304,1.0034739018316985,0.003467881772764204
0,ba,5,deepseek-r1,ecb6f9fc369894346f0511f4074ca75cee5cd5f3b06d02f1ba35fcd39f8e121d,flat-ragged,64 KiB single,65536,1,37950556,37400650,4194304,1.0147031134485631,0.014596070642100471
0,ba,0,deepseek-r1,ecb6f9fc369894346f0511f4074ca75cee5cd5f3b06d02f1ba35fcd39f8e121d,nested,140-byte batch 1,140,1,59061188,54147330,4194400,1.0907497747349684,0.086865326498497
0,ba,1,deepseek-r1,ecb6f9fc369894346f0511f4074ca75cee5cd5f3b06d02f1ba35fcd39f8e121d,nested,140-byte batch 1,140,1,52623457,51530371,4194400,1.0212124612881208,0.0209906089038868
0,ba,2,deepseek-r1,ecb6f9fc369894346f0511f4074ca75cee5cd5f3b06d02f1ba35fcd39f8e121d,nested,140-byte batch 1,140,1,50544866,50665615,4194400,0.9976167465844439,-0.0023860978842693975
0,ba,3,deepseek-r1,ecb6f9fc369894346f0511f4074ca75cee5cd5f3b06d02f1ba35fcd39f8e121d,nested,140-byte batch 1,140,1,43948675,43062134,4194400,1.0205874841223614,0.020378426317945782
0,ba,4,deepseek-r1,ecb6f9fc369894346f0511f4074ca75cee5cd5f3b06d02f1ba35fcd39f8e121d,nested,140-byte batch 1,140,1,54220329,53082680,4194400,1.0214316421100065,0.02120521390762899
0,ba,5,deepseek-r1,ecb6f9fc369894346f0511f4074ca75cee5cd5f3b06d02f1ba35fcd39f8e121d,nested,140-byte batch 1,140,1,49950819,49114792,4194400,1.0170218984130077,0.01687864919744435
0,ba,0,deepseek-r1,ecb6f9fc369894346f0511f4074ca75cee5cd5f3b06d02f1ba35fcd39f8e121d,nested,140-byte batch 32,140,32,56868497,58903288,4197760,0.9654553918959499,-0.035155380256577114
0,ba,1,deepseek-r1,ecb6f9fc369894346f0511f4074ca75cee5cd5f3b06d02f1ba35fcd39f8e121d,nested,140-byte batch 32,140,32,55118382,54271194,4197760,1.0156102701554715,0.015489683199256572
0,ba,2,deepseek-r1,ecb6f9fc369894346f0511f4074ca75cee5cd5f3b06d02f1ba35fcd39f8e121d,nested,140-byte batch 32,140,32,51937887,52706410,4197760,0.9854187944122925,-0.014688556177873034
0,ba,3,deepseek-r1,ecb6f9fc369894346f0511f4074ca75cee5cd5f3b06d02f1ba35fcd39f8e121d,nested,140-byte batch 32,140,32,44556168,44428473,4197760,1.0028741703546733,0.00287004782440656
0,ba,4,deepseek-r1,ecb6f9fc369894346f0511f4074ca75cee5cd5f3b06d02f1ba35fcd39f8e121d,nested,140-byte batch 32,140,32,54041201,54257283,4197760,0.9960174563108882,-0.003990495134570217
0,ba,5,deepseek-r1,ecb6f9fc369894346f0511f4074ca75cee5cd5f3b06d02f1ba35fcd39f8e121d,nested,140-byte batch 32,140,32,51013662,51060855,4197760,0.9990757499066555,-0.000924677475821193
0,ba,0,deepseek-r1,ecb6f9fc369894346f0511f4074ca75cee5cd5f3b06d02f1ba35fcd39f8e121d,nested,140-byte batch 512,140,512,19863309,19700424,4229120,1.0082680961587425,0.0082341026973
0,ba,1,deepseek-r1,ecb6f9fc369894346f0511f4074ca75cee5cd5f3b06d02f1ba35fcd39f8e121d,nested,140-byte batch 512,140,512,19176245,18768554,4229120,1.0217220250425258,0.02148946363308333
0,ba,2,deepseek-r1,ecb6f9fc369894346f0511f4074ca75cee5cd5f3b06d02f1ba35fcd39f8e121d,nested,140-byte batch 512,140,512,19194718,18572864,4229120,1.033481858263755,0.03293354629791135
0,ba,3,deepseek-r1,ecb6f9fc369894346f0511f4074ca75cee5cd5f3b06d02f1ba35fcd39f8e121d,nested,140-byte batch 512,140,512,17696296,17109841,4229120,1.0342758883615575,0.033701557094270446
0,ba,4,deepseek-r1,ecb6f9fc369894346f0511f4074ca75cee5cd5f3b06d02f1ba35fcd39f8e121d,nested,140-byte batch 512,140,512,16973217,16207876,4229120,1.0472203143706182,0.04613933417503526
0,ba,5,deepseek-r1,ecb6f9fc369894346f0511f4074ca75cee5cd5f3b06d02f1ba35fcd39f8e121d,nested,140-byte batch 512,140,512,17532961,16649109,4229120,1.0530870450785084,0.05172589362758786
0,ba,0,deepseek-r1,ecb6f9fc369894346f0511f4074ca75cee5cd5f3b06d02f1ba35fcd39f8e121d,nested,4 KiB single,4096,1,41364838,41624078,4194304,0.9937718740580872,-0.006247601625068213
0,ba,1,deepseek-r1,ecb6f9fc369894346f0511f4074ca75cee5cd5f3b06d02f1ba35fcd39f8e121d,nested,4 KiB single,4096,1,42411564,42012870,4194304,1.009489806337915,0.009445060986156991
0,ba,2,deepseek-r1,ecb6f9fc369894346f0511f4074ca75cee5cd5f3b06d02f1ba35fcd39f8e121d,nested,4 KiB single,4096,1,41090223,39943074,4194304,1.0287195972948902,0.028314919517657605
0,ba,3,deepseek-r1,ecb6f9fc369894346f0511f4074ca75cee5cd5f3b06d02f1ba35fcd39f8e121d,nested,4 KiB single,4096,1,38781948,38989212,4194304,0.9946840679929617,-0.005330111848630862
0,ba,4,deepseek-r1,ecb6f9fc369894346f0511f4074ca75cee5cd5f3b06d02f1ba35fcd39f8e121d,nested,4 KiB single,4096,1,39768433,39142810,4194304,1.015983088592771,0.015856703931903835
0,ba,5,deepseek-r1,ecb6f9fc369894346f0511f4074ca75cee5cd5f3b06d02f1ba35fcd39f8e121d,nested,4 KiB single,4096,1,42435683,43185858,4194304,0.9826291514226717,-0.017523492048064138
0,ba,0,deepseek-r1,ecb6f9fc369894346f0511f4074ca75cee5cd5f3b06d02f1ba35fcd39f8e121d,nested,64 KiB single,65536,1,38176506,38700262,4194304,0.9864663448531692,-0.013626069810322014
0,ba,1,deepseek-r1,ecb6f9fc369894346f0511f4074ca75cee5cd5f3b06d02f1ba35fcd39f8e121d,nested,64 KiB single,65536,1,40004290,39196413,4194304,1.020610993153889,0.020401460855537533
0,ba,2,deepseek-r1,ecb6f9fc369894346f0511f4074ca75cee5cd5f3b06d02f1ba35fcd39f8e121d,nested,64 KiB single,65536,1,39706354,39449458,4194304,1.0065120286316735,0.006490916976792413
0,ba,3,deepseek-r1,ecb6f9fc369894346f0511f4074ca75cee5cd5f3b06d02f1ba35fcd39f8e121d,nested,64 KiB single,65536,1,38802755,37178524,4194304,1.0436873448768433,0.04275996652061465
0,ba,4,deepseek-r1,ecb6f9fc369894346f0511f4074ca75cee5cd5f3b06d02f1ba35fcd39f8e121d,nested,64 KiB single,65536,1,36510968,35945206,4194304,1.0157395676074301,0.015616985202810695
0,ba,5,deepseek-r1,ecb6f9fc369894346f0511f4074ca75cee5cd5f3b06d02f1ba35fcd39f8e121d,nested,64 KiB single,65536,1,37113305,37627758,4194304,0.986327832766438,-0.013766492048516113
0,ba,0,gemma-3,4667f2089529e8e7657cfb6d1c19910ae71ff5f28aa7ab2ff2763330affad795,flat-ragged,140-byte batch 1,140,1,266695687,261022460,4194400,1.0217346315715514,0.02150180206853282
0,ba,1,gemma-3,4667f2089529e8e7657cfb6d1c19910ae71ff5f28aa7ab2ff2763330affad795,flat-ragged,140-byte batch 1,140,1,243606486,237174985,4194400,1.0271171135522577,0.026755959062551345
0,ba,2,gemma-3,4667f2089529e8e7657cfb6d1c19910ae71ff5f28aa7ab2ff2763330affad795,flat-ragged,140-byte batch 1,140,1,233598477,230096413,4194400,1.0152199851981178,0.01510532319562794
0,ba,3,gemma-3,4667f2089529e8e7657cfb6d1c19910ae71ff5f28aa7ab2ff2763330affad795,flat-ragged,140-byte batch 1,140,1,196828309,189143320,4194400,1.0406305070673392,0.039826786249390934
0,ba,4,gemma-3,4667f2089529e8e7657cfb6d1c19910ae71ff5f28aa7ab2ff2763330affad795,flat-ragged,140-byte batch 1,140,1,191058254,184246625,4194400,1.036970169738523,0.03630316291129311
0,ba,5,gemma-3,4667f2089529e8e7657cfb6d1c19910ae71ff5f28aa7ab2ff2763330affad795,flat-ragged,140-byte batch 1,140,1,189624633,192624789,4194400,0.9844248706743555,-0.015697695979067637
0,ba,0,gemma-3,4667f2089529e8e7657cfb6d1c19910ae71ff5f28aa7ab2ff2763330affad795,flat-ragged,140-byte batch 32,140,32,93842946,94432964,4197760,0.993751991094974,-0.006267609398018706
0,ba,1,gemma-3,4667f2089529e8e7657cfb6d1c19910ae71ff5f28aa7ab2ff2763330affad795,flat-ragged,140-byte batch 32,140,32,85113641,85364533,4197760,0.9970609339595403,-0.002943393576410766
0,ba,2,gemma-3,4667f2089529e8e7657cfb6d1c19910ae71ff5f28aa7ab2ff2763330affad795,flat-ragged,140-byte batch 32,140,32,81973315,83858040,4197760,0.9775248145556467,-0.022731601710151636
0,ba,3,gemma-3,4667f2089529e8e7657cfb6d1c19910ae71ff5f28aa7ab2ff2763330affad795,flat-ragged,140-byte batch 32,140,32,69343665,68846508,4197760,1.0072212377133203,0.00719528942057317
0,ba,4,gemma-3,4667f2089529e8e7657cfb6d1c19910ae71ff5f28aa7ab2ff2763330affad795,flat-ragged,140-byte batch 32,140,32,73638985,74160951,4197760,0.992961713773061,-0.007063171800048222
0,ba,5,gemma-3,4667f2089529e8e7657cfb6d1c19910ae71ff5f28aa7ab2ff2763330affad795,flat-ragged,140-byte batch 32,140,32,75467527,74435099,4197760,1.0138701770249543,0.013774866424998923
0,ba,0,gemma-3,4667f2089529e8e7657cfb6d1c19910ae71ff5f28aa7ab2ff2763330affad795,flat-ragged,140-byte batch 512,140,512,72885471,72941502,4229120,0.9992318364927555,-0.0007684586960099494
0,ba,1,gemma-3,4667f2089529e8e7657cfb6d1c19910ae71ff5f28aa7ab2ff2763330affad795,flat-ragged,140-byte batch 512,140,512,68738626,67773812,4229120,1.0142357936130257,0.014135416216109845
0,ba,2,gemma-3,4667f2089529e8e7657cfb6d1c19910ae71ff5f28aa7ab2ff2763330affad795,flat-ragged,140-byte batch 512,140,512,66785124,65136365,4229120,1.025312419567779,0.024997365726737723
0,ba,3,gemma-3,4667f2089529e8e7657cfb6d1c19910ae71ff5f28aa7ab2ff2763330affad795,flat-ragged,140-byte batch 512,140,512,54429229,53336769,4229120,1.020482305555479,0.02027536412231933
0,ba,4,gemma-3,4667f2089529e8e7657cfb6d1c19910ae71ff5f28aa7ab2ff2763330affad795,flat-ragged,140-byte batch 512,140,512,54837720,54203477,4229120,1.0117011497251367,0.011633220657980267
0,ba,5,gemma-3,4667f2089529e8e7657cfb6d1c19910ae71ff5f28aa7ab2ff2763330affad795,flat-ragged,140-byte batch 512,140,512,55748458,55194755,4229120,1.010031804652453,0.009981820112280134
0,ba,0,gemma-3,4667f2089529e8e7657cfb6d1c19910ae71ff5f28aa7ab2ff2763330affad795,flat-ragged,4 KiB single,4096,1,193734388,187329412,4194304,1.03419097904391,0.03361945830019929
0,ba,1,gemma-3,4667f2089529e8e7657cfb6d1c19910ae71ff5f28aa7ab2ff2763330affad795,flat-ragged,4 KiB single,4096,1,192959140,194116627,4194304,0.9940371568479809,-0.005980691889430602
0,ba,2,gemma-3,4667f2089529e8e7657cfb6d1c19910ae71ff5f28aa7ab2ff2763330affad795,flat-ragged,4 KiB single,4096,1,185811284,182511086,4194304,1.018082178306692,0.017920640122376423
0,ba,3,gemma-3,4667f2089529e8e7657cfb6d1c19910ae71ff5f28aa7ab2ff2763330affad795,flat-ragged,4 KiB single,4096,1,175424861,174723928,4194304,1.0040116600400604,0.00400363478781779
0,ba,4,gemma-3,4667f2089529e8e7657cfb6d1c19910ae71ff5f28aa7ab2ff2763330affad795,flat-ragged,4 KiB single,4096,1,194720229,196079427,4194304,0.9930681253979796,-0.006956011652781864
0,ba,5,gemma-3,4667f2089529e8e7657cfb6d1c19910ae71ff5f28aa7ab2ff2763330affad795,flat-ragged,4 KiB single,4096,1,181032208,173260629,4194304,1.0448548469716106,0.043877973349428424
0,ba,0,gemma-3,4667f2089529e8e7657cfb6d1c19910ae71ff5f28aa7ab2ff2763330affad795,flat-ragged,64 KiB single,65536,1,100279586,102065707,4194304,0.9825002828814972,-0.017654647318663313
0,ba,1,gemma-3,4667f2089529e8e7657cfb6d1c19910ae71ff5f28aa7ab2ff2763330affad795,flat-ragged,64 KiB single,65536,1,101566034,100101661,4194304,1.0146288581565095,0.014522888636272184
0,ba,2,gemma-3,4667f2089529e8e7657cfb6d1c19910ae71ff5f28aa7ab2ff2763330affad795,flat-ragged,64 KiB single,65536,1,91801763,91455387,4194304,1.003787376680173,0.003780222626821248
0,ba,3,gemma-3,4667f2089529e8e7657cfb6d1c19910ae71ff5f28aa7ab2ff2763330affad795,flat-ragged,64 KiB single,65536,1,95053672,94077051,4194304,1.0103810758268772,0.010327562491254254
0,ba,4,gemma-3,4667f2089529e8e7657cfb6d1c19910ae71ff5f28aa7ab2ff2763330affad795,flat-ragged,64 KiB single,65536,1,97184414,96269622,4194304,1.0095023952623394,0.00945753148942555
0,ba,5,gemma-3,4667f2089529e8e7657cfb6d1c19910ae71ff5f28aa7ab2ff2763330affad795,flat-ragged,64 KiB single,65536,1,107150269,105839888,4194304,1.0123807859660623,0.012304770810652668
0,ba,0,gemma-3,4667f2089529e8e7657cfb6d1c19910ae71ff5f28aa7ab2ff2763330affad795,nested,140-byte batch 1,140,1,252401264,247949531,4194400,1.0179541900403917,0.017794917155479886
0,ba,1,gemma-3,4667f2089529e8e7657cfb6d1c19910ae71ff5f28aa7ab2ff2763330affad795,nested,140-byte batch 1,140,1,240632909,226539813,4194400,1.0622102393984054,0.06035186876237793
0,ba,2,gemma-3,4667f2089529e8e7657cfb6d1c19910ae71ff5f28aa7ab2ff2763330affad795,nested,140-byte batch 1,140,1,233536904,222962094,4194400,1.0474287346798958,0.04633833678128082
0,ba,3,gemma-3,4667f2089529e8e7657cfb6d1c19910ae71ff5f28aa7ab2ff2763330affad795,nested,140-byte batch 1,140,1,191857717,178364319,4194400,1.0756507695914226,0.07292584548069074
0,ba,4,gemma-3,4667f2089529e8e7657cfb6d1c19910ae71ff5f28aa7ab2ff2763330affad795,nested,140-byte batch 1,140,1,192448632,178734043,4194400,1.076731823271071,0.07393036370541249
0,ba,5,gemma-3,4667f2089529e8e7657cfb6d1c19910ae71ff5f28aa7ab2ff2763330affad795,nested,140-byte batch 1,140,1,186302534,182984924,4194400,1.018130510030433,0.01796811229856595
0,ba,0,gemma-3,4667f2089529e8e7657cfb6d1c19910ae71ff5f28aa7ab2ff2763330affad795,nested,140-byte batch 32,140,32,60274624,58863463,4197760,1.0239734621118026,0.023690610375050387
0,ba,1,gemma-3,4667f2089529e8e7657cfb6d1c19910ae71ff5f28aa7ab2ff2763330affad795,nested,140-byte batch 32,140,32,58976442,58232958,4197760,1.0127674091362489,0.012686592917122382
0,ba,2,gemma-3,4667f2089529e8e7657cfb6d1c19910ae71ff5f28aa7ab2ff2763330affad795,nested,140-byte batch 32,140,32,58786052,58411813,4197760,1.0064069060825076,0.0063864691051482994
0,ba,3,gemma-3,4667f2089529e8e7657cfb6d1c19910ae71ff5f28aa7ab2ff2763330affad795,nested,140-byte batch 32,140,32,58298379,57513769,4197760,1.0136421245493406,0.013549908503512172
0,ba,4,gemma-3,4667f2089529e8e7657cfb6d1c19910ae71ff5f28aa7ab2ff2763330affad795,nested,140-byte batch 32,140,32,57320895,57870887,4197760,0.9904962230836379,-0.009549225992004967
0,ba,5,gemma-3,4667f2089529e8e7657cfb6d1c19910ae71ff5f28aa7ab2ff2763330affad795,nested,140-byte batch 32,140,32,58129109,57868062,4197760,1.004511072100531,0.004500927711389008
0,ba,0,gemma-3,4667f2089529e8e7657cfb6d1c19910ae71ff5f28aa7ab2ff2763330affad795,nested,140-byte batch 512,140,512,46766619,45288940,4229120,1.0326278115584069,0.03210682662618715
0,ba,1,gemma-3,4667f2089529e8e7657cfb6d1c19910ae71ff5f28aa7ab2ff2763330affad795,nested,140-byte batch 512,140,512,45377833,44760950,4229120,1.0137817226846169,0.01368761837181364
0,ba,2,gemma-3,4667f2089529e8e7657cfb6d1c19910ae71ff5f28aa7ab2ff2763330affad795,nested,140-byte batch 512,140,512,44048222,44743604,4229120,0.9844585161266848,-0.015663518787510086
0,ba,3,gemma-3,4667f2089529e8e7657cfb6d1c19910ae71ff5f28aa7ab2ff2763330affad795,nested,140-byte batch 512,140,512,43796471,44164429,4229120,0.9916684533609617,-0.008366447963606922
0,ba,4,gemma-3,4667f2089529e8e7657cfb6d1c19910ae71ff5f28aa7ab2ff2763330affad795,nested,140-byte batch 512,140,512,43249010,43798603,4229120,0.9874518143877785,-0.012627578954082008
0,ba,5,gemma-3,4667f2089529e8e7657cfb6d1c19910ae71ff5f28aa7ab2ff2763330affad795,nested,140-byte batch 512,140,512,44268192,43698060,4229120,1.0130470780625043,0.012962698088449126
0,ba,0,gemma-3,4667f2089529e8e7657cfb6d1c19910ae71ff5f28aa7ab2ff2763330affad795,nested,4 KiB single,4096,1,156825996,157282493,4194304,0.9970975981414537,-0.0029066219944855354
0,ba,1,gemma-3,4667f2089529e8e7657cfb6d1c19910ae71ff5f28aa7ab2ff2763330affad795,nested,4 KiB single,4096,1,160696106,154387501,4194304,1.0408621485491887,0.04004935872129539
0,ba,2,gemma-3,4667f2089529e8e7657cfb6d1c19910ae71ff5f28aa7ab2ff2763330affad795,nested,4 KiB single,4096,1,160650397,157568595,4194304,1.01955847864227,0.019369669507275384
0,ba,3,gemma-3,4667f2089529e8e7657cfb6d1c19910ae71ff5f28aa7ab2ff2763330affad795,nested,4 KiB single,4096,1,158472382,158273114,4194304,1.0012590135807904,0.0012582216877917549
0,ba,4,gemma-3,4667f2089529e8e7657cfb6d1c19910ae71ff5f28aa7ab2ff2763330affad795,nested,4 KiB single,4096,1,157427336,158673495,4194304,0.9921463947082025,-0.007884607274741174
0,ba,5,gemma-3,4667f2089529e8e7657cfb6d1c19910ae71ff5f28aa7ab2ff2763330affad795,nested,4 KiB single,4096,1,153359611,155245456,4194304,0.9878524946971717,-0.01222188924536639
0,ba,0,gemma-3,4667f2089529e8e7657cfb6d1c19910ae71ff5f28aa7ab2ff2763330affad795,nested,64 KiB single,65536,1,87916013,87804891,4194304,1.0012655559244417,0.0012647557835535983
0,ba,1,gemma-3,4667f2089529e8e7657cfb6d1c19910ae71ff5f28aa7ab2ff2763330affad795,nested,64 KiB single,65536,1,86919180,87230904,4194304,0.9964264499654847,-0.003579950417047537
0,ba,2,gemma-3,4667f2089529e8e7657cfb6d1c19910ae71ff5f28aa7ab2ff2763330affad795,nested,64 KiB single,65536,1,90108199,89241485,4194304,1.0097120078178887,0.00966514941844041
0,ba,3,gemma-3,4667f2089529e8e7657cfb6d1c19910ae71ff5f28aa7ab2ff2763330affad795,nested,64 KiB single,65536,1,106111245,106720583,4194304,0.9942903422857051,-0.005726020122125702
0,ba,4,gemma-3,4667f2089529e8e7657cfb6d1c19910ae71ff5f28aa7ab2ff2763330affad795,nested,64 KiB single,65536,1,110594032,109759026,4194304,1.007607629462747,0.007578837383835221
0,ba,5,gemma-3,4667f2089529e8e7657cfb6d1c19910ae71ff5f28aa7ab2ff2763330affad795,nested,64 KiB single,65536,1,93145005,91416029,4194304,1.0189132695755139,0.01873663734593546
0,ba,0,glm-4-7,9340665016419c825c4bdabbcc9acc43b7ca2c68ce142724afa829abb1be5efd,flat-ragged,140-byte batch 1,140,1,65594238,63965846,4194400,1.0254572103994373,0.025138572061942914
0,ba,1,glm-4-7,9340665016419c825c4bdabbcc9acc43b7ca2c68ce142724afa829abb1be5efd,flat-ragged,140-byte batch 1,140,1,69105275,60640363,4194400,1.1395920403708666,0.1306703390356747
0,ba,2,glm-4-7,9340665016419c825c4bdabbcc9acc43b7ca2c68ce142724afa829abb1be5efd,flat-ragged,140-byte batch 1,140,1,57593646,56881133,4194400,1.0125263503453772,0.01244854469238317
0,ba,3,glm-4-7,9340665016419c825c4bdabbcc9acc43b7ca2c68ce142724afa829abb1be5efd,flat-ragged,140-byte batch 1,140,1,71263739,69918243,4194400,1.0192438474176189,0.01906102631697959
0,ba,4,glm-4-7,9340665016419c825c4bdabbcc9acc43b7ca2c68ce142724afa829abb1be5efd,flat-ragged,140-byte batch 1,140,1,59888542,59121541,4194400,1.0129732917482648,0.012889859418738218
0,ba,5,glm-4-7,9340665016419c825c4bdabbcc9acc43b7ca2c68ce142724afa829abb1be5efd,flat-ragged,140-byte batch 1,140,1,61576903,61660897,4194400,0.9986378076854769,-0.0013631209418824319
0,ba,0,glm-4-7,9340665016419c825c4bdabbcc9acc43b7ca2c68ce142724afa829abb1be5efd,flat-ragged,140-byte batch 32,140,32,66915493,58815252,4197760,1.137723476896775,0.12902931575255613
0,ba,1,glm-4-7,9340665016419c825c4bdabbcc9acc43b7ca2c68ce142724afa829abb1be5efd,flat-ragged,140-byte batch 32,140,32,59256721,60051918,4197760,0.9867581748179967,-0.01333027988469934
0,ba,2,glm-4-7,9340665016419c825c4bdabbcc9acc43b7ca2c68ce142724afa829abb1be5efd,flat-ragged,140-byte batch 32,140,32,57974994,54568989,4197760,1.0624164944672148,0.060546025285186995
0,ba,3,glm-4-7,9340665016419c825c4bdabbcc9acc43b7ca2c68ce142724afa829abb1be5efd,flat-ragged,140-byte batch 32,140,32,65437991,61772666,4197760,1.0593357100695637,0.05764202305896725
0,ba,4,glm-4-7,9340665016419c825c4bdabbcc9acc43b7ca2c68ce142724afa829abb1be5efd,flat-ragged,140-byte batch 32,140,32,57993877,57174224,4197760,1.0143360581509597,0.014234268556911529
0,ba,5,glm-4-7,9340665016419c825c4bdabbcc9acc43b7ca2c68ce142724afa829abb1be5efd,flat-ragged,140-byte batch 32,140,32,55317783,51934679,4197760,1.0651415213329807,0.06310767421384067
0,ba,0,glm-4-7,9340665016419c825c4bdabbcc9acc43b7ca2c68ce142724afa829abb1be5efd,flat-ragged,140-byte batch 512,140,512,20476274,20324507,4229120,1.0074671921931488,0.007439450728494964
0,ba,1,glm-4-7,9340665016419c825c4bdabbcc9acc43b7ca2c68ce142724afa829abb1be5efd,flat-ragged,140-byte batch 512,140,512,20516345,20301106,4229120,1.0106023287598223,0.010546518206899275
0,ba,2,glm-4-7,9340665016419c825c4bdabbcc9acc43b7ca2c68ce142724afa829abb1be5efd,flat-ragged,140-byte batch 512,140,512,19180198,18963868,4229120,1.0114074829038042,0.01134290819659413
0,ba,3,glm-4-7,9340665016419c825c4bdabbcc9acc43b7ca2c68ce142724afa829abb1be5efd,flat-ragged,140-byte batch 512,140,512,16908995,16879139,4229120,1.001768810601062,0.0017672480978343447
0,ba,4,glm-4-7,9340665016419c825c4bdabbcc9acc43b7ca2c68ce142724afa829abb1be5efd,flat-ragged,140-byte batch 512,140,512,17053487,15845479,4229120,1.0762367612869261,0.07347047590545018
0,ba,5,glm-4-7,9340665016419c825c4bdabbcc9acc43b7ca2c68ce142724afa829abb1be5efd,flat-ragged,140-byte batch 512,140,512,16065358,15161383,4229120,1.0596235185141092,0.0579136738226374
0,ba,0,glm-4-7,9340665016419c825c4bdabbcc9acc43b7ca2c68ce142724afa829abb1be5efd,flat-ragged,4 KiB single,4096,1,47418915,46544854,4194304,1.018778896588654,0.018604749920262478
0,ba,1,glm-4-7,9340665016419c825c4bdabbcc9acc43b7ca2c68ce142724afa829abb1be5efd,flat-ragged,4 KiB single,4096,1,47744982,46287768,4194304,1.0314816216673053,0.03099623627621657
0,ba,2,glm-4-7,9340665016419c825c4bdabbcc9acc43b7ca2c68ce142724afa829abb1be5efd,flat-ragged,4 KiB single,4096,1,43350526,42110483,4194304,1.0294473706226548,0.029022124879944943
0,ba,3,glm-4-7,9340665016419c825c4bdabbcc9acc43b7ca2c68ce142724afa829abb1be5efd,flat-ragged,4 KiB single,4096,1,41962756,40406652,4194304,1.0385110847590144,0.03778803809412288
0,ba,4,glm-4-7,9340665016419c825c4bdabbcc9acc43b7ca2c68ce142724afa829abb1be5efd,flat-ragged,4 KiB single,4096,1,48982278,49662653,4194304,0.9863000673765858,-0.013794642709724934
0,ba,5,glm-4-7,9340665016419c825c4bdabbcc9acc43b7ca2c68ce142724afa829abb1be5efd,flat-ragged,4 KiB single,4096,1,45955945,46004334,4194304,0.9989481643186053,-0.0010523892487536352
0,ba,0,glm-4-7,9340665016419c825c4bdabbcc9acc43b7ca2c68ce142724afa829abb1be5efd,flat-ragged,64 KiB single,65536,1,19444932,19522388,4194304,0.9960324525872553,-0.00397543900941961
0,ba,1,glm-4-7,9340665016419c825c4bdabbcc9acc43b7ca2c68ce142724afa829abb1be5efd,flat-ragged,64 KiB single,65536,1,19317782,18630369,4194304,1.0368974441676384,0.03623302770070714
0,ba,2,glm-4-7,9340665016419c825c4bdabbcc9acc43b7ca2c68ce142724afa829abb1be5efd,flat-ragged,64 KiB single,65536,1,18231047,17302002,4194304,1.0536958093057671,0.05230380249269444
0,ba,3,glm-4-7,9340665016419c825c4bdabbcc9acc43b7ca2c68ce142724afa829abb1be5efd,flat-ragged,64 KiB single,65536,1,19298779,18753339,4194304,1.0290849538847455,0.02867001309880938
0,ba,4,glm-4-7,9340665016419c825c4bdabbcc9acc43b7ca2c68ce142724afa829abb1be5efd,flat-ragged,64 KiB single,65536,1,17807362,17889938,4194304,0.9953842210073618,-0.004626464594756911
0,ba,5,glm-4-7,9340665016419c825c4bdabbcc9acc43b7ca2c68ce142724afa829abb1be5efd,flat-ragged,64 KiB single,65536,1,18466729,18032014,4194304,1.0241079559942667,0.023821946836060627
0,ba,0,glm-4-7,9340665016419c825c4bdabbcc9acc43b7ca2c68ce142724afa829abb1be5efd,nested,140-byte batch 1,140,1,70872070,66623770,4194400,1.0637655299302335,0.06181500002824086
0,ba,1,glm-4-7,9340665016419c825c4bdabbcc9acc43b7ca2c68ce142724afa829abb1be5efd,nested,140-byte batch 1,140,1,59699752,59669080,4194400,1.0005140350747825,0.0005139030040108851
0,ba,2,glm-4-7,9340665016419c825c4bdabbcc9acc43b7ca2c68ce142724afa829abb1be5efd,nested,140-byte batch 1,140,1,59944559,58651375,4194400,1.0220486561483,0.02180909940392698
0,ba,3,glm-4-7,9340665016419c825c4bdabbcc9acc43b7ca2c68ce142724afa829abb1be5efd,nested,140-byte batch 1,140,1,66334151,64157563,4194400,1.0339256651628117,0.03336288294377817
0,ba,4,glm-4-7,9340665016419c825c4bdabbcc9acc43b7ca2c68ce142724afa829abb1be5efd,nested,140-byte batch 1,140,1,59159765,60597154,4194400,0.9762795955730859,-0.02400626271992725
0,ba,5,glm-4-7,9340665016419c825c4bdabbcc9acc43b7ca2c68ce142724afa829abb1be5efd,nested,140-byte batch 1,140,1,55161475,55370224,4194400,0.9962299412045001,-0.003777183379531537
0,ba,0,glm-4-7,9340665016419c825c4bdabbcc9acc43b7ca2c68ce142724afa829abb1be5efd,nested,140-byte batch 32,140,32,71350412,69182952,4197760,1.0313293945595152,0.030848644367050954
0,ba,1,glm-4-7,9340665016419c825c4bdabbcc9acc43b7ca2c68ce142724afa829abb1be5efd,nested,140-byte batch 32,140,32,63052870,62503180,4197760,1.008794592531132,0.00875614535596275
0,ba,2,glm-4-7,9340665016419c825c4bdabbcc9acc43b7ca2c68ce142724afa829abb1be5efd,nested,140-byte batch 32,140,32,60731566,58536310,4197760,1.0375024664178525,0.03681635039010987
0,ba,3,glm-4-7,9340665016419c825c4bdabbcc9acc43b7ca2c68ce142724afa829abb1be5efd,nested,140-byte batch 32,140,32,70054859,68130657,4197760,1.028242821730018,0.02785134704885529
0,ba,4,glm-4-7,9340665016419c825c4bdabbcc9acc43b7ca2c68ce142724afa829abb1be5efd,nested,140-byte batch 32,140,32,61685454,60272347,4197760,1.0234453620994717,0.023174741303419746
0,ba,5,glm-4-7,9340665016419c825c4bdabbcc9acc43b7ca2c68ce142724afa829abb1be5efd,nested,140-byte batch 32,140,32,60437448,56872380,4197760,1.0626854019473073,0.06079910254419421
0,ba,0,glm-4-7,9340665016419c825c4bdabbcc9acc43b7ca2c68ce142724afa829abb1be5efd,nested,140-byte batch 512,140,512,23921334,23196011,4229120,1.0312692988462542,0.03079037252437969
0,ba,1,glm-4-7,9340665016419c825c4bdabbcc9acc43b7ca2c68ce142724afa829abb1be5efd,nested,140-byte batch 512,140,512,22360248,21809310,4229120,1.0252615969968788,0.024947796610480494
0,ba,2,glm-4-7,9340665016419c825c4bdabbcc9acc43b7ca2c68ce142724afa829abb1be5efd,nested,140-byte batch 512,140,512,21655415,21151042,4229120,1.0238462483314061,0.023566367230098337
0,ba,3,glm-4-7,9340665016419c825c4bdabbcc9acc43b7ca2c68ce142724afa829abb1be5efd,nested,140-byte batch 512,140,512,20001005,18802974,4229120,1.0637149740248537,0.06176747347719105
0,ba,4,glm-4-7,9340665016419c825c4bdabbcc9acc43b7ca2c68ce142724afa829abb1be5efd,nested,140-byte batch 512,140,512,18736557,18054688,4229120,1.0377668669765991,0.03707116122928397
0,ba,5,glm-4-7,9340665016419c825c4bdabbcc9acc43b7ca2c68ce142724afa829abb1be5efd,nested,140-byte batch 512,140,512,18676489,18226880,4229120,1.0246673594164224,0.024368032521347345
0,ba,0,glm-4-7,9340665016419c825c4bdabbcc9acc43b7ca2c68ce142724afa829abb1be5efd,nested,4 KiB single,4096,1,53211392,52318327,4194304,1.0170698309982273,0.01692577842424905
0,ba,1,glm-4-7,9340665016419c825c4bdabbcc9acc43b7ca2c68ce142724afa829abb1be5efd,nested,4 KiB single,4096,1,50904784,49268140,4194304,1.0332191148275538,0.032679282675802744
0,ba,2,glm-4-7,9340665016419c825c4bdabbcc9acc43b7ca2c68ce142724afa829abb1be5efd,nested,4 KiB single,4096,1,48120069,44314784,4194304,1.0858694245243303,0.08238097903827585
0,ba,3,glm-4-7,9340665016419c825c4bdabbcc9acc43b7ca2c68ce142724afa829abb1be5efd,nested,4 KiB single,4096,1,45460296,44203936,4194304,1.0284219034250706,0.02802549472914065
0,ba,4,glm-4-7,9340665016419c825c4bdabbcc9acc43b7ca2c68ce142724afa829abb1be5efd,nested,4 KiB single,4096,1,52046311,49390726,4194304,1.0537668751821951,0.05237124461347602
0,ba,5,glm-4-7,9340665016419c825c4bdabbcc9acc43b7ca2c68ce142724afa829abb1be5efd,nested,4 KiB single,4096,1,51034398,48013163,4194304,1.0629251399246493,0.06102467347888425
0,ba,0,glm-4-7,9340665016419c825c4bdabbcc9acc43b7ca2c68ce142724afa829abb1be5efd,nested,64 KiB single,65536,1,48865757,47849423,4194304,1.0212402561259726,0.021017826021440113
0,ba,1,glm-4-7,9340665016419c825c4bdabbcc9acc43b7ca2c68ce142724afa829abb1be5efd,nested,64 KiB single,65536,1,43268725,43032046,4194304,1.0055000638361467,0.0054849937175359955
0,ba,2,glm-4-7,9340665016419c825c4bdabbcc9acc43b7ca2c68ce142724afa829abb1be5efd,nested,64 KiB single,65536,1,44017409,43130405,4194304,1.0205656311365496,0.020357013925461086
0,ba,3,glm-4-7,9340665016419c825c4bdabbcc9acc43b7ca2c68ce142724afa829abb1be5efd,nested,64 KiB single,65536,1,41970907,39815323,4194304,1.0541395582801123,0.05272484958937456
0,ba,4,glm-4-7,9340665016419c825c4bdabbcc9acc43b7ca2c68ce142724afa829abb1be5efd,nested,64 KiB single,65536,1,42610832,40980770,4194304,1.0397762657949081,0.03900556096635177
0,ba,5,glm-4-7,9340665016419c825c4bdabbcc9acc43b7ca2c68ce142724afa829abb1be5efd,nested,64 KiB single,65536,1,43738073,43736238,4194304,1.0000419560548395,4.1955174708824895e-05
0,ba,0,gpt-2,8414cab924d8b9b33013f0d221c5862f365ee9be39c5c2bfae8a5a9e970478a6,flat-ragged,140-byte batch 1,140,1,32224272,34854310,4194400,0.9245419576517223,-0.07845684502932763
0,ba,1,gpt-2,8414cab924d8b9b33013f0d221c5862f365ee9be39c5c2bfae8a5a9e970478a6,flat-ragged,140-byte batch 1,140,1,33656391,33078201,4194400,1.0174794874727318,0.017328478399443913
0,ba,2,gpt-2,8414cab924d8b9b33013f0d221c5862f365ee9be39c5c2bfae8a5a9e970478a6,flat-ragged,140-byte batch 1,140,1,38803562,39822142,4194400,0.9744217676688511,-0.02591104271439993
0,ba,3,gpt-2,8414cab924d8b9b33013f0d221c5862f365ee9be39c5c2bfae8a5a9e970478a6,flat-ragged,140-byte batch 1,140,1,34693179,34984598,4194400,0.9916700772151219,-0.008364810467904384
0,ba,4,gpt-2,8414cab924d8b9b33013f0d221c5862f365ee9be39c5c2bfae8a5a9e970478a6,flat-ragged,140-byte batch 1,140,1,33779106,32414015,4194400,1.0421142212712617,0.04125155466649482
0,ba,5,gpt-2,8414cab924d8b9b33013f0d221c5862f365ee9be39c5c2bfae8a5a9e970478a6,flat-ragged,140-byte batch 1,140,1,25147463,24941343,4194400,1.008264190103957,0.008230228665813364
0,ba,0,gpt-2,8414cab924d8b9b33013f0d221c5862f365ee9be39c5c2bfae8a5a9e970478a6,flat-ragged,140-byte batch 32,140,32,30918147,27561675,4197760,1.1217804070325914,0.11491707228846912
0,ba,1,gpt-2,8414cab924d8b9b33013f0d221c5862f365ee9be39c5c2bfae8a5a9e970478a6,flat-ragged,140-byte batch 32,140,32,29852758,29715549,4197760,1.0046174142702193,0.004606786714941042
0,ba,2,gpt-2,8414cab924d8b9b33013f0d221c5862f365ee9be39c5c2bfae8a5a9e970478a6,flat-ragged,140-byte batch 32,140,32,36924710,34788894,4197760,1.0613936160201012,0.059582776714938404
0,ba,3,gpt-2,8414cab924d8b9b33013f0d221c5862f365ee9be39c5c2bfae8a5a9e970478a6,flat-ragged,140-byte batch 32,140,32,32157926,34887704,4197760,0.9217552980843909,-0.08147549403043841
0,ba,4,gpt-2,8414cab924d8b9b33013f0d221c5862f365ee9be39c5c2bfae8a5a9e970478a6,flat-ragged,140-byte batch 32,140,32,29831302,30202563,4197760,0.9877076326270721,-0.012368543420408395
0,ba,5,gpt-2,8414cab924d8b9b33013f0d221c5862f365ee9be39c5c2bfae8a5a9e970478a6,flat-ragged,140-byte batch 32,140,32,22087969,21670819,4197760,1.0192493878519313,0.019066462130272077
0,ba,0,gpt-2,8414cab924d8b9b33013f0d221c5862f365ee9be39c5c2bfae8a5a9e970478a6,flat-ragged,140-byte batch 512,140,512,12605704,12310293,4229120,1.0239970730184895,0.02371366823284954
0,ba,1,gpt-2,8414cab924d8b9b33013f0d221c5862f365ee9be39c5c2bfae8a5a9e970478a6,flat-ragged,140-byte batch 512,140,512,13336947,12241986,4229120,1.0894430854601533,0.0856666349009481
0,ba,2,gpt-2,8414cab924d8b9b33013f0d221c5862f365ee9be39c5c2bfae8a5a9e970478a6,flat-ragged,140-byte batch 512,140,512,12472240,11369261,4229120,1.0970141331085634,0.09259206462720701
0,ba,3,gpt-2,8414cab924d8b9b33013f0d221c5862f365ee9be39c5c2bfae8a5a9e970478a6,flat-ragged,140-byte batch 512,140,512,10914920,10716214,4229120,1.0185425561676913,0.01837273899071273
0,ba,4,gpt-2,8414cab924d8b9b33013f0d221c5862f365ee9be39c5c2bfae8a5a9e970478a6,flat-ragged,140-byte batch 512,140,512,10146171,9735095,4229120,1.0422261929647323,0.04135899555552954
0,ba,5,gpt-2,8414cab924d8b9b33013f0d221c5862f365ee9be39c5c2bfae8a5a9e970478a6,flat-ragged,140-byte batch 512,140,512,10687643,9958871,4229120,1.0731781745139584,0.07062450253245608
0,ba,0,gpt-2,8414cab924d8b9b33013f0d221c5862f365ee9be39c5c2bfae8a5a9e970478a6,flat-ragged,4 KiB single,4096,1,23093201,21189516,4194304,1.0898408911274802,0.08603171414350567
0,ba,1,gpt-2,8414cab924d8b9b33013f0d221c5862f365ee9be39c5c2bfae8a5a9e970478a6,flat-ragged,4 KiB single,4096,1,23269550,22824523,4194304,1.0194977568644041,0.019310110798862686
0,ba,2,gpt-2,8414cab924d8b9b33013f0d221c5862f365ee9be39c5c2bfae8a5a9e970478a6,flat-ragged,4 KiB single,4096,1,22786111,21898158,4194304,1.0405492096641187,0.03974865998032512
0,ba,3,gpt-2,8414cab924d8b9b33013f0d221c5862f365ee9be39c5c2bfae8a5a9e970478a6,flat-ragged,4 KiB single,4096,1,27786675,27231470,4194304,1.0203883594973022,0.02018329943654392
0,ba,4,gpt-2,8414cab924d8b9b33013f0d221c5862f365ee9be39c5c2bfae8a5a9e970478a6,flat-ragged,4 KiB single,4096,1,27229593,26761375,4194304,1.0174960367320438,0.017344743223384616
0,ba,5,gpt-2,8414cab924d8b9b33013f0d221c5862f365ee9be39c5c2bfae8a5a9e970478a6,flat-ragged,4 KiB single,4096,1,25228274,24181004,4194304,1.0433096160936908,0.042397983447001124
0,ba,0,gpt-2,8414cab924d8b9b33013f0d221c5862f365ee9be39c5c2bfae8a5a9e970478a6,flat-ragged,64 KiB single,65536,1,22072970,20914029,4194304,1.0554145258190089,0.05393360522521587
0,ba,1,gpt-2,8414cab924d8b9b33013f0d221c5862f365ee9be39c5c2bfae8a5a9e970478a6,flat-ragged,64 KiB single,65536,1,22145492,21889539,4194304,1.0116929369777956,0.011625102864817678
0,ba,2,gpt-2,8414cab924d8b9b33013f0d221c5862f365ee9be39c5c2bfae8a5a9e970478a6,flat-ragged,64 KiB single,65536,1,20114195,20241334,4194304,0.9937188428391133,-0.006300966622988109
0,ba,3,gpt-2,8414cab924d8b9b33013f0d221c5862f365ee9be39c5c2bfae8a5a9e970478a6,flat-ragged,64 KiB single,65536,1,23698958,23763368,4194304,0.9972895256261655,-0.002714154360677656
0,ba,4,gpt-2,8414cab924d8b9b33013f0d221c5862f365ee9be39c5c2bfae8a5a9e970478a6,flat-ragged,64 KiB single,65536,1,24843275,24129063,4194304,1.0295996574753028,0.029170044622279685
0,ba,5,gpt-2,8414cab924d8b9b33013f0d221c5862f365ee9be39c5c2bfae8a5a9e970478a6,flat-ragged,64 KiB single,65536,1,24769938,23455184,4194304,1.0560538770448358,0.054539203911419185
0,ba,0,gpt-2,8414cab924d8b9b33013f0d221c5862f365ee9be39c5c2bfae8a5a9e970478a6,nested,140-byte batch 1,140,1,35075086,35188380,4194400,0.9967803576066873,-0.003224836593858455
0,ba,1,gpt-2,8414cab924d8b9b33013f0d221c5862f365ee9be39c5c2bfae8a5a9e970478a6,nested,140-byte batch 1,140,1,33150882,33128342,4194400,1.0006803841858432,0.0006801528294578491
0,ba,2,gpt-2,8414cab924d8b9b33013f0d221c5862f365ee9be39c5c2bfae8a5a9e970478a6,nested,140-byte batch 1,140,1,40070930,38417265,4194400,1.0430448393450185,0.04214416583762648
0,ba,3,gpt-2,8414cab924d8b9b33013f0d221c5862f365ee9be39c5c2bfae8a5a9e970478a6,nested,140-byte batch 1,140,1,34908538,35209144,4194400,0.9914622746863713,-0.00857438047397275
0,ba,4,gpt-2,8414cab924d8b9b33013f0d221c5862f365ee9be39c5c2bfae8a5a9e970478a6,nested,140-byte batch 1,140,1,33755731,33471709,4194400,1.008485434669619,0.008449635739286214
0,ba,5,gpt-2,8414cab924d8b9b33013f0d221c5862f365ee9be39c5c2bfae8a5a9e970478a6,nested,140-byte batch 1,140,1,25135549,25242475,4194400,0.9957640445320833,-0.004244952543743842
0,ba,0,gpt-2,8414cab924d8b9b33013f0d221c5862f365ee9be39c5c2bfae8a5a9e970478a6,nested,140-byte batch 32,140,32,35929003,35844814,4197760,1.0023487079609341,0.002345954057624727
0,ba,1,gpt-2,8414cab924d8b9b33013f0d221c5862f365ee9be39c5c2bfae8a5a9e970478a6,nested,140-byte batch 32,140,32,33897746,34221914,4197760,0.9905274731273067,-0.009517676602937954
0,ba,2,gpt-2,8414cab924d8b9b33013f0d221c5862f365ee9be39c5c2bfae8a5a9e970478a6,nested,140-byte batch 32,140,32,39380958,40233679,4197760,0.9788057910388955,-0.021422030963105177
0,ba,3,gpt-2,8414cab924d8b9b33013f0d221c5862f365ee9be39c5c2bfae8a5a9e970478a6,nested,140-byte batch 32,140,32,37157865,36954372,4197760,1.0055066014922402,0.005491495591653407
0,ba,4,gpt-2,8414cab924d8b9b33013f0d221c5862f365ee9be39c5c2bfae8a5a9e970478a6,nested,140-byte batch 32,140,32,33761000,33019571,4197760,1.0224542287360425,0.022205843860548722
0,ba,5,gpt-2,8414cab924d8b9b33013f0d221c5862f365ee9be39c5c2bfae8a5a9e970478a6,nested,140-byte batch 32,140,32,27013796,26796115,4197760,1.0081236029924487,0.008090784148030158
0,ba,0,gpt-2,8414cab924d8b9b33013f0d221c5862f365ee9be39c5c2bfae8a5a9e970478a6,nested,140-byte batch 512,140,512,15691797,15106023,4229120,1.0387775127841392,0.03804455327155253
0,ba,1,gpt-2,8414cab924d8b9b33013f0d221c5862f365ee9be39c5c2bfae8a5a9e970478a6,nested,140-byte batch 512,140,512,15064157,15111719,4229120,0.9968526413176423,-0.0031523220327273954
0,ba,2,gpt-2,8414cab924d8b9b33013f0d221c5862f365ee9be39c5c2bfae8a5a9e970478a6,nested,140-byte batch 512,140,512,14397222,13620918,4229120,1.0569935154150403,0.05542857197338825
0,ba,3,gpt-2,8414cab924d8b9b33013f0d221c5862f365ee9be39c5c2bfae8a5a9e970478a6,nested,140-byte batch 512,140,512,13681798,13294709,4229120,1.0291160190117739,0.028700199778768986
0,ba,4,gpt-2,8414cab924d8b9b33013f0d221c5862f365ee9be39c5c2bfae8a5a9e970478a6,nested,140-byte batch 512,140,512,12997112,12203334,4229120,1.0650459948076485,0.06301798584164582
0,ba,5,gpt-2,8414cab924d8b9b33013f0d221c5862f365ee9be39c5c2bfae8a5a9e970478a6,nested,140-byte batch 512,140,512,13377360,12803168,4229120,1.0448476502065738,0.04387108551247886
0,ba,0,gpt-2,8414cab924d8b9b33013f0d221c5862f365ee9be39c5c2bfae8a5a9e970478a6,nested,4 KiB single,4096,1,24848530,23936190,4194304,1.0381155062689593,0.03740705626855158
0,ba,1,gpt-2,8414cab924d8b9b33013f0d221c5862f365ee9be39c5c2bfae8a5a9e970478a6,nested,4 KiB single,4096,1,24591499,23662221,4194304,1.0392726447783578,0.03852108845217506
0,ba,2,gpt-2,8414cab924d8b9b33013f0d221c5862f365ee9be39c5c2bfae8a5a9e970478a6,nested,4 KiB single,4096,1,24481672,23278178,4194304,1.0517005239843085,0.05040840076974465
0,ba,3,gpt-2,8414cab924d8b9b33013f0d221c5862f365ee9be39c5c2bfae8a5a9e970478a6,nested,4 KiB single,4096,1,28930727,27796339,4194304,1.0408106981282679,0.0399999269183938
0,ba,4,gpt-2,8414cab924d8b9b33013f0d221c5862f365ee9be39c5c2bfae8a5a9e970478a6,nested,4 KiB single,4096,1,27379697,26351195,4194304,1.039030563889038,0.03828812832450457
0,ba,5,gpt-2,8414cab924d8b9b33013f0d221c5862f365ee9be39c5c2bfae8a5a9e970478a6,nested,4 KiB single,4096,1,26062739,25715029,4194304,1.0135216647043253,0.013431062808067475
0,ba,0,gpt-2,8414cab924d8b9b33013f0d221c5862f365ee9be39c5c2bfae8a5a9e970478a6,nested,64 KiB single,65536,1,24642083,24128017,4194304,1.0213057707974924,0.02108197602900785
0,ba,1,gpt-2,8414cab924d8b9b33013f0d221c5862f365ee9be39c5c2bfae8a5a9e970478a6,nested,64 KiB single,65536,1,22580544,21847121,4194304,1.0335706933650435,0.033019499701730834
0,ba,2,gpt-2,8414cab924d8b9b33013f0d221c5862f365ee9be39c5c2bfae8a5a9e970478a6,nested,64 KiB single,65536,1,23388716,22529691,4194304,1.0381285744220816,0.037419644531409495
0,ba,3,gpt-2,8414cab924d8b9b33013f0d221c5862f365ee9be39c5c2bfae8a5a9e970478a6,nested,64 KiB single,65536,1,25455816,25168796,4194304,1.011403803344427,0.01133927013168693
0,ba,4,gpt-2,8414cab924d8b9b33013f0d221c5862f365ee9be39c5c2bfae8a5a9e970478a6,nested,64 KiB single,65536,1,26014705,25187661,4194304,1.0328352839114359,0.032307723320184556
0,ba,5,gpt-2,8414cab924d8b9b33013f0d221c5862f365ee9be39c5c2bfae8a5a9e970478a6,nested,64 KiB single,65536,1,23595155,22803312,4194304,1.0347249118899922,0.03413560577654228
0,ba,0,gpt-oss,0614fe83cadab421296e664e1f48f4261fa8fef6e03e63bb75c20f38e37d07d3,flat-ragged,140-byte batch 1,140,1,63892215,59176088,4194400,1.0796964983558899,0.07667998160175478
0,ba,1,gpt-oss,0614fe83cadab421296e664e1f48f4261fa8fef6e03e63bb75c20f38e37d07d3,flat-ragged,140-byte batch 1,140,1,59801526,54792483,4194400,1.0914184341673292,0.08747816601339826
0,ba,2,gpt-oss,0614fe83cadab421296e664e1f48f4261fa8fef6e03e63bb75c20f38e37d07d3,flat-ragged,140-byte batch 1,140,1,57561801,54688676,4194400,1.0525360131227166,0.05120250273269374
0,ba,3,gpt-oss,0614fe83cadab421296e664e1f48f4261fa8fef6e03e63bb75c20f38e37d07d3,flat-ragged,140-byte batch 1,140,1,61642260,61247818,4194400,1.0064400988129896,0.006419449982884409
0,ba,4,gpt-oss,0614fe83cadab421296e664e1f48f4261fa8fef6e03e63bb75c20f38e37d07d3,flat-ragged,140-byte batch 1,140,1,54232250,51492165,4194400,1.0532136296852153,0.05184608976898015
0,ba,5,gpt-oss,0614fe83cadab421296e664e1f48f4261fa8fef6e03e63bb75c20f38e37d07d3,flat-ragged,140-byte batch 1,140,1,49365718,45874022,4194400,1.0761148869833126,0.07335722832916147
0,ba,0,gpt-oss,0614fe83cadab421296e664e1f48f4261fa8fef6e03e63bb75c20f38e37d07d3,flat-ragged,140-byte batch 32,140,32,55682107,54557057,4197760,1.0206215302266028,0.020411785081311248
0,ba,1,gpt-oss,0614fe83cadab421296e664e1f48f4261fa8fef6e03e63bb75c20f38e37d07d3,flat-ragged,140-byte batch 32,140,32,51948061,51708529,4197760,1.0046323499165872,0.004621653603701601
0,ba,2,gpt-oss,0614fe83cadab421296e664e1f48f4261fa8fef6e03e63bb75c20f38e37d07d3,flat-ragged,140-byte batch 32,140,32,53131509,52513355,4197760,1.0117713674930882,0.01170262389166113
0,ba,3,gpt-oss,0614fe83cadab421296e664e1f48f4261fa8fef6e03e63bb75c20f38e37d07d3,flat-ragged,140-byte batch 32,140,32,57777696,55945523,4197760,1.0327492335713797,0.032224405170404084
0,ba,4,gpt-oss,0614fe83cadab421296e664e1f48f4261fa8fef6e03e63bb75c20f38e37d07d3,flat-ragged,140-byte batch 32,140,32,50515027,49320885,4197760,1.0242116904431053,0.02392323420017658
0,ba,5,gpt-oss,0614fe83cadab421296e664e1f48f4261fa8fef6e03e63bb75c20f38e37d07d3,flat-ragged,140-byte batch 32,140,32,43890390,43183185,4197760,1.0163768605766341,0.01624420614473912
0,ba,0,gpt-oss,0614fe83cadab421296e664e1f48f4261fa8fef6e03e63bb75c20f38e37d07d3,flat-ragged,140-byte batch 512,140,512,19660390,19055611,4229120,1.0317375811250555,0.03124435286869201
0,ba,1,gpt-oss,0614fe83cadab421296e664e1f48f4261fa8fef6e03e63bb75c20f38e37d07d3,flat-ragged,140-byte batch 512,140,512,19121271,19236197,4229120,0.9940255342571092,-0.005992384268070232
0,ba,2,gpt-oss,0614fe83cadab421296e664e1f48f4261fa8fef6e03e63bb75c20f38e37d07d3,flat-ragged,140-byte batch 512,140,512,18169379,17669399,4229120,1.0282963783884218,0.02790343130614824
0,ba,3,gpt-oss,0614fe83cadab421296e664e1f48f4261fa8fef6e03e63bb75c20f38e37d07d3,flat-ragged,140-byte batch 512,140,512,15526952,14820321,4229120,1.047679871441381,0.04657807305266485
0,ba,4,gpt-oss,0614fe83cadab421296e664e1f48f4261fa8fef6e03e63bb75c20f38e37d07d3,flat-ragged,140-byte batch 512,140,512,14680223,14338871,4229120,1.0238060583709834,0.023527112557519037
0,ba,5,gpt-oss,0614fe83cadab421296e664e1f48f4261fa8fef6e03e63bb75c20f38e37d07d3,flat-ragged,140-byte batch 512,140,512,15055478,14746252,4229120,1.0209698030387653,0.020752962877147313
0,ba,0,gpt-oss,0614fe83cadab421296e664e1f48f4261fa8fef6e03e63bb75c20f38e37d07d3,flat-ragged,4 KiB single,4096,1,43171678,44542515,4194304,0.9692240772664049,-0.031259447935617427
0,ba,1,gpt-oss,0614fe83cadab421296e664e1f48f4261fa8fef6e03e63bb75c20f38e37d07d3,flat-ragged,4 KiB single,4096,1,41606249,43084242,4194304,0.9656952767092897,-0.03490694307508377
0,ba,2,gpt-oss,0614fe83cadab421296e664e1f48f4261fa8fef6e03e63bb75c20f38e37d07d3,flat-ragged,4 KiB single,4096,1,39763273,38434085,4194304,1.0345835734088635,0.03399900122255476
0,ba,3,gpt-oss,0614fe83cadab421296e664e1f48f4261fa8fef6e03e63bb75c20f38e37d07d3,flat-ragged,4 KiB single,4096,1,40327700,39256426,4194304,1.027289137324931,0.02692342717943625
0,ba,4,gpt-oss,0614fe83cadab421296e664e1f48f4261fa8fef6e03e63bb75c20f38e37d07d3,flat-ragged,4 KiB single,4096,1,48327569,46759551,4194304,1.0335336410736706,0.03298365023757025
0,ba,5,gpt-oss,0614fe83cadab421296e664e1f48f4261fa8fef6e03e63bb75c20f38e37d07d3,flat-ragged,4 KiB single,4096,1,43468695,42551092,4194304,1.021564734460869,0.021335505231272082
0,ba,0,gpt-oss,0614fe83cadab421296e664e1f48f4261fa8fef6e03e63bb75c20f38e37d07d3,flat-ragged,64 KiB single,65536,1,21813494,20750564,4194304,1.051224149859252,0.04995534209471926
0,ba,1,gpt-oss,0614fe83cadab421296e664e1f48f4261fa8fef6e03e63bb75c20f38e37d07d3,flat-ragged,64 KiB single,65536,1,20710120,20482701,4194304,1.0111029790455859,0.011041793452074462
0,ba,2,gpt-oss,0614fe83cadab421296e664e1f48f4261fa8fef6e03e63bb75c20f38e37d07d3,flat-ragged,64 KiB single,65536,1,20357671,19451981,4194304,1.0465602963523355,0.0455088783987574
0,ba,3,gpt-oss,0614fe83cadab421296e664e1f48f4261fa8fef6e03e63bb75c20f38e37d07d3,flat-ragged,64 KiB single,65536,1,21256705,20168039,4194304,1.0539797647158458,0.05257325137305967
0,ba,4,gpt-oss,0614fe83cadab421296e664e1f48f4261fa8fef6e03e63bb75c20f38e37d07d3,flat-ragged,64 KiB single,65536,1,19773510,19668092,4194304,1.0053598488353623,0.005345535966025815
0,ba,5,gpt-oss,0614fe83cadab421296e664e1f48f4261fa8fef6e03e63bb75c20f38e37d07d3,flat-ragged,64 KiB single,65536,1,19500016,19446429,4194304,1.002755621610528,0.0027518318458064437
0,ba,0,gpt-oss,0614fe83cadab421296e664e1f48f4261fa8fef6e03e63bb75c20f38e37d07d3,nested,140-byte batch 1,140,1,65304984,61585544,4194400,1.06039469262462,0.05864119035100766
0,ba,1,gpt-oss,0614fe83cadab421296e664e1f48f4261fa8fef6e03e63bb75c20f38e37d07d3,nested,140-byte batch 1,140,1,55820791,53336456,4194400,1.046578554075659,0.04552632370423262
0,ba,2,gpt-oss,0614fe83cadab421296e664e1f48f4261fa8fef6e03e63bb75c20f38e37d07d3,nested,140-byte batch 1,140,1,57661623,56275991,4194400,1.024622080844387,0.024323842987987045
0,ba,3,gpt-oss,0614fe83cadab421296e664e1f48f4261fa8fef6e03e63bb75c20f38e37d07d3,nested,140-byte batch 1,140,1,59815416,56864548,4194400,1.0518929298444437,0.050591331421407974
0,ba,4,gpt-oss,0614fe83cadab421296e664e1f48f4261fa8fef6e03e63bb75c20f38e37d07d3,nested,140-byte batch 1,140,1,52524844,51514718,4194400,1.019608493246532,0.01941872346407384
0,ba,5,gpt-oss,0614fe83cadab421296e664e1f48f4261fa8fef6e03e63bb75c20f38e37d07d3,nested,140-byte batch 1,140,1,46939930,46682965,4194400,1.0055044704208485,0.005489376188710716
0,ba,0,gpt-oss,0614fe83cadab421296e664e1f48f4261fa8fef6e03e63bb75c20f38e37d07d3,nested,140-byte batch 32,140,32,65918322,62405680,4197760,1.056287216163657,0.0547601333063171
0,ba,1,gpt-oss,0614fe83cadab421296e664e1f48f4261fa8fef6e03e63bb75c20f38e37d07d3,nested,140-byte batch 32,140,32,56649714,56197154,4197760,1.008053076851543,0.008020823869608557
0,ba,2,gpt-oss,0614fe83cadab421296e664e1f48f4261fa8fef6e03e63bb75c20f38e37d07d3,nested,140-byte batch 32,140,32,59059975,57486781,4197760,1.0273661870195863,0.02699842729627177
0,ba,3,gpt-oss,0614fe83cadab421296e664e1f48f4261fa8fef6e03e63bb75c20f38e37d07d3,nested,140-byte batch 32,140,32,61054012,59466539,4197760,1.0266952310777662,0.026345130408679106
0,ba,4,gpt-oss,0614fe83cadab421296e664e1f48f4261fa8fef6e03e63bb75c20f38e37d07d3,nested,140-byte batch 32,140,32,54272919,52972375,4197760,1.0245513628565832,0.024254821999988834
0,ba,5,gpt-oss,0614fe83cadab421296e664e1f48f4261fa8fef6e03e63bb75c20f38e37d07d3,nested,140-byte batch 32,140,32,49164063,47486300,4197760,1.0353315166690182,0.03472168139073375
0,ba,0,gpt-oss,0614fe83cadab421296e664e1f48f4261fa8fef6e03e63bb75c20f38e37d07d3,nested,140-byte batch 512,140,512,22482533,21669449,4229120,1.0375221354267015,0.0368353082461585
0,ba,1,gpt-oss,0614fe83cadab421296e664e1f48f4261fa8fef6e03e63bb75c20f38e37d07d3,nested,140-byte batch 512,140,512,20224890,20081727,4229120,1.007129018335923,0.007103727015092965
0,ba,2,gpt-oss,0614fe83cadab421296e664e1f48f4261fa8fef6e03e63bb75c20f38e37d07d3,nested,140-byte batch 512,140,512,19758773,19545073,4229120,1.0109337018081233,0.01087436104151442
0,ba,3,gpt-oss,0614fe83cadab421296e664e1f48f4261fa8fef6e03e63bb75c20f38e37d07d3,nested,140-byte batch 512,140,512,17710218,17336271,4229120,1.0215702096488917,0.02134086482637718
0,ba,4,gpt-oss,0614fe83cadab421296e664e1f48f4261fa8fef6e03e63bb75c20f38e37d07d3,nested,140-byte batch 512,140,512,16904777,16467455,4229120,1.0265567448036141,0.02621023583559333
0,ba,5,gpt-oss,0614fe83cadab421296e664e1f48f4261fa8fef6e03e63bb75c20f38e37d07d3,nested,140-byte batch 512,140,512,16938468,16578956,4229120,1.021684839503766,0.021453068004382028
0,ba,0,gpt-oss,0614fe83cadab421296e664e1f48f4261fa8fef6e03e63bb75c20f38e37d07d3,nested,4 KiB single,4096,1,45982938,45679870,4194304,1.0066346073226566,0.0066126951810675984
0,ba,1,gpt-oss,0614fe83cadab421296e664e1f48f4261fa8fef6e03e63bb75c20f38e37d07d3,nested,4 KiB single,4096,1,41969778,41178565,4194304,1.0192141955408112,0.019031933859656545
0,ba,2,gpt-oss,0614fe83cadab421296e664e1f48f4261fa8fef6e03e63bb75c20f38e37d07d3,nested,4 KiB single,4096,1,39675556,38286624,4194304,1.0362772126369773,0.0356346878096328
0,ba,3,gpt-oss,0614fe83cadab421296e664e1f48f4261fa8fef6e03e63bb75c20f38e37d07d3,nested,4 KiB single,4096,1,39972781,38311453,4194304,1.0433637429517486,0.04244986205831836
0,ba,4,gpt-oss,0614fe83cadab421296e664e1f48f4261fa8fef6e03e63bb75c20f38e37d07d3,nested,4 KiB single,4096,1,46922158,45576237,4194304,1.0295312006561665,0.029103553637609
0,ba,5,gpt-oss,0614fe83cadab421296e664e1f48f4261fa8fef6e03e63bb75c20f38e37d07d3,nested,4 KiB single,4096,1,42733383,43897587,4194304,0.9734790889531126,-0.02687893467473947
0,ba,0,gpt-oss,0614fe83cadab421296e664e1f48f4261fa8fef6e03e63bb75c20f38e37d07d3,nested,64 KiB single,65536,1,43517338,44444220,4194304,0.9791450496825009,-0.021075486361530175
0,ba,1,gpt-oss,0614fe83cadab421296e664e1f48f4261fa8fef6e03e63bb75c20f38e37d07d3,nested,64 KiB single,65536,1,39939795,39011574,4194304,1.0237934772895858,0.023514823942310237
0,ba,2,gpt-oss,0614fe83cadab421296e664e1f48f4261fa8fef6e03e63bb75c20f38e37d07d3,nested,64 KiB single,65536,1,38448816,36881110,4194304,1.0425070178202338,0.04162840639020834
0,ba,3,gpt-oss,0614fe83cadab421296e664e1f48f4261fa8fef6e03e63bb75c20f38e37d07d3,nested,64 KiB single,65536,1,36921012,35386026,4194304,1.0433783098446827,0.04246382343214013
0,ba,4,gpt-oss,0614fe83cadab421296e664e1f48f4261fa8fef6e03e63bb75c20f38e37d07d3,nested,64 KiB single,65536,1,41727372,40595881,4194304,1.027872064163357,0.027490708085319695
0,ba,5,gpt-oss,0614fe83cadab421296e664e1f48f4261fa8fef6e03e63bb75c20f38e37d07d3,nested,64 KiB single,65536,1,40894730,39451387,4194304,1.0365853550345392,0.03593199878879521
0,ba,0,llama-3,e134af98b985517b4f068e3755ae90d4e9cd2d45d328325dc503f1c6b2d06cc7,flat-ragged,140-byte batch 1,140,1,54961405,54653059,4194400,1.0056418799906515,0.005626024195444505
0,ba,1,llama-3,e134af98b985517b4f068e3755ae90d4e9cd2d45d328325dc503f1c6b2d06cc7,flat-ragged,140-byte batch 1,140,1,53515089,49522992,4194400,1.0806109816628204,0.07752660493663818
0,ba,2,llama-3,e134af98b985517b4f068e3755ae90d4e9cd2d45d328325dc503f1c6b2d06cc7,flat-ragged,140-byte batch 1,140,1,47247192,44827139,4194400,1.053986336268304,0.05257948634282996
0,ba,3,llama-3,e134af98b985517b4f068e3755ae90d4e9cd2d45d328325dc503f1c6b2d06cc7,flat-ragged,140-byte batch 1,140,1,37187639,35868444,4194400,1.0367787072112746,0.036118509378823
0,ba,4,llama-3,e134af98b985517b4f068e3755ae90d4e9cd2d45d328325dc503f1c6b2d06cc7,flat-ragged,140-byte batch 1,140,1,52897500,52068268,4194400,1.0159258610253754,0.015800375062028582
0,ba,5,llama-3,e134af98b985517b4f068e3755ae90d4e9cd2d45d328325dc503f1c6b2d06cc7,flat-ragged,140-byte batch 1,140,1,46886454,44879463,4194400,1.0447195858827456,0.04374851053927227
0,ba,0,llama-3,e134af98b985517b4f068e3755ae90d4e9cd2d45d328325dc503f1c6b2d06cc7,flat-ragged,140-byte batch 32,140,32,50022278,51396877,4197760,0.9732552038132589,-0.02710894566460355
0,ba,1,llama-3,e134af98b985517b4f068e3755ae90d4e9cd2d45d328325dc503f1c6b2d06cc7,flat-ragged,140-byte batch 32,140,32,48993522,47462894,4197760,1.0322489395610812,0.031739858475306464
0,ba,2,llama-3,e134af98b985517b4f068e3755ae90d4e9cd2d45d328325dc503f1c6b2d06cc7,flat-ragged,140-byte batch 32,140,32,45864192,43650447,4197760,1.0507152882077015,0.04947115910421441
0,ba,3,llama-3,e134af98b985517b4f068e3755ae90d4e9cd2d45d328325dc503f1c6b2d06cc7,flat-ragged,140-byte batch 32,140,32,35733860,35295576,4197760,1.0124175335741794,0.01234106835966436
0,ba,4,llama-3,e134af98b985517b4f068e3755ae90d4e9cd2d45d328325dc503f1c6b2d06cc7,flat-ragged,140-byte batch 32,140,32,52004491,51513098,4197760,1.0095391855484988,0.009493974806406296
0,ba,5,llama-3,e134af98b985517b4f068e3755ae90d4e9cd2d45d328325dc503f1c6b2d06cc7,flat-ragged,140-byte batch 32,140,32,45841403,44926915,4197760,1.0203550143605453,0.02015062003433488
0,ba,0,llama-3,e134af98b985517b4f068e3755ae90d4e9cd2d45d328325dc503f1c6b2d06cc7,flat-ragged,140-byte batch 512,140,512,17104924,16803789,4229120,1.0179206606319562,0.01776197858027479
0,ba,1,llama-3,e134af98b985517b4f068e3755ae90d4e9cd2d45d328325dc503f1c6b2d06cc7,flat-ragged,140-byte batch 512,140,512,16891252,16145240,4229120,1.0462063122009955,0.045170585391530356
0,ba,2,llama-3,e134af98b985517b4f068e3755ae90d4e9cd2d45d328325dc503f1c6b2d06cc7,flat-ragged,140-byte batch 512,140,512,16109636,15462626,4229120,1.0418434747112166,0.04099171583954514
0,ba,3,llama-3,e134af98b985517b4f068e3755ae90d4e9cd2d45d328325dc503f1c6b2d06cc7,flat-ragged,140-byte batch 512,140,512,13354505,13644164,4229120,0.9787704838493586,-0.021458103314403745
0,ba,4,llama-3,e134af98b985517b4f068e3755ae90d4e9cd2d45d328325dc503f1c6b2d06cc7,flat-ragged,140-byte batch 512,140,512,12646380,12200456,4229120,1.036549781418006,0.03589768012243222
0,ba,5,llama-3,e134af98b985517b4f068e3755ae90d4e9cd2d45d328325dc503f1c6b2d06cc7,flat-ragged,140-byte batch 512,140,512,13017973,12951971,4229120,1.0050959039361653,0.005082963760345981
0,ba,0,llama-3,e134af98b985517b4f068e3755ae90d4e9cd2d45d328325dc503f1c6b2d06cc7,flat-ragged,4 KiB single,4096,1,36437480,37440935,4194304,0.9731989866171878,-0.027166709362678843
0,ba,1,llama-3,e134af98b985517b4f068e3755ae90d4e9cd2d45d328325dc503f1c6b2d06cc7,flat-ragged,4 KiB single,4096,1,41318870,40423522,4194304,1.022149183339344,0.021907453084948535
0,ba,2,llama-3,e134af98b985517b4f068e3755ae90d4e9cd2d45d328325dc503f1c6b2d06cc7,flat-ragged,4 KiB single,4096,1,36031877,36874345,4194304,0.9771530043448907,-0.023112032911288764
0,ba,3,llama-3,e134af98b985517b4f068e3755ae90d4e9cd2d45d328325dc503f1c6b2d06cc7,flat-ragged,4 KiB single,4096,1,35700040,35991157,4194304,0.9919114297992698,-0.008121460159902913
0,ba,4,llama-3,e134af98b985517b4f068e3755ae90d4e9cd2d45d328325dc503f1c6b2d06cc7,flat-ragged,4 KiB single,4096,1,35667596,35193648,4194304,1.013466861974638,0.013376989754392813
0,ba,5,llama-3,e134af98b985517b4f068e3755ae90d4e9cd2d45d328325dc503f1c6b2d06cc7,flat-ragged,4 KiB single,4096,1,40655323,41741790,4194304,0.973971719947803,-0.02637301072231252
0,ba,0,llama-3,e134af98b985517b4f068e3755ae90d4e9cd2d45d328325dc503f1c6b2d06cc7,flat-ragged,64 KiB single,65536,1,19532253,18898852,4194304,1.0335153161684107,0.03296591973806161
0,ba,1,llama-3,e134af98b985517b4f068e3755ae90d4e9cd2d45d328325dc503f1c6b2d06cc7,flat-ragged,64 KiB single,65536,1,19316607,18870071,4194304,1.023663715944683,0.023388070283669415
0,ba,2,llama-3,e134af98b985517b4f068e3755ae90d4e9cd2d45d328325dc503f1c6b2d06cc7,flat-ragged,64 KiB single,65536,1,18437465,17655172,4194304,1.0443095654916303,0.04335596417761848
0,ba,3,llama-3,e134af98b985517b4f068e3755ae90d4e9cd2d45d328325dc503f1c6b2d06cc7,flat-ragged,64 KiB single,65536,1,18988794,19064587,4194304,0.9960244090260125,-0.003983514643602323
0,ba,4,llama-3,e134af98b985517b4f068e3755ae90d4e9cd2d45d328325dc503f1c6b2d06cc7,flat-ragged,64 KiB single,65536,1,18412322,17862225,4194304,1.0307966672684954,0.030331966640376174
0,ba,5,llama-3,e134af98b985517b4f068e3755ae90d4e9cd2d45d328325dc503f1c6b2d06cc7,flat-ragged,64 KiB single,65536,1,18372598,17947133,4194304,1.0237065719633325,0.023429934736727824
0,ba,0,llama-3,e134af98b985517b4f068e3755ae90d4e9cd2d45d328325dc503f1c6b2d06cc7,nested,140-byte batch 1,140,1,59097194,57301388,4194400,1.0313396596955033,0.0308585976224867
0,ba,1,llama-3,e134af98b985517b4f068e3755ae90d4e9cd2d45d328325dc503f1c6b2d06cc7,nested,140-byte batch 1,140,1,53672429,52765898,4194400,1.0171802439522588,0.01703433238769682
0,ba,2,llama-3,e134af98b985517b4f068e3755ae90d4e9cd2d45d328325dc503f1c6b2d06cc7,nested,140-byte batch 1,140,1,49312000,48354245,4194400,1.0198070510665609,0.019613443781088223
0,ba,3,llama-3,e134af98b985517b4f068e3755ae90d4e9cd2d45d328325dc503f1c6b2d06cc7,nested,140-byte batch 1,140,1,39702494,39527379,4194400,1.0044302203796514,0.004420435841142747
0,ba,4,llama-3,e134af98b985517b4f068e3755ae90d4e9cd2d45d328325dc503f1c6b2d06cc7,nested,140-byte batch 1,140,1,55620730,54290005,4194400,1.0245114178935883,0.024215833479602652
0,ba,5,llama-3,e134af98b985517b4f068e3755ae90d4e9cd2d45d328325dc503f1c6b2d06cc7,nested,140-byte batch 1,140,1,48903445,49629117,4194400,0.9853780997151329,-0.014729853885705498
0,ba,0,llama-3,e134af98b985517b4f068e3755ae90d4e9cd2d45d328325dc503f1c6b2d06cc7,nested,140-byte batch 32,140,32,60934609,58778385,4197760,1.0366839612895113,0.03602712029980212
0,ba,1,llama-3,e134af98b985517b4f068e3755ae90d4e9cd2d45d328325dc503f1c6b2d06cc7,nested,140-byte batch 32,140,32,54996229,54838377,4197760,1.0028784951093648,0.0028743601753418954
0,ba,2,llama-3,e134af98b985517b4f068e3755ae90d4e9cd2d45d328325dc503f1c6b2d06cc7,nested,140-byte batch 32,140,32,51919244,49873519,4197760,1.0410182606124103,0.040199330893402156
0,ba,3,llama-3,e134af98b985517b4f068e3755ae90d4e9cd2d45d328325dc503f1c6b2d06cc7,nested,140-byte batch 32,140,32,41258472,40835154,4197760,1.0103665092091976,0.010313145433143935
0,ba,4,llama-3,e134af98b985517b4f068e3755ae90d4e9cd2d45d328325dc503f1c6b2d06cc7,nested,140-byte batch 32,140,32,56103986,57275223,4197760,0.9795507212603957,-0.020661260130266108
0,ba,5,llama-3,e134af98b985517b4f068e3755ae90d4e9cd2d45d328325dc503f1c6b2d06cc7,nested,140-byte batch 32,140,32,51741153,51837685,4197760,0.998137802643,-0.001863933402072023
0,ba,0,llama-3,e134af98b985517b4f068e3755ae90d4e9cd2d45d328325dc503f1c6b2d06cc7,nested,140-byte batch 512,140,512,20130112,20063948,4229120,1.0032976560744675,0.0032922307306814643
0,ba,1,llama-3,e134af98b985517b4f068e3755ae90d4e9cd2d45d328325dc503f1c6b2d06cc7,nested,140-byte batch 512,140,512,19093535,18904304,4229120,1.0100099427093427,0.009960175071389592
0,ba,2,llama-3,e134af98b985517b4f068e3755ae90d4e9cd2d45d328325dc503f1c6b2d06cc7,nested,140-byte batch 512,140,512,18816464,18706545,4229120,1.0058759648026934,0.00585876865128367
0,ba,3,llama-3,e134af98b985517b4f068e3755ae90d4e9cd2d45d328325dc503f1c6b2d06cc7,nested,140-byte batch 512,140,512,16532300,16049174,4229120,1.0301028576299316,0.029658659032321726
0,ba,4,llama-3,e134af98b985517b4f068e3755ae90d4e9cd2d45d328325dc503f1c6b2d06cc7,nested,140-byte batch 512,140,512,15456849,15592881,4229120,0.9912760188447536,-0.008762257858268232
0,ba,5,llama-3,e134af98b985517b4f068e3755ae90d4e9cd2d45d328325dc503f1c6b2d06cc7,nested,140-byte batch 512,140,512,15730489,15604163,4229120,1.008095660113266,0.00806306605238864
0,ba,0,llama-3,e134af98b985517b4f068e3755ae90d4e9cd2d45d328325dc503f1c6b2d06cc7,nested,4 KiB single,4096,1,40121048,39736039,4194304,1.0096891640357006,0.00964252510534457
0,ba,1,llama-3,e134af98b985517b4f068e3755ae90d4e9cd2d45d328325dc503f1c6b2d06cc7,nested,4 KiB single,4096,1,41513209,42262026,4194304,0.9822815640688878,-0.017877286604396046
0,ba,2,llama-3,e134af98b985517b4f068e3755ae90d4e9cd2d45d328325dc503f1c6b2d06cc7,nested,4 KiB single,4096,1,38112213,38118645,4194304,0.9998312636768699,-0.00016875056070507252
0,ba,3,llama-3,e134af98b985517b4f068e3755ae90d4e9cd2d45d328325dc503f1c6b2d06cc7,nested,4 KiB single,4096,1,35919416,36335638,4194304,0.9885450752233936,-0.0115210377920842
0,ba,4,llama-3,e134af98b985517b4f068e3755ae90d4e9cd2d45d328325dc503f1c6b2d06cc7,nested,4 KiB single,4096,1,36257251,36138587,4194304,1.003283581618728,0.0032782024367102288
0,ba,5,llama-3,e134af98b985517b4f068e3755ae90d4e9cd2d45d328325dc503f1c6b2d06cc7,nested,4 KiB single,4096,1,42685308,43201429,4194304,0.988053149815947,-0.012018787320917443
0,ba,0,llama-3,e134af98b985517b4f068e3755ae90d4e9cd2d45d328325dc503f1c6b2d06cc7,nested,64 KiB single,65536,1,37970608,37408294,4194304,1.0150318001670966,0.014919942216858028
0,ba,1,llama-3,e134af98b985517b4f068e3755ae90d4e9cd2d45d328325dc503f1c6b2d06cc7,nested,64 KiB single,65536,1,39722970,37865684,4194304,1.0490493186390084,0.04788434321748624
0,ba,2,llama-3,e134af98b985517b4f068e3755ae90d4e9cd2d45d328325dc503f1c6b2d06cc7,nested,64 KiB single,65536,1,38002386,36229213,4194304,1.048943182950179,0.04778316488740204
0,ba,3,llama-3,e134af98b985517b4f068e3755ae90d4e9cd2d45d328325dc503f1c6b2d06cc7,nested,64 KiB single,65536,1,36846953,34434656,4194304,1.0700543371189768,0.06770942953861862
0,ba,4,llama-3,e134af98b985517b4f068e3755ae90d4e9cd2d45d328325dc503f1c6b2d06cc7,nested,64 KiB single,65536,1,34417012,33153958,4194304,1.038096627859636,0.0373888708345937
0,ba,5,llama-3,e134af98b985517b4f068e3755ae90d4e9cd2d45d328325dc503f1c6b2d06cc7,nested,64 KiB single,65536,1,38311358,35533656,4194304,1.0781710162331735,0.0752661020502719
0,ba,0,minimax-m2-1,757622126525aeeb131756849d93298070ff3f0319c455ec8c5bb0f6b1cebbe8,flat-ragged,140-byte batch 1,140,1,64429262,61698121,4194400,1.0442661941033828,0.0433144321546076
0,ba,1,minimax-m2-1,757622126525aeeb131756849d93298070ff3f0319c455ec8c5bb0f6b1cebbe8,flat-ragged,140-byte batch 1,140,1,58727284,56130053,4194400,1.0462716648423618,0.04523304974442157
0,ba,2,minimax-m2-1,757622126525aeeb131756849d93298070ff3f0319c455ec8c5bb0f6b1cebbe8,flat-ragged,140-byte batch 1,140,1,59451067,59306784,4194400,1.0024328245483687,0.00242987002165363
0,ba,3,minimax-m2-1,757622126525aeeb131756849d93298070ff3f0319c455ec8c5bb0f6b1cebbe8,flat-ragged,140-byte batch 1,140,1,59783619,62768505,4194400,0.9524461192759012,-0.0487217412706357
0,ba,4,minimax-m2-1,757622126525aeeb131756849d93298070ff3f0319c455ec8c5bb0f6b1cebbe8,flat-ragged,140-byte batch 1,140,1,55736986,58937570,4194400,0.9456953518782671,-0.055834799979339995
0,ba,5,minimax-m2-1,757622126525aeeb131756849d93298070ff3f0319c455ec8c5bb0f6b1cebbe8,flat-ragged,140-byte batch 1,140,1,52886878,52206981,4194400,1.0130231050901028,0.012939033585015948
0,ba,0,minimax-m2-1,757622126525aeeb131756849d93298070ff3f0319c455ec8c5bb0f6b1cebbe8,flat-ragged,140-byte batch 32,140,32,60364369,60977269,4197760,0.9899487135115874,-0.010102141729152726
0,ba,1,minimax-m2-1,757622126525aeeb131756849d93298070ff3f0319c455ec8c5bb0f6b1cebbe8,flat-ragged,140-byte batch 32,140,32,55796800,58513627,4197760,0.9535693283890947,-0.04754314720982802
0,ba,2,minimax-m2-1,757622126525aeeb131756849d93298070ff3f0319c455ec8c5bb0f6b1cebbe8,flat-ragged,140-byte batch 32,140,32,56653752,57607521,4197760,0.9834436722246735,-0.016694915569303997
0,ba,3,minimax-m2-1,757622126525aeeb131756849d93298070ff3f0319c455ec8c5bb0f6b1cebbe8,flat-ragged,140-byte batch 32,140,32,56433965,59868596,4197760,0.9426305069856658,-0.059080900295602944
0,ba,4,minimax-m2-1,757622126525aeeb131756849d93298070ff3f0319c455ec8c5bb0f6b1cebbe8,flat-ragged,140-byte batch 32,140,32,53790067,55581943,4197760,0.9677615444281967,-0.0327695604524708
0,ba,5,minimax-m2-1,757622126525aeeb131756849d93298070ff3f0319c455ec8c5bb0f6b1cebbe8,flat-ragged,140-byte batch 32,140,32,47953584,51069897,4197760,0.9389794539824508,-0.06296168075612504
0,ba,0,minimax-m2-1,757622126525aeeb131756849d93298070ff3f0319c455ec8c5bb0f6b1cebbe8,flat-ragged,140-byte batch 512,140,512,18901255,18239019,4229120,1.036308751035349,0.03566512167237916
0,ba,1,minimax-m2-1,757622126525aeeb131756849d93298070ff3f0319c455ec8c5bb0f6b1cebbe8,flat-ragged,140-byte batch 512,140,512,18680125,18162691,4229120,1.0284888401173593,0.02809057941258889
0,ba,2,minimax-m2-1,757622126525aeeb131756849d93298070ff3f0319c455ec8c5bb0f6b1cebbe8,flat-ragged,140-byte batch 512,140,512,18266762,17395390,4229120,1.0500921221082138,0.048877895662068044
0,ba,3,minimax-m2-1,757622126525aeeb131756849d93298070ff3f0319c455ec8c5bb0f6b1cebbe8,flat-ragged,140-byte batch 512,140,512,16604253,15896003,4229120,1.0445552256123756,0.04359117339070302
0,ba,4,minimax-m2-1,757622126525aeeb131756849d93298070ff3f0319c455ec8c5bb0f6b1cebbe8,flat-ragged,140-byte batch 512,140,512,15917722,15314674,4229120,1.0393771359416466,0.03862162598797932
0,ba,5,minimax-m2-1,757622126525aeeb131756849d93298070ff3f0319c455ec8c5bb0f6b1cebbe8,flat-ragged,140-byte batch 512,140,512,15934796,15625191,4229120,1.0198144777878235,0.019620726231442474
0,ba,0,minimax-m2-1,757622126525aeeb131756849d93298070ff3f0319c455ec8c5bb0f6b1cebbe8,flat-ragged,4 KiB single,4096,1,44761407,45723310,4194304,0.9789625248040879,-0.021261916240378473
0,ba,1,minimax-m2-1,757622126525aeeb131756849d93298070ff3f0319c455ec8c5bb0f6b1cebbe8,flat-ragged,4 KiB single,4096,1,45836691,45095244,4194304,1.0164418003814326,0.01630809753462825
0,ba,2,minimax-m2-1,757622126525aeeb131756849d93298070ff3f0319c455ec8c5bb0f6b1cebbe8,flat-ragged,4 KiB single,4096,1,42171651,41826231,4194304,1.008258453887466,0.008224539449767867
0,ba,3,minimax-m2-1,757622126525aeeb131756849d93298070ff3f0319c455ec8c5bb0f6b1cebbe8,flat-ragged,4 KiB single,4096,1,41743293,43052820,4194304,0.9695832468117072,-0.030888942269633565
0,ba,4,minimax-m2-1,757622126525aeeb131756849d93298070ff3f0319c455ec8c5bb0f6b1cebbe8,flat-ragged,4 KiB single,4096,1,50499239,48560904,4194304,1.0399155460532612,0.039139504137900384
0,ba,5,minimax-m2-1,757622126525aeeb131756849d93298070ff3f0319c455ec8c5bb0f6b1cebbe8,flat-ragged,4 KiB single,4096,1,46937863,45885102,4194304,1.0229434163620252,0.022684173965682314
0,ba,0,minimax-m2-1,757622126525aeeb131756849d93298070ff3f0319c455ec8c5bb0f6b1cebbe8,flat-ragged,64 KiB single,65536,1,39972282,41357652,4194304,0.9665026921741109,-0.03407119484967346
0,ba,1,minimax-m2-1,757622126525aeeb131756849d93298070ff3f0319c455ec8c5bb0f6b1cebbe8,flat-ragged,64 KiB single,65536,1,41288466,39488372,4194304,1.0455854194242296,0.04457693853308531
0,ba,2,minimax-m2-1,757622126525aeeb131756849d93298070ff3f0319c455ec8c5bb0f6b1cebbe8,flat-ragged,64 KiB single,65536,1,37531924,38157972,4194304,0.9835932580484099,-0.016542823026736483
0,ba,3,minimax-m2-1,757622126525aeeb131756849d93298070ff3f0319c455ec8c5bb0f6b1cebbe8,flat-ragged,64 KiB single,65536,1,40915105,40274948,4194304,1.0158946698081397,0.01576967233335267
0,ba,4,minimax-m2-1,757622126525aeeb131756849d93298070ff3f0319c455ec8c5bb0f6b1cebbe8,flat-ragged,64 KiB single,65536,1,42548618,43030147,4194304,0.9888094967465484,-0.011253588009956876
0,ba,5,minimax-m2-1,757622126525aeeb131756849d93298070ff3f0319c455ec8c5bb0f6b1cebbe8,flat-ragged,64 KiB single,65536,1,44263397,43209426,4194304,1.0243921546192258,0.024099416800850957
0,ba,0,minimax-m2-1,757622126525aeeb131756849d93298070ff3f0319c455ec8c5bb0f6b1cebbe8,nested,140-byte batch 1,140,1,62452587,61958366,4194400,1.0079766629094125,0.007945017505585185
0,ba,1,minimax-m2-1,757622126525aeeb131756849d93298070ff3f0319c455ec8c5bb0f6b1cebbe8,nested,140-byte batch 1,140,1,59575476,56525521,4194400,1.0539571320359877,0.05255177759944361
0,ba,2,minimax-m2-1,757622126525aeeb131756849d93298070ff3f0319c455ec8c5bb0f6b1cebbe8,nested,140-byte batch 1,140,1,58694321,57781729,4194400,1.0157937814564184,0.015670357547425313
0,ba,3,minimax-m2-1,757622126525aeeb131756849d93298070ff3f0319c455ec8c5bb0f6b1cebbe8,nested,140-byte batch 1,140,1,59459753,60142327,4194400,0.9886506885574946,-0.011414206353198795
0,ba,4,minimax-m2-1,757622126525aeeb131756849d93298070ff3f0319c455ec8c5bb0f6b1cebbe8,nested,140-byte batch 1,140,1,55751047,53586562,4194400,1.040392309549547,0.03959786274415079
0,ba,5,minimax-m2-1,757622126525aeeb131756849d93298070ff3f0319c455ec8c5bb0f6b1cebbe8,nested,140-byte batch 1,140,1,51244193,50491967,4194400,1.0148979341604973,0.014788049960166043
0,ba,0,minimax-m2-1,757622126525aeeb131756849d93298070ff3f0319c455ec8c5bb0f6b1cebbe8,nested,140-byte batch 32,140,32,65565762,65608481,4197760,0.9993488799108152,-0.0006513321599307244
0,ba,1,minimax-m2-1,757622126525aeeb131756849d93298070ff3f0319c455ec8c5bb0f6b1cebbe8,nested,140-byte batch 32,140,32,62052625,58570581,4197760,1.0594503919979896,0.05775027554224149
0,ba,2,minimax-m2-1,757622126525aeeb131756849d93298070ff3f0319c455ec8c5bb0f6b1cebbe8,nested,140-byte batch 32,140,32,63420977,59400956,4197760,1.067676032015377,0.06548435371130155
0,ba,3,minimax-m2-1,757622126525aeeb131756849d93298070ff3f0319c455ec8c5bb0f6b1cebbe8,nested,140-byte batch 32,140,32,64006212,61842260,4197760,1.0349914767021775,0.03439319161306412
0,ba,4,minimax-m2-1,757622126525aeeb131756849d93298070ff3f0319c455ec8c5bb0f6b1cebbe8,nested,140-byte batch 32,140,32,58128870,56529399,4197760,1.0282944985847098,0.0279016032286895
0,ba,5,minimax-m2-1,757622126525aeeb131756849d93298070ff3f0319c455ec8c5bb0f6b1cebbe8,nested,140-byte batch 32,140,32,53841819,53139074,4197760,1.013224637674341,0.013137955543717562
0,ba,0,minimax-m2-1,757622126525aeeb131756849d93298070ff3f0319c455ec8c5bb0f6b1cebbe8,nested,140-byte batch 512,140,512,21388040,21153348,4229120,1.0110947921813607,0.011033696455488129
0,ba,1,minimax-m2-1,757622126525aeeb131756849d93298070ff3f0319c455ec8c5bb0f6b1cebbe8,nested,140-byte batch 512,140,512,21041514,20805889,4229120,1.0113249186324123,0.011261271820595883
0,ba,2,minimax-m2-1,757622126525aeeb131756849d93298070ff3f0319c455ec8c5bb0f6b1cebbe8,nested,140-byte batch 512,140,512,20375971,20009174,4229120,1.0183314413678446,0.018165446049806116
0,ba,3,minimax-m2-1,757622126525aeeb131756849d93298070ff3f0319c455ec8c5bb0f6b1cebbe8,nested,140-byte batch 512,140,512,19347566,18522755,4229120,1.0445296069618153,0.04356664719611092
0,ba,4,minimax-m2-1,757622126525aeeb131756849d93298070ff3f0319c455ec8c5bb0f6b1cebbe8,nested,140-byte batch 512,140,512,18262029,17626423,4229120,1.0360598403884895,0.03542490316193992
0,ba,5,minimax-m2-1,757622126525aeeb131756849d93298070ff3f0319c455ec8c5bb0f6b1cebbe8,nested,140-byte batch 512,140,512,18159341,17920409,4229120,1.013332954621739,0.013244853021403654
0,ba,0,minimax-m2-1,757622126525aeeb131756849d93298070ff3f0319c455ec8c5bb0f6b1cebbe8,nested,4 KiB single,4096,1,47195847,47399849,4194304,0.995696146626965,-0.004313141609682528
0,ba,1,minimax-m2-1,757622126525aeeb131756849d93298070ff3f0319c455ec8c5bb0f6b1cebbe8,nested,4 KiB single,4096,1,46268783,45222604,4194304,1.0231339840580609,0.022870450102203406
0,ba,2,minimax-m2-1,757622126525aeeb131756849d93298070ff3f0319c455ec8c5bb0f6b1cebbe8,nested,4 KiB single,4096,1,42889638,43747217,4194304,0.9803969473075281,-0.019797741054438715
0,ba,3,minimax-m2-1,757622126525aeeb131756849d93298070ff3f0319c455ec8c5bb0f6b1cebbe8,nested,4 KiB single,4096,1,44726654,45574337,4194304,0.9813999927195869,-0.01877516274472932
0,ba,4,minimax-m2-1,757622126525aeeb131756849d93298070ff3f0319c455ec8c5bb0f6b1cebbe8,nested,4 KiB single,4096,1,48436658,48412481,4194304,1.0004993960131892,0.0004992713565004715
0,ba,5,minimax-m2-1,757622126525aeeb131756849d93298070ff3f0319c455ec8c5bb0f6b1cebbe8,nested,4 KiB single,4096,1,46556419,44997770,4194304,1.0346383609676657,0.03405195596646577
0,ba,0,minimax-m2-1,757622126525aeeb131756849d93298070ff3f0319c455ec8c5bb0f6b1cebbe8,nested,64 KiB single,65536,1,45421355,45584134,4194304,0.9964290426138183,-0.0035773484739129416
0,ba,1,minimax-m2-1,757622126525aeeb131756849d93298070ff3f0319c455ec8c5bb0f6b1cebbe8,nested,64 KiB single,65536,1,43090173,41918199,4194304,1.0279585962173614,0.027574890168720976
0,ba,2,minimax-m2-1,757622126525aeeb131756849d93298070ff3f0319c455ec8c5bb0f6b1cebbe8,nested,64 KiB single,65536,1,45382234,43581724,4194304,1.0413134184411796,0.0404828187101751
0,ba,3,minimax-m2-1,757622126525aeeb131756849d93298070ff3f0319c455ec8c5bb0f6b1cebbe8,nested,64 KiB single,65536,1,39645324,40555839,4194304,0.9775491021157274,-0.02270675604076296
0,ba,4,minimax-m2-1,757622126525aeeb131756849d93298070ff3f0319c455ec8c5bb0f6b1cebbe8,nested,64 KiB single,65536,1,42637960,43554240,4194304,0.9789623237599829,-0.0212621216048541
0,ba,5,minimax-m2-1,757622126525aeeb131756849d93298070ff3f0319c455ec8c5bb0f6b1cebbe8,nested,64 KiB single,65536,1,41707134,41665522,4194304,1.0009987154367104,0.0009982170522505117
0,ba,0,mistral-nemo,e11c71726323d33da7b8d6f6f269f1988931c0a52b7122bcdd8c05042974e0db,flat-ragged,140-byte batch 1,140,1,77777274,72579297,4194400,1.0716179022786623,0.0691695646692098
0,ba,1,mistral-nemo,e11c71726323d33da7b8d6f6f269f1988931c0a52b7122bcdd8c05042974e0db,flat-ragged,140-byte batch 1,140,1,64611407,65521803,4194400,0.9861054495096846,-0.013991983333513137
0,ba,2,mistral-nemo,e11c71726323d33da7b8d6f6f269f1988931c0a52b7122bcdd8c05042974e0db,flat-ragged,140-byte batch 1,140,1,59476869,58923237,4194400,1.0093958178163227,0.009351951678194552
0,ba,3,mistral-nemo,e11c71726323d33da7b8d6f6f269f1988931c0a52b7122bcdd8c05042974e0db,flat-ragged,140-byte batch 1,140,1,48950397,46185511,4194400,1.0598647917958512,0.05814134507858215
0,ba,4,mistral-nemo,e11c71726323d33da7b8d6f6f269f1988931c0a52b7122bcdd8c05042974e0db,flat-ragged,140-byte batch 1,140,1,66541159,66996626,4194400,0.9932016427215304,-0.006821571380976959
0,ba,5,mistral-nemo,e11c71726323d33da7b8d6f6f269f1988931c0a52b7122bcdd8c05042974e0db,flat-ragged,140-byte batch 1,140,1,60474325,58928926,4194400,1.0262247949334764,0.025886821125741966
0,ba,0,mistral-nemo,e11c71726323d33da7b8d6f6f269f1988931c0a52b7122bcdd8c05042974e0db,flat-ragged,140-byte batch 32,140,32,72534265,68788820,4197760,1.0544484554321472,0.0530178391655609
0,ba,1,mistral-nemo,e11c71726323d33da7b8d6f6f269f1988931c0a52b7122bcdd8c05042974e0db,flat-ragged,140-byte batch 32,140,32,63176328,62618113,4197760,1.0089145931305852,0.008875092725036064
0,ba,2,mistral-nemo,e11c71726323d33da7b8d6f6f269f1988931c0a52b7122bcdd8c05042974e0db,flat-ragged,140-byte batch 32,140,32,57493423,56634577,4197760,1.0151646934698568,0.015050858907303066
0,ba,3,mistral-nemo,e11c71726323d33da7b8d6f6f269f1988931c0a52b7122bcdd8c05042974e0db,flat-ragged,140-byte batch 32,140,32,44091594,42747639,4197760,1.0314392801904217,0.0309551862516118
0,ba,4,mistral-nemo,e11c71726323d33da7b8d6f6f269f1988931c0a52b7122bcdd8c05042974e0db,flat-ragged,140-byte batch 32,140,32,64289507,64558079,4197760,0.9958398390385811,-0.0041688385060483
0,ba,5,mistral-nemo,e11c71726323d33da7b8d6f6f269f1988931c0a52b7122bcdd8c05042974e0db,flat-ragged,140-byte batch 32,140,32,56087740,58311199,4197760,0.9618690913901462,-0.03887691721212694
0,ba,0,mistral-nemo,e11c71726323d33da7b8d6f6f269f1988931c0a52b7122bcdd8c05042974e0db,flat-ragged,140-byte batch 512,140,512,23764590,21750734,4229120,1.0925879558823164,0.08854915356371287
0,ba,1,mistral-nemo,e11c71726323d33da7b8d6f6f269f1988931c0a52b7122bcdd8c05042974e0db,flat-ragged,140-byte batch 512,140,512,22506516,20639753,4229120,1.0904450261589855,0.08658589379689612
0,ba,2,mistral-nemo,e11c71726323d33da7b8d6f6f269f1988931c0a52b7122bcdd8c05042974e0db,flat-ragged,140-byte batch 512,140,512,20368278,19433113,4229120,1.0481222437187496,0.0470002238661775
0,ba,3,mistral-nemo,e11c71726323d33da7b8d6f6f269f1988931c0a52b7122bcdd8c05042974e0db,flat-ragged,140-byte batch 512,140,512,17990334,16680946,4229120,1.0784960277432707,0.07556750370934152
0,ba,4,mistral-nemo,e11c71726323d33da7b8d6f6f269f1988931c0a52b7122bcdd8c05042974e0db,flat-ragged,140-byte batch 512,140,512,16777338,15505653,4229120,1.082014282146002,0.07882438010242496
0,ba,5,mistral-nemo,e11c71726323d33da7b8d6f6f269f1988931c0a52b7122bcdd8c05042974e0db,flat-ragged,140-byte batch 512,140,512,17451813,16055396,4229120,1.0869749335363637,0.08339854764904486
0,ba,0,mistral-nemo,e11c71726323d33da7b8d6f6f269f1988931c0a52b7122bcdd8c05042974e0db,flat-ragged,4 KiB single,4096,1,52809265,49729672,4194304,1.061926670258352,0.06008487171482534
0,ba,1,mistral-nemo,e11c71726323d33da7b8d6f6f269f1988931c0a52b7122bcdd8c05042974e0db,flat-ragged,4 KiB single,4096,1,52793654,52264674,4194304,1.0101211766861877,0.010070300573530942
0,ba,2,mistral-nemo,e11c71726323d33da7b8d6f6f269f1988931c0a52b7122bcdd8c05042974e0db,flat-ragged,4 KiB single,4096,1,48969625,45969375,4194304,1.0652662778208317,0.06322479403291306
0,ba,3,mistral-nemo,e11c71726323d33da7b8d6f6f269f1988931c0a52b7122bcdd8c05042974e0db,flat-ragged,4 KiB single,4096,1,46775917,44555671,4194304,1.04983082849319,0.04862903546812866
0,ba,4,mistral-nemo,e11c71726323d33da7b8d6f6f269f1988931c0a52b7122bcdd8c05042974e0db,flat-ragged,4 KiB single,4096,1,47626780,44960873,4194304,1.0592939331938684,0.05760258541979936
0,ba,5,mistral-nemo,e11c71726323d33da7b8d6f6f269f1988931c0a52b7122bcdd8c05042974e0db,flat-ragged,4 KiB single,4096,1,53804868,52725733,4194304,1.0204669511185365,0.020260317754172114
0,ba,0,mistral-nemo,e11c71726323d33da7b8d6f6f269f1988931c0a52b7122bcdd8c05042974e0db,flat-ragged,64 KiB single,65536,1,22060651,21331397,4194304,1.0341868842439152,0.03361549886892946
0,ba,1,mistral-nemo,e11c71726323d33da7b8d6f6f269f1988931c0a52b7122bcdd8c05042974e0db,flat-ragged,64 KiB single,65536,1,21558311,20783588,4194304,1.0372757100458303,0.0365977666634278
0,ba,2,mistral-nemo,e11c71726323d33da7b8d6f6f269f1988931c0a52b7122bcdd8c05042974e0db,flat-ragged,64 KiB single,65536,1,20148687,19683688,4194304,1.0236235709486963,0.023348852538071164
0,ba,3,mistral-nemo,e11c71726323d33da7b8d6f6f269f1988931c0a52b7122bcdd8c05042974e0db,flat-ragged,64 KiB single,65536,1,21622262,20566890,4194304,1.0513141267347663,0.050040930905701525
0,ba,4,mistral-nemo,e11c71726323d33da7b8d6f6f269f1988931c0a52b7122bcdd8c05042974e0db,flat-ragged,64 KiB single,65536,1,19985232,19095833,4194304,1.046575553944151,0.04552345709111856
0,ba,5,mistral-nemo,e11c71726323d33da7b8d6f6f269f1988931c0a52b7122bcdd8c05042974e0db,flat-ragged,64 KiB single,65536,1,20231426,19605039,4194304,1.0319503062452464,0.03145051303685134
0,ba,0,mistral-nemo,e11c71726323d33da7b8d6f6f269f1988931c0a52b7122bcdd8c05042974e0db,nested,140-byte batch 1,140,1,77751331,76515858,4194400,1.0161466267554629,0.016017656416196305
0,ba,1,mistral-nemo,e11c71726323d33da7b8d6f6f269f1988931c0a52b7122bcdd8c05042974e0db,nested,140-byte batch 1,140,1,66196415,66530795,4194400,0.9949740567507122,-0.0050386157808416715
0,ba,2,mistral-nemo,e11c71726323d33da7b8d6f6f269f1988931c0a52b7122bcdd8c05042974e0db,nested,140-byte batch 1,140,1,60991395,60351882,4194400,1.0105964052620595,0.010540656835958308
0,ba,3,mistral-nemo,e11c71726323d33da7b8d6f6f269f1988931c0a52b7122bcdd8c05042974e0db,nested,140-byte batch 1,140,1,50026085,46843378,4194400,1.0679435842564555,0.06573491541287019
0,ba,4,mistral-nemo,e11c71726323d33da7b8d6f6f269f1988931c0a52b7122bcdd8c05042974e0db,nested,140-byte batch 1,140,1,67416555,69133589,4194400,0.9751635344723677,-0.025150094385034964
0,ba,5,mistral-nemo,e11c71726323d33da7b8d6f6f269f1988931c0a52b7122bcdd8c05042974e0db,nested,140-byte batch 1,140,1,62546425,60366351,4194400,1.0361140596356404,0.03547723395055049
0,ba,0,mistral-nemo,e11c71726323d33da7b8d6f6f269f1988931c0a52b7122bcdd8c05042974e0db,nested,140-byte batch 32,140,32,78266815,78794002,4197760,0.9933093003703505,-0.006713182701518822
0,ba,1,mistral-nemo,e11c71726323d33da7b8d6f6f269f1988931c0a52b7122bcdd8c05042974e0db,nested,140-byte batch 32,140,32,68833242,67517606,4197760,1.0194858212241709,0.019298403357604528
0,ba,2,mistral-nemo,e11c71726323d33da7b8d6f6f269f1988931c0a52b7122bcdd8c05042974e0db,nested,140-byte batch 32,140,32,63989889,65863779,4197760,0.9715490057137475,-0.02886356808766557
0,ba,3,mistral-nemo,e11c71726323d33da7b8d6f6f269f1988931c0a52b7122bcdd8c05042974e0db,nested,140-byte batch 32,140,32,49015808,50898366,4197760,0.9630133902530388,-0.03768796255270752
0,ba,4,mistral-nemo,e11c71726323d33da7b8d6f6f269f1988931c0a52b7122bcdd8c05042974e0db,nested,140-byte batch 32,140,32,70274799,70835006,4197760,0.9920913820491524,-0.00794005693879723
0,ba,5,mistral-nemo,e11c71726323d33da7b8d6f6f269f1988931c0a52b7122bcdd8c05042974e0db,nested,140-byte batch 32,140,32,63623866,65304518,4197760,0.9742643839741685,-0.026072570721249216
0,ba,0,mistral-nemo,e11c71726323d33da7b8d6f6f269f1988931c0a52b7122bcdd8c05042974e0db,nested,140-byte batch 512,140,512,24641516,24884851,4229120,0.990221560900646,-0.009826562003195795
0,ba,1,mistral-nemo,e11c71726323d33da7b8d6f6f269f1988931c0a52b7122bcdd8c05042974e0db,nested,140-byte batch 512,140,512,23237746,23132682,4229120,1.0045417993469152,0.004531516499591935
0,ba,2,mistral-nemo,e11c71726323d33da7b8d6f6f269f1988931c0a52b7122bcdd8c05042974e0db,nested,140-byte batch 512,140,512,22685953,22023275,4229120,1.0300898935330918,0.02964607370812556
0,ba,3,mistral-nemo,e11c71726323d33da7b8d6f6f269f1988931c0a52b7122bcdd8c05042974e0db,nested,140-byte batch 512,140,512,20246890,19021952,4229120,1.064396019924769,0.062407520847935744
0,ba,4,mistral-nemo,e11c71726323d33da7b8d6f6f269f1988931c0a52b7122bcdd8c05042974e0db,nested,140-byte batch 512,140,512,18583444,18383240,4229120,1.0108905720645545,0.010831696855380456
0,ba,5,mistral-nemo,e11c71726323d33da7b8d6f6f269f1988931c0a52b7122bcdd8c05042974e0db,nested,140-byte batch 512,140,512,18998312,18001738,4229120,1.0553598769185508,0.053881824323951034
0,ba,0,mistral-nemo,e11c71726323d33da7b8d6f6f269f1988931c0a52b7122bcdd8c05042974e0db,nested,4 KiB single,4096,1,53725884,52370933,4194304,1.025872195173609,0.025543172881982247
0,ba,1,mistral-nemo,e11c71726323d33da7b8d6f6f269f1988931c0a52b7122bcdd8c05042974e0db,nested,4 KiB single,4096,1,52083270,52368985,4194304,0.9945441944311122,-0.005470742830728007
0,ba,2,mistral-nemo,e11c71726323d33da7b8d6f6f269f1988931c0a52b7122bcdd8c05042974e0db,nested,4 KiB single,4096,1,48761527,48062263,4194304,1.0145491276596776,0.014444304601327791
0,ba,3,mistral-nemo,e11c71726323d33da7b8d6f6f269f1988931c0a52b7122bcdd8c05042974e0db,nested,4 KiB single,4096,1,46208778,45945493,4194304,1.0057303770796409,0.005714020923782997
0,ba,4,mistral-nemo,e11c71726323d33da7b8d6f6f269f1988931c0a52b7122bcdd8c05042974e0db,nested,4 KiB single,4096,1,46651257,45995455,4194304,1.0142579739672104,0.014157285008156474
0,ba,5,mistral-nemo,e11c71726323d33da7b8d6f6f269f1988931c0a52b7122bcdd8c05042974e0db,nested,4 KiB single,4096,1,55215003,53461597,4194304,1.0327974863900904,0.03227112676546959
0,ba,0,mistral-nemo,e11c71726323d33da7b8d6f6f269f1988931c0a52b7122bcdd8c05042974e0db,nested,64 KiB single,65536,1,49323509,48763900,4194304,1.011475886875332,0.011410538365071202
0,ba,1,mistral-nemo,e11c71726323d33da7b8d6f6f269f1988931c0a52b7122bcdd8c05042974e0db,nested,64 KiB single,65536,1,48211292,48073719,4194304,1.0028617091180319,0.002857622223639141
0,ba,2,mistral-nemo,e11c71726323d33da7b8d6f6f269f1988931c0a52b7122bcdd8c05042974e0db,nested,64 KiB single,65536,1,47376490,45799562,4194304,1.0344310716333924,0.033851586339714086
0,ba,3,mistral-nemo,e11c71726323d33da7b8d6f6f269f1988931c0a52b7122bcdd8c05042974e0db,nested,64 KiB single,65536,1,44333724,43563389,4194304,1.0176830824617433,0.017528555771835153
0,ba,4,mistral-nemo,e11c71726323d33da7b8d6f6f269f1988931c0a52b7122bcdd8c05042974e0db,nested,64 KiB single,65536,1,41133595,41315752,4194304,0.9955911004596988,-0.0044186473999871505
0,ba,5,mistral-nemo,e11c71726323d33da7b8d6f6f269f1988931c0a52b7122bcdd8c05042974e0db,nested,64 KiB single,65536,1,44655697,45510166,4194304,0.9812246564866408,-0.018953838003376924
0,ba,0,nemotron-3,c6021eb6847e682f89aa52d5eb6e8c7d902a23acfc8137e25211cf84828f1592,flat-ragged,140-byte batch 1,140,1,77772256,76324700,4194400,1.0189657607563476,0.018788152848145407
0,ba,1,nemotron-3,c6021eb6847e682f89aa52d5eb6e8c7d902a23acfc8137e25211cf84828f1592,flat-ragged,140-byte batch 1,140,1,64460242,66326576,4194400,0.9718614451015835,-0.02854203087415853
0,ba,2,nemotron-3,c6021eb6847e682f89aa52d5eb6e8c7d902a23acfc8137e25211cf84828f1592,flat-ragged,140-byte batch 1,140,1,58227178,58794849,4194400,0.9903448854847812,-0.009702027343407253
0,ba,3,nemotron-3,c6021eb6847e682f89aa52d5eb6e8c7d902a23acfc8137e25211cf84828f1592,flat-ragged,140-byte batch 1,140,1,46524059,48121169,4194400,0.9668106566571565,-0.03375260760582437
0,ba,4,nemotron-3,c6021eb6847e682f89aa52d5eb6e8c7d902a23acfc8137e25211cf84828f1592,flat-ragged,140-byte batch 1,140,1,67258093,68128883,4194400,0.9872184899905081,-0.012863896275347168
0,ba,5,nemotron-3,c6021eb6847e682f89aa52d5eb6e8c7d902a23acfc8137e25211cf84828f1592,flat-ragged,140-byte batch 1,140,1,58827668,63666223,4194400,0.924001224322668,-0.07904188231679832
0,ba,0,nemotron-3,c6021eb6847e682f89aa52d5eb6e8c7d902a23acfc8137e25211cf84828f1592,flat-ragged,140-byte batch 32,140,32,68168333,69707275,4197760,0.9779227921332457,-0.022324556712645525
0,ba,1,nemotron-3,c6021eb6847e682f89aa52d5eb6e8c7d902a23acfc8137e25211cf84828f1592,flat-ragged,140-byte batch 32,140,32,61905737,63768265,4197760,0.970792242818587,-0.029642795665748685
0,ba,2,nemotron-3,c6021eb6847e682f89aa52d5eb6e8c7d902a23acfc8137e25211cf84828f1592,flat-ragged,140-byte batch 32,140,32,57185146,56333319,4197760,1.0151211931965165,0.015008007529935315
0,ba,3,nemotron-3,c6021eb6847e682f89aa52d5eb6e8c7d902a23acfc8137e25211cf84828f1592,flat-ragged,140-byte batch 32,140,32,44972918,43628242,4197760,1.0308212281393323,0.030355793432812136
0,ba,4,nemotron-3,c6021eb6847e682f89aa52d5eb6e8c7d902a23acfc8137e25211cf84828f1592,flat-ragged,140-byte batch 32,140,32,66365742,63755607,4197760,1.040939693351206,0.04012385649576413
0,ba,5,nemotron-3,c6021eb6847e682f89aa52d5eb6e8c7d902a23acfc8137e25211cf84828f1592,flat-ragged,140-byte batch 32,140,32,59265987,57340002,4197760,1.0335888547754148,0.03303707106954148
0,ba,0,nemotron-3,c6021eb6847e682f89aa52d5eb6e8c7d902a23acfc8137e25211cf84828f1592,flat-ragged,140-byte batch 512,140,512,22309445,21714523,4229120,1.0273974242952517,0.027028832035284903
0,ba,1,nemotron-3,c6021eb6847e682f89aa52d5eb6e8c7d902a23acfc8137e25211cf84828f1592,flat-ragged,140-byte batch 512,140,512,21442372,20737792,4229120,1.0339756517955239,0.03341122822245464
0,ba,2,nemotron-3,c6021eb6847e682f89aa52d5eb6e8c7d902a23acfc8137e25211cf84828f1592,flat-ragged,140-byte batch 512,140,512,20454404,19343760,4229120,1.057416138330914,0.05582832697900226
0,ba,3,nemotron-3,c6021eb6847e682f89aa52d5eb6e8c7d902a23acfc8137e25211cf84828f1592,flat-ragged,140-byte batch 512,140,512,17980854,16827196,4229120,1.068559134867152,0.06631113806142436
0,ba,4,nemotron-3,c6021eb6847e682f89aa52d5eb6e8c7d902a23acfc8137e25211cf84828f1592,flat-ragged,140-byte batch 512,140,512,16446582,15707932,4229120,1.0470240130909658,0.045951866764806906
0,ba,5,nemotron-3,c6021eb6847e682f89aa52d5eb6e8c7d902a23acfc8137e25211cf84828f1592,flat-ragged,140-byte batch 512,140,512,16049836,15807142,4229120,1.01535343960344,0.015236768238574259
0,ba,0,nemotron-3,c6021eb6847e682f89aa52d5eb6e8c7d902a23acfc8137e25211cf84828f1592,flat-ragged,4 KiB single,4096,1,53392424,48704458,4194304,1.0962533244903372,0.09189829730201746
0,ba,1,nemotron-3,c6021eb6847e682f89aa52d5eb6e8c7d902a23acfc8137e25211cf84828f1592,flat-ragged,4 KiB single,4096,1,52839029,49268200,4194304,1.0724773586207736,0.0699712607540965
0,ba,2,nemotron-3,c6021eb6847e682f89aa52d5eb6e8c7d902a23acfc8137e25211cf84828f1592,flat-ragged,4 KiB single,4096,1,47057270,44670489,4194304,1.0534308231996297,0.052052288318418835
0,ba,3,nemotron-3,c6021eb6847e682f89aa52d5eb6e8c7d902a23acfc8137e25211cf84828f1592,flat-ragged,4 KiB single,4096,1,45721423,43736517,4194304,1.0453832663446885,0.04438358022834669
0,ba,4,nemotron-3,c6021eb6847e682f89aa52d5eb6e8c7d902a23acfc8137e25211cf84828f1592,flat-ragged,4 KiB single,4096,1,46220366,44965904,4194304,1.0278980713920485,0.027516009774689616
0,ba,5,nemotron-3,c6021eb6847e682f89aa52d5eb6e8c7d902a23acfc8137e25211cf84828f1592,flat-ragged,4 KiB single,4096,1,52300748,49799689,4194304,1.050222381910859,0.049001934040666
0,ba,0,nemotron-3,c6021eb6847e682f89aa52d5eb6e8c7d902a23acfc8137e25211cf84828f1592,flat-ragged,64 KiB single,65536,1,21957943,20438452,4194304,1.0743447204318606,0.07171091333197405
0,ba,1,nemotron-3,c6021eb6847e682f89aa52d5eb6e8c7d902a23acfc8137e25211cf84828f1592,flat-ragged,64 KiB single,65536,1,21096379,20005652,4194304,1.054520942381683,0.05308658075056404
0,ba,2,nemotron-3,c6021eb6847e682f89aa52d5eb6e8c7d902a23acfc8137e25211cf84828f1592,flat-ragged,64 KiB single,65536,1,19943063,19191577,4194304,1.0391570739601024,0.03840987870826833
0,ba,3,nemotron-3,c6021eb6847e682f89aa52d5eb6e8c7d902a23acfc8137e25211cf84828f1592,flat-ragged,64 KiB single,65536,1,21361966,19674731,4194304,1.0857564456662712,0.082276929017771
0,ba,4,nemotron-3,c6021eb6847e682f89aa52d5eb6e8c7d902a23acfc8137e25211cf84828f1592,flat-ragged,64 KiB single,65536,1,19684376,18792630,4194304,1.047451900026766,0.04636045293099096
0,ba,5,nemotron-3,c6021eb6847e682f89aa52d5eb6e8c7d902a23acfc8137e25211cf84828f1592,flat-ragged,64 KiB single,65536,1,19733450,18796323,4194304,1.0498569321244373,0.04865389976627639
0,ba,0,nemotron-3,c6021eb6847e682f89aa52d5eb6e8c7d902a23acfc8137e25211cf84828f1592,nested,140-byte batch 1,140,1,80218329,75369666,4194400,1.0643317564920614,0.06234714353389946
0,ba,1,nemotron-3,c6021eb6847e682f89aa52d5eb6e8c7d902a23acfc8137e25211cf84828f1592,nested,140-byte batch 1,140,1,67222403,63318795,4194400,1.061650067724757,0.059824365437644925
0,ba,2,nemotron-3,c6021eb6847e682f89aa52d5eb6e8c7d902a23acfc8137e25211cf84828f1592,nested,140-byte batch 1,140,1,61368123,59409904,4194400,1.0329611540863624,0.03242958448013917
0,ba,3,nemotron-3,c6021eb6847e682f89aa52d5eb6e8c7d902a23acfc8137e25211cf84828f1592,nested,140-byte batch 1,140,1,48060887,47358935,4194400,1.0148219549278295,0.01471318324273194
0,ba,4,nemotron-3,c6021eb6847e682f89aa52d5eb6e8c7d902a23acfc8137e25211cf84828f1592,nested,140-byte batch 1,140,1,70920312,68344562,4194400,1.0376877095210588,0.03699488159736614
0,ba,5,nemotron-3,c6021eb6847e682f89aa52d5eb6e8c7d902a23acfc8137e25211cf84828f1592,nested,140-byte batch 1,140,1,64437925,63802495,4194400,1.0099593283930355,0.009910061124566796
0,ba,0,nemotron-3,c6021eb6847e682f89aa52d5eb6e8c7d902a23acfc8137e25211cf84828f1592,nested,140-byte batch 32,140,32,76332092,77941700,4197760,0.9793485643756809,-0.020867658577511272
0,ba,1,nemotron-3,c6021eb6847e682f89aa52d5eb6e8c7d902a23acfc8137e25211cf84828f1592,nested,140-byte batch 32,140,32,68282967,69023647,4197760,0.9892691848056073,-0.010788805621246752
0,ba,2,nemotron-3,c6021eb6847e682f89aa52d5eb6e8c7d902a23acfc8137e25211cf84828f1592,nested,140-byte batch 32,140,32,62657677,62354980,4197760,1.0048544157980646,0.004842671115406709
0,ba,3,nemotron-3,c6021eb6847e682f89aa52d5eb6e8c7d902a23acfc8137e25211cf84828f1592,nested,140-byte batch 32,140,32,49689027,49439638,4197760,1.0050443128244588,0.005031632901645026
0,ba,4,nemotron-3,c6021eb6847e682f89aa52d5eb6e8c7d902a23acfc8137e25211cf84828f1592,nested,140-byte batch 32,140,32,71431263,69808332,4197760,1.0232483853073584,0.022982258385082784
0,ba,5,nemotron-3,c6021eb6847e682f89aa52d5eb6e8c7d902a23acfc8137e25211cf84828f1592,nested,140-byte batch 32,140,32,63076670,62414959,4197760,1.010601801404692,0.010545996384167606
0,ba,0,nemotron-3,c6021eb6847e682f89aa52d5eb6e8c7d902a23acfc8137e25211cf84828f1592,nested,140-byte batch 512,140,512,25560446,24710460,4229120,1.0343978218131107,0.033819442724173976
0,ba,1,nemotron-3,c6021eb6847e682f89aa52d5eb6e8c7d902a23acfc8137e25211cf84828f1592,nested,140-byte batch 512,140,512,23949758,23208406,4229120,1.0319432536642112,0.03144367878805848
0,ba,2,nemotron-3,c6021eb6847e682f89aa52d5eb6e8c7d902a23acfc8137e25211cf84828f1592,nested,140-byte batch 512,140,512,22710702,21950147,4229120,1.034649198476894,0.0340624305949715
0,ba,3,nemotron-3,c6021eb6847e682f89aa52d5eb6e8c7d902a23acfc8137e25211cf84828f1592,nested,140-byte batch 512,140,512,19670137,19228514,4229120,1.0229670893965077,0.022707315774101497
0,ba,4,nemotron-3,c6021eb6847e682f89aa52d5eb6e8c7d902a23acfc8137e25211cf84828f1592,nested,140-byte batch 512,140,512,19116054,18394300,4229120,1.0392379160935725,0.0384876715569788
0,ba,5,nemotron-3,c6021eb6847e682f89aa52d5eb6e8c7d902a23acfc8137e25211cf84828f1592,nested,140-byte batch 512,140,512,19256192,18601071,4229120,1.0352195311764576,0.03461351164260186
0,ba,0,nemotron-3,c6021eb6847e682f89aa52d5eb6e8c7d902a23acfc8137e25211cf84828f1592,nested,4 KiB single,4096,1,54854348,51358446,4194304,1.0680686872807639,0.06585205240325026
0,ba,1,nemotron-3,c6021eb6847e682f89aa52d5eb6e8c7d902a23acfc8137e25211cf84828f1592,nested,4 KiB single,4096,1,52784966,49870681,4194304,1.058436839873913,0.05679314034996056
0,ba,2,nemotron-3,c6021eb6847e682f89aa52d5eb6e8c7d902a23acfc8137e25211cf84828f1592,nested,4 KiB single,4096,1,47442648,47200986,4194304,1.0051198506743058,0.005106788803092408
0,ba,3,nemotron-3,c6021eb6847e682f89aa52d5eb6e8c7d902a23acfc8137e25211cf84828f1592,nested,4 KiB single,4096,1,45954115,44228564,4194304,1.0390144025476387,0.03827257395329439
0,ba,4,nemotron-3,c6021eb6847e682f89aa52d5eb6e8c7d902a23acfc8137e25211cf84828f1592,nested,4 KiB single,4096,1,47089924,44383894,4194304,1.0609687378939756,0.05918239444183798
0,ba,5,nemotron-3,c6021eb6847e682f89aa52d5eb6e8c7d902a23acfc8137e25211cf84828f1592,nested,4 KiB single,4096,1,54166032,51086679,4194304,1.0602770244665933,0.05853021781603298
0,ba,0,nemotron-3,c6021eb6847e682f89aa52d5eb6e8c7d902a23acfc8137e25211cf84828f1592,nested,64 KiB single,65536,1,48354699,47623179,4194304,1.0153605873308038,0.015243807858401561
0,ba,1,nemotron-3,c6021eb6847e682f89aa52d5eb6e8c7d902a23acfc8137e25211cf84828f1592,nested,64 KiB single,65536,1,47696461,44469365,4194304,1.072568969671593,0.07005667713850436
0,ba,2,nemotron-3,c6021eb6847e682f89aa52d5eb6e8c7d902a23acfc8137e25211cf84828f1592,nested,64 KiB single,65536,1,47124791,45358859,4194304,1.0389324608010972,0.03819370596294373
0,ba,3,nemotron-3,c6021eb6847e682f89aa52d5eb6e8c7d902a23acfc8137e25211cf84828f1592,nested,64 KiB single,65536,1,43752471,41652646,4194304,1.0504127636933318,0.04918319520197956
0,ba,4,nemotron-3,c6021eb6847e682f89aa52d5eb6e8c7d902a23acfc8137e25211cf84828f1592,nested,64 KiB single,65536,1,42253698,39651499,4194304,1.0656267496974074,0.06356312343317776
0,ba,5,nemotron-3,c6021eb6847e682f89aa52d5eb6e8c7d902a23acfc8137e25211cf84828f1592,nested,64 KiB single,65536,1,45375564,41480104,4194304,1.0939115292478534,0.08975983166924761
0,ba,0,phi-4-mini,382cc235b56c725945e149cc25f191da667c836655efd0857b004320e90e91ea,flat-ragged,140-byte batch 1,140,1,50217257,52153541,4194400,0.962873393390489,-0.03783334686499971
0,ba,1,phi-4-mini,382cc235b56c725945e149cc25f191da667c836655efd0857b004320e90e91ea,flat-ragged,140-byte batch 1,140,1,50484812,48098659,4194400,1.0496095535636452,0.048418241265773175
0,ba,2,phi-4-mini,382cc235b56c725945e149cc25f191da667c836655efd0857b004320e90e91ea,flat-ragged,140-byte batch 1,140,1,46776338,47889340,4194400,0.9767588778630066,-0.023515455901668522
0,ba,3,phi-4-mini,382cc235b56c725945e149cc25f191da667c836655efd0857b004320e90e91ea,flat-ragged,140-byte batch 1,140,1,50207950,53256014,4194400,0.9427658254709036,-0.05893735648665336
0,ba,4,phi-4-mini,382cc235b56c725945e149cc25f191da667c836655efd0857b004320e90e91ea,flat-ragged,140-byte batch 1,140,1,43840546,44792047,4194400,0.9787573673513961,-0.021471504398791575
0,ba,5,phi-4-mini,382cc235b56c725945e149cc25f191da667c836655efd0857b004320e90e91ea,flat-ragged,140-byte batch 1,140,1,41387972,39929553,4194400,1.0365248015674005,0.03587358079594218
0,ba,0,phi-4-mini,382cc235b56c725945e149cc25f191da667c836655efd0857b004320e90e91ea,flat-ragged,140-byte batch 32,140,32,45670258,47045837,4197760,0.9707608773120563,-0.029675105373073437
0,ba,1,phi-4-mini,382cc235b56c725945e149cc25f191da667c836655efd0857b004320e90e91ea,flat-ragged,140-byte batch 32,140,32,44064894,41075409,4197760,1.0727804073722065,0.07025378974268955
0,ba,2,phi-4-mini,382cc235b56c725945e149cc25f191da667c836655efd0857b004320e90e91ea,flat-ragged,140-byte batch 32,140,32,43194908,40754725,4197760,1.0598748488672172,0.05815083404710741
0,ba,3,phi-4-mini,382cc235b56c725945e149cc25f191da667c836655efd0857b004320e90e91ea,flat-ragged,140-byte batch 32,140,32,45943243,43438580,4197760,1.057659872859564,0.0560588005207941
0,ba,4,phi-4-mini,382cc235b56c725945e149cc25f191da667c836655efd0857b004320e90e91ea,flat-ragged,140-byte batch 32,140,32,41221667,39814374,4197760,1.0353463550626214,0.03473601330957636
0,ba,5,phi-4-mini,382cc235b56c725945e149cc25f191da667c836655efd0857b004320e90e91ea,flat-ragged,140-byte batch 32,140,32,36352757,33988030,4197760,1.0695752887119376,0.06726164324022343
0,ba,0,phi-4-mini,382cc235b56c725945e149cc25f191da667c836655efd0857b004320e90e91ea,flat-ragged,140-byte batch 512,140,512,15098345,14114024,4229120,1.0697406352716985,0.0674162221485898
0,ba,1,phi-4-mini,382cc235b56c725945e149cc25f191da667c836655efd0857b004320e90e91ea,flat-ragged,140-byte batch 512,140,512,15678844,14563998,4229120,1.076548074230716,0.07375969472641529
0,ba,2,phi-4-mini,382cc235b56c725945e149cc25f191da667c836655efd0857b004320e90e91ea,flat-ragged,140-byte batch 512,140,512,15194626,14225198,4229120,1.0681486472103938,0.06592691363424606
0,ba,3,phi-4-mini,382cc235b56c725945e149cc25f191da667c836655efd0857b004320e90e91ea,flat-ragged,140-byte batch 512,140,512,12694435,12894219,4229120,0.98450592470936,-0.015615362932888052
0,ba,4,phi-4-mini,382cc235b56c725945e149cc25f191da667c836655efd0857b004320e90e91ea,flat-ragged,140-byte batch 512,140,512,12746331,12060758,4229120,1.0568432763512874,0.05528642375779179
0,ba,5,phi-4-mini,382cc235b56c725945e149cc25f191da667c836655efd0857b004320e90e91ea,flat-ragged,140-byte batch 512,140,512,12372425,11886710,4229120,1.0408620215349749,0.04004923669339598
0,ba,0,phi-4-mini,382cc235b56c725945e149cc25f191da667c836655efd0857b004320e90e91ea,flat-ragged,4 KiB single,4096,1,34312628,30781412,4194304,1.1147191038539752,0.10860244837905937
0,ba,1,phi-4-mini,382cc235b56c725945e149cc25f191da667c836655efd0857b004320e90e91ea,flat-ragged,4 KiB single,4096,1,33427288,32333037,4194304,1.0338431246034823,0.03328304755813758
0,ba,2,phi-4-mini,382cc235b56c725945e149cc25f191da667c836655efd0857b004320e90e91ea,flat-ragged,4 KiB single,4096,1,31737845,30187694,4194304,1.051350427760398,0.050075459499963206
0,ba,3,phi-4-mini,382cc235b56c725945e149cc25f191da667c836655efd0857b004320e90e91ea,flat-ragged,4 KiB single,4096,1,31983821,30679713,4194304,1.042507177299866,0.04162855936723127
0,ba,4,phi-4-mini,382cc235b56c725945e149cc25f191da667c836655efd0857b004320e90e91ea,flat-ragged,4 KiB single,4096,1,37169268,36617070,4194304,1.0150803436757774,0.014967765691868763
0,ba,5,phi-4-mini,382cc235b56c725945e149cc25f191da667c836655efd0857b004320e90e91ea,flat-ragged,4 KiB single,4096,1,34396026,34611452,4194304,0.9937758751063087,-0.006243575509747762
0,ba,0,phi-4-mini,382cc235b56c725945e149cc25f191da667c836655efd0857b004320e90e91ea,flat-ragged,64 KiB single,65536,1,17460225,17332870,4194304,1.0073476002531607,0.007320738139549395
0,ba,1,phi-4-mini,382cc235b56c725945e149cc25f191da667c836655efd0857b004320e90e91ea,flat-ragged,64 KiB single,65536,1,17812969,17172972,4194304,1.0372676901819906,0.036590034972840996
0,ba,2,phi-4-mini,382cc235b56c725945e149cc25f191da667c836655efd0857b004320e90e91ea,flat-ragged,64 KiB single,65536,1,16614965,16484730,4194304,1.0079003417101766,0.007869297410462906
0,ba,3,phi-4-mini,382cc235b56c725945e149cc25f191da667c836655efd0857b004320e90e91ea,flat-ragged,64 KiB single,65536,1,18698088,17393706,4194304,1.0749916090337506,0.07231285599916319
0,ba,4,phi-4-mini,382cc235b56c725945e149cc25f191da667c836655efd0857b004320e90e91ea,flat-ragged,64 KiB single,65536,1,17233531,16904516,4194304,1.0194631422751175,0.01927615763251742
0,ba,5,phi-4-mini,382cc235b56c725945e149cc25f191da667c836655efd0857b004320e90e91ea,flat-ragged,64 KiB single,65536,1,17255086,16864939,4194304,1.0231336146546395,0.022870089051262033
0,ba,0,phi-4-mini,382cc235b56c725945e149cc25f191da667c836655efd0857b004320e90e91ea,nested,140-byte batch 1,140,1,50810618,49019248,4194400,1.0365442162637828,0.035892311186697064
0,ba,1,phi-4-mini,382cc235b56c725945e149cc25f191da667c836655efd0857b004320e90e91ea,nested,140-byte batch 1,140,1,45276150,43248658,4194400,1.0468798823769283,0.04581419978345489
0,ba,2,phi-4-mini,382cc235b56c725945e149cc25f191da667c836655efd0857b004320e90e91ea,nested,140-byte batch 1,140,1,44784351,45547382,4194400,0.9832475333049877,-0.01689437638937035
0,ba,3,phi-4-mini,382cc235b56c725945e149cc25f191da667c836655efd0857b004320e90e91ea,nested,140-byte batch 1,140,1,47366133,47308871,4194400,1.0012103861028516,0.00120965417614238
0,ba,4,phi-4-mini,382cc235b56c725945e149cc25f191da667c836655efd0857b004320e90e91ea,nested,140-byte batch 1,140,1,43814408,41377880,4194400,1.058884795451096,0.05721627453646582
0,ba,5,phi-4-mini,382cc235b56c725945e149cc25f191da667c836655efd0857b004320e90e91ea,nested,140-byte batch 1,140,1,39214897,38336192,4194400,1.0229210298195501,0.022662289287528017
0,ba,0,phi-4-mini,382cc235b56c725945e149cc25f191da667c836655efd0857b004320e90e91ea,nested,140-byte batch 32,140,32,53671520,51019840,4197760,1.0519735067769715,0.05066793032632384
0,ba,1,phi-4-mini,382cc235b56c725945e149cc25f191da667c836655efd0857b004320e90e91ea,nested,140-byte batch 32,140,32,47498215,47014909,4197760,1.0102798454847588,0.01022736721243689
0,ba,2,phi-4-mini,382cc235b56c725945e149cc25f191da667c836655efd0857b004320e90e91ea,nested,140-byte batch 32,140,32,48633451,46916967,4197760,1.0365855704184799,0.03593220657093033
0,ba,3,phi-4-mini,382cc235b56c725945e149cc25f191da667c836655efd0857b004320e90e91ea,nested,140-byte batch 32,140,32,51133354,48198645,4197760,1.0608877905177625,0.05910609580885456
0,ba,4,phi-4-mini,382cc235b56c725945e149cc25f191da667c836655efd0857b004320e90e91ea,nested,140-byte batch 32,140,32,44617636,43113295,4197760,1.0348927401628663,0.03429778865421101
0,ba,5,phi-4-mini,382cc235b56c725945e149cc25f191da667c836655efd0857b004320e90e91ea,nested,140-byte batch 32,140,32,41247991,40474654,4197760,1.0191066982314414,0.018926457523915825
0,ba,0,phi-4-mini,382cc235b56c725945e149cc25f191da667c836655efd0857b004320e90e91ea,nested,140-byte batch 512,140,512,18460292,17716320,4229120,1.04199359686436,0.041135798268494034
0,ba,1,phi-4-mini,382cc235b56c725945e149cc25f191da667c836655efd0857b004320e90e91ea,nested,140-byte batch 512,140,512,18125115,17065048,4229120,1.0621191923984041,0.06026615041879689
0,ba,2,phi-4-mini,382cc235b56c725945e149cc25f191da667c836655efd0857b004320e90e91ea,nested,140-byte batch 512,140,512,17251757,16197994,4229120,1.065055154360472,0.06302658595232806
0,ba,3,phi-4-mini,382cc235b56c725945e149cc25f191da667c836655efd0857b004320e90e91ea,nested,140-byte batch 512,140,512,15476195,14842035,4229120,1.0427272944714119,0.04183967919604986
0,ba,4,phi-4-mini,382cc235b56c725945e149cc25f191da667c836655efd0857b004320e90e91ea,nested,140-byte batch 512,140,512,15334337,14142805,4229120,1.0842500479926012,0.08088854799674654
0,ba,5,phi-4-mini,382cc235b56c725945e149cc25f191da667c836655efd0857b004320e90e91ea,nested,140-byte batch 512,140,512,15780457,14452977,4229120,1.091848205390488,0.08787186160780996
0,ba,0,phi-4-mini,382cc235b56c725945e149cc25f191da667c836655efd0857b004320e90e91ea,nested,4 KiB single,4096,1,37614861,35106538,4194304,1.071448885105105,0.06901183073865498
0,ba,1,phi-4-mini,382cc235b56c725945e149cc25f191da667c836655efd0857b004320e90e91ea,nested,4 KiB single,4096,1,33771118,32674567,4194304,1.0335597714271163,0.033008932455866766
0,ba,2,phi-4-mini,382cc235b56c725945e149cc25f191da667c836655efd0857b004320e90e91ea,nested,4 KiB single,4096,1,33508892,32677496,4194304,1.025442463522909,0.025124191176601595
0,ba,3,phi-4-mini,382cc235b56c725945e149cc25f191da667c836655efd0857b004320e90e91ea,nested,4 KiB single,4096,1,33172404,31966490,4194304,1.0377243169331385,0.037030158845080666
0,ba,4,phi-4-mini,382cc235b56c725945e149cc25f191da667c836655efd0857b004320e90e91ea,nested,4 KiB single,4096,1,36353062,35660931,4194304,1.0194086632230661,0.019222717242672986
0,ba,5,phi-4-mini,382cc235b56c725945e149cc25f191da667c836655efd0857b004320e90e91ea,nested,4 KiB single,4096,1,35021227,34239486,4194304,1.0228315635345695,0.022574823886943107
0,ba,0,phi-4-mini,382cc235b56c725945e149cc25f191da667c836655efd0857b004320e90e91ea,nested,64 KiB single,65536,1,35464605,33987463,4194304,1.0434613786854288,0.04254343552812095
0,ba,1,phi-4-mini,382cc235b56c725945e149cc25f191da667c836655efd0857b004320e90e91ea,nested,64 KiB single,65536,1,33013228,31741475,4194304,1.0400659704692363,0.03928414428498099
0,ba,2,phi-4-mini,382cc235b56c725945e149cc25f191da667c836655efd0857b004320e90e91ea,nested,64 KiB single,65536,1,31589078,30640705,4194304,1.0309514092446632,0.030482074190586756
0,ba,3,phi-4-mini,382cc235b56c725945e149cc25f191da667c836655efd0857b004320e90e91ea,nested,64 KiB single,65536,1,30903338,28832832,4194304,1.0718107052404704,0.06934946612396482
0,ba,4,phi-4-mini,382cc235b56c725945e149cc25f191da667c836655efd0857b004320e90e91ea,nested,64 KiB single,65536,1,33731763,32620377,4194304,1.0340702990649067,0.03350276126543127
0,ba,5,phi-4-mini,382cc235b56c725945e149cc25f191da667c836655efd0857b004320e90e91ea,nested,64 KiB single,65536,1,31816114,32526451,4194304,0.9781612509769356,-0.022080744238727485
0,ba,0,qwen-2-5,c0382117ea329cdf097041132f6d735924b697924d6f6fc3945713e96ce87539,flat-ragged,140-byte batch 1,140,1,45433060,42547044,4194400,1.0678311752985707,0.06562965247960845
0,ba,1,qwen-2-5,c0382117ea329cdf097041132f6d735924b697924d6f6fc3945713e96ce87539,flat-ragged,140-byte batch 1,140,1,45790459,42405772,4194400,1.0798166579775978,0.07679126559322255
0,ba,2,qwen-2-5,c0382117ea329cdf097041132f6d735924b697924d6f6fc3945713e96ce87539,flat-ragged,140-byte batch 1,140,1,42206536,39849239,4194400,1.0591553831178557,0.05747178212406465
0,ba,3,qwen-2-5,c0382117ea329cdf097041132f6d735924b697924d6f6fc3945713e96ce87539,flat-ragged,140-byte batch 1,140,1,45982239,43589663,4194400,1.0548886097146473,0.05343517814486529
0,ba,4,qwen-2-5,c0382117ea329cdf097041132f6d735924b697924d6f6fc3945713e96ce87539,flat-ragged,140-byte batch 1,140,1,42796167,39979688,4194400,1.0704477483666206,0.06807701736274765
0,ba,5,qwen-2-5,c0382117ea329cdf097041132f6d735924b697924d6f6fc3945713e96ce87539,flat-ragged,140-byte batch 1,140,1,39705580,39735522,4194400,0.9992464676819899,-0.0007538163661892147
0,ba,0,qwen-2-5,c0382117ea329cdf097041132f6d735924b697924d6f6fc3945713e96ce87539,flat-ragged,140-byte batch 32,140,32,39211151,44372837,4197760,0.8836746453691928,-0.12366633231575967
0,ba,1,qwen-2-5,c0382117ea329cdf097041132f6d735924b697924d6f6fc3945713e96ce87539,flat-ragged,140-byte batch 32,140,32,40028326,40616271,4197760,0.9855243973529721,-0.014581396376188339
0,ba,2,qwen-2-5,c0382117ea329cdf097041132f6d735924b697924d6f6fc3945713e96ce87539,flat-ragged,140-byte batch 32,140,32,38677009,38866797,4197760,0.9951169632012641,-0.004894997776072211
0,ba,3,qwen-2-5,c0382117ea329cdf097041132f6d735924b697924d6f6fc3945713e96ce87539,flat-ragged,140-byte batch 32,140,32,41899043,42016327,4197760,0.9972086089295716,-0.002795294267741287
0,ba,4,qwen-2-5,c0382117ea329cdf097041132f6d735924b697924d6f6fc3945713e96ce87539,flat-ragged,140-byte batch 32,140,32,38618400,37848522,4197760,1.0203410320751758,0.020136916587029076
0,ba,5,qwen-2-5,c0382117ea329cdf097041132f6d735924b697924d6f6fc3945713e96ce87539,flat-ragged,140-byte batch 32,140,32,37146063,35038012,4197760,1.0601646862841418,0.05842426047517609
0,ba,0,qwen-2-5,c0382117ea329cdf097041132f6d735924b697924d6f6fc3945713e96ce87539,flat-ragged,140-byte batch 512,140,512,14034932,14073857,4229120,0.9972342336574828,-0.0027695981411184818
0,ba,1,qwen-2-5,c0382117ea329cdf097041132f6d735924b697924d6f6fc3945713e96ce87539,flat-ragged,140-byte batch 512,140,512,14218882,14057994,4229120,1.0114445915967811,0.01137959767423696
0,ba,2,qwen-2-5,c0382117ea329cdf097041132f6d735924b697924d6f6fc3945713e96ce87539,flat-ragged,140-byte batch 512,140,512,13610124,13376974,4229120,1.0174292033459884,0.01727905689273901
0,ba,3,qwen-2-5,c0382117ea329cdf097041132f6d735924b697924d6f6fc3945713e96ce87539,flat-ragged,140-byte batch 512,140,512,12295286,11940032,4229120,1.0297531865911247,0.029319148858155234
0,ba,4,qwen-2-5,c0382117ea329cdf097041132f6d735924b697924d6f6fc3945713e96ce87539,flat-ragged,140-byte batch 512,140,512,11424359,11165581,4229120,1.023176402553526,0.022911908617733262
0,ba,5,qwen-2-5,c0382117ea329cdf097041132f6d735924b697924d6f6fc3945713e96ce87539,flat-ragged,140-byte batch 512,140,512,11858221,11659887,4229120,1.017009941863073,0.016866892695212493
0,ba,0,qwen-2-5,c0382117ea329cdf097041132f6d735924b697924d6f6fc3945713e96ce87539,flat-ragged,4 KiB single,4096,1,32560848,32838867,4194304,0.9915338431134059,-0.00850219835881553
0,ba,1,qwen-2-5,c0382117ea329cdf097041132f6d735924b697924d6f6fc3945713e96ce87539,flat-ragged,4 KiB single,4096,1,32228281,33665977,4194304,0.9572952836033839,-0.04364338381164761
0,ba,2,qwen-2-5,c0382117ea329cdf097041132f6d735924b697924d6f6fc3945713e96ce87539,flat-ragged,4 KiB single,4096,1,30640163,30155805,4194304,1.01606184945154,0.01593422274788471
0,ba,3,qwen-2-5,c0382117ea329cdf097041132f6d735924b697924d6f6fc3945713e96ce87539,flat-ragged,4 KiB single,4096,1,29886689,30462759,4194304,0.9810893688257193,-0.019091723845694478
0,ba,4,qwen-2-5,c0382117ea329cdf097041132f6d735924b697924d6f6fc3945713e96ce87539,flat-ragged,4 KiB single,4096,1,33224788,32637539,4194304,1.017993053949319,0.01783309487255651
0,ba,5,qwen-2-5,c0382117ea329cdf097041132f6d735924b697924d6f6fc3945713e96ce87539,flat-ragged,4 KiB single,4096,1,32796097,33812971,4194304,0.9699265113379123,-0.030534971862063408
0,ba,0,qwen-2-5,c0382117ea329cdf097041132f6d735924b697924d6f6fc3945713e96ce87539,flat-ragged,64 KiB single,65536,1,29797976,30465902,4194304,0.9780762768816101,-0.022167619267111128
0,ba,1,qwen-2-5,c0382117ea329cdf097041132f6d735924b697924d6f6fc3945713e96ce87539,flat-ragged,64 KiB single,65536,1,29515871,30553354,4194304,0.9660435643170304,-0.03454634814980944
0,ba,2,qwen-2-5,c0382117ea329cdf097041132f6d735924b697924d6f6fc3945713e96ce87539,flat-ragged,64 KiB single,65536,1,27306284,26963000,4194304,1.01273166932463,0.01265130303523339
0,ba,3,qwen-2-5,c0382117ea329cdf097041132f6d735924b697924d6f6fc3945713e96ce87539,flat-ragged,64 KiB single,65536,1,28682159,28599006,4194304,1.002907548605011,0.0029033298610561522
0,ba,4,qwen-2-5,c0382117ea329cdf097041132f6d735924b697924d6f6fc3945713e96ce87539,flat-ragged,64 KiB single,65536,1,28750188,28478167,4194304,1.0095519139276063,0.009506582834950494
0,ba,5,qwen-2-5,c0382117ea329cdf097041132f6d735924b697924d6f6fc3945713e96ce87539,flat-ragged,64 KiB single,65536,1,31564664,32097825,4194304,0.9833894975749915,-0.01675000376949056
0,ba,0,qwen-2-5,c0382117ea329cdf097041132f6d735924b697924d6f6fc3945713e96ce87539,nested,140-byte batch 1,140,1,47047071,45866341,4194400,1.0257428426653872,0.02541707465594329
0,ba,1,qwen-2-5,c0382117ea329cdf097041132f6d735924b697924d6f6fc3945713e96ce87539,nested,140-byte batch 1,140,1,42293949,41588720,4194400,1.0169572182072446,0.016815049522053004
0,ba,2,qwen-2-5,c0382117ea329cdf097041132f6d735924b697924d6f6fc3945713e96ce87539,nested,140-byte batch 1,140,1,41387545,41896880,4194400,0.9878431281756541,-0.012231370990843022
0,ba,3,qwen-2-5,c0382117ea329cdf097041132f6d735924b697924d6f6fc3945713e96ce87539,nested,140-byte batch 1,140,1,46516490,43539352,4194400,1.068378096210527,0.0661417005557969
0,ba,4,qwen-2-5,c0382117ea329cdf097041132f6d735924b697924d6f6fc3945713e96ce87539,nested,140-byte batch 1,140,1,41363391,40156669,4194400,1.0300503510388275,0.02960768555045198
0,ba,5,qwen-2-5,c0382117ea329cdf097041132f6d735924b697924d6f6fc3945713e96ce87539,nested,140-byte batch 1,140,1,39632875,38600802,4194400,1.026737086965188,0.026385897164963017
0,ba,0,qwen-2-5,c0382117ea329cdf097041132f6d735924b697924d6f6fc3945713e96ce87539,nested,140-byte batch 32,140,32,51588677,47033759,4197760,1.0968435884531365,0.09243658995435619
0,ba,1,qwen-2-5,c0382117ea329cdf097041132f6d735924b697924d6f6fc3945713e96ce87539,nested,140-byte batch 32,140,32,46048495,44570199,4197760,1.0331678124210304,0.032629628464524656
0,ba,2,qwen-2-5,c0382117ea329cdf097041132f6d735924b697924d6f6fc3945713e96ce87539,nested,140-byte batch 32,140,32,45056463,44060096,4197760,1.022613818181422,0.022361916364780465
0,ba,3,qwen-2-5,c0382117ea329cdf097041132f6d735924b697924d6f6fc3945713e96ce87539,nested,140-byte batch 32,140,32,48247612,45777932,4197760,1.0539491386373678,0.05254419339256387
0,ba,4,qwen-2-5,c0382117ea329cdf097041132f6d735924b697924d6f6fc3945713e96ce87539,nested,140-byte batch 32,140,32,43164595,41438962,4197760,1.0416427660519103,0.04079904966685789
0,ba,5,qwen-2-5,c0382117ea329cdf097041132f6d735924b697924d6f6fc3945713e96ce87539,nested,140-byte batch 32,140,32,42734793,41186150,4197760,1.0376010624930954,0.03691137801060533
0,ba,0,qwen-2-5,c0382117ea329cdf097041132f6d735924b697924d6f6fc3945713e96ce87539,nested,140-byte batch 512,140,512,17918455,17055151,4229120,1.050618373299656,0.04937891777206458
0,ba,1,qwen-2-5,c0382117ea329cdf097041132f6d735924b697924d6f6fc3945713e96ce87539,nested,140-byte batch 512,140,512,17323021,16712287,4229120,1.0365440110022046,0.03589211316176452
0,ba,2,qwen-2-5,c0382117ea329cdf097041132f6d735924b697924d6f6fc3945713e96ce87539,nested,140-byte batch 512,140,512,16481478,16136475,4229120,1.0213803200513123,0.02115496742419771
0,ba,3,qwen-2-5,c0382117ea329cdf097041132f6d735924b697924d6f6fc3945713e96ce87539,nested,140-byte batch 512,140,512,15309750,14598034,4229120,1.0487542363581288,0.04760301822676168
0,ba,4,qwen-2-5,c0382117ea329cdf097041132f6d735924b697924d6f6fc3945713e96ce87539,nested,140-byte batch 512,140,512,14721853,14085850,4229120,1.0451519077655946,0.04416224113498573
0,ba,5,qwen-2-5,c0382117ea329cdf097041132f6d735924b697924d6f6fc3945713e96ce87539,nested,140-byte batch 512,140,512,14340435,14738662,4229120,0.9729807902508383,-0.02739093979591758
0,ba,0,qwen-2-5,c0382117ea329cdf097041132f6d735924b697924d6f6fc3945713e96ce87539,nested,4 KiB single,4096,1,33489572,33841827,4194304,0.9895911352540157,-0.010463415852211147
0,ba,1,qwen-2-5,c0382117ea329cdf097041132f6d735924b697924d6f6fc3945713e96ce87539,nested,4 KiB single,4096,1,32699662,32174150,4194304,1.016333360788086,0.016201406351539327
0,ba,2,qwen-2-5,c0382117ea329cdf097041132f6d735924b697924d6f6fc3945713e96ce87539,nested,4 KiB single,4096,1,30702675,30948388,4194304,0.9920605557872675,-0.007971129419991367
0,ba,3,qwen-2-5,c0382117ea329cdf097041132f6d735924b697924d6f6fc3945713e96ce87539,nested,4 KiB single,4096,1,31275033,30419250,4194304,1.0281329421336818,0.027744479813429163
0,ba,4,qwen-2-5,c0382117ea329cdf097041132f6d735924b697924d6f6fc3945713e96ce87539,nested,4 KiB single,4096,1,33208837,33522790,4194304,0.9906346398972162,-0.009409490837311298
0,ba,5,qwen-2-5,c0382117ea329cdf097041132f6d735924b697924d6f6fc3945713e96ce87539,nested,4 KiB single,4096,1,33739714,33773234,4194304,0.9990074980678486,-0.0009929947883281773
0,ba,0,qwen-2-5,c0382117ea329cdf097041132f6d735924b697924d6f6fc3945713e96ce87539,nested,64 KiB single,65536,1,34013631,33247003,4194304,1.0230585595940782,0.022796728336135177
0,ba,1,qwen-2-5,c0382117ea329cdf097041132f6d735924b697924d6f6fc3945713e96ce87539,nested,64 KiB single,65536,1,31568382,31061667,4194304,1.0163131940085508,0.016181563472817226
0,ba,2,qwen-2-5,c0382117ea329cdf097041132f6d735924b697924d6f6fc3945713e96ce87539,nested,64 KiB single,65536,1,30583704,32216555,4194304,0.9493163995964187,-0.05201313278124299
0,ba,3,qwen-2-5,c0382117ea329cdf097041132f6d735924b697924d6f6fc3945713e96ce87539,nested,64 KiB single,65536,1,29652998,29843676,4194304,0.9936107736861907,-0.006409724779793603
0,ba,4,qwen-2-5,c0382117ea329cdf097041132f6d735924b697924d6f6fc3945713e96ce87539,nested,64 KiB single,65536,1,30783781,30843103,4194304,0.9980766526636441,-0.0019251993439276
0,ba,5,qwen-2-5,c0382117ea329cdf097041132f6d735924b697924d6f6fc3945713e96ce87539,nested,64 KiB single,65536,1,32122665,31876855,4194304,1.0077112375107269,0.007681657885115799
0,ba,0,qwen-3,aeb13307a71acd8fe81861d94ad54ab689df773318809eed3cbe794b4492dae4,flat-ragged,140-byte batch 1,140,1,48192350,44654511,4194400,1.0792269116999176,0.0762449623127976
0,ba,1,qwen-3,aeb13307a71acd8fe81861d94ad54ab689df773318809eed3cbe794b4492dae4,flat-ragged,140-byte batch 1,140,1,46228333,44289762,4194400,1.0437701832762163,0.042839334266591964
0,ba,2,qwen-3,aeb13307a71acd8fe81861d94ad54ab689df773318809eed3cbe794b4492dae4,flat-ragged,140-byte batch 1,140,1,41958278,41047187,4194400,1.0221961860626405,0.021953436238292764
0,ba,3,qwen-3,aeb13307a71acd8fe81861d94ad54ab689df773318809eed3cbe794b4492dae4,flat-ragged,140-byte batch 1,140,1,46935802,46254680,4194400,1.0147254721035797,0.014618105076006272
0,ba,4,qwen-3,aeb13307a71acd8fe81861d94ad54ab689df773318809eed3cbe794b4492dae4,flat-ragged,140-byte batch 1,140,1,42366010,41748099,4194400,1.0148009374031617,0.014692472474492251
0,ba,5,qwen-3,aeb13307a71acd8fe81861d94ad54ab689df773318809eed3cbe794b4492dae4,flat-ragged,140-byte batch 1,140,1,39283505,41152005,4194400,0.954595164925743,-0.04646793944962632
0,ba,0,qwen-3,aeb13307a71acd8fe81861d94ad54ab689df773318809eed3cbe794b4492dae4,flat-ragged,140-byte batch 32,140,32,41504821,44165289,4197760,0.9397611096805004,-0.062129574654548936
0,ba,1,qwen-3,aeb13307a71acd8fe81861d94ad54ab689df773318809eed3cbe794b4492dae4,flat-ragged,140-byte batch 32,140,32,41366643,40429750,4197760,1.0231733562537488,0.022908931316551986
0,ba,2,qwen-3,aeb13307a71acd8fe81861d94ad54ab689df773318809eed3cbe794b4492dae4,flat-ragged,140-byte batch 32,140,32,39291279,39500321,4197760,0.9947078404755242,-0.0053062126033766675
0,ba,3,qwen-3,aeb13307a71acd8fe81861d94ad54ab689df773318809eed3cbe794b4492dae4,flat-ragged,140-byte batch 32,140,32,44418510,44839521,4197760,0.990610715935168,-0.00943364126570618
0,ba,4,qwen-3,aeb13307a71acd8fe81861d94ad54ab689df773318809eed3cbe794b4492dae4,flat-ragged,140-byte batch 32,140,32,40147905,38862475,4197760,1.0330763802356902,0.03254112761285875
0,ba,5,qwen-3,aeb13307a71acd8fe81861d94ad54ab689df773318809eed3cbe794b4492dae4,flat-ragged,140-byte batch 32,140,32,37468281,37422534,4197760,1.0012224452785585,0.0012216987007007683
0,ba,0,qwen-3,aeb13307a71acd8fe81861d94ad54ab689df773318809eed3cbe794b4492dae4,flat-ragged,140-byte batch 512,140,512,15632865,15054225,4229120,1.0384370500640185,0.037716746284966976
0,ba,1,qwen-3,aeb13307a71acd8fe81861d94ad54ab689df773318809eed3cbe794b4492dae4,flat-ragged,140-byte batch 512,140,512,15173670,14440839,4229120,1.0507471207178476,0.049501454683153416
0,ba,2,qwen-3,aeb13307a71acd8fe81861d94ad54ab689df773318809eed3cbe794b4492dae4,flat-ragged,140-byte batch 512,140,512,14471519,13854129,4229120,1.044563609881213,0.04359919999856757
0,ba,3,qwen-3,aeb13307a71acd8fe81861d94ad54ab689df773318809eed3cbe794b4492dae4,flat-ragged,140-byte batch 512,140,512,12803019,12709774,4229120,1.0073364797831967,0.007309698721434869
0,ba,4,qwen-3,aeb13307a71acd8fe81861d94ad54ab689df773318809eed3cbe794b4492dae4,flat-ragged,140-byte batch 512,140,512,12189004,11852209,4229120,1.0284162218199155,0.02801997012797219
0,ba,5,qwen-3,aeb13307a71acd8fe81861d94ad54ab689df773318809eed3cbe794b4492dae4,flat-ragged,140-byte batch 512,140,512,12505192,12212909,4229120,1.0239322998312688,0.02365041098569924
0,ba,0,qwen-3,aeb13307a71acd8fe81861d94ad54ab689df773318809eed3cbe794b4492dae4,flat-ragged,4 KiB single,4096,1,35327763,35764606,4194304,0.9877856056907212,-0.012289603070548242
0,ba,1,qwen-3,aeb13307a71acd8fe81861d94ad54ab689df773318809eed3cbe794b4492dae4,flat-ragged,4 KiB single,4096,1,32548444,33177693,4194304,0.98103397364006,-0.01914818837519183
0,ba,2,qwen-3,aeb13307a71acd8fe81861d94ad54ab689df773318809eed3cbe794b4492dae4,flat-ragged,4 KiB single,4096,1,29735642,30840589,4194304,0.9641723120138853,-0.036485253442544906
0,ba,3,qwen-3,aeb13307a71acd8fe81861d94ad54ab689df773318809eed3cbe794b4492dae4,flat-ragged,4 KiB single,4096,1,29617272,29987159,4194304,0.987665153607916,-0.012411552030690626
0,ba,4,qwen-3,aeb13307a71acd8fe81861d94ad54ab689df773318809eed3cbe794b4492dae4,flat-ragged,4 KiB single,4096,1,32331555,33702486,4194304,0.9593225556120697,-0.04152791486082704
0,ba,5,qwen-3,aeb13307a71acd8fe81861d94ad54ab689df773318809eed3cbe794b4492dae4,flat-ragged,4 KiB single,4096,1,33472376,32571958,4194304,1.0276439629450584,0.027268767495972193
0,ba,0,qwen-3,aeb13307a71acd8fe81861d94ad54ab689df773318809eed3cbe794b4492dae4,flat-ragged,64 KiB single,65536,1,29149064,30572522,4194304,0.9534399550027309,-0.04767882917812146
0,ba,1,qwen-3,aeb13307a71acd8fe81861d94ad54ab689df773318809eed3cbe794b4492dae4,flat-ragged,64 KiB single,65536,1,30092135,29629215,4194304,1.0156237686351124,0.015502974114417855
0,ba,2,qwen-3,aeb13307a71acd8fe81861d94ad54ab689df773318809eed3cbe794b4492dae4,flat-ragged,64 KiB single,65536,1,28033738,28141578,4194304,0.9961679476538238,-0.0038394134702609602
0,ba,3,qwen-3,aeb13307a71acd8fe81861d94ad54ab689df773318809eed3cbe794b4492dae4,flat-ragged,64 KiB single,65536,1,29557766,28662249,4194304,1.0312437799280858,0.030765627063677112
0,ba,4,qwen-3,aeb13307a71acd8fe81861d94ad54ab689df773318809eed3cbe794b4492dae4,flat-ragged,64 KiB single,65536,1,28595121,29201897,4194304,0.9792213499006589,-0.02099756405014573
0,ba,5,qwen-3,aeb13307a71acd8fe81861d94ad54ab689df773318809eed3cbe794b4492dae4,flat-ragged,64 KiB single,65536,1,32284393,32580826,4194304,0.9909016118866968,-0.009140031229034557
0,ba,0,qwen-3,aeb13307a71acd8fe81861d94ad54ab689df773318809eed3cbe794b4492dae4,nested,140-byte batch 1,140,1,47694865,49739752,4194400,0.9588882751164501,-0.041980712328219615
0,ba,1,qwen-3,aeb13307a71acd8fe81861d94ad54ab689df773318809eed3cbe794b4492dae4,nested,140-byte batch 1,140,1,44179175,43224839,4194400,1.0220784165326793,0.021838217343588498
0,ba,2,qwen-3,aeb13307a71acd8fe81861d94ad54ab689df773318809eed3cbe794b4492dae4,nested,140-byte batch 1,140,1,41908116,41751711,4194400,1.00374607402317,0.003739074961765575
0,ba,3,qwen-3,aeb13307a71acd8fe81861d94ad54ab689df773318809eed3cbe794b4492dae4,nested,140-byte batch 1,140,1,47245004,45951520,4194400,1.0281488838671713,0.02775998521087834
0,ba,4,qwen-3,aeb13307a71acd8fe81861d94ad54ab689df773318809eed3cbe794b4492dae4,nested,140-byte batch 1,140,1,42764740,41804345,4194400,1.022973568895769,0.022713649779181378
0,ba,5,qwen-3,aeb13307a71acd8fe81861d94ad54ab689df773318809eed3cbe794b4492dae4,nested,140-byte batch 1,140,1,40823046,40265285,4194400,1.0138521557714046,0.013757091551922212
0,ba,0,qwen-3,aeb13307a71acd8fe81861d94ad54ab689df773318809eed3cbe794b4492dae4,nested,140-byte batch 32,140,32,49044532,48120803,4197760,1.0191960429255513,0.019014123298349738
0,ba,1,qwen-3,aeb13307a71acd8fe81861d94ad54ab689df773318809eed3cbe794b4492dae4,nested,140-byte batch 32,140,32,46797724,45014887,4197760,1.0396054976212648,0.038841311979434884
0,ba,2,qwen-3,aeb13307a71acd8fe81861d94ad54ab689df773318809eed3cbe794b4492dae4,nested,140-byte batch 32,140,32,44310895,43695528,4197760,1.0140830658917772,0.013984820839232607
0,ba,3,qwen-3,aeb13307a71acd8fe81861d94ad54ab689df773318809eed3cbe794b4492dae4,nested,140-byte batch 32,140,32,47999047,49208798,4197760,0.9754159611864529,-0.02489127210575216
0,ba,4,qwen-3,aeb13307a71acd8fe81861d94ad54ab689df773318809eed3cbe794b4492dae4,nested,140-byte batch 32,140,32,43170685,43917589,4197760,0.9829930554703264,-0.0171532234882807
0,ba,5,qwen-3,aeb13307a71acd8fe81861d94ad54ab689df773318809eed3cbe794b4492dae4,nested,140-byte batch 32,140,32,41324283,42515084,4197760,0.971991093796263,-0.028408637324722597
0,ba,0,qwen-3,aeb13307a71acd8fe81861d94ad54ab689df773318809eed3cbe794b4492dae4,nested,140-byte batch 512,140,512,17946351,17571029,4229120,1.0213602743470516,0.021135341139473802
0,ba,1,qwen-3,aeb13307a71acd8fe81861d94ad54ab689df773318809eed3cbe794b4492dae4,nested,140-byte batch 512,140,512,17281387,16804855,4229120,1.0283568052208722,0.02796219360301911
0,ba,2,qwen-3,aeb13307a71acd8fe81861d94ad54ab689df773318809eed3cbe794b4492dae4,nested,140-byte batch 512,140,512,16767719,16408448,4229120,1.0218954894454368,0.0216592257359209
0,ba,3,qwen-3,aeb13307a71acd8fe81861d94ad54ab689df773318809eed3cbe794b4492dae4,nested,140-byte batch 512,140,512,15252589,15011840,4229120,1.0160372745779331,0.015910036060023308
0,ba,4,qwen-3,aeb13307a71acd8fe81861d94ad54ab689df773318809eed3cbe794b4492dae4,nested,140-byte batch 512,140,512,15030855,13738534,4229120,1.0940654221185462,0.08990050305141227
0,ba,5,qwen-3,aeb13307a71acd8fe81861d94ad54ab689df773318809eed3cbe794b4492dae4,nested,140-byte batch 512,140,512,14813856,14437437,4229120,1.0260724254588955,0.0257383343730954
0,ba,0,qwen-3,aeb13307a71acd8fe81861d94ad54ab689df773318809eed3cbe794b4492dae4,nested,4 KiB single,4096,1,35151407,35758081,4194304,0.9830339329451152,-0.01711163964936545
0,ba,1,qwen-3,aeb13307a71acd8fe81861d94ad54ab689df773318809eed3cbe794b4492dae4,nested,4 KiB single,4096,1,33916806,33190851,4194304,1.0218721418140198,0.02163637809799866
0,ba,2,qwen-3,aeb13307a71acd8fe81861d94ad54ab689df773318809eed3cbe794b4492dae4,nested,4 KiB single,4096,1,31493509,32655819,4194304,0.9644072623013987,-0.03624160232043949
0,ba,3,qwen-3,aeb13307a71acd8fe81861d94ad54ab689df773318809eed3cbe794b4492dae4,nested,4 KiB single,4096,1,31679782,30392621,4194304,1.0423511022626182,0.041478836924157485
0,ba,4,qwen-3,aeb13307a71acd8fe81861d94ad54ab689df773318809eed3cbe794b4492dae4,nested,4 KiB single,4096,1,34383045,33738795,4194304,1.0190952285047525,0.018915202773796585
0,ba,5,qwen-3,aeb13307a71acd8fe81861d94ad54ab689df773318809eed3cbe794b4492dae4,nested,4 KiB single,4096,1,34726519,34362948,4194304,1.0105803204078998,0.010524740509636352
0,ba,0,qwen-3,aeb13307a71acd8fe81861d94ad54ab689df773318809eed3cbe794b4492dae4,nested,64 KiB single,65536,1,33529130,34164710,4194304,0.9813965931512371,-0.01877862674948081
0,ba,1,qwen-3,aeb13307a71acd8fe81861d94ad54ab689df773318809eed3cbe794b4492dae4,nested,64 KiB single,65536,1,31975865,31858510,4194304,1.0036836311553805,0.003676863201474677
0,ba,2,qwen-3,aeb13307a71acd8fe81861d94ad54ab689df773318809eed3cbe794b4492dae4,nested,64 KiB single,65536,1,31578490,30526682,4194304,1.0344553659647648,0.033875071757697425
0,ba,3,qwen-3,aeb13307a71acd8fe81861d94ad54ab689df773318809eed3cbe794b4492dae4,nested,64 KiB single,65536,1,30055477,29859738,4194304,1.0065552818983208,0.006533889475950917
0,ba,4,qwen-3,aeb13307a71acd8fe81861d94ad54ab689df773318809eed3cbe794b4492dae4,nested,64 KiB single,65536,1,30962143,30847037,4194304,1.0037315091235506,0.00372456431443181
0,ba,5,qwen-3,aeb13307a71acd8fe81861d94ad54ab689df773318809eed3cbe794b4492dae4,nested,64 KiB single,65536,1,31931116,31654973,4194304,1.0087235266319765,0.008685696522309381
1,ab,0,deepseek-r1,ecb6f9fc369894346f0511f4074ca75cee5cd5f3b06d02f1ba35fcd39f8e121d,flat-ragged,140-byte batch 1,140,1,57789378,58172641,4194400,0.9934116279850523,-0.006610171137758782
1,ab,1,deepseek-r1,ecb6f9fc369894346f0511f4074ca75cee5cd5f3b06d02f1ba35fcd39f8e121d,flat-ragged,140-byte batch 1,140,1,52095512,55226785,4194400,0.9433015519552695,-0.058369268087282704
1,ab,2,deepseek-r1,ecb6f9fc369894346f0511f4074ca75cee5cd5f3b06d02f1ba35fcd39f8e121d,flat-ragged,140-byte batch 1,140,1,49877092,50503362,4194400,0.9875994394194985,-0.012478089130250563
1,ab,3,deepseek-r1,ecb6f9fc369894346f0511f4074ca75cee5cd5f3b06d02f1ba35fcd39f8e121d,flat-ragged,140-byte batch 1,140,1,43472415,44250057,4194400,0.9824261921289729,-0.01773006057559855
1,ab,4,deepseek-r1,ecb6f9fc369894346f0511f4074ca75cee5cd5f3b06d02f1ba35fcd39f8e121d,flat-ragged,140-byte batch 1,140,1,52511419,54477011,4194400,0.9639188721275476,-0.036748145457074034
1,ab,5,deepseek-r1,ecb6f9fc369894346f0511f4074ca75cee5cd5f3b06d02f1ba35fcd39f8e121d,flat-ragged,140-byte batch 1,140,1,49568362,51173821,4194400,0.9686273377944555,-0.03187532538233367
1,ab,0,deepseek-r1,ecb6f9fc369894346f0511f4074ca75cee5cd5f3b06d02f1ba35fcd39f8e121d,flat-ragged,140-byte batch 32,140,32,52457941,53340053,4197760,0.9834624836237039,-0.016675787662286154
1,ab,1,deepseek-r1,ecb6f9fc369894346f0511f4074ca75cee5cd5f3b06d02f1ba35fcd39f8e121d,flat-ragged,140-byte batch 32,140,32,52136663,53197836,4197760,0.9800523276924272,-0.020149313138496418
1,ab,2,deepseek-r1,ecb6f9fc369894346f0511f4074ca75cee5cd5f3b06d02f1ba35fcd39f8e121d,flat-ragged,140-byte batch 32,140,32,47710461,49816042,4197760,0.9577328724750954,-0.04318637864653964
1,ab,3,deepseek-r1,ecb6f9fc369894346f0511f4074ca75cee5cd5f3b06d02f1ba35fcd39f8e121d,flat-ragged,140-byte batch 32,140,32,40454890,44298083,4197760,0.9132424534036834,-0.09075387679154918
1,ab,4,deepseek-r1,ecb6f9fc369894346f0511f4074ca75cee5cd5f3b06d02f1ba35fcd39f8e121d,flat-ragged,140-byte batch 32,140,32,50082676,52843452,4197760,0.9477555705482678,-0.053658646947183794
1,ab,5,deepseek-r1,ecb6f9fc369894346f0511f4074ca75cee5cd5f3b06d02f1ba35fcd39f8e121d,flat-ragged,140-byte batch 32,140,32,47967079,48348551,4197760,0.9921099600275508,-0.007921331038350517
1,ab,0,deepseek-r1,ecb6f9fc369894346f0511f4074ca75cee5cd5f3b06d02f1ba35fcd39f8e121d,flat-ragged,140-byte batch 512,140,512,17890769,17861143,4229120,1.0016586844414157,0.0016573103436308436
1,ab,1,deepseek-r1,ecb6f9fc369894346f0511f4074ca75cee5cd5f3b06d02f1ba35fcd39f8e121d,flat-ragged,140-byte batch 512,140,512,17349620,17136558,4229120,1.0124331852405832,0.012356527935285123
1,ab,2,deepseek-r1,ecb6f9fc369894346f0511f4074ca75cee5cd5f3b06d02f1ba35fcd39f8e121d,flat-ragged,140-byte batch 512,140,512,16663729,16106847,4229120,1.0345742403836082,0.03398998013659105
1,ab,3,deepseek-r1,ecb6f9fc369894346f0511f4074ca75cee5cd5f3b06d02f1ba35fcd39f8e121d,flat-ragged,140-byte batch 512,140,512,14982545,14953520,4229120,1.0019410145571077,0.0019391332224242277
1,ab,4,deepseek-r1,ecb6f9fc369894346f0511f4074ca75cee5cd5f3b06d02f1ba35fcd39f8e121d,flat-ragged,140-byte batch 512,140,512,14271212,14149242,4229120,1.0086202497632029,0.008583307559087235
1,ab,5,deepseek-r1,ecb6f9fc369894346f0511f4074ca75cee5cd5f3b06d02f1ba35fcd39f8e121d,flat-ragged,140-byte batch 512,140,512,14553731,14491669,4229120,1.0042825985053896,0.004273454278482671
1,ab,0,deepseek-r1,ecb6f9fc369894346f0511f4074ca75cee5cd5f3b06d02f1ba35fcd39f8e121d,flat-ragged,4 KiB single,4096,1,40765650,39600093,4194304,1.0294331884523604,0.02900834829612897
1,ab,1,deepseek-r1,ecb6f9fc369894346f0511f4074ca75cee5cd5f3b06d02f1ba35fcd39f8e121d,flat-ragged,4 KiB single,4096,1,42397525,43816760,4194304,0.9676097684995422,-0.03292640470034394
1,ab,2,deepseek-r1,ecb6f9fc369894346f0511f4074ca75cee5cd5f3b06d02f1ba35fcd39f8e121d,flat-ragged,4 KiB single,4096,1,39754157,39614733,4194304,1.0035194986673266,0.0035133197254994856
1,ab,3,deepseek-r1,ecb6f9fc369894346f0511f4074ca75cee5cd5f3b06d02f1ba35fcd39f8e121d,flat-ragged,4 KiB single,4096,1,37460966,38638478,4194304,0.9695248865651489,-0.030949135144462306
1,ab,4,deepseek-r1,ecb6f9fc369894346f0511f4074ca75cee5cd5f3b06d02f1ba35fcd39f8e121d,flat-ragged,4 KiB single,4096,1,38787804,39845092,4194304,0.9734650380528673,-0.026893368473892364
1,ab,5,deepseek-r1,ecb6f9fc369894346f0511f4074ca75cee5cd5f3b06d02f1ba35fcd39f8e121d,flat-ragged,4 KiB single,4096,1,41030442,43349831,4194304,0.9464960082543343,-0.05498852571689373
1,ab,0,deepseek-r1,ecb6f9fc369894346f0511f4074ca75cee5cd5f3b06d02f1ba35fcd39f8e121d,flat-ragged,64 KiB single,65536,1,35907087,37547886,4194304,0.9563011616685957,-0.044682392874062296
1,ab,1,deepseek-r1,ecb6f9fc369894346f0511f4074ca75cee5cd5f3b06d02f1ba35fcd39f8e121d,flat-ragged,64 KiB single,65536,1,38988253,40577338,4194304,0.9608381160932735,-0.03994933779875518
1,ab,2,deepseek-r1,ecb6f9fc369894346f0511f4074ca75cee5cd5f3b06d02f1ba35fcd39f8e121d,flat-ragged,64 KiB single,65536,1,36534169,37181903,4194304,0.9825793209131872,-0.017574204743634737
1,ab,3,deepseek-r1,ecb6f9fc369894346f0511f4074ca75cee5cd5f3b06d02f1ba35fcd39f8e121d,flat-ragged,64 KiB single,65536,1,36202188,38012541,4194304,0.9523748491320272,-0.04879657260133741
1,ab,4,deepseek-r1,ecb6f9fc369894346f0511f4074ca75cee5cd5f3b06d02f1ba35fcd39f8e121d,flat-ragged,64 KiB single,65536,1,35669768,36355842,4194304,0.9811289200783742,-0.01905141104983086
1,ab,5,deepseek-r1,ecb6f9fc369894346f0511f4074ca75cee5cd5f3b06d02f1ba35fcd39f8e121d,flat-ragged,64 KiB single,65536,1,39415680,39623548,4194304,0.9947539276391907,-0.0052598813147704876
1,ab,0,deepseek-r1,ecb6f9fc369894346f0511f4074ca75cee5cd5f3b06d02f1ba35fcd39f8e121d,nested,140-byte batch 1,140,1,59967395,59697879,4194400,1.004514666258076,0.004504505721840837
1,ab,1,deepseek-r1,ecb6f9fc369894346f0511f4074ca75cee5cd5f3b06d02f1ba35fcd39f8e121d,nested,140-byte batch 1,140,1,53245447,52102442,4194400,1.02193764737553,0.02170047952453953
1,ab,2,deepseek-r1,ecb6f9fc369894346f0511f4074ca75cee5cd5f3b06d02f1ba35fcd39f8e121d,nested,140-byte batch 1,140,1,49293557,50454512,4194400,0.9769900658240437,-0.023278795031946135
1,ab,3,deepseek-r1,ecb6f9fc369894346f0511f4074ca75cee5cd5f3b06d02f1ba35fcd39f8e121d,nested,140-byte batch 1,140,1,43430750,43737448,4194400,0.9929877481649135,-0.007036953215584704
1,ab,4,deepseek-r1,ecb6f9fc369894346f0511f4074ca75cee5cd5f3b06d02f1ba35fcd39f8e121d,nested,140-byte batch 1,140,1,53460714,52646143,4194400,1.0154725674775453,0.015354087864998731
1,ab,5,deepseek-r1,ecb6f9fc369894346f0511f4074ca75cee5cd5f3b06d02f1ba35fcd39f8e121d,nested,140-byte batch 1,140,1,48953194,51525869,4194400,0.9500702258898341,-0.05121937513034705
1,ab,0,deepseek-r1,ecb6f9fc369894346f0511f4074ca75cee5cd5f3b06d02f1ba35fcd39f8e121d,nested,140-byte batch 32,140,32,60738665,59258973,4197760,1.0249699231203349,0.02466326886261425
1,ab,1,deepseek-r1,ecb6f9fc369894346f0511f4074ca75cee5cd5f3b06d02f1ba35fcd39f8e121d,nested,140-byte batch 32,140,32,55742646,55487181,4197760,1.0046040363809436,0.00459347022434559
1,ab,2,deepseek-r1,ecb6f9fc369894346f0511f4074ca75cee5cd5f3b06d02f1ba35fcd39f8e121d,nested,140-byte batch 32,140,32,53783389,51558341,4197760,1.043155926991522,0.04225066339855265
1,ab,3,deepseek-r1,ecb6f9fc369894346f0511f4074ca75cee5cd5f3b06d02f1ba35fcd39f8e121d,nested,140-byte batch 32,140,32,44892428,45400920,4197760,0.9887999626439288,-0.011263230057909685
1,ab,4,deepseek-r1,ecb6f9fc369894346f0511f4074ca75cee5cd5f3b06d02f1ba35fcd39f8e121d,nested,140-byte batch 32,140,32,53927257,55390239,4197760,0.973587729058183,-0.02676734106718768
1,ab,5,deepseek-r1,ecb6f9fc369894346f0511f4074ca75cee5cd5f3b06d02f1ba35fcd39f8e121d,nested,140-byte batch 32,140,32,51634439,51660864,4197760,0.9994884909396792,-0.0005116399257080104
1,ab,0,deepseek-r1,ecb6f9fc369894346f0511f4074ca75cee5cd5f3b06d02f1ba35fcd39f8e121d,nested,140-byte batch 512,140,512,20239613,19908703,4229120,1.0166213740794667,0.016484750873055593
1,ab,1,deepseek-r1,ecb6f9fc369894346f0511f4074ca75cee5cd5f3b06d02f1ba35fcd39f8e121d,nested,140-byte batch 512,140,512,19619042,18965438,4229120,1.0344629003559,0.03388235516879964
1,ab,2,deepseek-r1,ecb6f9fc369894346f0511f4074ca75cee5cd5f3b06d02f1ba35fcd39f8e121d,nested,140-byte batch 512,140,512,18701637,18997752,4229120,0.9844131558302267,-0.015709596241020318
1,ab,3,deepseek-r1,ecb6f9fc369894346f0511f4074ca75cee5cd5f3b06d02f1ba35fcd39f8e121d,nested,140-byte batch 512,140,512,17232728,17175046,4229120,1.0033584771767132,0.0033528500876868757
1,ab,4,deepseek-r1,ecb6f9fc369894346f0511f4074ca75cee5cd5f3b06d02f1ba35fcd39f8e121d,nested,140-byte batch 512,140,512,17044805,16437652,4229120,1.0369367230794277,0.03627090817583325
1,ab,5,deepseek-r1,ecb6f9fc369894346f0511f4074ca75cee5cd5f3b06d02f1ba35fcd39f8e121d,nested,140-byte batch 512,140,512,16761877,16318659,4229120,1.0271601974157314,0.026797904581055614
1,ab,0,deepseek-r1,ecb6f9fc369894346f0511f4074ca75cee5cd5f3b06d02f1ba35fcd39f8e121d,nested,4 KiB single,4096,1,41519156,41069647,4194304,1.0109450417238794,0.010885578248077956
1,ab,1,deepseek-r1,ecb6f9fc369894346f0511f4074ca75cee5cd5f3b06d02f1ba35fcd39f8e121d,nested,4 KiB single,4096,1,42070325,43187865,4194304,0.9741237498079611,-0.026216930219249847
1,ab,2,deepseek-r1,ecb6f9fc369894346f0511f4074ca75cee5cd5f3b06d02f1ba35fcd39f8e121d,nested,4 KiB single,4096,1,39440297,41690892,4194304,0.9460171060863846,-0.055494627549999107
1,ab,3,deepseek-r1,ecb6f9fc369894346f0511f4074ca75cee5cd5f3b06d02f1ba35fcd39f8e121d,nested,4 KiB single,4096,1,38802493,39041757,4194304,0.9938715872853775,-0.006147268512703532
1,ab,4,deepseek-r1,ecb6f9fc369894346f0511f4074ca75cee5cd5f3b06d02f1ba35fcd39f8e121d,nested,4 KiB single,4096,1,39521590,38575924,4194304,1.0245144095576297,0.024218753563870314
1,ab,5,deepseek-r1,ecb6f9fc369894346f0511f4074ca75cee5cd5f3b06d02f1ba35fcd39f8e121d,nested,4 KiB single,4096,1,42051300,42906308,4194304,0.9800726736963712,-0.02012855323396964
1,ab,0,deepseek-r1,ecb6f9fc369894346f0511f4074ca75cee5cd5f3b06d02f1ba35fcd39f8e121d,nested,64 KiB single,65536,1,38538964,39909675,4194304,0.9656546689493212,-0.03494899424252317
1,ab,1,deepseek-r1,ecb6f9fc369894346f0511f4074ca75cee5cd5f3b06d02f1ba35fcd39f8e121d,nested,64 KiB single,65536,1,39320565,39632567,4194304,0.9921276358404945,-0.007903514812127482
1,ab,2,deepseek-r1,ecb6f9fc369894346f0511f4074ca75cee5cd5f3b06d02f1ba35fcd39f8e121d,nested,64 KiB single,65536,1,38549268,39822165,4194304,0.9680354646714964,-0.032486555319349665
1,ab,3,deepseek-r1,ecb6f9fc369894346f0511f4074ca75cee5cd5f3b06d02f1ba35fcd39f8e121d,nested,64 KiB single,65536,1,37965464,37947694,4194304,1.0004682761487431,0.00046816654168362396
1,ab,4,deepseek-r1,ecb6f9fc369894346f0511f4074ca75cee5cd5f3b06d02f1ba35fcd39f8e121d,nested,64 KiB single,65536,1,35993575,36729894,4194304,0.9799531411661575,-0.020250523597273508
1,ab,5,deepseek-r1,ecb6f9fc369894346f0511f4074ca75cee5cd5f3b06d02f1ba35fcd39f8e121d,nested,64 KiB single,65536,1,38286786,37975748,4194304,1.008190437749903,0.008157078144032926
1,ab,0,gemma-3,4667f2089529e8e7657cfb6d1c19910ae71ff5f28aa7ab2ff2763330affad795,flat-ragged,140-byte batch 1,140,1,264447494,271544820,4194400,0.9738631508419126,-0.026484487426658435
1,ab,1,gemma-3,4667f2089529e8e7657cfb6d1c19910ae71ff5f28aa7ab2ff2763330affad795,flat-ragged,140-byte batch 1,140,1,235956715,240507334,4194400,0.9810790842660956,-0.01910220669655022
1,ab,2,gemma-3,4667f2089529e8e7657cfb6d1c19910ae71ff5f28aa7ab2ff2763330affad795,flat-ragged,140-byte batch 1,140,1,233091166,238073482,4194400,0.9790723605243863,-0.021149726492139934
1,ab,3,gemma-3,4667f2089529e8e7657cfb6d1c19910ae71ff5f28aa7ab2ff2763330affad795,flat-ragged,140-byte batch 1,140,1,193206812,186770985,4194400,1.0344583876344604,0.033877992778151095
1,ab,4,gemma-3,4667f2089529e8e7657cfb6d1c19910ae71ff5f28aa7ab2ff2763330affad795,flat-ragged,140-byte batch 1,140,1,188097026,190996729,4194400,0.9848180488996752,-0.015298376802508864
1,ab,5,gemma-3,4667f2089529e8e7657cfb6d1c19910ae71ff5f28aa7ab2ff2763330affad795,flat-ragged,140-byte batch 1,140,1,195735004,192090356,4194400,1.0189736126055178,0.018795858523076518
1,ab,0,gemma-3,4667f2089529e8e7657cfb6d1c19910ae71ff5f28aa7ab2ff2763330affad795,flat-ragged,140-byte batch 32,140,32,98086671,95010919,4197760,1.0323726160358475,0.03185966394239457
1,ab,1,gemma-3,4667f2089529e8e7657cfb6d1c19910ae71ff5f28aa7ab2ff2763330affad795,flat-ragged,140-byte batch 32,140,32,86781137,85821253,4197760,1.0111846887157427,0.011122602598571188
1,ab,2,gemma-3,4667f2089529e8e7657cfb6d1c19910ae71ff5f28aa7ab2ff2763330affad795,flat-ragged,140-byte batch 32,140,32,83100848,82865547,4197760,1.0028395516414077,0.0028355277302481727
1,ab,3,gemma-3,4667f2089529e8e7657cfb6d1c19910ae71ff5f28aa7ab2ff2763330affad795,flat-ragged,140-byte batch 32,140,32,71483431,71210771,4197760,1.003828915151052,0.0038216035132524824
1,ab,4,gemma-3,4667f2089529e8e7657cfb6d1c19910ae71ff5f28aa7ab2ff2763330affad795,flat-ragged,140-byte batch 32,140,32,75121629,72725213,4197760,1.032951653232009,0.03242038674989648
1,ab,5,gemma-3,4667f2089529e8e7657cfb6d1c19910ae71ff5f28aa7ab2ff2763330affad795,flat-ragged,140-byte batch 32,140,32,78129059,73760915,4197760,1.0592203065810666,0.05753307763793114
1,ab,0,gemma-3,4667f2089529e8e7657cfb6d1c19910ae71ff5f28aa7ab2ff2763330affad795,flat-ragged,140-byte batch 512,140,512,75254891,75261947,4229120,0.9999062474426818,-9.375695236395146e-05
1,ab,1,gemma-3,4667f2089529e8e7657cfb6d1c19910ae71ff5f28aa7ab2ff2763330affad795,flat-ragged,140-byte batch 512,140,512,69304427,68971087,4229120,1.0048330396764662,0.004821398034818048
1,ab,2,gemma-3,4667f2089529e8e7657cfb6d1c19910ae71ff5f28aa7ab2ff2763330affad795,flat-ragged,140-byte batch 512,140,512,68334227,67131119,4229120,1.01792176293084,0.017763061472419066
1,ab,3,gemma-3,4667f2089529e8e7657cfb6d1c19910ae71ff5f28aa7ab2ff2763330affad795,flat-ragged,140-byte batch 512,140,512,55816058,54519120,4229120,1.0237886818422601,0.023510139932631506
1,ab,4,gemma-3,4667f2089529e8e7657cfb6d1c19910ae71ff5f28aa7ab2ff2763330affad795,flat-ragged,140-byte batch 512,140,512,55576842,55272972,4229120,1.0054976236848636,0.005482566910883579
1,ab,5,gemma-3,4667f2089529e8e7657cfb6d1c19910ae71ff5f28aa7ab2ff2763330affad795,flat-ragged,140-byte batch 512,140,512,57282366,56528337,4229120,1.0133389560000676,0.013250775418904008
1,ab,0,gemma-3,4667f2089529e8e7657cfb6d1c19910ae71ff5f28aa7ab2ff2763330affad795,flat-ragged,4 KiB single,4096,1,192366667,187138883,4194304,1.0279353168950998,0.02755224374507609
1,ab,1,gemma-3,4667f2089529e8e7657cfb6d1c19910ae71ff5f28aa7ab2ff2763330affad795,flat-ragged,4 KiB single,4096,1,199071767,192908761,4194304,1.0319477765968337,0.03144806170610612
1,ab,2,gemma-3,4667f2089529e8e7657cfb6d1c19910ae71ff5f28aa7ab2ff2763330affad795,flat-ragged,4 KiB single,4096,1,185328929,183043120,4194304,1.0124878170782927,0.01241048741089941
1,ab,3,gemma-3,4667f2089529e8e7657cfb6d1c19910ae71ff5f28aa7ab2ff2763330affad795,flat-ragged,4 KiB single,4096,1,182537106,178256748,4194304,1.0240123195784991,0.023728557383324154
1,ab,4,gemma-3,4667f2089529e8e7657cfb6d1c19910ae71ff5f28aa7ab2ff2763330affad795,flat-ragged,4 KiB single,4096,1,202935109,199597705,4194304,1.0167206531758468,0.016582402025816134
1,ab,5,gemma-3,4667f2089529e8e7657cfb6d1c19910ae71ff5f28aa7ab2ff2763330affad795,flat-ragged,4 KiB single,4096,1,179752160,177216023,4194304,1.0143109915066766,0.01420955588519404
1,ab,0,gemma-3,4667f2089529e8e7657cfb6d1c19910ae71ff5f28aa7ab2ff2763330affad795,flat-ragged,64 KiB single,65536,1,102535828,102655156,4194304,0.9988375839592509,-0.0011630921702883003
1,ab,1,gemma-3,4667f2089529e8e7657cfb6d1c19910ae71ff5f28aa7ab2ff2763330affad795,flat-ragged,64 KiB single,65536,1,101363895,100845788,4194304,1.0051376166548474,0.005124464131582207
1,ab,2,gemma-3,4667f2089529e8e7657cfb6d1c19910ae71ff5f28aa7ab2ff2763330affad795,flat-ragged,64 KiB single,65536,1,92991914,93107983,4194304,0.9987533936805397,-0.0012473839794759113
1,ab,3,gemma-3,4667f2089529e8e7657cfb6d1c19910ae71ff5f28aa7ab2ff2763330affad795,flat-ragged,64 KiB single,65536,1,95767062,94533985,4194304,1.0130437429459893,0.01295940591962789
1,ab,4,gemma-3,4667f2089529e8e7657cfb6d1c19910ae71ff5f28aa7ab2ff2763330affad795,flat-ragged,64 KiB single,65536,1,97634022,98919055,4194304,0.9870092471061314,-0.013075870690687875
1,ab,5,gemma-3,4667f2089529e8e7657cfb6d1c19910ae71ff5f28aa7ab2ff2763330affad795,flat-ragged,64 KiB single,65536,1,106675831,106631264,4194304,1.0004179543440468,0.0004178670254592102
1,ab,0,gemma-3,4667f2089529e8e7657cfb6d1c19910ae71ff5f28aa7ab2ff2763330affad795,nested,140-byte batch 1,140,1,247882715,255729627,4194400,0.969315592831174,-0.03116503092032629
1,ab,1,gemma-3,4667f2089529e8e7657cfb6d1c19910ae71ff5f28aa7ab2ff2763330affad795,nested,140-byte batch 1,140,1,235165464,237305446,4194400,0.9909821622888503,-0.00905874452267222
1,ab,2,gemma-3,4667f2089529e8e7657cfb6d1c19910ae71ff5f28aa7ab2ff2763330affad795,nested,140-byte batch 1,140,1,232149765,236659063,4194400,0.9809460159993957,-0.01923785049324367
1,ab,3,gemma-3,4667f2089529e8e7657cfb6d1c19910ae71ff5f28aa7ab2ff2763330affad795,nested,140-byte batch 1,140,1,180565436,182480076,4194400,0.9895076764435368,-0.010547756068106455
1,ab,4,gemma-3,4667f2089529e8e7657cfb6d1c19910ae71ff5f28aa7ab2ff2763330affad795,nested,140-byte batch 1,140,1,181350310,186301428,4194400,0.9734241543226388,-0.026935367505367395
1,ab,5,gemma-3,4667f2089529e8e7657cfb6d1c19910ae71ff5f28aa7ab2ff2763330affad795,nested,140-byte batch 1,140,1,186154450,191424283,4194400,0.9724704049172278,-0.027915635914316717
1,ab,0,gemma-3,4667f2089529e8e7657cfb6d1c19910ae71ff5f28aa7ab2ff2763330affad795,nested,140-byte batch 32,140,32,60653333,60153208,4197760,1.008314186668149,0.008279814206130717
1,ab,1,gemma-3,4667f2089529e8e7657cfb6d1c19910ae71ff5f28aa7ab2ff2763330affad795,nested,140-byte batch 32,140,32,59327421,59659394,4197760,0.9944355284601114,-0.005580010883949733
1,ab,2,gemma-3,4667f2089529e8e7657cfb6d1c19910ae71ff5f28aa7ab2ff2763330affad795,nested,140-byte batch 32,140,32,59101514,60140642,4197760,0.9827217009090126,-0.01742931091363772
1,ab,3,gemma-3,4667f2089529e8e7657cfb6d1c19910ae71ff5f28aa7ab2ff2763330affad795,nested,140-byte batch 32,140,32,57771715,59136899,4197760,0.9769148531105766,-0.023355782108211102
1,ab,4,gemma-3,4667f2089529e8e7657cfb6d1c19910ae71ff5f28aa7ab2ff2763330affad795,nested,140-byte batch 32,140,32,57173464,57248003,4197760,0.9986979633158557,-0.001302885070407716
1,ab,5,gemma-3,4667f2089529e8e7657cfb6d1c19910ae71ff5f28aa7ab2ff2763330affad795,nested,140-byte batch 32,140,32,57944246,57033422,4197760,1.0159700043949669,0.015843825487170598
1,ab,0,gemma-3,4667f2089529e8e7657cfb6d1c19910ae71ff5f28aa7ab2ff2763330affad795,nested,140-byte batch 512,140,512,45542382,46254250,4229120,0.9846096737056594,-0.01550998669547578
1,ab,1,gemma-3,4667f2089529e8e7657cfb6d1c19910ae71ff5f28aa7ab2ff2763330affad795,nested,140-byte batch 512,140,512,45966478,45950045,4229120,1.0003576275061319,0.000357563572657773
1,ab,2,gemma-3,4667f2089529e8e7657cfb6d1c19910ae71ff5f28aa7ab2ff2763330affad795,nested,140-byte batch 512,140,512,45132443,44339611,4229120,1.01788089660958,0.01772291384703518
1,ab,3,gemma-3,4667f2089529e8e7657cfb6d1c19910ae71ff5f28aa7ab2ff2763330affad795,nested,140-byte batch 512,140,512,43913031,44377960,4229120,0.9895234255923436,-0.010531840048604794
1,ab,4,gemma-3,4667f2089529e8e7657cfb6d1c19910ae71ff5f28aa7ab2ff2763330affad795,nested,140-byte batch 512,140,512,43416310,44169975,4229120,0.9829371648953843,-0.017210082652841296
1,ab,5,gemma-3,4667f2089529e8e7657cfb6d1c19910ae71ff5f28aa7ab2ff2763330affad795,nested,140-byte batch 512,140,512,44263325,44417780,4229120,0.996522676279634,-0.0034833836628270012
1,ab,0,gemma-3,4667f2089529e8e7657cfb6d1c19910ae71ff5f28aa7ab2ff2763330affad795,nested,4 KiB single,4096,1,156870018,156755986,4194304,1.0007274490940332,0.0007271846311887444
1,ab,1,gemma-3,4667f2089529e8e7657cfb6d1c19910ae71ff5f28aa7ab2ff2763330affad795,nested,4 KiB single,4096,1,159355298,154788288,4194304,1.0295048808860785,0.02907798850028536
1,ab,2,gemma-3,4667f2089529e8e7657cfb6d1c19910ae71ff5f28aa7ab2ff2763330affad795,nested,4 KiB single,4096,1,159127874,155021175,4194304,1.026491213216517,0.026146397495272568
1,ab,3,gemma-3,4667f2089529e8e7657cfb6d1c19910ae71ff5f28aa7ab2ff2763330affad795,nested,4 KiB single,4096,1,166944636,158630755,4194304,1.0524102718921056,0.05108303058116592
1,ab,4,gemma-3,4667f2089529e8e7657cfb6d1c19910ae71ff5f28aa7ab2ff2763330affad795,nested,4 KiB single,4096,1,167463923,159307399,4194304,1.0511999069170668,0.0499322801989916
1,ab,5,gemma-3,4667f2089529e8e7657cfb6d1c19910ae71ff5f28aa7ab2ff2763330affad795,nested,4 KiB single,4096,1,154861362,156488587,4194304,0.9896016378497942,-0.010452802842784952
1,ab,0,gemma-3,4667f2089529e8e7657cfb6d1c19910ae71ff5f28aa7ab2ff2763330affad795,nested,64 KiB single,65536,1,88472029,87572739,4194304,1.01026906329834,0.010216694680461005
1,ab,1,gemma-3,4667f2089529e8e7657cfb6d1c19910ae71ff5f28aa7ab2ff2763330affad795,nested,64 KiB single,65536,1,86929532,87395918,4194304,0.9946635265047505,-0.005350763330824043
1,ab,2,gemma-3,4667f2089529e8e7657cfb6d1c19910ae71ff5f28aa7ab2ff2763330affad795,nested,64 KiB single,65536,1,90175352,90909500,4194304,0.9919244083401625,-0.008108375870726024
1,ab,3,gemma-3,4667f2089529e8e7657cfb6d1c19910ae71ff5f28aa7ab2ff2763330affad795,nested,64 KiB single,65536,1,107250432,107137887,4194304,1.0010504687291435,0.0010499173729558808
1,ab,4,gemma-3,4667f2089529e8e7657cfb6d1c19910ae71ff5f28aa7ab2ff2763330affad795,nested,64 KiB single,65536,1,112432522,111218699,4194304,1.0109138392277004,0.01085471309079572
1,ab,5,gemma-3,4667f2089529e8e7657cfb6d1c19910ae71ff5f28aa7ab2ff2763330affad795,nested,64 KiB single,65536,1,109752857,92037713,4194304,1.1924770121135018,0.17603266654088717
1,ab,0,glm-4-7,9340665016419c825c4bdabbcc9acc43b7ca2c68ce142724afa829abb1be5efd,flat-ragged,140-byte batch 1,140,1,72205853,68597133,4194400,1.0526074464365733,0.051270368239493075
1,ab,1,glm-4-7,9340665016419c825c4bdabbcc9acc43b7ca2c68ce142724afa829abb1be5efd,flat-ragged,140-byte batch 1,140,1,65945599,66822624,4194400,0.9868753283319135,-0.013211561273703473
1,ab,2,glm-4-7,9340665016419c825c4bdabbcc9acc43b7ca2c68ce142724afa829abb1be5efd,flat-ragged,140-byte batch 1,140,1,60882743,60062086,4194400,1.0136634781549212,0.013570974499238667
1,ab,3,glm-4-7,9340665016419c825c4bdabbcc9acc43b7ca2c68ce142724afa829abb1be5efd,flat-ragged,140-byte batch 1,140,1,73613263,67205211,4194400,1.0953505227444342,0.09107442413889259
1,ab,4,glm-4-7,9340665016419c825c4bdabbcc9acc43b7ca2c68ce142724afa829abb1be5efd,flat-ragged,140-byte batch 1,140,1,63125976,60956359,4194400,1.035592955937542,0.03497416695780386
1,ab,5,glm-4-7,9340665016419c825c4bdabbcc9acc43b7ca2c68ce142724afa829abb1be5efd,flat-ragged,140-byte batch 1,140,1,58708297,57283729,4194400,1.0248686324174183,0.024564440881527313
1,ab,0,glm-4-7,9340665016419c825c4bdabbcc9acc43b7ca2c68ce142724afa829abb1be5efd,flat-ragged,140-byte batch 32,140,32,67492931,65699468,4197760,1.0272979836001108,0.026932038423115992
1,ab,1,glm-4-7,9340665016419c825c4bdabbcc9acc43b7ca2c68ce142724afa829abb1be5efd,flat-ragged,140-byte batch 32,140,32,63291801,60204207,4197760,1.0512853528657888,0.050013561100602226
1,ab,2,glm-4-7,9340665016419c825c4bdabbcc9acc43b7ca2c68ce142724afa829abb1be5efd,flat-ragged,140-byte batch 32,140,32,58129841,58377532,4197760,0.9957570833929739,-0.0042519433198012924
1,ab,3,glm-4-7,9340665016419c825c4bdabbcc9acc43b7ca2c68ce142724afa829abb1be5efd,flat-ragged,140-byte batch 32,140,32,64699403,64332558,4197760,1.005702322609339,0.0056861259111304525
1,ab,4,glm-4-7,9340665016419c825c4bdabbcc9acc43b7ca2c68ce142724afa829abb1be5efd,flat-ragged,140-byte batch 32,140,32,58013899,57917278,4197760,1.0016682586498626,0.0016668686521036859
1,ab,5,glm-4-7,9340665016419c825c4bdabbcc9acc43b7ca2c68ce142724afa829abb1be5efd,flat-ragged,140-byte batch 32,140,32,57928797,54306630,4197760,1.0666984307440914,0.06456829951677655
1,ab,0,glm-4-7,9340665016419c825c4bdabbcc9acc43b7ca2c68ce142724afa829abb1be5efd,flat-ragged,140-byte batch 512,140,512,20861162,19908379,4229120,1.0478583916852295,0.04674845433123331
1,ab,1,glm-4-7,9340665016419c825c4bdabbcc9acc43b7ca2c68ce142724afa829abb1be5efd,flat-ragged,140-byte batch 512,140,512,20045542,19972883,4229120,1.003637882422883,0.0036312813331034494
1,ab,2,glm-4-7,9340665016419c825c4bdabbcc9acc43b7ca2c68ce142724afa829abb1be5efd,flat-ragged,140-byte batch 512,140,512,19806216,18622753,4229120,1.0635493044449442,0.06161171513355582
1,ab,3,glm-4-7,9340665016419c825c4bdabbcc9acc43b7ca2c68ce142724afa829abb1be5efd,flat-ragged,140-byte batch 512,140,512,17222006,16302719,4229120,1.056388569293257,0.05485608094804763
1,ab,4,glm-4-7,9340665016419c825c4bdabbcc9acc43b7ca2c68ce142724afa829abb1be5efd,flat-ragged,140-byte batch 512,140,512,15952864,15173839,4229120,1.0513400069685728,0.050065547634998965
1,ab,5,glm-4-7,9340665016419c825c4bdabbcc9acc43b7ca2c68ce142724afa829abb1be5efd,flat-ragged,140-byte batch 512,140,512,16809603,16205336,4229120,1.037288150026633,0.036609759527125446
1,ab,0,glm-4-7,9340665016419c825c4bdabbcc9acc43b7ca2c68ce142724afa829abb1be5efd,flat-ragged,4 KiB single,4096,1,50796090,47598577,4194304,1.067176651100305,0.0650165172857439
1,ab,1,glm-4-7,9340665016419c825c4bdabbcc9acc43b7ca2c68ce142724afa829abb1be5efd,flat-ragged,4 KiB single,4096,1,47920783,48233009,4194304,0.9935267152833032,-0.006494327283046892
1,ab,2,glm-4-7,9340665016419c825c4bdabbcc9acc43b7ca2c68ce142724afa829abb1be5efd,flat-ragged,4 KiB single,4096,1,42581111,41630773,4194304,1.0228277769427918,0.022571121812308522
1,ab,3,glm-4-7,9340665016419c825c4bdabbcc9acc43b7ca2c68ce142724afa829abb1be5efd,flat-ragged,4 KiB single,4096,1,43386514,42161904,4194304,1.0290454150267976,0.028631590986634127
1,ab,4,glm-4-7,9340665016419c825c4bdabbcc9acc43b7ca2c68ce142724afa829abb1be5efd,flat-ragged,4 KiB single,4096,1,48735007,46903577,4194304,1.039046702131055,0.03830366022245771
1,ab,5,glm-4-7,9340665016419c825c4bdabbcc9acc43b7ca2c68ce142724afa829abb1be5efd,flat-ragged,4 KiB single,4096,1,48551673,46107971,4194304,1.0529995561938736,0.0516428116834435
1,ab,0,glm-4-7,9340665016419c825c4bdabbcc9acc43b7ca2c68ce142724afa829abb1be5efd,flat-ragged,64 KiB single,65536,1,20468337,19049576,4194304,1.0744773007021258,0.07183431142556158
1,ab,1,glm-4-7,9340665016419c825c4bdabbcc9acc43b7ca2c68ce142724afa829abb1be5efd,flat-ragged,64 KiB single,65536,1,20498696,19102160,4194304,1.0731088002613316,0.0705598567013382
1,ab,2,glm-4-7,9340665016419c825c4bdabbcc9acc43b7ca2c68ce142724afa829abb1be5efd,flat-ragged,64 KiB single,65536,1,18729527,18312029,4194304,1.0227991119935427,0.022543096223276576
1,ab,3,glm-4-7,9340665016419c825c4bdabbcc9acc43b7ca2c68ce142724afa829abb1be5efd,flat-ragged,64 KiB single,65536,1,19622335,19228626,4194304,1.0204751499145077,0.020268352079072505
1,ab,4,glm-4-7,9340665016419c825c4bdabbcc9acc43b7ca2c68ce142724afa829abb1be5efd,flat-ragged,64 KiB single,65536,1,18344712,17867692,4194304,1.026697348487986,0.026347192761724404
1,ab,5,glm-4-7,9340665016419c825c4bdabbcc9acc43b7ca2c68ce142724afa829abb1be5efd,flat-ragged,64 KiB single,65536,1,19358178,17839507,4194304,1.0851296507240924,0.0816994736085367
1,ab,0,glm-4-7,9340665016419c825c4bdabbcc9acc43b7ca2c68ce142724afa829abb1be5efd,nested,140-byte batch 1,140,1,70945171,69625360,4194400,1.0189558948061455,0.01877847048359004
1,ab,1,glm-4-7,9340665016419c825c4bdabbcc9acc43b7ca2c68ce142724afa829abb1be5efd,nested,140-byte batch 1,140,1,61637332,62379593,4194400,0.9881009002415261,-0.01197046069821621
1,ab,2,glm-4-7,9340665016419c825c4bdabbcc9acc43b7ca2c68ce142724afa829abb1be5efd,nested,140-byte batch 1,140,1,60607373,59947165,4194400,1.0110131646759275,0.010952961393642697
1,ab,3,glm-4-7,9340665016419c825c4bdabbcc9acc43b7ca2c68ce142724afa829abb1be5efd,nested,140-byte batch 1,140,1,70696169,68564616,4194400,1.031088236532966,0.030614784818904582
1,ab,4,glm-4-7,9340665016419c825c4bdabbcc9acc43b7ca2c68ce142724afa829abb1be5efd,nested,140-byte batch 1,140,1,60708394,60306203,4194400,1.0066691481140009,0.0066470077295385935
1,ab,5,glm-4-7,9340665016419c825c4bdabbcc9acc43b7ca2c68ce142724afa829abb1be5efd,nested,140-byte batch 1,140,1,58762699,56953840,4194400,1.0317600885208091,0.031266167669925446
1,ab,0,glm-4-7,9340665016419c825c4bdabbcc9acc43b7ca2c68ce142724afa829abb1be5efd,nested,140-byte batch 32,140,32,71687112,72405667,4197760,0.9900759839695973,-0.009973587314304222
1,ab,1,glm-4-7,9340665016419c825c4bdabbcc9acc43b7ca2c68ce142724afa829abb1be5efd,nested,140-byte batch 32,140,32,64228827,63939677,4197760,1.0045222311648525,0.00451203660072743
1,ab,2,glm-4-7,9340665016419c825c4bdabbcc9acc43b7ca2c68ce142724afa829abb1be5efd,nested,140-byte batch 32,140,32,63850217,62746239,4197760,1.0175943294386138,0.017441341102555366
1,ab,3,glm-4-7,9340665016419c825c4bdabbcc9acc43b7ca2c68ce142724afa829abb1be5efd,nested,140-byte batch 32,140,32,70952618,69382054,4197760,1.0226364587015542,0.022384055973207913
1,ab,4,glm-4-7,9340665016419c825c4bdabbcc9acc43b7ca2c68ce142724afa829abb1be5efd,nested,140-byte batch 32,140,32,61289231,61504252,4197760,0.9965039652868227,-0.0035021601231327183
1,ab,5,glm-4-7,9340665016419c825c4bdabbcc9acc43b7ca2c68ce142724afa829abb1be5efd,nested,140-byte batch 32,140,32,58186661,59061375,4197760,0.9851897454131402,-0.014921021424577083
1,ab,0,glm-4-7,9340665016419c825c4bdabbcc9acc43b7ca2c68ce142724afa829abb1be5efd,nested,140-byte batch 512,140,512,24297603,23456049,4229120,1.0358779093614616,0.0352492887859603
1,ab,1,glm-4-7,9340665016419c825c4bdabbcc9acc43b7ca2c68ce142724afa829abb1be5efd,nested,140-byte batch 512,140,512,22637829,21521341,4229120,1.051878179895946,0.050577309032347056
1,ab,2,glm-4-7,9340665016419c825c4bdabbcc9acc43b7ca2c68ce142724afa829abb1be5efd,nested,140-byte batch 512,140,512,22300464,20988381,4229120,1.0625147313649395,0.060638486534379865
1,ab,3,glm-4-7,9340665016419c825c4bdabbcc9acc43b7ca2c68ce142724afa829abb1be5efd,nested,140-byte batch 512,140,512,19528156,18673282,4229120,1.0457805971119591,0.04476358944617559
1,ab,4,glm-4-7,9340665016419c825c4bdabbcc9acc43b7ca2c68ce142724afa829abb1be5efd,nested,140-byte batch 512,140,512,18709040,18020450,4229120,1.0382115873909918,0.03749960538799859
1,ab,5,glm-4-7,9340665016419c825c4bdabbcc9acc43b7ca2c68ce142724afa829abb1be5efd,nested,140-byte batch 512,140,512,19023380,18317951,4229120,1.0385102569605082,0.03778724099253364
1,ab,0,glm-4-7,9340665016419c825c4bdabbcc9acc43b7ca2c68ce142724afa829abb1be5efd,nested,4 KiB single,4096,1,50852828,53727965,4194304,0.9464871412866651,-0.05499789396475313
1,ab,1,glm-4-7,9340665016419c825c4bdabbcc9acc43b7ca2c68ce142724afa829abb1be5efd,nested,4 KiB single,4096,1,48510000,49384115,4194304,0.9822996726781477,-0.01785885152121223
1,ab,2,glm-4-7,9340665016419c825c4bdabbcc9acc43b7ca2c68ce142724afa829abb1be5efd,nested,4 KiB single,4096,1,45125309,46301657,4194304,0.9745938250114893,-0.0257344845137049
1,ab,3,glm-4-7,9340665016419c825c4bdabbcc9acc43b7ca2c68ce142724afa829abb1be5efd,nested,4 KiB single,4096,1,44765771,45075982,4194304,0.9931180423312796,-0.006905747549525512
1,ab,4,glm-4-7,9340665016419c825c4bdabbcc9acc43b7ca2c68ce142724afa829abb1be5efd,nested,4 KiB single,4096,1,50440108,50335921,4194304,1.0020698339859522,0.0020676948308761415
1,ab,5,glm-4-7,9340665016419c825c4bdabbcc9acc43b7ca2c68ce142724afa829abb1be5efd,nested,4 KiB single,4096,1,50985163,49103139,4194304,1.038327977362099,0.03761170531925409
1,ab,0,glm-4-7,9340665016419c825c4bdabbcc9acc43b7ca2c68ce142724afa829abb1be5efd,nested,64 KiB single,65536,1,48879161,48098200,4194304,1.0162368030404465,0.01610639585750525
1,ab,1,glm-4-7,9340665016419c825c4bdabbcc9acc43b7ca2c68ce142724afa829abb1be5efd,nested,64 KiB single,65536,1,43932823,42479323,4194304,1.03421664700259,0.03364427735265099
1,ab,2,glm-4-7,9340665016419c825c4bdabbcc9acc43b7ca2c68ce142724afa829abb1be5efd,nested,64 KiB single,65536,1,43410484,44015013,4194304,0.9862653908565243,-0.013829801512613166
1,ab,3,glm-4-7,9340665016419c825c4bdabbcc9acc43b7ca2c68ce142724afa829abb1be5efd,nested,64 KiB single,65536,1,40571889,40540245,4194304,1.0007805576902655,0.0007802532135424069
1,ab,4,glm-4-7,9340665016419c825c4bdabbcc9acc43b7ca2c68ce142724afa829abb1be5efd,nested,64 KiB single,65536,1,43468675,41993110,4194304,1.0351382643486038,0.034535006537763265
1,ab,5,glm-4-7,9340665016419c825c4bdabbcc9acc43b7ca2c68ce142724afa829abb1be5efd,nested,64 KiB single,65536,1,45364859,43737591,4194304,1.0372052498273168,0.036529836207662196
1,ab,0,gpt-2,8414cab924d8b9b33013f0d221c5862f365ee9be39c5c2bfae8a5a9e970478a6,flat-ragged,140-byte batch 1,140,1,36778452,34905656,4194400,1.053653081322981,0.05226325108425703
1,ab,1,gpt-2,8414cab924d8b9b33013f0d221c5862f365ee9be39c5c2bfae8a5a9e970478a6,flat-ragged,140-byte batch 1,140,1,34923615,33450138,4194400,1.044049952798401,0.04310733582383848
1,ab,2,gpt-2,8414cab924d8b9b33013f0d221c5862f365ee9be39c5c2bfae8a5a9e970478a6,flat-ragged,140-byte batch 1,140,1,41190226,39541882,4194400,1.0416860279943174,0.04084058122206604
1,ab,3,gpt-2,8414cab924d8b9b33013f0d221c5862f365ee9be39c5c2bfae8a5a9e970478a6,flat-ragged,140-byte batch 1,140,1,36710520,35672602,4194400,1.0290956628282961,0.028680419322115278
1,ab,4,gpt-2,8414cab924d8b9b33013f0d221c5862f365ee9be39c5c2bfae8a5a9e970478a6,flat-ragged,140-byte batch 1,140,1,33115290,33289490,4194400,0.994767117189239,-0.0052466222943817935
1,ab,5,gpt-2,8414cab924d8b9b33013f0d221c5862f365ee9be39c5c2bfae8a5a9e970478a6,flat-ragged,140-byte batch 1,140,1,25913936,25540794,4194400,1.0146096476092326,0.014503954886273917
1,ab,0,gpt-2,8414cab924d8b9b33013f0d221c5862f365ee9be39c5c2bfae8a5a9e970478a6,flat-ragged,140-byte batch 32,140,32,30051167,30102427,4197760,0.9982971472698863,-0.0017043042318537946
1,ab,1,gpt-2,8414cab924d8b9b33013f0d221c5862f365ee9be39c5c2bfae8a5a9e970478a6,flat-ragged,140-byte batch 32,140,32,29895018,29066401,4197760,1.0285077261543318,0.028108942143264027
1,ab,2,gpt-2,8414cab924d8b9b33013f0d221c5862f365ee9be39c5c2bfae8a5a9e970478a6,flat-ragged,140-byte batch 32,140,32,36420321,35628160,4197760,1.022234126039627,0.021990551689737892
1,ab,3,gpt-2,8414cab924d8b9b33013f0d221c5862f365ee9be39c5c2bfae8a5a9e970478a6,flat-ragged,140-byte batch 32,140,32,33118104,31482442,4197760,1.0519547371833482,0.05065008789878125
1,ab,4,gpt-2,8414cab924d8b9b33013f0d221c5862f365ee9be39c5c2bfae8a5a9e970478a6,flat-ragged,140-byte batch 32,140,32,30472520,29787816,4197760,1.0229860423469783,0.022725843031815362
1,ab,5,gpt-2,8414cab924d8b9b33013f0d221c5862f365ee9be39c5c2bfae8a5a9e970478a6,flat-ragged,140-byte batch 32,140,32,21849103,21312030,4197760,1.0252004618987491,0.024888166052692264
1,ab,0,gpt-2,8414cab924d8b9b33013f0d221c5862f365ee9be39c5c2bfae8a5a9e970478a6,flat-ragged,140-byte batch 512,140,512,13880904,12369203,4229120,1.1222149074600845,0.11530432838487621
1,ab,1,gpt-2,8414cab924d8b9b33013f0d221c5862f365ee9be39c5c2bfae8a5a9e970478a6,flat-ragged,140-byte batch 512,140,512,13177266,12197845,4229120,1.0802945930203245,0.07723377525591214
1,ab,2,gpt-2,8414cab924d8b9b33013f0d221c5862f365ee9be39c5c2bfae8a5a9e970478a6,flat-ragged,140-byte batch 512,140,512,12314832,12282640,4229120,1.0026209349130155,0.0026175062526634855
1,ab,3,gpt-2,8414cab924d8b9b33013f0d221c5862f365ee9be39c5c2bfae8a5a9e970478a6,flat-ragged,140-byte batch 512,140,512,11146553,10198341,4229120,1.0929770832334396,0.08890524212504196
1,ab,4,gpt-2,8414cab924d8b9b33013f0d221c5862f365ee9be39c5c2bfae8a5a9e970478a6,flat-ragged,140-byte batch 512,140,512,10986388,9731956,4229120,1.1288982399838223,0.12124214823004519
1,ab,5,gpt-2,8414cab924d8b9b33013f0d221c5862f365ee9be39c5c2bfae8a5a9e970478a6,flat-ragged,140-byte batch 512,140,512,10763309,9735569,4229120,1.1055654785046463,0.100356949325843
1,ab,0,gpt-2,8414cab924d8b9b33013f0d221c5862f365ee9be39c5c2bfae8a5a9e970478a6,flat-ragged,4 KiB single,4096,1,23444529,21777401,4194304,1.076553120365465,0.07376438204418893
1,ab,1,gpt-2,8414cab924d8b9b33013f0d221c5862f365ee9be39c5c2bfae8a5a9e970478a6,flat-ragged,4 KiB single,4096,1,23919208,23015074,4194304,1.0392844272410333,0.038532425607968636
1,ab,2,gpt-2,8414cab924d8b9b33013f0d221c5862f365ee9be39c5c2bfae8a5a9e970478a6,flat-ragged,4 KiB single,4096,1,22941504,22793907,4194304,1.0064752830657773,0.006454408484476707
1,ab,3,gpt-2,8414cab924d8b9b33013f0d221c5862f365ee9be39c5c2bfae8a5a9e970478a6,flat-ragged,4 KiB single,4096,1,27665257,27263647,4194304,1.0147306044565498,0.01462316293661184
1,ab,4,gpt-2,8414cab924d8b9b33013f0d221c5862f365ee9be39c5c2bfae8a5a9e970478a6,flat-ragged,4 KiB single,4096,1,26605074,26651860,4194304,0.9982445502865466,-0.0017569923208791772
1,ab,5,gpt-2,8414cab924d8b9b33013f0d221c5862f365ee9be39c5c2bfae8a5a9e970478a6,flat-ragged,4 KiB single,4096,1,25272770,25232670,4194304,1.0015892095446102,0.0015879480874248508
1,ab,0,gpt-2,8414cab924d8b9b33013f0d221c5862f365ee9be39c5c2bfae8a5a9e970478a6,flat-ragged,64 KiB single,65536,1,22055708,21463185,4194304,1.027606480585244,0.027232292758855338
1,ab,1,gpt-2,8414cab924d8b9b33013f0d221c5862f365ee9be39c5c2bfae8a5a9e970478a6,flat-ragged,64 KiB single,65536,1,22200520,21795178,4194304,1.0185977834179651,0.018426959359544668
1,ab,2,gpt-2,8414cab924d8b9b33013f0d221c5862f365ee9be39c5c2bfae8a5a9e970478a6,flat-ragged,64 KiB single,65536,1,20153992,20222139,4194304,0.9966300795380746,-0.0033756114328952302
1,ab,3,gpt-2,8414cab924d8b9b33013f0d221c5862f365ee9be39c5c2bfae8a5a9e970478a6,flat-ragged,64 KiB single,65536,1,24613673,23741352,4194304,1.036742684241403,0.036083763684832265
1,ab,4,gpt-2,8414cab924d8b9b33013f0d221c5862f365ee9be39c5c2bfae8a5a9e970478a6,flat-ragged,64 KiB single,65536,1,26362219,24808384,4194304,1.0626334629454302,0.060750226111819315
1,ab,5,gpt-2,8414cab924d8b9b33013f0d221c5862f365ee9be39c5c2bfae8a5a9e970478a6,flat-ragged,64 KiB single,65536,1,24740183,23499336,4194304,1.0528034919795182,0.05145659843326125
1,ab,0,gpt-2,8414cab924d8b9b33013f0d221c5862f365ee9be39c5c2bfae8a5a9e970478a6,nested,140-byte batch 1,140,1,36253961,35262973,4194400,1.028102792127028,0.027715154375539387
1,ab,1,gpt-2,8414cab924d8b9b33013f0d221c5862f365ee9be39c5c2bfae8a5a9e970478a6,nested,140-byte batch 1,140,1,33809212,33362961,4194400,1.0133756413287178,0.013286977189693598
1,ab,2,gpt-2,8414cab924d8b9b33013f0d221c5862f365ee9be39c5c2bfae8a5a9e970478a6,nested,140-byte batch 1,140,1,40600176,39185380,4194400,1.0361052004599676,0.035468683527491024
1,ab,3,gpt-2,8414cab924d8b9b33013f0d221c5862f365ee9be39c5c2bfae8a5a9e970478a6,nested,140-byte batch 1,140,1,35432359,36171278,4194400,0.9795716645676716,-0.02063987983526435
1,ab,4,gpt-2,8414cab924d8b9b33013f0d221c5862f365ee9be39c5c2bfae8a5a9e970478a6,nested,140-byte batch 1,140,1,34244874,33225839,4194400,1.0306699553922476,0.030209032924142797
1,ab,5,gpt-2,8414cab924d8b9b33013f0d221c5862f365ee9be39c5c2bfae8a5a9e970478a6,nested,140-byte batch 1,140,1,26317107,25579237,4194400,1.0288464429177462,0.028438216287275376
1,ab,0,gpt-2,8414cab924d8b9b33013f0d221c5862f365ee9be39c5c2bfae8a5a9e970478a6,nested,140-byte batch 32,140,32,36550572,36536400,4197760,1.000387887148159,0.00038781193938693386
1,ab,1,gpt-2,8414cab924d8b9b33013f0d221c5862f365ee9be39c5c2bfae8a5a9e970478a6,nested,140-byte batch 32,140,32,34746609,34681718,4197760,1.0018710434125553,0.001869295191155203
1,ab,2,gpt-2,8414cab924d8b9b33013f0d221c5862f365ee9be39c5c2bfae8a5a9e970478a6,nested,140-byte batch 32,140,32,40716483,40521132,4197760,1.0048209660085508,0.004809382366567257
1,ab,3,gpt-2,8414cab924d8b9b33013f0d221c5862f365ee9be39c5c2bfae8a5a9e970478a6,nested,140-byte batch 32,140,32,38104656,36621593,4197760,1.0404969548976202,0.039698440271219826
1,ab,4,gpt-2,8414cab924d8b9b33013f0d221c5862f365ee9be39c5c2bfae8a5a9e970478a6,nested,140-byte batch 32,140,32,33490701,32895987,4197760,1.0180786185257187,0.01791714356063251
1,ab,5,gpt-2,8414cab924d8b9b33013f0d221c5862f365ee9be39c5c2bfae8a5a9e970478a6,nested,140-byte batch 32,140,32,27467522,26524401,4197760,1.0355567313282588,0.03493918676346085
1,ab,0,gpt-2,8414cab924d8b9b33013f0d221c5862f365ee9be39c5c2bfae8a5a9e970478a6,nested,140-byte batch 512,140,512,15571293,15016829,4229120,1.0369228416998022,0.036257521175226744
1,ab,1,gpt-2,8414cab924d8b9b33013f0d221c5862f365ee9be39c5c2bfae8a5a9e970478a6,nested,140-byte batch 512,140,512,15114397,14376872,4229120,1.0512994064355585,0.05002692899904982
1,ab,2,gpt-2,8414cab924d8b9b33013f0d221c5862f365ee9be39c5c2bfae8a5a9e970478a6,nested,140-byte batch 512,140,512,14445031,13887159,4229120,1.0401717874764738,0.03938587977836344
1,ab,3,gpt-2,8414cab924d8b9b33013f0d221c5862f365ee9be39c5c2bfae8a5a9e970478a6,nested,140-byte batch 512,140,512,13552809,13271362,4229120,1.0212070923843386,0.020985351508291873
1,ab,4,gpt-2,8414cab924d8b9b33013f0d221c5862f365ee9be39c5c2bfae8a5a9e970478a6,nested,140-byte batch 512,140,512,13143789,12664399,4229120,1.0378533556941787,0.03715449893883694
1,ab,5,gpt-2,8414cab924d8b9b33013f0d221c5862f365ee9be39c5c2bfae8a5a9e970478a6,nested,140-byte batch 512,140,512,13359125,12515137,4229120,1.0674373760351166,0.06526080026411267
1,ab,0,gpt-2,8414cab924d8b9b33013f0d221c5862f365ee9be39c5c2bfae8a5a9e970478a6,nested,4 KiB single,4096,1,24894696,24114022,4194304,1.0323742758466423,0.03186127170439323
1,ab,1,gpt-2,8414cab924d8b9b33013f0d221c5862f365ee9be39c5c2bfae8a5a9e970478a6,nested,4 KiB single,4096,1,23936805,23789838,4194304,1.0061777217650663,0.006158717868990728
1,ab,2,gpt-2,8414cab924d8b9b33013f0d221c5862f365ee9be39c5c2bfae8a5a9e970478a6,nested,4 KiB single,4096,1,23215962,23443899,4194304,0.9902773425188361,-0.009770231128072725
1,ab,3,gpt-2,8414cab924d8b9b33013f0d221c5862f365ee9be39c5c2bfae8a5a9e970478a6,nested,4 KiB single,4096,1,28036040,27732292,4194304,1.0109528631820262,0.010893314996929386
1,ab,4,gpt-2,8414cab924d8b9b33013f0d221c5862f365ee9be39c5c2bfae8a5a9e970478a6,nested,4 KiB single,4096,1,27125593,26347258,4194304,1.0295414042706077,0.02911346452119496
1,ab,5,gpt-2,8414cab924d8b9b33013f0d221c5862f365ee9be39c5c2bfae8a5a9e970478a6,nested,4 KiB single,4096,1,25846836,25254187,4194304,1.0234673561259366,0.023196231253890014
1,ab,0,gpt-2,8414cab924d8b9b33013f0d221c5862f365ee9be39c5c2bfae8a5a9e970478a6,nested,64 KiB single,65536,1,24171796,23967935,4194304,1.0085055721321006,0.008469603565036841
1,ab,1,gpt-2,8414cab924d8b9b33013f0d221c5862f365ee9be39c5c2bfae8a5a9e970478a6,nested,64 KiB single,65536,1,22230519,22376290,4194304,0.9934854705583455,-0.006535841598115024
1,ab,2,gpt-2,8414cab924d8b9b33013f0d221c5862f365ee9be39c5c2bfae8a5a9e970478a6,nested,64 KiB single,65536,1,22817257,22484027,4194304,1.014820743632802,0.014711989638529335
1,ab,3,gpt-2,8414cab924d8b9b33013f0d221c5862f365ee9be39c5c2bfae8a5a9e970478a6,nested,64 KiB single,65536,1,25391905,24961845,4194304,1.0172286944334443,0.017081963402563592
1,ab,4,gpt-2,8414cab924d8b9b33013f0d221c5862f365ee9be39c5c2bfae8a5a9e970478a6,nested,64 KiB single,65536,1,25595765,25372067,4194304,1.0088167038184157,0.008778063638562268
1,ab,5,gpt-2,8414cab924d8b9b33013f0d221c5862f365ee9be39c5c2bfae8a5a9e970478a6,nested,64 KiB single,65536,1,24077882,23557820,4194304,1.022075981563659,0.021835834970689014
1,ab,0,gpt-oss,0614fe83cadab421296e664e1f48f4261fa8fef6e03e63bb75c20f38e37d07d3,flat-ragged,140-byte batch 1,140,1,60209542,62600917,4194400,0.9617996809855037,-0.038949081823487636
1,ab,1,gpt-oss,0614fe83cadab421296e664e1f48f4261fa8fef6e03e63bb75c20f38e37d07d3,flat-ragged,140-byte batch 1,140,1,55731589,58694912,4194400,0.9495131196380361,-0.05180593140762991
1,ab,2,gpt-oss,0614fe83cadab421296e664e1f48f4261fa8fef6e03e63bb75c20f38e37d07d3,flat-ragged,140-byte batch 1,140,1,54822572,56244059,4194400,0.9747264506638825,-0.025598410771228753
1,ab,3,gpt-oss,0614fe83cadab421296e664e1f48f4261fa8fef6e03e63bb75c20f38e37d07d3,flat-ragged,140-byte batch 1,140,1,61178177,61728274,4194400,0.9910884111225919,-0.008951534582452424
1,ab,4,gpt-oss,0614fe83cadab421296e664e1f48f4261fa8fef6e03e63bb75c20f38e37d07d3,flat-ragged,140-byte batch 1,140,1,50605970,53119969,4194400,0.952673183977197,-0.04848336806011465
1,ab,5,gpt-oss,0614fe83cadab421296e664e1f48f4261fa8fef6e03e63bb75c20f38e37d07d3,flat-ragged,140-byte batch 1,140,1,48884078,49965582,4194400,0.9783550204618852,-0.02188266821103305
1,ab,0,gpt-oss,0614fe83cadab421296e664e1f48f4261fa8fef6e03e63bb75c20f38e37d07d3,flat-ragged,140-byte batch 32,140,32,52726579,52431795,4197760,1.0056222374229224,0.005606491636235025
1,ab,1,gpt-oss,0614fe83cadab421296e664e1f48f4261fa8fef6e03e63bb75c20f38e37d07d3,flat-ragged,140-byte batch 32,140,32,50699602,51501102,4197760,0.9844372262170235,-0.01568514503130176
1,ab,2,gpt-oss,0614fe83cadab421296e664e1f48f4261fa8fef6e03e63bb75c20f38e37d07d3,flat-ragged,140-byte batch 32,140,32,52951801,52795238,4197760,1.0029654757877973,0.0029610874380293383
1,ab,3,gpt-oss,0614fe83cadab421296e664e1f48f4261fa8fef6e03e63bb75c20f38e37d07d3,flat-ragged,140-byte batch 32,140,32,58063865,56606156,4197760,1.0257517751249527,0.025425782901617608
1,ab,4,gpt-oss,0614fe83cadab421296e664e1f48f4261fa8fef6e03e63bb75c20f38e37d07d3,flat-ragged,140-byte batch 32,140,32,48871911,48487142,4197760,1.0079354852467897,0.007904164869555206
1,ab,5,gpt-oss,0614fe83cadab421296e664e1f48f4261fa8fef6e03e63bb75c20f38e37d07d3,flat-ragged,140-byte batch 32,140,32,44353744,42502616,4197760,1.0435532721091803,0.042631497606435434
1,ab,0,gpt-oss,0614fe83cadab421296e664e1f48f4261fa8fef6e03e63bb75c20f38e37d07d3,flat-ragged,140-byte batch 512,140,512,20378216,19531978,4229120,1.0433257706925536,0.042413467320192834
1,ab,1,gpt-oss,0614fe83cadab421296e664e1f48f4261fa8fef6e03e63bb75c20f38e37d07d3,flat-ragged,140-byte batch 512,140,512,18902458,18859222,4229120,1.002292565409114,0.0022899414906077087
1,ab,2,gpt-oss,0614fe83cadab421296e664e1f48f4261fa8fef6e03e63bb75c20f38e37d07d3,flat-ragged,140-byte batch 512,140,512,17855452,17072459,4229120,1.0458629304659628,0.04484231543648954
1,ab,3,gpt-oss,0614fe83cadab421296e664e1f48f4261fa8fef6e03e63bb75c20f38e37d07d3,flat-ragged,140-byte batch 512,140,512,15722979,14811105,4229120,1.0615669121243823,0.059746035619066454
1,ab,4,gpt-oss,0614fe83cadab421296e664e1f48f4261fa8fef6e03e63bb75c20f38e37d07d3,flat-ragged,140-byte batch 512,140,512,14839152,14174556,4229120,1.046886547980762,0.045820566877450813
1,ab,5,gpt-oss,0614fe83cadab421296e664e1f48f4261fa8fef6e03e63bb75c20f38e37d07d3,flat-ragged,140-byte batch 512,140,512,14833086,14004068,4229120,1.05919837007361,0.05751236737163765
1,ab,0,gpt-oss,0614fe83cadab421296e664e1f48f4261fa8fef6e03e63bb75c20f38e37d07d3,flat-ragged,4 KiB single,4096,1,45614976,39774232,4194304,1.1468474362999643,0.13701681822808268
1,ab,1,gpt-oss,0614fe83cadab421296e664e1f48f4261fa8fef6e03e63bb75c20f38e37d07d3,flat-ragged,4 KiB single,4096,1,43496314,40054053,4194304,1.0859403916003207,0.08244633197617011
1,ab,2,gpt-oss,0614fe83cadab421296e664e1f48f4261fa8fef6e03e63bb75c20f38e37d07d3,flat-ragged,4 KiB single,4096,1,40365905,36543961,4194304,1.1045848314034705,0.09946954618304936
1,ab,3,gpt-oss,0614fe83cadab421296e664e1f48f4261fa8fef6e03e63bb75c20f38e37d07d3,flat-ragged,4 KiB single,4096,1,39063822,38516797,4194304,1.014202245321697,0.014102338260867582
1,ab,4,gpt-oss,0614fe83cadab421296e664e1f48f4261fa8fef6e03e63bb75c20f38e37d07d3,flat-ragged,4 KiB single,4096,1,47729222,46053377,4194304,1.036389188137061,0.03574273751811548
1,ab,5,gpt-oss,0614fe83cadab421296e664e1f48f4261fa8fef6e03e63bb75c20f38e37d07d3,flat-ragged,4 KiB single,4096,1,43189615,41237738,4194304,1.047332300331313,0.04624626484845497
1,ab,0,gpt-oss,0614fe83cadab421296e664e1f48f4261fa8fef6e03e63bb75c20f38e37d07d3,flat-ragged,64 KiB single,65536,1,21573786,20275264,4194304,1.064044640799745,0.06207734567819756
1,ab,1,gpt-oss,0614fe83cadab421296e664e1f48f4261fa8fef6e03e63bb75c20f38e37d07d3,flat-ragged,64 KiB single,65536,1,20839084,20359360,4194304,1.0235628231928704,0.023289504980840866
1,ab,2,gpt-oss,0614fe83cadab421296e664e1f48f4261fa8fef6e03e63bb75c20f38e37d07d3,flat-ragged,64 KiB single,65536,1,19646015,19157893,4194304,1.0254788979142957,0.02515972095563231
1,ab,3,gpt-oss,0614fe83cadab421296e664e1f48f4261fa8fef6e03e63bb75c20f38e37d07d3,flat-ragged,64 KiB single,65536,1,21176667,19896494,4194304,1.0643416372753913,0.06235642704668162
1,ab,4,gpt-oss,0614fe83cadab421296e664e1f48f4261fa8fef6e03e63bb75c20f38e37d07d3,flat-ragged,64 KiB single,65536,1,20437681,19798815,4194304,1.032267890780332,0.03175821746271968
1,ab,5,gpt-oss,0614fe83cadab421296e664e1f48f4261fa8fef6e03e63bb75c20f38e37d07d3,flat-ragged,64 KiB single,65536,1,20790665,19220190,4194304,1.08170965011272,0.07854279886116484
1,ab,0,gpt-oss,0614fe83cadab421296e664e1f48f4261fa8fef6e03e63bb75c20f38e37d07d3,nested,140-byte batch 1,140,1,63632513,61306811,4194400,1.0379354587535143,0.03723360434571361
1,ab,1,gpt-oss,0614fe83cadab421296e664e1f48f4261fa8fef6e03e63bb75c20f38e37d07d3,nested,140-byte batch 1,140,1,55569191,55110962,4194400,1.0083146616094272,0.008280285231107364
1,ab,2,gpt-oss,0614fe83cadab421296e664e1f48f4261fa8fef6e03e63bb75c20f38e37d07d3,nested,140-byte batch 1,140,1,58316334,57073822,4194400,1.0217702609788424,0.02153667294887615
1,ab,3,gpt-oss,0614fe83cadab421296e664e1f48f4261fa8fef6e03e63bb75c20f38e37d07d3,nested,140-byte batch 1,140,1,60771712,59857805,4194400,1.015267967143132,0.015152584687593654
1,ab,4,gpt-oss,0614fe83cadab421296e664e1f48f4261fa8fef6e03e63bb75c20f38e37d07d3,nested,140-byte batch 1,140,1,55316417,51370749,4194400,1.0768076790159318,0.0740008112127014
1,ab,5,gpt-oss,0614fe83cadab421296e664e1f48f4261fa8fef6e03e63bb75c20f38e37d07d3,nested,140-byte batch 1,140,1,46818829,46522101,4194400,1.0063782158075794,0.00635796106957295
1,ab,0,gpt-oss,0614fe83cadab421296e664e1f48f4261fa8fef6e03e63bb75c20f38e37d07d3,nested,140-byte batch 32,140,32,63700619,64972755,4197760,0.9804204700878083,-0.019773748223619672
1,ab,1,gpt-oss,0614fe83cadab421296e664e1f48f4261fa8fef6e03e63bb75c20f38e37d07d3,nested,140-byte batch 32,140,32,56649895,57012704,4197760,0.9936363481374256,-0.0063839862081227485
1,ab,2,gpt-oss,0614fe83cadab421296e664e1f48f4261fa8fef6e03e63bb75c20f38e37d07d3,nested,140-byte batch 32,140,32,59308966,58390310,4197760,1.015733021455101,0.015610540466746465
1,ab,3,gpt-oss,0614fe83cadab421296e664e1f48f4261fa8fef6e03e63bb75c20f38e37d07d3,nested,140-byte batch 32,140,32,60670919,60825607,4197760,0.9974568605620326,-0.0025463787101805864
1,ab,4,gpt-oss,0614fe83cadab421296e664e1f48f4261fa8fef6e03e63bb75c20f38e37d07d3,nested,140-byte batch 32,140,32,52791966,53819058,4197760,0.980915830968279,-0.01926862231457836
1,ab,5,gpt-oss,0614fe83cadab421296e664e1f48f4261fa8fef6e03e63bb75c20f38e37d07d3,nested,140-byte batch 32,140,32,47694262,48341211,4197760,0.9866170295154584,-0.013473329521148629
1,ab,0,gpt-oss,0614fe83cadab421296e664e1f48f4261fa8fef6e03e63bb75c20f38e37d07d3,nested,140-byte batch 512,140,512,22469277,21408875,4229120,1.0495309538684308,0.04834335376303303
1,ab,1,gpt-oss,0614fe83cadab421296e664e1f48f4261fa8fef6e03e63bb75c20f38e37d07d3,nested,140-byte batch 512,140,512,20635603,19973941,4229120,1.0331262618628942,0.03258941099629604
1,ab,2,gpt-oss,0614fe83cadab421296e664e1f48f4261fa8fef6e03e63bb75c20f38e37d07d3,nested,140-byte batch 512,140,512,19580937,20243013,4229120,0.9672936039709108,-0.0332532060651496
1,ab,3,gpt-oss,0614fe83cadab421296e664e1f48f4261fa8fef6e03e63bb75c20f38e37d07d3,nested,140-byte batch 512,140,512,17588709,16994843,4229120,1.034943894450805,0.034347216987919704
1,ab,4,gpt-oss,0614fe83cadab421296e664e1f48f4261fa8fef6e03e63bb75c20f38e37d07d3,nested,140-byte batch 512,140,512,16633514,15974456,4229120,1.0412569917873886,0.04042862927818501
1,ab,5,gpt-oss,0614fe83cadab421296e664e1f48f4261fa8fef6e03e63bb75c20f38e37d07d3,nested,140-byte batch 512,140,512,17304510,15868233,4229120,1.0905127243846242,0.08664797498635844
1,ab,0,gpt-oss,0614fe83cadab421296e664e1f48f4261fa8fef6e03e63bb75c20f38e37d07d3,nested,4 KiB single,4096,1,48542610,45021414,4194304,1.0782115817153144,0.07530372569107135
1,ab,1,gpt-oss,0614fe83cadab421296e664e1f48f4261fa8fef6e03e63bb75c20f38e37d07d3,nested,4 KiB single,4096,1,42224849,41958843,4194304,1.0063396886325011,0.006319677338904133
1,ab,2,gpt-oss,0614fe83cadab421296e664e1f48f4261fa8fef6e03e63bb75c20f38e37d07d3,nested,4 KiB single,4096,1,38596754,39199431,4194304,0.9846253635671395,-0.0154940517144467
1,ab,3,gpt-oss,0614fe83cadab421296e664e1f48f4261fa8fef6e03e63bb75c20f38e37d07d3,nested,4 KiB single,4096,1,40348506,40541901,4194304,0.9952297500800468,-0.0047816638748470605
1,ab,4,gpt-oss,0614fe83cadab421296e664e1f48f4261fa8fef6e03e63bb75c20f38e37d07d3,nested,4 KiB single,4096,1,46993722,46364365,4194304,1.0135741533395313,0.013482849837324333
1,ab,5,gpt-oss,0614fe83cadab421296e664e1f48f4261fa8fef6e03e63bb75c20f38e37d07d3,nested,4 KiB single,4096,1,45032593,42809617,4194304,1.0519270237806613,0.050623742879586035
1,ab,0,gpt-oss,0614fe83cadab421296e664e1f48f4261fa8fef6e03e63bb75c20f38e37d07d3,nested,64 KiB single,65536,1,44986110,43361802,4194304,1.0374594210821773,0.036774860147864255
1,ab,1,gpt-oss,0614fe83cadab421296e664e1f48f4261fa8fef6e03e63bb75c20f38e37d07d3,nested,64 KiB single,65536,1,40242083,38910752,4194304,1.0342149902422857,0.03364267540432024
1,ab,2,gpt-oss,0614fe83cadab421296e664e1f48f4261fa8fef6e03e63bb75c20f38e37d07d3,nested,64 KiB single,65536,1,39479200,38175256,4194304,1.0341567846984445,0.03358639389384739
1,ab,3,gpt-oss,0614fe83cadab421296e664e1f48f4261fa8fef6e03e63bb75c20f38e37d07d3,nested,64 KiB single,65536,1,37615945,35999483,4194304,1.044902367070105,0.04392345241099911
1,ab,4,gpt-oss,0614fe83cadab421296e664e1f48f4261fa8fef6e03e63bb75c20f38e37d07d3,nested,64 KiB single,65536,1,40923024,40031017,4194304,1.022282896285148,0.022038260018891115
1,ab,5,gpt-oss,0614fe83cadab421296e664e1f48f4261fa8fef6e03e63bb75c20f38e37d07d3,nested,64 KiB single,65536,1,40278684,39298938,4194304,1.0249305973611806,0.02462490040642223
1,ab,0,llama-3,e134af98b985517b4f068e3755ae90d4e9cd2d45d328325dc503f1c6b2d06cc7,flat-ragged,140-byte batch 1,140,1,60571576,54213622,4194400,1.1172759495759201,0.11089353485475664
1,ab,1,llama-3,e134af98b985517b4f068e3755ae90d4e9cd2d45d328325dc503f1c6b2d06cc7,flat-ragged,140-byte batch 1,140,1,52875201,50765121,4194400,1.0415655465491749,0.04072491449534988
1,ab,2,llama-3,e134af98b985517b4f068e3755ae90d4e9cd2d45d328325dc503f1c6b2d06cc7,flat-ragged,140-byte batch 1,140,1,48497681,45744467,4194400,1.060186819971036,0.05844513785029969
1,ab,3,llama-3,e134af98b985517b4f068e3755ae90d4e9cd2d45d328325dc503f1c6b2d06cc7,flat-ragged,140-byte batch 1,140,1,37079705,36158529,4194400,1.0254760363730504,0.02515693050792675
1,ab,4,llama-3,e134af98b985517b4f068e3755ae90d4e9cd2d45d328325dc503f1c6b2d06cc7,flat-ragged,140-byte batch 1,140,1,54697565,52810394,4194400,1.0357348403800963,0.03511116549857409
1,ab,5,llama-3,e134af98b985517b4f068e3755ae90d4e9cd2d45d328325dc503f1c6b2d06cc7,flat-ragged,140-byte batch 1,140,1,48345176,47291114,4194400,1.02228879615735,0.022044031273793764
1,ab,0,llama-3,e134af98b985517b4f068e3755ae90d4e9cd2d45d328325dc503f1c6b2d06cc7,flat-ragged,140-byte batch 32,140,32,55888207,50382175,4197760,1.109285317674356,0.1037159500076675
1,ab,1,llama-3,e134af98b985517b4f068e3755ae90d4e9cd2d45d328325dc503f1c6b2d06cc7,flat-ragged,140-byte batch 32,140,32,50253652,47031994,4197760,1.06849928582658,0.0662551273880539
1,ab,2,llama-3,e134af98b985517b4f068e3755ae90d4e9cd2d45d328325dc503f1c6b2d06cc7,flat-ragged,140-byte batch 32,140,32,45833069,43737760,4197760,1.0479061799232516,0.04679405891743328
1,ab,3,llama-3,e134af98b985517b4f068e3755ae90d4e9cd2d45d328325dc503f1c6b2d06cc7,flat-ragged,140-byte batch 32,140,32,34642476,36048559,4197760,0.9609947515516502,-0.03978633147145118
1,ab,4,llama-3,e134af98b985517b4f068e3755ae90d4e9cd2d45d328325dc503f1c6b2d06cc7,flat-ragged,140-byte batch 32,140,32,50487201,51920478,4197760,0.9723947649326341,-0.02799342021093989
1,ab,5,llama-3,e134af98b985517b4f068e3755ae90d4e9cd2d45d328325dc503f1c6b2d06cc7,flat-ragged,140-byte batch 32,140,32,44018904,45086728,4197760,0.9763162232575404,-0.023968745806180306
1,ab,0,llama-3,e134af98b985517b4f068e3755ae90d4e9cd2d45d328325dc503f1c6b2d06cc7,flat-ragged,140-byte batch 512,140,512,17396587,17217736,4229120,1.0103876026441572,0.010334022228432023
1,ab,1,llama-3,e134af98b985517b4f068e3755ae90d4e9cd2d45d328325dc503f1c6b2d06cc7,flat-ragged,140-byte batch 512,140,512,16395045,16529308,4229120,0.9918772764110875,-0.0081558926456599
1,ab,2,llama-3,e134af98b985517b4f068e3755ae90d4e9cd2d45d328325dc503f1c6b2d06cc7,flat-ragged,140-byte batch 512,140,512,16336424,15555186,4229120,1.0502236360272388,0.049003128183594834
1,ab,3,llama-3,e134af98b985517b4f068e3755ae90d4e9cd2d45d328325dc503f1c6b2d06cc7,flat-ragged,140-byte batch 512,140,512,14150920,13016037,4229120,1.0871911319858725,0.08359742707564423
1,ab,4,llama-3,e134af98b985517b4f068e3755ae90d4e9cd2d45d328325dc503f1c6b2d06cc7,flat-ragged,140-byte batch 512,140,512,13374571,12488070,4229120,1.070987830785702,0.06858142892272207
1,ab,5,llama-3,e134af98b985517b4f068e3755ae90d4e9cd2d45d328325dc503f1c6b2d06cc7,flat-ragged,140-byte batch 512,140,512,12905438,12531374,4229120,1.0298501983900568,0.029413353208090985
1,ab,0,llama-3,e134af98b985517b4f068e3755ae90d4e9cd2d45d328325dc503f1c6b2d06cc7,flat-ragged,4 KiB single,4096,1,36233531,35335473,4194304,1.0254151967910548,0.02509760061170438
1,ab,1,llama-3,e134af98b985517b4f068e3755ae90d4e9cd2d45d328325dc503f1c6b2d06cc7,flat-ragged,4 KiB single,4096,1,40736835,40092112,4194304,1.0160810435728604,0.01595311327117104
1,ab,2,llama-3,e134af98b985517b4f068e3755ae90d4e9cd2d45d328325dc503f1c6b2d06cc7,flat-ragged,4 KiB single,4096,1,36520785,36465546,4194304,1.001514827174122,0.0015136809808155482
1,ab,3,llama-3,e134af98b985517b4f068e3755ae90d4e9cd2d45d328325dc503f1c6b2d06cc7,flat-ragged,4 KiB single,4096,1,34648457,34031646,4194304,1.0181246302338711,0.017962337190677347
1,ab,4,llama-3,e134af98b985517b4f068e3755ae90d4e9cd2d45d328325dc503f1c6b2d06cc7,flat-ragged,4 KiB single,4096,1,35468988,35715606,4194304,0.9930949512658416,-0.00692899889821123
1,ab,5,llama-3,e134af98b985517b4f068e3755ae90d4e9cd2d45d328325dc503f1c6b2d06cc7,flat-ragged,4 KiB single,4096,1,42622020,40873091,4194304,1.0427892522246482,0.041899096373394
1,ab,0,llama-3,e134af98b985517b4f068e3755ae90d4e9cd2d45d328325dc503f1c6b2d06cc7,flat-ragged,64 KiB single,65536,1,19262856,19133102,4194304,1.0067816499384157,0.006758757988984418
1,ab,1,llama-3,e134af98b985517b4f068e3755ae90d4e9cd2d45d328325dc503f1c6b2d06cc7,flat-ragged,64 KiB single,65536,1,19180826,18678710,4194304,1.0268817279137585,0.026526761621172512
1,ab,2,llama-3,e134af98b985517b4f068e3755ae90d4e9cd2d45d328325dc503f1c6b2d06cc7,flat-ragged,64 KiB single,65536,1,18164444,18148326,4194304,1.000888125990243,0.0008877318397085913
1,ab,3,llama-3,e134af98b985517b4f068e3755ae90d4e9cd2d45d328325dc503f1c6b2d06cc7,flat-ragged,64 KiB single,65536,1,19269732,19092896,4194304,1.0092618741546595,0.00921924600710181
1,ab,4,llama-3,e134af98b985517b4f068e3755ae90d4e9cd2d45d328325dc503f1c6b2d06cc7,flat-ragged,64 KiB single,65536,1,17437020,17556479,4194304,0.9931957313308665,-0.006827523252179777
1,ab,5,llama-3,e134af98b985517b4f068e3755ae90d4e9cd2d45d328325dc503f1c6b2d06cc7,flat-ragged,64 KiB single,65536,1,17998348,17996976,4194304,1.0000762350297072,7.623212396501814e-05
1,ab,0,llama-3,e134af98b985517b4f068e3755ae90d4e9cd2d45d328325dc503f1c6b2d06cc7,nested,140-byte batch 1,140,1,61253040,57763030,4194400,1.0604194412931593,0.05866452918881031
1,ab,1,llama-3,e134af98b985517b4f068e3755ae90d4e9cd2d45d328325dc503f1c6b2d06cc7,nested,140-byte batch 1,140,1,53242844,53225864,4194400,1.0003190178368921,0.0003189669615218288
1,ab,2,llama-3,e134af98b985517b4f068e3755ae90d4e9cd2d45d328325dc503f1c6b2d06cc7,nested,140-byte batch 1,140,1,48335003,48364323,4194400,0.9993937680053953,-0.0006064158275210708
1,ab,3,llama-3,e134af98b985517b4f068e3755ae90d4e9cd2d45d328325dc503f1c6b2d06cc7,nested,140-byte batch 1,140,1,39358440,41114272,4194400,0.9572938564982982,-0.04364487458066512
1,ab,4,llama-3,e134af98b985517b4f068e3755ae90d4e9cd2d45d328325dc503f1c6b2d06cc7,nested,140-byte batch 1,140,1,55777211,57108333,4194400,0.9766912825138846,-0.023584662017616706
1,ab,5,llama-3,e134af98b985517b4f068e3755ae90d4e9cd2d45d328325dc503f1c6b2d06cc7,nested,140-byte batch 1,140,1,49163119,49430235,4194400,0.9945961009491459,-0.005418552929225337
1,ab,0,llama-3,e134af98b985517b4f068e3755ae90d4e9cd2d45d328325dc503f1c6b2d06cc7,nested,140-byte batch 32,140,32,61256263,59982844,4197760,1.0212297202846867,0.021007509256535238
1,ab,1,llama-3,e134af98b985517b4f068e3755ae90d4e9cd2d45d328325dc503f1c6b2d06cc7,nested,140-byte batch 32,140,32,56394187,56356887,4197760,1.0006618534483638,0.00066163451996391
1,ab,2,llama-3,e134af98b985517b4f068e3755ae90d4e9cd2d45d328325dc503f1c6b2d06cc7,nested,140-byte batch 32,140,32,51971182,50575339,4197760,1.0275992811437211,0.02722528670461295
1,ab,3,llama-3,e134af98b985517b4f068e3755ae90d4e9cd2d45d328325dc503f1c6b2d06cc7,nested,140-byte batch 32,140,32,41325058,41152531,4197760,1.0041923788357028,0.004183615300387036
1,ab,4,llama-3,e134af98b985517b4f068e3755ae90d4e9cd2d45d328325dc503f1c6b2d06cc7,nested,140-byte batch 32,140,32,56174267,56585842,4197760,0.9927265374967823,-0.007300043098680202
1,ab,5,llama-3,e134af98b985517b4f068e3755ae90d4e9cd2d45d328325dc503f1c6b2d06cc7,nested,140-byte batch 32,140,32,51344453,50179903,4197760,1.0232074980296395,0.02294229927523121
1,ab,0,llama-3,e134af98b985517b4f068e3755ae90d4e9cd2d45d328325dc503f1c6b2d06cc7,nested,140-byte batch 512,140,512,20740959,20212796,4229120,1.0261301306360584,0.025794571684570024
1,ab,1,llama-3,e134af98b985517b4f068e3755ae90d4e9cd2d45d328325dc503f1c6b2d06cc7,nested,140-byte batch 512,140,512,20031959,19543414,4229120,1.0249979353658476,0.024690598311120988
1,ab,2,llama-3,e134af98b985517b4f068e3755ae90d4e9cd2d45d328325dc503f1c6b2d06cc7,nested,140-byte batch 512,140,512,18841384,18876194,4229120,0.9981558782453709,-0.001845824240534897
1,ab,3,llama-3,e134af98b985517b4f068e3755ae90d4e9cd2d45d328325dc503f1c6b2d06cc7,nested,140-byte batch 512,140,512,16654010,15999158,4229120,1.0409304039625085,0.04011493241475673
1,ab,4,llama-3,e134af98b985517b4f068e3755ae90d4e9cd2d45d328325dc503f1c6b2d06cc7,nested,140-byte batch 512,140,512,15607679,15579986,4229120,1.001777472714032,0.0017758948788368144
1,ab,5,llama-3,e134af98b985517b4f068e3755ae90d4e9cd2d45d328325dc503f1c6b2d06cc7,nested,140-byte batch 512,140,512,15930053,16740112,4229120,0.9516097024918352,-0.04960030462818487
1,ab,0,llama-3,e134af98b985517b4f068e3755ae90d4e9cd2d45d328325dc503f1c6b2d06cc7,nested,4 KiB single,4096,1,41050458,40537451,4194304,1.0126551370977914,0.012575730086271435
1,ab,1,llama-3,e134af98b985517b4f068e3755ae90d4e9cd2d45d328325dc503f1c6b2d06cc7,nested,4 KiB single,4096,1,41864998,41939769,4194304,0.9982171814060301,-0.0017844097064305413
1,ab,2,llama-3,e134af98b985517b4f068e3755ae90d4e9cd2d45d328325dc503f1c6b2d06cc7,nested,4 KiB single,4096,1,39120875,38596663,4194304,1.013581795918471,0.01349039003564261
1,ab,3,llama-3,e134af98b985517b4f068e3755ae90d4e9cd2d45d328325dc503f1c6b2d06cc7,nested,4 KiB single,4096,1,36959381,36599023,4194304,1.0098461098264837,0.009797952735780437
1,ab,4,llama-3,e134af98b985517b4f068e3755ae90d4e9cd2d45d328325dc503f1c6b2d06cc7,nested,4 KiB single,4096,1,36322056,35934918,4194304,1.0107733096816862,0.010715691040508341
1,ab,5,llama-3,e134af98b985517b4f068e3755ae90d4e9cd2d45d328325dc503f1c6b2d06cc7,nested,4 KiB single,4096,1,42193663,42132467,4194304,1.0014524665740556,0.0014514127647730056
1,ab,0,llama-3,e134af98b985517b4f068e3755ae90d4e9cd2d45d328325dc503f1c6b2d06cc7,nested,64 KiB single,65536,1,37146595,37164668,4194304,0.9995137047907975,-0.00048641348906526885
1,ab,1,llama-3,e134af98b985517b4f068e3755ae90d4e9cd2d45d328325dc503f1c6b2d06cc7,nested,64 KiB single,65536,1,39771137,37593252,4194304,1.0579328705055897,0.056316881995498586
1,ab,2,llama-3,e134af98b985517b4f068e3755ae90d4e9cd2d45d328325dc503f1c6b2d06cc7,nested,64 KiB single,65536,1,36809133,36754934,4194304,1.0014746047428627,0.0014735185809307296
1,ab,3,llama-3,e134af98b985517b4f068e3755ae90d4e9cd2d45d328325dc503f1c6b2d06cc7,nested,64 KiB single,65536,1,35012245,35795877,4194304,0.9781083167762589,-0.02213486173006123
1,ab,4,llama-3,e134af98b985517b4f068e3755ae90d4e9cd2d45d328325dc503f1c6b2d06cc7,nested,64 KiB single,65536,1,33773958,34161616,4194304,0.9886522347186386,-0.011412642443970921
1,ab,5,llama-3,e134af98b985517b4f068e3755ae90d4e9cd2d45d328325dc503f1c6b2d06cc7,nested,64 KiB single,65536,1,35792325,37487381,4194304,0.9547832909426242,-0.04627088473068187
1,ab,0,minimax-m2-1,757622126525aeeb131756849d93298070ff3f0319c455ec8c5bb0f6b1cebbe8,flat-ragged,140-byte batch 1,140,1,63583997,62570701,4194400,1.0161944166168124,0.016064685788076804
1,ab,1,minimax-m2-1,757622126525aeeb131756849d93298070ff3f0319c455ec8c5bb0f6b1cebbe8,flat-ragged,140-byte batch 1,140,1,59351312,60740734,4194400,0.9771253669736688,-0.023140316877001497
1,ab,2,minimax-m2-1,757622126525aeeb131756849d93298070ff3f0319c455ec8c5bb0f6b1cebbe8,flat-ragged,140-byte batch 1,140,1,59692674,60709551,4194400,0.9832501314331908,-0.016891733998026875
1,ab,3,minimax-m2-1,757622126525aeeb131756849d93298070ff3f0319c455ec8c5bb0f6b1cebbe8,flat-ragged,140-byte batch 1,140,1,60896906,62873991,4194400,0.9685548035275826,-0.03195021174986679
1,ab,4,minimax-m2-1,757622126525aeeb131756849d93298070ff3f0319c455ec8c5bb0f6b1cebbe8,flat-ragged,140-byte batch 1,140,1,56890277,58072883,4194400,0.9796358310642164,-0.020574377333144763
1,ab,5,minimax-m2-1,757622126525aeeb131756849d93298070ff3f0319c455ec8c5bb0f6b1cebbe8,flat-ragged,140-byte batch 1,140,1,52448782,53850813,4194400,0.9739645342030397,-0.02638038852510041
1,ab,0,minimax-m2-1,757622126525aeeb131756849d93298070ff3f0319c455ec8c5bb0f6b1cebbe8,flat-ragged,140-byte batch 32,140,32,57446346,63356736,4197760,0.906712523826985,-0.09792983188886396
1,ab,1,minimax-m2-1,757622126525aeeb131756849d93298070ff3f0319c455ec8c5bb0f6b1cebbe8,flat-ragged,140-byte batch 32,140,32,56279695,57347764,4197760,0.9813755772587751,-0.018800041249624616
1,ab,2,minimax-m2-1,757622126525aeeb131756849d93298070ff3f0319c455ec8c5bb0f6b1cebbe8,flat-ragged,140-byte batch 32,140,32,54959313,58027821,4197760,0.9471200547061728,-0.05432942011820723
1,ab,3,minimax-m2-1,757622126525aeeb131756849d93298070ff3f0319c455ec8c5bb0f6b1cebbe8,flat-ragged,140-byte batch 32,140,32,57845859,61341959,4197760,0.943006384911835,-0.058682225521299466
1,ab,4,minimax-m2-1,757622126525aeeb131756849d93298070ff3f0319c455ec8c5bb0f6b1cebbe8,flat-ragged,140-byte batch 32,140,32,52710755,54456746,4197760,0.967938021856833,-0.032587220762780325
1,ab,5,minimax-m2-1,757622126525aeeb131756849d93298070ff3f0319c455ec8c5bb0f6b1cebbe8,flat-ragged,140-byte batch 32,140,32,48469631,52126357,4197760,0.9298488094995782,-0.07273327648140138
1,ab,0,minimax-m2-1,757622126525aeeb131756849d93298070ff3f0319c455ec8c5bb0f6b1cebbe8,flat-ragged,140-byte batch 512,140,512,18233235,18222243,4229120,1.0006032188243785,0.0006030369610354035
1,ab,1,minimax-m2-1,757622126525aeeb131756849d93298070ff3f0319c455ec8c5bb0f6b1cebbe8,flat-ragged,140-byte batch 512,140,512,18384446,17980354,4229120,1.0224740847705223,0.02222526364592625
1,ab,2,minimax-m2-1,757622126525aeeb131756849d93298070ff3f0319c455ec8c5bb0f6b1cebbe8,flat-ragged,140-byte batch 512,140,512,17886094,18016175,4229120,0.9927797659603107,-0.00724642608074531
1,ab,3,minimax-m2-1,757622126525aeeb131756849d93298070ff3f0319c455ec8c5bb0f6b1cebbe8,flat-ragged,140-byte batch 512,140,512,15939623,15952975,4229120,0.9991630401226104,-0.000837310323861213
1,ab,4,minimax-m2-1,757622126525aeeb131756849d93298070ff3f0319c455ec8c5bb0f6b1cebbe8,flat-ragged,140-byte batch 512,140,512,15593100,15178052,4229120,1.0273452746109974,0.02697807172909842
1,ab,5,minimax-m2-1,757622126525aeeb131756849d93298070ff3f0319c455ec8c5bb0f6b1cebbe8,flat-ragged,140-byte batch 512,140,512,16072066,15391160,4229120,1.0442400702741055,0.043289415395286066
1,ab,0,minimax-m2-1,757622126525aeeb131756849d93298070ff3f0319c455ec8c5bb0f6b1cebbe8,flat-ragged,4 KiB single,4096,1,44980849,42328898,4194304,1.0626510758678385,0.060766800760612985
1,ab,1,minimax-m2-1,757622126525aeeb131756849d93298070ff3f0319c455ec8c5bb0f6b1cebbe8,flat-ragged,4 KiB single,4096,1,44582346,42884141,4194304,1.0395998371519206,0.0388358671402461
1,ab,2,minimax-m2-1,757622126525aeeb131756849d93298070ff3f0319c455ec8c5bb0f6b1cebbe8,flat-ragged,4 KiB single,4096,1,43231760,41517286,4194304,1.0412954257173748,0.040465539686458496
1,ab,3,minimax-m2-1,757622126525aeeb131756849d93298070ff3f0319c455ec8c5bb0f6b1cebbe8,flat-ragged,4 KiB single,4096,1,43578675,40901517,4194304,1.0654537581087762,0.06340077237381836
1,ab,4,minimax-m2-1,757622126525aeeb131756849d93298070ff3f0319c455ec8c5bb0f6b1cebbe8,flat-ragged,4 KiB single,4096,1,50488752,48478940,4194304,1.041457424605406,0.040621101963886505
1,ab,5,minimax-m2-1,757622126525aeeb131756849d93298070ff3f0319c455ec8c5bb0f6b1cebbe8,flat-ragged,4 KiB single,4096,1,45757966,44257089,4194304,1.0339126913656702,0.03335033477036732
1,ab,0,minimax-m2-1,757622126525aeeb131756849d93298070ff3f0319c455ec8c5bb0f6b1cebbe8,flat-ragged,64 KiB single,65536,1,42068489,40891160,4194304,1.0287917730873861,0.028385077859005833
1,ab,1,minimax-m2-1,757622126525aeeb131756849d93298070ff3f0319c455ec8c5bb0f6b1cebbe8,flat-ragged,64 KiB single,65536,1,41150128,40989623,4194304,1.0039157471636175,0.003908100580583318
1,ab,2,minimax-m2-1,757622126525aeeb131756849d93298070ff3f0319c455ec8c5bb0f6b1cebbe8,flat-ragged,64 KiB single,65536,1,37862305,37537546,4194304,1.0086515778095884,0.008614367375577824
1,ab,3,minimax-m2-1,757622126525aeeb131756849d93298070ff3f0319c455ec8c5bb0f6b1cebbe8,flat-ragged,64 KiB single,65536,1,41134887,41057413,4194304,1.001886967403426,0.0018851893168781526
1,ab,4,minimax-m2-1,757622126525aeeb131756849d93298070ff3f0319c455ec8c5bb0f6b1cebbe8,flat-ragged,64 KiB single,65536,1,42554518,42821355,4194304,0.9937685998025985,-0.006250896406263165
1,ab,5,minimax-m2-1,757622126525aeeb131756849d93298070ff3f0319c455ec8c5bb0f6b1cebbe8,flat-ragged,64 KiB single,65536,1,43519600,43229843,4194304,1.00670270766424,0.006680344393251259
1,ab,0,minimax-m2-1,757622126525aeeb131756849d93298070ff3f0319c455ec8c5bb0f6b1cebbe8,nested,140-byte batch 1,140,1,62963974,64703546,4194400,0.973114734700939,-0.027253285247520676
1,ab,1,minimax-m2-1,757622126525aeeb131756849d93298070ff3f0319c455ec8c5bb0f6b1cebbe8,nested,140-byte batch 1,140,1,57669348,59139407,4194400,0.9751424798696409,-0.02517168546107413
1,ab,2,minimax-m2-1,757622126525aeeb131756849d93298070ff3f0319c455ec8c5bb0f6b1cebbe8,nested,140-byte batch 1,140,1,58955717,61281485,4194400,0.9620477865378099,-0.03869115539442307
1,ab,3,minimax-m2-1,757622126525aeeb131756849d93298070ff3f0319c455ec8c5bb0f6b1cebbe8,nested,140-byte batch 1,140,1,61952996,61836820,4194400,1.001878751203571,0.0018769885578983096
1,ab,4,minimax-m2-1,757622126525aeeb131756849d93298070ff3f0319c455ec8c5bb0f6b1cebbe8,nested,140-byte batch 1,140,1,55978353,57554787,4194400,0.9726098543288849,-0.027772249119624677
1,ab,5,minimax-m2-1,757622126525aeeb131756849d93298070ff3f0319c455ec8c5bb0f6b1cebbe8,nested,140-byte batch 1,140,1,52086578,51094616,4194400,1.019414217732843,0.01922816598452172
1,ab,0,minimax-m2-1,757622126525aeeb131756849d93298070ff3f0319c455ec8c5bb0f6b1cebbe8,nested,140-byte batch 32,140,32,64675216,66066568,4197760,0.9789401501830699,-0.021284771943376142
1,ab,1,minimax-m2-1,757622126525aeeb131756849d93298070ff3f0319c455ec8c5bb0f6b1cebbe8,nested,140-byte batch 32,140,32,61306033,61342887,4197760,0.9993992131475651,-0.000600967397172174
1,ab,2,minimax-m2-1,757622126525aeeb131756849d93298070ff3f0319c455ec8c5bb0f6b1cebbe8,nested,140-byte batch 32,140,32,62124640,61894317,4197760,1.0037212301736846,0.0037143235255307208
1,ab,3,minimax-m2-1,757622126525aeeb131756849d93298070ff3f0319c455ec8c5bb0f6b1cebbe8,nested,140-byte batch 32,140,32,61627883,64558375,4197760,0.9546070978397458,-0.04645543903074909
1,ab,4,minimax-m2-1,757622126525aeeb131756849d93298070ff3f0319c455ec8c5bb0f6b1cebbe8,nested,140-byte batch 32,140,32,57337337,60882143,4197760,0.9417759325587471,-0.0599878962255354
1,ab,5,minimax-m2-1,757622126525aeeb131756849d93298070ff3f0319c455ec8c5bb0f6b1cebbe8,nested,140-byte batch 32,140,32,54081800,56305492,4197760,0.9605066589241419,-0.0402943640290597
1,ab,0,minimax-m2-1,757622126525aeeb131756849d93298070ff3f0319c455ec8c5bb0f6b1cebbe8,nested,140-byte batch 512,140,512,21758052,21561695,4229120,1.0091067515795953,0.009065535160240805
1,ab,1,minimax-m2-1,757622126525aeeb131756849d93298070ff3f0319c455ec8c5bb0f6b1cebbe8,nested,140-byte batch 512,140,512,21094825,20788184,4229120,1.0147507353215655,0.014643001369832894
1,ab,2,minimax-m2-1,757622126525aeeb131756849d93298070ff3f0319c455ec8c5bb0f6b1cebbe8,nested,140-byte batch 512,140,512,20490062,20218178,4229120,1.0134475025395464,0.013357887383388688
1,ab,3,minimax-m2-1,757622126525aeeb131756849d93298070ff3f0319c455ec8c5bb0f6b1cebbe8,nested,140-byte batch 512,140,512,18894188,18831529,4229120,1.003327345326022,0.003321821961266152
1,ab,4,minimax-m2-1,757622126525aeeb131756849d93298070ff3f0319c455ec8c5bb0f6b1cebbe8,nested,140-byte batch 512,140,512,18553997,18016089,4229120,1.029857090515039,0.02942004554250125
1,ab,5,minimax-m2-1,757622126525aeeb131756849d93298070ff3f0319c455ec8c5bb0f6b1cebbe8,nested,140-byte batch 512,140,512,18706187,18199792,4229120,1.0278242190899765,0.027444159308850212
1,ab,0,minimax-m2-1,757622126525aeeb131756849d93298070ff3f0319c455ec8c5bb0f6b1cebbe8,nested,4 KiB single,4096,1,47488846,47393011,4194304,1.0020221336010915,0.0020200918409523584
1,ab,1,minimax-m2-1,757622126525aeeb131756849d93298070ff3f0319c455ec8c5bb0f6b1cebbe8,nested,4 KiB single,4096,1,45836930,45532743,4194304,1.00668062102035,0.006658404563337852
1,ab,2,minimax-m2-1,757622126525aeeb131756849d93298070ff3f0319c455ec8c5bb0f6b1cebbe8,nested,4 KiB single,4096,1,43798933,43809604,4194304,0.9997564232719383,-0.00024360639769095704
1,ab,3,minimax-m2-1,757622126525aeeb131756849d93298070ff3f0319c455ec8c5bb0f6b1cebbe8,nested,4 KiB single,4096,1,45408919,45068528,4194304,1.0075527427920432,0.0075243636342785985
1,ab,4,minimax-m2-1,757622126525aeeb131756849d93298070ff3f0319c455ec8c5bb0f6b1cebbe8,nested,4 KiB single,4096,1,48810071,47790363,4194304,1.0213371051397957,0.021112656225409164
1,ab,5,minimax-m2-1,757622126525aeeb131756849d93298070ff3f0319c455ec8c5bb0f6b1cebbe8,nested,4 KiB single,4096,1,46171250,45702613,4194304,1.0102540526512127,0.010201836501399292
1,ab,0,minimax-m2-1,757622126525aeeb131756849d93298070ff3f0319c455ec8c5bb0f6b1cebbe8,nested,64 KiB single,65536,1,45455316,44099759,4194304,1.0307384219491993,0.03027545989487741
1,ab,1,minimax-m2-1,757622126525aeeb131756849d93298070ff3f0319c455ec8c5bb0f6b1cebbe8,nested,64 KiB single,65536,1,43643827,42419362,4194304,1.0288657099557508,0.02845694294734612
1,ab,2,minimax-m2-1,757622126525aeeb131756849d93298070ff3f0319c455ec8c5bb0f6b1cebbe8,nested,64 KiB single,65536,1,44707110,43936628,4194304,1.0175362114725781,0.01738422637218972
1,ab,3,minimax-m2-1,757622126525aeeb131756849d93298070ff3f0319c455ec8c5bb0f6b1cebbe8,nested,64 KiB single,65536,1,40753679,42156970,4194304,0.9667127167820647,-0.03385391475992546
1,ab,4,minimax-m2-1,757622126525aeeb131756849d93298070ff3f0319c455ec8c5bb0f6b1cebbe8,nested,64 KiB single,65536,1,44518024,43191758,4194304,1.0307064602464202,0.03024445086518402
1,ab,5,minimax-m2-1,757622126525aeeb131756849d93298070ff3f0319c455ec8c5bb0f6b1cebbe8,nested,64 KiB single,65536,1,42879473,41771181,4194304,1.0265324554745052,0.02618657458492116
1,ab,0,mistral-nemo,e11c71726323d33da7b8d6f6f269f1988931c0a52b7122bcdd8c05042974e0db,flat-ragged,140-byte batch 1,140,1,72193343,72494265,4194400,0.9958490233675726,-0.004159615851681974
1,ab,1,mistral-nemo,e11c71726323d33da7b8d6f6f269f1988931c0a52b7122bcdd8c05042974e0db,flat-ragged,140-byte batch 1,140,1,66771398,64124791,4194400,1.041272758300296,0.0404437709710296
1,ab,2,mistral-nemo,e11c71726323d33da7b8d6f6f269f1988931c0a52b7122bcdd8c05042974e0db,flat-ragged,140-byte batch 1,140,1,61526936,60111212,4194400,1.0235517460536314,0.023278682783192037
1,ab,3,mistral-nemo,e11c71726323d33da7b8d6f6f269f1988931c0a52b7122bcdd8c05042974e0db,flat-ragged,140-byte batch 1,140,1,48111225,45876753,4194400,1.0487059753335202,0.0475569996902973
1,ab,4,mistral-nemo,e11c71726323d33da7b8d6f6f269f1988931c0a52b7122bcdd8c05042974e0db,flat-ragged,140-byte batch 1,140,1,67782328,67132900,4194400,1.009673766513885,0.009627275224718436
1,ab,5,mistral-nemo,e11c71726323d33da7b8d6f6f269f1988931c0a52b7122bcdd8c05042974e0db,flat-ragged,140-byte batch 1,140,1,62383534,59901929,4194400,1.041427797759234,0.040592654072609737
1,ab,0,mistral-nemo,e11c71726323d33da7b8d6f6f269f1988931c0a52b7122bcdd8c05042974e0db,flat-ragged,140-byte batch 32,140,32,71338950,64001027,4197760,1.114653207049318,0.10854333146587794
1,ab,1,mistral-nemo,e11c71726323d33da7b8d6f6f269f1988931c0a52b7122bcdd8c05042974e0db,flat-ragged,140-byte batch 32,140,32,62331149,59420707,4197760,1.048980265414883,0.04781851647731518
1,ab,2,mistral-nemo,e11c71726323d33da7b8d6f6f269f1988931c0a52b7122bcdd8c05042974e0db,flat-ragged,140-byte batch 32,140,32,59268578,57914084,4197760,1.0233879896986715,0.023118681633720897
1,ab,3,mistral-nemo,e11c71726323d33da7b8d6f6f269f1988931c0a52b7122bcdd8c05042974e0db,flat-ragged,140-byte batch 32,140,32,45233621,43140704,4197760,1.0485137423812092,0.04737367797991514
1,ab,4,mistral-nemo,e11c71726323d33da7b8d6f6f269f1988931c0a52b7122bcdd8c05042974e0db,flat-ragged,140-byte batch 32,140,32,65836627,63946090,4197760,1.029564544133973,0.0291359401625131
1,ab,5,mistral-nemo,e11c71726323d33da7b8d6f6f269f1988931c0a52b7122bcdd8c05042974e0db,flat-ragged,140-byte batch 32,140,32,59224531,57830926,4197760,1.0240979195110935,0.0238121465681351
1,ab,0,mistral-nemo,e11c71726323d33da7b8d6f6f269f1988931c0a52b7122bcdd8c05042974e0db,flat-ragged,140-byte batch 512,140,512,22731242,20908888,4229120,1.087156906670503,0.08356594608477808
1,ab,1,mistral-nemo,e11c71726323d33da7b8d6f6f269f1988931c0a52b7122bcdd8c05042974e0db,flat-ragged,140-byte batch 512,140,512,21064525,20643799,4229120,1.0203802604355914,0.020175362170523875
1,ab,2,mistral-nemo,e11c71726323d33da7b8d6f6f269f1988931c0a52b7122bcdd8c05042974e0db,flat-ragged,140-byte batch 512,140,512,20156640,19350213,4229120,1.0416753552015163,0.040830335478924916
1,ab,3,mistral-nemo,e11c71726323d33da7b8d6f6f269f1988931c0a52b7122bcdd8c05042974e0db,flat-ragged,140-byte batch 512,140,512,17142601,17406496,4229120,0.9848392806915304,-0.015276817933829475
1,ab,4,mistral-nemo,e11c71726323d33da7b8d6f6f269f1988931c0a52b7122bcdd8c05042974e0db,flat-ragged,140-byte batch 512,140,512,16507375,15881968,4229120,1.0393784321942974,0.03862287313090526
1,ab,5,mistral-nemo,e11c71726323d33da7b8d6f6f269f1988931c0a52b7122bcdd8c05042974e0db,flat-ragged,140-byte batch 512,140,512,16240293,16121682,4229120,1.0073572348096185,0.007330302375749308
1,ab,0,mistral-nemo,e11c71726323d33da7b8d6f6f269f1988931c0a52b7122bcdd8c05042974e0db,flat-ragged,4 KiB single,4096,1,46603666,50257142,4194304,0.9273043421370837,-0.07547345862778726
1,ab,1,mistral-nemo,e11c71726323d33da7b8d6f6f269f1988931c0a52b7122bcdd8c05042974e0db,flat-ragged,4 KiB single,4096,1,49822683,51079321,4194304,0.9753983025733642,-0.024909375944151532
1,ab,2,mistral-nemo,e11c71726323d33da7b8d6f6f269f1988931c0a52b7122bcdd8c05042974e0db,flat-ragged,4 KiB single,4096,1,44780751,45605468,4194304,0.9819162693385802,-0.018249239702303053
1,ab,3,mistral-nemo,e11c71726323d33da7b8d6f6f269f1988931c0a52b7122bcdd8c05042974e0db,flat-ragged,4 KiB single,4096,1,43277908,43543524,4194304,0.9938999884345603,-0.006118692644599136
1,ab,4,mistral-nemo,e11c71726323d33da7b8d6f6f269f1988931c0a52b7122bcdd8c05042974e0db,flat-ragged,4 KiB single,4096,1,45204127,46845577,4194304,0.964960405973866,-0.035668208563803164
1,ab,5,mistral-nemo,e11c71726323d33da7b8d6f6f269f1988931c0a52b7122bcdd8c05042974e0db,flat-ragged,4 KiB single,4096,1,51987018,52060290,4194304,0.9985925549012501,-0.0014084364799217997
1,ab,0,mistral-nemo,e11c71726323d33da7b8d6f6f269f1988931c0a52b7122bcdd8c05042974e0db,flat-ragged,64 KiB single,65536,1,21403808,21088208,4194304,1.0149657097464138,0.01485482842200514
1,ab,1,mistral-nemo,e11c71726323d33da7b8d6f6f269f1988931c0a52b7122bcdd8c05042974e0db,flat-ragged,64 KiB single,65536,1,20979363,20190411,4194304,1.039075578996386,0.03833145152770961
1,ab,2,mistral-nemo,e11c71726323d33da7b8d6f6f269f1988931c0a52b7122bcdd8c05042974e0db,flat-ragged,64 KiB single,65536,1,19357327,19065647,4194304,1.0152987202584838,0.015182874867714295
1,ab,3,mistral-nemo,e11c71726323d33da7b8d6f6f269f1988931c0a52b7122bcdd8c05042974e0db,flat-ragged,64 KiB single,65536,1,20841209,20327220,4194304,1.0252857498467571,0.02497135407665325
1,ab,4,mistral-nemo,e11c71726323d33da7b8d6f6f269f1988931c0a52b7122bcdd8c05042974e0db,flat-ragged,64 KiB single,65536,1,19432981,19330022,4194304,1.0053263777971904,0.005312242816919084
1,ab,5,mistral-nemo,e11c71726323d33da7b8d6f6f269f1988931c0a52b7122bcdd8c05042974e0db,flat-ragged,64 KiB single,65536,1,19581076,19209673,4194304,1.0193341656570625,0.019149635375768057
1,ab,0,mistral-nemo,e11c71726323d33da7b8d6f6f269f1988931c0a52b7122bcdd8c05042974e0db,nested,140-byte batch 1,140,1,77282544,75768575,4194400,1.0199814896875123,0.019784479766330312
1,ab,1,mistral-nemo,e11c71726323d33da7b8d6f6f269f1988931c0a52b7122bcdd8c05042974e0db,nested,140-byte batch 1,140,1,68522621,67537757,4194400,1.0145824209116094,0.014477119873416216
1,ab,2,mistral-nemo,e11c71726323d33da7b8d6f6f269f1988931c0a52b7122bcdd8c05042974e0db,nested,140-byte batch 1,140,1,61375124,61169505,4194400,1.003361462545757,0.0033558254595707727
1,ab,3,mistral-nemo,e11c71726323d33da7b8d6f6f269f1988931c0a52b7122bcdd8c05042974e0db,nested,140-byte batch 1,140,1,48065392,48876119,4194400,0.983412615064629,-0.01672649607698814
1,ab,4,mistral-nemo,e11c71726323d33da7b8d6f6f269f1988931c0a52b7122bcdd8c05042974e0db,nested,140-byte batch 1,140,1,68855976,67640137,4194400,1.0179751114342066,0.017815469336540903
1,ab,5,mistral-nemo,e11c71726323d33da7b8d6f6f269f1988931c0a52b7122bcdd8c05042974e0db,nested,140-byte batch 1,140,1,64265695,61619466,4194400,1.0429446921854209,0.0420481469859872
1,ab,0,mistral-nemo,e11c71726323d33da7b8d6f6f269f1988931c0a52b7122bcdd8c05042974e0db,nested,140-byte batch 32,140,32,77557801,77385827,4197760,1.0022222932372358,0.0022198275958627196
1,ab,1,mistral-nemo,e11c71726323d33da7b8d6f6f269f1988931c0a52b7122bcdd8c05042974e0db,nested,140-byte batch 32,140,32,69635654,66857327,4197760,1.041556058620172,0.040715805157729434
1,ab,2,mistral-nemo,e11c71726323d33da7b8d6f6f269f1988931c0a52b7122bcdd8c05042974e0db,nested,140-byte batch 32,140,32,62534624,62729925,4197760,0.9968866374381924,-0.0031182191578774648
1,ab,3,mistral-nemo,e11c71726323d33da7b8d6f6f269f1988931c0a52b7122bcdd8c05042974e0db,nested,140-byte batch 32,140,32,49730203,48808167,4197760,1.0188910187919984,0.0187147993474158
1,ab,4,mistral-nemo,e11c71726323d33da7b8d6f6f269f1988931c0a52b7122bcdd8c05042974e0db,nested,140-byte batch 32,140,32,69516421,68639656,4197760,1.012773446883242,0.012692554531745075
1,ab,5,mistral-nemo,e11c71726323d33da7b8d6f6f269f1988931c0a52b7122bcdd8c05042974e0db,nested,140-byte batch 32,140,32,62746216,63587132,4197760,0.9867753746151029,-0.013312849426411347
1,ab,0,mistral-nemo,e11c71726323d33da7b8d6f6f269f1988931c0a52b7122bcdd8c05042974e0db,nested,140-byte batch 512,140,512,25320591,24644321,4229120,1.0274412104922672,0.0270714496854311
1,ab,1,mistral-nemo,e11c71726323d33da7b8d6f6f269f1988931c0a52b7122bcdd8c05042974e0db,nested,140-byte batch 512,140,512,23074628,22662103,4229120,1.0182032973727106,0.018039600914080803
1,ab,2,mistral-nemo,e11c71726323d33da7b8d6f6f269f1988931c0a52b7122bcdd8c05042974e0db,nested,140-byte batch 512,140,512,22733358,22345257,4229120,1.0173683838140684,0.01721927745096854
1,ab,3,mistral-nemo,e11c71726323d33da7b8d6f6f269f1988931c0a52b7122bcdd8c05042974e0db,nested,140-byte batch 512,140,512,19443896,19221839,4229120,1.0115523285779264,0.011486109928578752
1,ab,4,mistral-nemo,e11c71726323d33da7b8d6f6f269f1988931c0a52b7122bcdd8c05042974e0db,nested,140-byte batch 512,140,512,18595337,18151300,4229120,1.0244630963071515,0.024168666873955854
1,ab,5,mistral-nemo,e11c71726323d33da7b8d6f6f269f1988931c0a52b7122bcdd8c05042974e0db,nested,140-byte batch 512,140,512,18529035,18171721,4229120,1.0196631898541695,0.019472366740841674
1,ab,0,mistral-nemo,e11c71726323d33da7b8d6f6f269f1988931c0a52b7122bcdd8c05042974e0db,nested,4 KiB single,4096,1,51295076,51692851,4194304,0.9923050287940203,-0.007724730258577514
1,ab,1,mistral-nemo,e11c71726323d33da7b8d6f6f269f1988931c0a52b7122bcdd8c05042974e0db,nested,4 KiB single,4096,1,49799506,51068665,4194304,0.9751479894765215,-0.025166035423844057
1,ab,2,mistral-nemo,e11c71726323d33da7b8d6f6f269f1988931c0a52b7122bcdd8c05042974e0db,nested,4 KiB single,4096,1,44906744,47639796,4194304,0.942630904632757,-0.05908047844737669
1,ab,3,mistral-nemo,e11c71726323d33da7b8d6f6f269f1988931c0a52b7122bcdd8c05042974e0db,nested,4 KiB single,4096,1,43352516,45936829,4194304,0.943742024509354,-0.057902429305626904
1,ab,4,mistral-nemo,e11c71726323d33da7b8d6f6f269f1988931c0a52b7122bcdd8c05042974e0db,nested,4 KiB single,4096,1,43150579,44972084,4194304,0.9594969848406403,-0.04134610596700068
1,ab,5,mistral-nemo,e11c71726323d33da7b8d6f6f269f1988931c0a52b7122bcdd8c05042974e0db,nested,4 KiB single,4096,1,50333120,52752602,4194304,0.9541353050224897,-0.04694978842662023
1,ab,0,mistral-nemo,e11c71726323d33da7b8d6f6f269f1988931c0a52b7122bcdd8c05042974e0db,nested,64 KiB single,65536,1,48151530,47961432,4194304,1.0039635597202352,0.003955725511487075
1,ab,1,mistral-nemo,e11c71726323d33da7b8d6f6f269f1988931c0a52b7122bcdd8c05042974e0db,nested,64 KiB single,65536,1,46264646,46629073,4194304,0.9921845540442119,-0.007846146617724195
1,ab,2,mistral-nemo,e11c71726323d33da7b8d6f6f269f1988931c0a52b7122bcdd8c05042974e0db,nested,64 KiB single,65536,1,47056618,45857964,4194304,1.0261384042257087,0.02580263455695712
1,ab,3,mistral-nemo,e11c71726323d33da7b8d6f6f269f1988931c0a52b7122bcdd8c05042974e0db,nested,64 KiB single,65536,1,41322207,42810432,4194304,0.965236860959497,-0.035381755990009395
1,ab,4,mistral-nemo,e11c71726323d33da7b8d6f6f269f1988931c0a52b7122bcdd8c05042974e0db,nested,64 KiB single,65536,1,40691786,41673070,4194304,0.976452802733276,-0.02382886292792855
1,ab,5,mistral-nemo,e11c71726323d33da7b8d6f6f269f1988931c0a52b7122bcdd8c05042974e0db,nested,64 KiB single,65536,1,43403664,43957006,4194304,0.9874117450128428,-0.012668158339681067
1,ab,0,nemotron-3,c6021eb6847e682f89aa52d5eb6e8c7d902a23acfc8137e25211cf84828f1592,flat-ragged,140-byte batch 1,140,1,73022820,78291581,4194400,0.932703351590256,-0.06966807982781807
1,ab,1,nemotron-3,c6021eb6847e682f89aa52d5eb6e8c7d902a23acfc8137e25211cf84828f1592,flat-ragged,140-byte batch 1,140,1,63984975,65832386,4194400,0.9719376569459294,-0.02846361552320514
1,ab,2,nemotron-3,c6021eb6847e682f89aa52d5eb6e8c7d902a23acfc8137e25211cf84828f1592,flat-ragged,140-byte batch 1,140,1,58769682,60810450,4194400,0.966440504880329,-0.03413553951732656
1,ab,3,nemotron-3,c6021eb6847e682f89aa52d5eb6e8c7d902a23acfc8137e25211cf84828f1592,flat-ragged,140-byte batch 1,140,1,46296001,48106024,4194400,0.9623742964082835,-0.03835182248351938
1,ab,4,nemotron-3,c6021eb6847e682f89aa52d5eb6e8c7d902a23acfc8137e25211cf84828f1592,flat-ragged,140-byte batch 1,140,1,66832813,68954209,4194400,0.9692347134313439,-0.031248474099093107
1,ab,5,nemotron-3,c6021eb6847e682f89aa52d5eb6e8c7d902a23acfc8137e25211cf84828f1592,flat-ragged,140-byte batch 1,140,1,61445684,62117797,4194400,0.9891800251705642,-0.01087893645165054
1,ab,0,nemotron-3,c6021eb6847e682f89aa52d5eb6e8c7d902a23acfc8137e25211cf84828f1592,flat-ragged,140-byte batch 32,140,32,64194749,67588600,4197760,0.9497866356160655,-0.051517913700931936
1,ab,1,nemotron-3,c6021eb6847e682f89aa52d5eb6e8c7d902a23acfc8137e25211cf84828f1592,flat-ragged,140-byte batch 32,140,32,62001509,63068802,4197760,0.9830773224454145,-0.01706750226885117
1,ab,2,nemotron-3,c6021eb6847e682f89aa52d5eb6e8c7d902a23acfc8137e25211cf84828f1592,flat-ragged,140-byte batch 32,140,32,55789539,56433954,4197760,0.9885810765625248,-0.01148461994479344
1,ab,3,nemotron-3,c6021eb6847e682f89aa52d5eb6e8c7d902a23acfc8137e25211cf84828f1592,flat-ragged,140-byte batch 32,140,32,42657592,43605611,4197760,0.978259242830011,-0.021980569605035506
1,ab,4,nemotron-3,c6021eb6847e682f89aa52d5eb6e8c7d902a23acfc8137e25211cf84828f1592,flat-ragged,140-byte batch 32,140,32,61888413,64429344,4197760,0.9605625194631813,-0.040236208352331784
1,ab,5,nemotron-3,c6021eb6847e682f89aa52d5eb6e8c7d902a23acfc8137e25211cf84828f1592,flat-ragged,140-byte batch 32,140,32,57055615,58508554,4197760,0.97516706702408,-0.025146471869232204
1,ab,0,nemotron-3,c6021eb6847e682f89aa52d5eb6e8c7d902a23acfc8137e25211cf84828f1592,flat-ragged,140-byte batch 512,140,512,21456762,21832685,4229120,0.9827816413785112,-0.01736831842562957
1,ab,1,nemotron-3,c6021eb6847e682f89aa52d5eb6e8c7d902a23acfc8137e25211cf84828f1592,flat-ragged,140-byte batch 512,140,512,21112951,21038901,4229120,1.003519670537924,0.0035134909933052633
1,ab,2,nemotron-3,c6021eb6847e682f89aa52d5eb6e8c7d902a23acfc8137e25211cf84828f1592,flat-ragged,140-byte batch 512,140,512,20211096,19772846,4229120,1.0221642347287792,0.021922178213984518
1,ab,3,nemotron-3,c6021eb6847e682f89aa52d5eb6e8c7d902a23acfc8137e25211cf84828f1592,flat-ragged,140-byte batch 512,140,512,17361629,16897095,4229120,1.02749194462125,0.027120827572849854
1,ab,4,nemotron-3,c6021eb6847e682f89aa52d5eb6e8c7d902a23acfc8137e25211cf84828f1592,flat-ragged,140-byte batch 512,140,512,16240724,15566559,4229120,1.0433085436543812,0.04239695552600411
1,ab,5,nemotron-3,c6021eb6847e682f89aa52d5eb6e8c7d902a23acfc8137e25211cf84828f1592,flat-ragged,140-byte batch 512,140,512,16495982,16354346,4229120,1.0086604502558525,0.008623163680899708
1,ab,0,nemotron-3,c6021eb6847e682f89aa52d5eb6e8c7d902a23acfc8137e25211cf84828f1592,flat-ragged,4 KiB single,4096,1,48366952,48642615,4194304,0.9943328910256983,-0.00568322796392603
1,ab,1,nemotron-3,c6021eb6847e682f89aa52d5eb6e8c7d902a23acfc8137e25211cf84828f1592,flat-ragged,4 KiB single,4096,1,52295281,51415071,4194304,1.017119688505341,0.016974797954283676
1,ab,2,nemotron-3,c6021eb6847e682f89aa52d5eb6e8c7d902a23acfc8137e25211cf84828f1592,flat-ragged,4 KiB single,4096,1,46492062,46281579,4194304,1.0045478785414819,0.004537568190199436
1,ab,3,nemotron-3,c6021eb6847e682f89aa52d5eb6e8c7d902a23acfc8137e25211cf84828f1592,flat-ragged,4 KiB single,4096,1,43150197,45008261,4194304,0.9587172674811852,-0.0421590677114509
1,ab,4,nemotron-3,c6021eb6847e682f89aa52d5eb6e8c7d902a23acfc8137e25211cf84828f1592,flat-ragged,4 KiB single,4096,1,45926440,46728179,4194304,0.9828424942474219,-0.01730640132985609
1,ab,5,nemotron-3,c6021eb6847e682f89aa52d5eb6e8c7d902a23acfc8137e25211cf84828f1592,flat-ragged,4 KiB single,4096,1,51686377,52686291,4194304,0.9810213628437044,-0.019161043054793558
1,ab,0,nemotron-3,c6021eb6847e682f89aa52d5eb6e8c7d902a23acfc8137e25211cf84828f1592,flat-ragged,64 KiB single,65536,1,21577031,21244160,4194304,1.0156688238085196,0.015547335201129086
1,ab,1,nemotron-3,c6021eb6847e682f89aa52d5eb6e8c7d902a23acfc8137e25211cf84828f1592,flat-ragged,64 KiB single,65536,1,20343282,20386394,4194304,0.9978852562154935,-0.0021169830126296844
1,ab,2,nemotron-3,c6021eb6847e682f89aa52d5eb6e8c7d902a23acfc8137e25211cf84828f1592,flat-ragged,64 KiB single,65536,1,19700964,19422954,4194304,1.0143134767244983,0.014212006035885483
1,ab,3,nemotron-3,c6021eb6847e682f89aa52d5eb6e8c7d902a23acfc8137e25211cf84828f1592,flat-ragged,64 KiB single,65536,1,20051531,20371921,4194304,0.9842729608071816,-0.01585202120363601
1,ab,4,nemotron-3,c6021eb6847e682f89aa52d5eb6e8c7d902a23acfc8137e25211cf84828f1592,flat-ragged,64 KiB single,65536,1,19112446,19734614,4194304,0.968473262258892,-0.0320344038895462
1,ab,5,nemotron-3,c6021eb6847e682f89aa52d5eb6e8c7d902a23acfc8137e25211cf84828f1592,flat-ragged,64 KiB single,65536,1,19451023,19505345,4194304,0.9972150197804756,-0.00278886549221772
1,ab,0,nemotron-3,c6021eb6847e682f89aa52d5eb6e8c7d902a23acfc8137e25211cf84828f1592,nested,140-byte batch 1,140,1,79234669,79459170,4194400,0.9971746369865178,-0.0028293618855140786
1,ab,1,nemotron-3,c6021eb6847e682f89aa52d5eb6e8c7d902a23acfc8137e25211cf84828f1592,nested,140-byte batch 1,140,1,66253729,66546788,4194400,0.9955961961680254,-0.004413529138801705
1,ab,2,nemotron-3,c6021eb6847e682f89aa52d5eb6e8c7d902a23acfc8137e25211cf84828f1592,nested,140-byte batch 1,140,1,61007749,62774084,4194400,0.971862034657487,-0.028541424248874965
1,ab,3,nemotron-3,c6021eb6847e682f89aa52d5eb6e8c7d902a23acfc8137e25211cf84828f1592,nested,140-byte batch 1,140,1,47650140,47106192,4194400,1.0115472717472047,0.011481110836372994
1,ab,4,nemotron-3,c6021eb6847e682f89aa52d5eb6e8c7d902a23acfc8137e25211cf84828f1592,nested,140-byte batch 1,140,1,66733122,68147825,4194400,0.9792406727580815,-0.02097783136480424
1,ab,5,nemotron-3,c6021eb6847e682f89aa52d5eb6e8c7d902a23acfc8137e25211cf84828f1592,nested,140-byte batch 1,140,1,63803699,64371786,4194400,0.991174906969336,-0.008864264797445068
1,ab,0,nemotron-3,c6021eb6847e682f89aa52d5eb6e8c7d902a23acfc8137e25211cf84828f1592,nested,140-byte batch 32,140,32,75197872,76901202,4197760,0.9778504112328439,-0.022398574395585773
1,ab,1,nemotron-3,c6021eb6847e682f89aa52d5eb6e8c7d902a23acfc8137e25211cf84828f1592,nested,140-byte batch 32,140,32,67623581,68853271,4197760,0.9821404272863086,-0.01802097954149729
1,ab,2,nemotron-3,c6021eb6847e682f89aa52d5eb6e8c7d902a23acfc8137e25211cf84828f1592,nested,140-byte batch 32,140,32,62562397,63535422,4197760,0.9846853145950616,-0.0154331664223438
1,ab,3,nemotron-3,c6021eb6847e682f89aa52d5eb6e8c7d902a23acfc8137e25211cf84828f1592,nested,140-byte batch 32,140,32,49052363,48169964,4197760,1.0183184484007504,0.018152686893546932
1,ab,4,nemotron-3,c6021eb6847e682f89aa52d5eb6e8c7d902a23acfc8137e25211cf84828f1592,nested,140-byte batch 32,140,32,68116191,68477298,4197760,0.9947266172797881,-0.005287336078753062
1,ab,5,nemotron-3,c6021eb6847e682f89aa52d5eb6e8c7d902a23acfc8137e25211cf84828f1592,nested,140-byte batch 32,140,32,63324373,62643420,4197760,1.010870303696701,0.010811646642620796
1,ab,0,nemotron-3,c6021eb6847e682f89aa52d5eb6e8c7d902a23acfc8137e25211cf84828f1592,nested,140-byte batch 512,140,512,24369148,24259791,4229120,1.0045077469958419,0.004497617533646976
1,ab,1,nemotron-3,c6021eb6847e682f89aa52d5eb6e8c7d902a23acfc8137e25211cf84828f1592,nested,140-byte batch 512,140,512,23176991,22982740,4229120,1.00845203835574,0.008416519874933756
1,ab,2,nemotron-3,c6021eb6847e682f89aa52d5eb6e8c7d902a23acfc8137e25211cf84828f1592,nested,140-byte batch 512,140,512,22437210,22230806,4229120,1.0092845936400148,0.009241756745119194
1,ab,3,nemotron-3,c6021eb6847e682f89aa52d5eb6e8c7d902a23acfc8137e25211cf84828f1592,nested,140-byte batch 512,140,512,19531529,18453329,4229120,1.0584284819286536,0.05678524381996085
1,ab,4,nemotron-3,c6021eb6847e682f89aa52d5eb6e8c7d902a23acfc8137e25211cf84828f1592,nested,140-byte batch 512,140,512,18541756,18119232,4229120,1.0233190899040312,0.023051354173574807
1,ab,5,nemotron-3,c6021eb6847e682f89aa52d5eb6e8c7d902a23acfc8137e25211cf84828f1592,nested,140-byte batch 512,140,512,18755651,18379116,4229120,1.0204871115672811,0.020280073660602235
1,ab,0,nemotron-3,c6021eb6847e682f89aa52d5eb6e8c7d902a23acfc8137e25211cf84828f1592,nested,4 KiB single,4096,1,52655126,51387252,4194304,1.0246729286088307,0.02437346762887039
1,ab,1,nemotron-3,c6021eb6847e682f89aa52d5eb6e8c7d902a23acfc8137e25211cf84828f1592,nested,4 KiB single,4096,1,52720269,50015035,4194304,1.0540884156134251,0.052676332382193464
1,ab,2,nemotron-3,c6021eb6847e682f89aa52d5eb6e8c7d902a23acfc8137e25211cf84828f1592,nested,4 KiB single,4096,1,48085303,45561123,4194304,1.055402058461114,0.05392179239601228
1,ab,3,nemotron-3,c6021eb6847e682f89aa52d5eb6e8c7d902a23acfc8137e25211cf84828f1592,nested,4 KiB single,4096,1,47052184,44528076,4194304,1.056685763831341,0.05513737208427
1,ab,4,nemotron-3,c6021eb6847e682f89aa52d5eb6e8c7d902a23acfc8137e25211cf84828f1592,nested,4 KiB single,4096,1,46326480,44465025,4194304,1.0418633521514944,0.041010794761802444
1,ab,5,nemotron-3,c6021eb6847e682f89aa52d5eb6e8c7d902a23acfc8137e25211cf84828f1592,nested,4 KiB single,4096,1,53318059,51267364,4194304,1.0400000085824581,0.03922072140564483
1,ab,0,nemotron-3,c6021eb6847e682f89aa52d5eb6e8c7d902a23acfc8137e25211cf84828f1592,nested,64 KiB single,65536,1,46884699,48696043,4194304,0.9628030556815469,-0.03790639933340097
1,ab,1,nemotron-3,c6021eb6847e682f89aa52d5eb6e8c7d902a23acfc8137e25211cf84828f1592,nested,64 KiB single,65536,1,46060715,47300832,4194304,0.973782342771476,-0.02656746769257221
1,ab,2,nemotron-3,c6021eb6847e682f89aa52d5eb6e8c7d902a23acfc8137e25211cf84828f1592,nested,64 KiB single,65536,1,45363572,45556333,4194304,0.99576873318579,-0.0042402439557064405
1,ab,3,nemotron-3,c6021eb6847e682f89aa52d5eb6e8c7d902a23acfc8137e25211cf84828f1592,nested,64 KiB single,65536,1,42381029,42024482,4194304,1.00848426876505,0.00844847964401406
1,ab,4,nemotron-3,c6021eb6847e682f89aa52d5eb6e8c7d902a23acfc8137e25211cf84828f1592,nested,64 KiB single,65536,1,42645544,40688549,4194304,1.048096947374555,0.04697608865712742
1,ab,5,nemotron-3,c6021eb6847e682f89aa52d5eb6e8c7d902a23acfc8137e25211cf84828f1592,nested,64 KiB single,65536,1,43117795,44047931,4194304,0.9788835484690529,-0.021342592996489086
1,ab,0,phi-4-mini,382cc235b56c725945e149cc25f191da667c836655efd0857b004320e90e91ea,flat-ragged,140-byte batch 1,140,1,51387682,47166840,4194400,1.089487487395806,0.08570739061497772
1,ab,1,phi-4-mini,382cc235b56c725945e149cc25f191da667c836655efd0857b004320e90e91ea,flat-ragged,140-byte batch 1,140,1,49577363,44850508,4194400,1.105391336927555,0.10019942333869039
1,ab,2,phi-4-mini,382cc235b56c725945e149cc25f191da667c836655efd0857b004320e90e91ea,flat-ragged,140-byte batch 1,140,1,44757667,45479434,4194400,0.9841298156876799,-0.015997464119550803
1,ab,3,phi-4-mini,382cc235b56c725945e149cc25f191da667c836655efd0857b004320e90e91ea,flat-ragged,140-byte batch 1,140,1,47769885,47837689,4194400,0.9985826238387059,-0.001418381589043933
1,ab,4,phi-4-mini,382cc235b56c725945e149cc25f191da667c836655efd0857b004320e90e91ea,flat-ragged,140-byte batch 1,140,1,45058044,42458562,4194400,1.0612239764502622,0.05942293674112316
1,ab,5,phi-4-mini,382cc235b56c725945e149cc25f191da667c836655efd0857b004320e90e91ea,flat-ragged,140-byte batch 1,140,1,41038225,41114639,4194400,0.9981414405705958,-0.0018602886939399262
1,ab,0,phi-4-mini,382cc235b56c725945e149cc25f191da667c836655efd0857b004320e90e91ea,flat-ragged,140-byte batch 32,140,32,44113438,43631596,4197760,1.0110434190855635,0.010982885788322076
1,ab,1,phi-4-mini,382cc235b56c725945e149cc25f191da667c836655efd0857b004320e90e91ea,flat-ragged,140-byte batch 32,140,32,40514639,40429197,4197760,1.0021133736591405,0.0021111436264045543
1,ab,2,phi-4-mini,382cc235b56c725945e149cc25f191da667c836655efd0857b004320e90e91ea,flat-ragged,140-byte batch 32,140,32,41328152,41800863,4197760,0.9886913578793816,-0.011373071009957625
1,ab,3,phi-4-mini,382cc235b56c725945e149cc25f191da667c836655efd0857b004320e90e91ea,flat-ragged,140-byte batch 32,140,32,43273489,45023071,4197760,0.9611403229246623,-0.039634863059867076
1,ab,4,phi-4-mini,382cc235b56c725945e149cc25f191da667c836655efd0857b004320e90e91ea,flat-ragged,140-byte batch 32,140,32,39918277,38594118,4197760,1.0343098655603427,0.033734407749578116
1,ab,5,phi-4-mini,382cc235b56c725945e149cc25f191da667c836655efd0857b004320e90e91ea,flat-ragged,140-byte batch 32,140,32,36641170,35735006,4197760,1.025357880169378,0.025041703035969937
1,ab,0,phi-4-mini,382cc235b56c725945e149cc25f191da667c836655efd0857b004320e90e91ea,flat-ragged,140-byte batch 512,140,512,15144695,14497308,4229120,1.044655669866433,0.04368732859873137
1,ab,1,phi-4-mini,382cc235b56c725945e149cc25f191da667c836655efd0857b004320e90e91ea,flat-ragged,140-byte batch 512,140,512,14626705,14633895,4229120,0.9995086748948246,-0.0004914458449047696
1,ab,2,phi-4-mini,382cc235b56c725945e149cc25f191da667c836655efd0857b004320e90e91ea,flat-ragged,140-byte batch 512,140,512,14859422,13971551,4229120,1.0635484922182226,0.06161095143879488
1,ab,3,phi-4-mini,382cc235b56c725945e149cc25f191da667c836655efd0857b004320e90e91ea,flat-ragged,140-byte batch 512,140,512,13230569,12219345,4229120,1.0827559906034243,0.07950963386425179
1,ab,4,phi-4-mini,382cc235b56c725945e149cc25f191da667c836655efd0857b004320e90e91ea,flat-ragged,140-byte batch 512,140,512,12677852,11609789,4229120,1.0919967623873268,0.0880079124715478
1,ab,5,phi-4-mini,382cc235b56c725945e149cc25f191da667c836655efd0857b004320e90e91ea,flat-ragged,140-byte batch 512,140,512,12999446,11782926,4229120,1.1032443045131575,0.09825520669161295
1,ab,0,phi-4-mini,382cc235b56c725945e149cc25f191da667c836655efd0857b004320e90e91ea,flat-ragged,4 KiB single,4096,1,32324245,30744362,4194304,1.0513877308626538,0.05011094000152422
1,ab,1,phi-4-mini,382cc235b56c725945e149cc25f191da667c836655efd0857b004320e90e91ea,flat-ragged,4 KiB single,4096,1,34048641,32655919,4194304,1.0426483786905523,0.04176399424209849
1,ab,2,phi-4-mini,382cc235b56c725945e149cc25f191da667c836655efd0857b004320e90e91ea,flat-ragged,4 KiB single,4096,1,30566782,30491830,4194304,1.0024581010716642,0.002455084882944958
1,ab,3,phi-4-mini,382cc235b56c725945e149cc25f191da667c836655efd0857b004320e90e91ea,flat-ragged,4 KiB single,4096,1,30557830,30539189,4194304,1.0006103960390043,0.0006102098231151488
1,ab,4,phi-4-mini,382cc235b56c725945e149cc25f191da667c836655efd0857b004320e90e91ea,flat-ragged,4 KiB single,4096,1,37022483,34744749,4194304,1.0655562082201255,0.0634969240700066
1,ab,5,phi-4-mini,382cc235b56c725945e149cc25f191da667c836655efd0857b004320e90e91ea,flat-ragged,4 KiB single,4096,1,33509153,32672215,4194304,1.0256162001872233,0.025293602873891298
1,ab,0,phi-4-mini,382cc235b56c725945e149cc25f191da667c836655efd0857b004320e90e91ea,flat-ragged,64 KiB single,65536,1,17632200,19942629,4194304,0.8841462176325899,-0.12313282546056659
1,ab,1,phi-4-mini,382cc235b56c725945e149cc25f191da667c836655efd0857b004320e90e91ea,flat-ragged,64 KiB single,65536,1,17278735,17751282,4194304,0.973379556473724,-0.026981183987712626
1,ab,2,phi-4-mini,382cc235b56c725945e149cc25f191da667c836655efd0857b004320e90e91ea,flat-ragged,64 KiB single,65536,1,16659437,16354752,4194304,1.0186297536031117,0.01845834533344126
1,ab,3,phi-4-mini,382cc235b56c725945e149cc25f191da667c836655efd0857b004320e90e91ea,flat-ragged,64 KiB single,65536,1,17356556,17660078,4194304,0.9828130996929911,-0.017336309472995252
1,ab,4,phi-4-mini,382cc235b56c725945e149cc25f191da667c836655efd0857b004320e90e91ea,flat-ragged,64 KiB single,65536,1,17173798,16613740,4194304,1.0337105311627606,0.033154786373201774
1,ab,5,phi-4-mini,382cc235b56c725945e149cc25f191da667c836655efd0857b004320e90e91ea,flat-ragged,64 KiB single,65536,1,16937066,16534575,4194304,1.0243423855768896,0.024050831646093673
1,ab,0,phi-4-mini,382cc235b56c725945e149cc25f191da667c836655efd0857b004320e90e91ea,nested,140-byte batch 1,140,1,48777590,49651836,4194400,0.9823924738654176,-0.01776438258621676
1,ab,1,phi-4-mini,382cc235b56c725945e149cc25f191da667c836655efd0857b004320e90e91ea,nested,140-byte batch 1,140,1,43328728,44401175,4194400,0.9758464274875609,-0.02445005383537502
1,ab,2,phi-4-mini,382cc235b56c725945e149cc25f191da667c836655efd0857b004320e90e91ea,nested,140-byte batch 1,140,1,44260315,46785577,4194400,0.9460247759688846,-0.05548652003126731
1,ab,3,phi-4-mini,382cc235b56c725945e149cc25f191da667c836655efd0857b004320e90e91ea,nested,140-byte batch 1,140,1,46983624,46973552,4194400,1.0002144185306658,0.00021439554629814969
1,ab,4,phi-4-mini,382cc235b56c725945e149cc25f191da667c836655efd0857b004320e90e91ea,nested,140-byte batch 1,140,1,41236965,42702925,4194400,0.9656707356697463,-0.03493235621727167
1,ab,5,phi-4-mini,382cc235b56c725945e149cc25f191da667c836655efd0857b004320e90e91ea,nested,140-byte batch 1,140,1,37488794,38739129,4194400,0.9677242356171715,-0.03280811285250859
1,ab,0,phi-4-mini,382cc235b56c725945e149cc25f191da667c836655efd0857b004320e90e91ea,nested,140-byte batch 32,140,32,50986327,52272972,4197760,0.9753860369752843,-0.024921950986744896
1,ab,1,phi-4-mini,382cc235b56c725945e149cc25f191da667c836655efd0857b004320e90e91ea,nested,140-byte batch 32,140,32,46111079,46784794,4197760,0.9855997014756547,-0.014504989088829908
1,ab,2,phi-4-mini,382cc235b56c725945e149cc25f191da667c836655efd0857b004320e90e91ea,nested,140-byte batch 32,140,32,46831096,46226218,4197760,1.0130851717092668,0.013000300418476033
1,ab,3,phi-4-mini,382cc235b56c725945e149cc25f191da667c836655efd0857b004320e90e91ea,nested,140-byte batch 32,140,32,49400344,49398659,4197760,1.0000341102376888,3.410965594791594e-05
1,ab,4,phi-4-mini,382cc235b56c725945e149cc25f191da667c836655efd0857b004320e90e91ea,nested,140-byte batch 32,140,32,43610480,45116024,4197760,0.9666295061816618,-0.033939994295628946
1,ab,5,phi-4-mini,382cc235b56c725945e149cc25f191da667c836655efd0857b004320e90e91ea,nested,140-byte batch 32,140,32,41348096,40577067,4197760,1.0190015951621145,0.01882331965851316
1,ab,0,phi-4-mini,382cc235b56c725945e149cc25f191da667c836655efd0857b004320e90e91ea,nested,140-byte batch 512,140,512,18348859,18338885,4229120,1.0005438716694064,0.0005437238248132296
1,ab,1,phi-4-mini,382cc235b56c725945e149cc25f191da667c836655efd0857b004320e90e91ea,nested,140-byte batch 512,140,512,17537340,17163900,4229120,1.021757292922937,0.0215239811152077
1,ab,2,phi-4-mini,382cc235b56c725945e149cc25f191da667c836655efd0857b004320e90e91ea,nested,140-byte batch 512,140,512,16877162,16477596,4229120,1.024249047009042,0.023959707016333386
1,ab,3,phi-4-mini,382cc235b56c725945e149cc25f191da667c836655efd0857b004320e90e91ea,nested,140-byte batch 512,140,512,15391181,14985976,4229120,1.027038946278841,0.02667985260210953
1,ab,4,phi-4-mini,382cc235b56c725945e149cc25f191da667c836655efd0857b004320e90e91ea,nested,140-byte batch 512,140,512,14992356,14414072,4229120,1.0401194055364784,0.03933551957861607
1,ab,5,phi-4-mini,382cc235b56c725945e149cc25f191da667c836655efd0857b004320e90e91ea,nested,140-byte batch 512,140,512,15320644,14950018,4229120,1.0247910069405937,0.024488696133110364
1,ab,0,phi-4-mini,382cc235b56c725945e149cc25f191da667c836655efd0857b004320e90e91ea,nested,4 KiB single,4096,1,37490972,36894170,4194304,1.016176051663447,0.01604661334149041
1,ab,1,phi-4-mini,382cc235b56c725945e149cc25f191da667c836655efd0857b004320e90e91ea,nested,4 KiB single,4096,1,34237785,34216776,4194304,1.0006139970638963,0.0006138086448209676
1,ab,2,phi-4-mini,382cc235b56c725945e149cc25f191da667c836655efd0857b004320e90e91ea,nested,4 KiB single,4096,1,33257410,32930823,4194304,1.0099173652598965,0.009868510931649697
1,ab,3,phi-4-mini,382cc235b56c725945e149cc25f191da667c836655efd0857b004320e90e91ea,nested,4 KiB single,4096,1,32932152,32515703,4194304,1.0128076271332653,0.012726303119214754
1,ab,4,phi-4-mini,382cc235b56c725945e149cc25f191da667c836655efd0857b004320e90e91ea,nested,4 KiB single,4096,1,36591695,36308364,4194304,1.0078034636867692,0.007773174137566742
1,ab,5,phi-4-mini,382cc235b56c725945e149cc25f191da667c836655efd0857b004320e90e91ea,nested,4 KiB single,4096,1,35050153,33694608,4194304,1.0402303240922108,0.03944215410670315
1,ab,0,phi-4-mini,382cc235b56c725945e149cc25f191da667c836655efd0857b004320e90e91ea,nested,64 KiB single,65536,1,34842211,34713709,4194304,1.0037017652017535,0.00369493053065458
1,ab,1,phi-4-mini,382cc235b56c725945e149cc25f191da667c836655efd0857b004320e90e91ea,nested,64 KiB single,65536,1,31410468,32644937,4194304,0.9621849783321683,-0.03854856163227997
1,ab,2,phi-4-mini,382cc235b56c725945e149cc25f191da667c836655efd0857b004320e90e91ea,nested,64 KiB single,65536,1,31673469,31843120,4194304,0.9946722871376925,-0.005341955734960186
1,ab,3,phi-4-mini,382cc235b56c725945e149cc25f191da667c836655efd0857b004320e90e91ea,nested,64 KiB single,65536,1,30238360,29254100,4194304,1.0336451984508155,0.033091582241439654
1,ab,4,phi-4-mini,382cc235b56c725945e149cc25f191da667c836655efd0857b004320e90e91ea,nested,64 KiB single,65536,1,32484324,33212206,4194304,0.9780839008405524,-0.022159824446391297
1,ab,5,phi-4-mini,382cc235b56c725945e149cc25f191da667c836655efd0857b004320e90e91ea,nested,64 KiB single,65536,1,31309769,32040019,4194304,0.977208190794144,-0.023055557732181427
1,ab,0,qwen-2-5,c0382117ea329cdf097041132f6d735924b697924d6f6fc3945713e96ce87539,flat-ragged,140-byte batch 1,140,1,45670566,43926868,4194400,1.039695477492272,0.03892786017244815
1,ab,1,qwen-2-5,c0382117ea329cdf097041132f6d735924b697924d6f6fc3945713e96ce87539,flat-ragged,140-byte batch 1,140,1,43064436,42096177,4194400,1.0230011148043205,0.02274057670918945
1,ab,2,qwen-2-5,c0382117ea329cdf097041132f6d735924b697924d6f6fc3945713e96ce87539,flat-ragged,140-byte batch 1,140,1,40843242,40986055,4194400,0.9965155709667594,-0.0034905137948096354
1,ab,3,qwen-2-5,c0382117ea329cdf097041132f6d735924b697924d6f6fc3945713e96ce87539,flat-ragged,140-byte batch 1,140,1,45614206,44732387,4194400,1.0197132113696503,0.019521422437927163
1,ab,4,qwen-2-5,c0382117ea329cdf097041132f6d735924b697924d6f6fc3945713e96ce87539,flat-ragged,140-byte batch 1,140,1,41150240,40318839,4194400,1.0206206582486168,0.020410930721166273
1,ab,5,qwen-2-5,c0382117ea329cdf097041132f6d735924b697924d6f6fc3945713e96ce87539,flat-ragged,140-byte batch 1,140,1,39935074,38722537,4194400,1.0313134699826099,0.030833203422639854
1,ab,0,qwen-2-5,c0382117ea329cdf097041132f6d735924b697924d6f6fc3945713e96ce87539,flat-ragged,140-byte batch 32,140,32,39824335,42480637,4197760,0.9374702879337709,-0.06457021451044523
1,ab,1,qwen-2-5,c0382117ea329cdf097041132f6d735924b697924d6f6fc3945713e96ce87539,flat-ragged,140-byte batch 32,140,32,40419795,40627658,4197760,0.9948837070549329,-0.005129425985957589
1,ab,2,qwen-2-5,c0382117ea329cdf097041132f6d735924b697924d6f6fc3945713e96ce87539,flat-ragged,140-byte batch 32,140,32,38881004,38554164,4197760,1.008477424124668,0.008441692563816963
1,ab,3,qwen-2-5,c0382117ea329cdf097041132f6d735924b697924d6f6fc3945713e96ce87539,flat-ragged,140-byte batch 32,140,32,42335132,41919225,4197760,1.0099216290377506,0.00987273283039129
1,ab,4,qwen-2-5,c0382117ea329cdf097041132f6d735924b697924d6f6fc3945713e96ce87539,flat-ragged,140-byte batch 32,140,32,39716996,37757133,4197760,1.051907092628034,0.0506047954231565
1,ab,5,qwen-2-5,c0382117ea329cdf097041132f6d735924b697924d6f6fc3945713e96ce87539,flat-ragged,140-byte batch 32,140,32,36757049,37466551,4197760,0.9810630554170839,-0.01911854480854305
1,ab,0,qwen-2-5,c0382117ea329cdf097041132f6d735924b697924d6f6fc3945713e96ce87539,flat-ragged,140-byte batch 512,140,512,14488264,14397577,4229120,1.006298768188564,0.006279013856792814
1,ab,1,qwen-2-5,c0382117ea329cdf097041132f6d735924b697924d6f6fc3945713e96ce87539,flat-ragged,140-byte batch 512,140,512,15111028,14944577,4229120,1.0111378863383018,0.011076316829894519
1,ab,2,qwen-2-5,c0382117ea329cdf097041132f6d735924b697924d6f6fc3945713e96ce87539,flat-ragged,140-byte batch 512,140,512,14279513,13290488,4229120,1.0744160033852783,0.07177726129957582
1,ab,3,qwen-2-5,c0382117ea329cdf097041132f6d735924b697924d6f6fc3945713e96ce87539,flat-ragged,140-byte batch 512,140,512,12728807,12185115,4229120,1.0446193573060245,0.043652567679331115
1,ab,4,qwen-2-5,c0382117ea329cdf097041132f6d735924b697924d6f6fc3945713e96ce87539,flat-ragged,140-byte batch 512,140,512,11476916,11763933,4229120,0.9756019521702478,-0.02470061164785987
1,ab,5,qwen-2-5,c0382117ea329cdf097041132f6d735924b697924d6f6fc3945713e96ce87539,flat-ragged,140-byte batch 512,140,512,12504653,11882336,4229120,1.052373287542113,0.051047887442736715
1,ab,0,qwen-2-5,c0382117ea329cdf097041132f6d735924b697924d6f6fc3945713e96ce87539,flat-ragged,4 KiB single,4096,1,35284174,34286397,4194304,1.0291012496880323,0.028685848209606277
1,ab,1,qwen-2-5,c0382117ea329cdf097041132f6d735924b697924d6f6fc3945713e96ce87539,flat-ragged,4 KiB single,4096,1,34163126,32967013,4194304,1.0362821163082019,0.03563941980563037
1,ab,2,qwen-2-5,c0382117ea329cdf097041132f6d735924b697924d6f6fc3945713e96ce87539,flat-ragged,4 KiB single,4096,1,31922934,30920193,4194304,1.0324299722191255,0.031915220036346566
1,ab,3,qwen-2-5,c0382117ea329cdf097041132f6d735924b697924d6f6fc3945713e96ce87539,flat-ragged,4 KiB single,4096,1,31008063,30588768,4194304,1.0137074824327674,0.013614384687811544
1,ab,4,qwen-2-5,c0382117ea329cdf097041132f6d735924b697924d6f6fc3945713e96ce87539,flat-ragged,4 KiB single,4096,1,32970973,33189650,4194304,0.9934112893627983,-0.006610512005836211
1,ab,5,qwen-2-5,c0382117ea329cdf097041132f6d735924b697924d6f6fc3945713e96ce87539,flat-ragged,4 KiB single,4096,1,35151836,32672056,4194304,1.0758991108487326,0.07315669419181804
1,ab,0,qwen-2-5,c0382117ea329cdf097041132f6d735924b697924d6f6fc3945713e96ce87539,flat-ragged,64 KiB single,65536,1,31061103,30088850,4194304,1.0323127337867681,0.031801657768135316
1,ab,1,qwen-2-5,c0382117ea329cdf097041132f6d735924b697924d6f6fc3945713e96ce87539,flat-ragged,64 KiB single,65536,1,31359715,29374425,4194304,1.0675856633789427,0.06539970962605121
1,ab,2,qwen-2-5,c0382117ea329cdf097041132f6d735924b697924d6f6fc3945713e96ce87539,flat-ragged,64 KiB single,65536,1,28630053,27491455,4194304,1.0414164328515898,0.04058174119926338
1,ab,3,qwen-2-5,c0382117ea329cdf097041132f6d735924b697924d6f6fc3945713e96ce87539,flat-ragged,64 KiB single,65536,1,29462905,28952795,4194304,1.0176186789565567,0.01746526932809594
1,ab,4,qwen-2-5,c0382117ea329cdf097041132f6d735924b697924d6f6fc3945713e96ce87539,flat-ragged,64 KiB single,65536,1,30660922,28226774,4194304,1.0862354302337207,0.08271798460414681
1,ab,5,qwen-2-5,c0382117ea329cdf097041132f6d735924b697924d6f6fc3945713e96ce87539,flat-ragged,64 KiB single,65536,1,33730605,31617229,4194304,1.0668425433487545,0.06470339193509161
1,ab,0,qwen-2-5,c0382117ea329cdf097041132f6d735924b697924d6f6fc3945713e96ce87539,nested,140-byte batch 1,140,1,47326363,48280942,4194400,0.9802286583389364,-0.01996940969787621
1,ab,1,qwen-2-5,c0382117ea329cdf097041132f6d735924b697924d6f6fc3945713e96ce87539,nested,140-byte batch 1,140,1,42177675,42852637,4194400,0.9842492306832833,-0.015876130785943052
1,ab,2,qwen-2-5,c0382117ea329cdf097041132f6d735924b697924d6f6fc3945713e96ce87539,nested,140-byte batch 1,140,1,41260011,40659647,4194400,1.0147655979403856,0.01465764783369898
1,ab,3,qwen-2-5,c0382117ea329cdf097041132f6d735924b697924d6f6fc3945713e96ce87539,nested,140-byte batch 1,140,1,45835318,44389383,4194400,1.0325738927256547,0.032054610096777375
1,ab,4,qwen-2-5,c0382117ea329cdf097041132f6d735924b697924d6f6fc3945713e96ce87539,nested,140-byte batch 1,140,1,42033686,40088912,4194400,1.0485115185964637,0.0473715570853443
1,ab,5,qwen-2-5,c0382117ea329cdf097041132f6d735924b697924d6f6fc3945713e96ce87539,nested,140-byte batch 1,140,1,38942427,39071043,4194400,0.9967081503301563,-0.0032972797268638423
1,ab,0,qwen-2-5,c0382117ea329cdf097041132f6d735924b697924d6f6fc3945713e96ce87539,nested,140-byte batch 32,140,32,48079318,47911113,4197760,1.0035107721250391,0.003504623750740658
1,ab,1,qwen-2-5,c0382117ea329cdf097041132f6d735924b697924d6f6fc3945713e96ce87539,nested,140-byte batch 32,140,32,44581863,43045103,4197760,1.0357011574580273,0.035078644173167764
1,ab,2,qwen-2-5,c0382117ea329cdf097041132f6d735924b697924d6f6fc3945713e96ce87539,nested,140-byte batch 32,140,32,44055186,43721721,4197760,1.007626987052957,0.007598048636016036
1,ab,3,qwen-2-5,c0382117ea329cdf097041132f6d735924b697924d6f6fc3945713e96ce87539,nested,140-byte batch 32,140,32,47776843,47239144,4197760,1.0113824882178222,0.011318195115809513
1,ab,4,qwen-2-5,c0382117ea329cdf097041132f6d735924b697924d6f6fc3945713e96ce87539,nested,140-byte batch 32,140,32,41813753,42299505,4197760,0.9885163667990914,-0.011550079301562932
1,ab,5,qwen-2-5,c0382117ea329cdf097041132f6d735924b697924d6f6fc3945713e96ce87539,nested,140-byte batch 32,140,32,40777381,42154845,4197760,0.9673237085796426,-0.033222084035444924
1,ab,0,qwen-2-5,c0382117ea329cdf097041132f6d735924b697924d6f6fc3945713e96ce87539,nested,140-byte batch 512,140,512,17854489,17119868,4229120,1.0429104359916794,0.04201530079903803
1,ab,1,qwen-2-5,c0382117ea329cdf097041132f6d735924b697924d6f6fc3945713e96ce87539,nested,140-byte batch 512,140,512,16771297,16560375,4229120,1.012736547330601,0.012656119705207108
1,ab,2,qwen-2-5,c0382117ea329cdf097041132f6d735924b697924d6f6fc3945713e96ce87539,nested,140-byte batch 512,140,512,16550193,16659221,4229120,0.9934553962637268,-0.006566113555497482
1,ab,3,qwen-2-5,c0382117ea329cdf097041132f6d735924b697924d6f6fc3945713e96ce87539,nested,140-byte batch 512,140,512,14967543,14551158,4229120,1.02861524835343,0.02821347862506761
1,ab,4,qwen-2-5,c0382117ea329cdf097041132f6d735924b697924d6f6fc3945713e96ce87539,nested,140-byte batch 512,140,512,14911243,14142161,4229120,1.0543822121668676,0.05295501452409568
1,ab,5,qwen-2-5,c0382117ea329cdf097041132f6d735924b697924d6f6fc3945713e96ce87539,nested,140-byte batch 512,140,512,14697131,14253719,4229120,1.0311085128028692,0.030634449547704362
1,ab,0,qwen-2-5,c0382117ea329cdf097041132f6d735924b697924d6f6fc3945713e96ce87539,nested,4 KiB single,4096,1,36649317,34914598,4194304,1.0496846333444825,0.04848976985984784
1,ab,1,qwen-2-5,c0382117ea329cdf097041132f6d735924b697924d6f6fc3945713e96ce87539,nested,4 KiB single,4096,1,33557468,34126137,4194304,0.9833362621734771,-0.016804139839314728
1,ab,2,qwen-2-5,c0382117ea329cdf097041132f6d735924b697924d6f6fc3945713e96ce87539,nested,4 KiB single,4096,1,32498609,31470284,4194304,1.0326760635525247,0.032153552916403434
1,ab,3,qwen-2-5,c0382117ea329cdf097041132f6d735924b697924d6f6fc3945713e96ce87539,nested,4 KiB single,4096,1,31968320,30788109,4194304,1.0383333383677444,0.037616868419856786
1,ab,4,qwen-2-5,c0382117ea329cdf097041132f6d735924b697924d6f6fc3945713e96ce87539,nested,4 KiB single,4096,1,35016490,33026711,4194304,1.0602475674916585,0.058502435091844406
1,ab,5,qwen-2-5,c0382117ea329cdf097041132f6d735924b697924d6f6fc3945713e96ce87539,nested,4 KiB single,4096,1,34029296,34051462,4194304,0.9993490441027172,-0.0006511678610639564
1,ab,0,qwen-2-5,c0382117ea329cdf097041132f6d735924b697924d6f6fc3945713e96ce87539,nested,64 KiB single,65536,1,35178826,33820831,4194304,1.0401526207324712,0.03936745309074924
1,ab,1,qwen-2-5,c0382117ea329cdf097041132f6d735924b697924d6f6fc3945713e96ce87539,nested,64 KiB single,65536,1,32250283,31321980,4194304,1.0296374303284785,0.02920673088186941
1,ab,2,qwen-2-5,c0382117ea329cdf097041132f6d735924b697924d6f6fc3945713e96ce87539,nested,64 KiB single,65536,1,31550224,31779979,4194304,0.99277044833793,-0.007255811511860198
1,ab,3,qwen-2-5,c0382117ea329cdf097041132f6d735924b697924d6f6fc3945713e96ce87539,nested,64 KiB single,65536,1,30582076,29860997,4194304,1.0241478541389626,0.02386090500183612
1,ab,4,qwen-2-5,c0382117ea329cdf097041132f6d735924b697924d6f6fc3945713e96ce87539,nested,64 KiB single,65536,1,30408610,30319768,4194304,1.0029301675395406,0.002925882966273487
1,ab,5,qwen-2-5,c0382117ea329cdf097041132f6d735924b697924d6f6fc3945713e96ce87539,nested,64 KiB single,65536,1,32697920,30882879,4194304,1.0587717550556086,0.057109514641365974
1,ab,0,qwen-3,aeb13307a71acd8fe81861d94ad54ab689df773318809eed3cbe794b4492dae4,flat-ragged,140-byte batch 1,140,1,46976896,46321207,4194400,1.0141552658591129,0.014056015596018236
1,ab,1,qwen-3,aeb13307a71acd8fe81861d94ad54ab689df773318809eed3cbe794b4492dae4,flat-ragged,140-byte batch 1,140,1,45414507,45119042,4194400,1.0065485654593465,0.006527216756127586
1,ab,2,qwen-3,aeb13307a71acd8fe81861d94ad54ab689df773318809eed3cbe794b4492dae4,flat-ragged,140-byte batch 1,140,1,41768625,42768044,4194400,0.9766316411384164,-0.023645728597816593
1,ab,3,qwen-3,aeb13307a71acd8fe81861d94ad54ab689df773318809eed3cbe794b4492dae4,flat-ragged,140-byte batch 1,140,1,47240999,45396547,4194400,1.0406297862258114,0.039826093552249565
1,ab,4,qwen-3,aeb13307a71acd8fe81861d94ad54ab689df773318809eed3cbe794b4492dae4,flat-ragged,140-byte batch 1,140,1,42627601,41076395,4194400,1.037763927433262,0.03706832865908544
1,ab,5,qwen-3,aeb13307a71acd8fe81861d94ad54ab689df773318809eed3cbe794b4492dae4,flat-ragged,140-byte batch 1,140,1,40494412,39508770,4194400,1.0249474230658155,0.024641316704824005
1,ab,0,qwen-3,aeb13307a71acd8fe81861d94ad54ab689df773318809eed3cbe794b4492dae4,flat-ragged,140-byte batch 32,140,32,41498573,40493984,4197760,1.0248083517788718,0.024505621234306083
1,ab,1,qwen-3,aeb13307a71acd8fe81861d94ad54ab689df773318809eed3cbe794b4492dae4,flat-ragged,140-byte batch 32,140,32,40827884,40327303,4197760,1.0124129550642154,0.012336545995950708
1,ab,2,qwen-3,aeb13307a71acd8fe81861d94ad54ab689df773318809eed3cbe794b4492dae4,flat-ragged,140-byte batch 32,140,32,40112438,39248578,4197760,1.022009969380292,0.021771246509171956
1,ab,3,qwen-3,aeb13307a71acd8fe81861d94ad54ab689df773318809eed3cbe794b4492dae4,flat-ragged,140-byte batch 32,140,32,43641782,42089177,4197760,1.0368884618485175,0.03622436497511436
1,ab,4,qwen-3,aeb13307a71acd8fe81861d94ad54ab689df773318809eed3cbe794b4492dae4,flat-ragged,140-byte batch 32,140,32,40349259,39309093,4197760,1.0264612058080302,0.026117164076893507
1,ab,5,qwen-3,aeb13307a71acd8fe81861d94ad54ab689df773318809eed3cbe794b4492dae4,flat-ragged,140-byte batch 32,140,32,37491963,36319841,4197760,1.0322722227776273,0.03176241403634582
1,ab,0,qwen-3,aeb13307a71acd8fe81861d94ad54ab689df773318809eed3cbe794b4492dae4,flat-ragged,140-byte batch 512,140,512,14621973,14299358,4229120,1.022561502411507,0.022310756183646176
1,ab,1,qwen-3,aeb13307a71acd8fe81861d94ad54ab689df773318809eed3cbe794b4492dae4,flat-ragged,140-byte batch 512,140,512,14877599,14914228,4229120,0.9975440230630778,-0.002458997795399034
1,ab,2,qwen-3,aeb13307a71acd8fe81861d94ad54ab689df773318809eed3cbe794b4492dae4,flat-ragged,140-byte batch 512,140,512,14163781,13650033,4229120,1.037637125126364,0.03694613318568595
1,ab,3,qwen-3,aeb13307a71acd8fe81861d94ad54ab689df773318809eed3cbe794b4492dae4,flat-ragged,140-byte batch 512,140,512,12222780,12088005,4229120,1.0111494824828415,0.011087785174817824
1,ab,4,qwen-3,aeb13307a71acd8fe81861d94ad54ab689df773318809eed3cbe794b4492dae4,flat-ragged,140-byte batch 512,140,512,11924484,11984229,4229120,0.9950146980669344,-0.004997770006080845
1,ab,5,qwen-3,aeb13307a71acd8fe81861d94ad54ab689df773318809eed3cbe794b4492dae4,flat-ragged,140-byte batch 512,140,512,12164274,11910238,4229120,1.0213292127327767,0.02110492867152528
1,ab,0,qwen-3,aeb13307a71acd8fe81861d94ad54ab689df773318809eed3cbe794b4492dae4,flat-ragged,4 KiB single,4096,1,33883315,33696646,4194304,1.0055396908048355,0.005524403150992043
1,ab,1,qwen-3,aeb13307a71acd8fe81861d94ad54ab689df773318809eed3cbe794b4492dae4,flat-ragged,4 KiB single,4096,1,33780471,32587503,4194304,1.0366081439256023,0.03595398312462827
1,ab,2,qwen-3,aeb13307a71acd8fe81861d94ad54ab689df773318809eed3cbe794b4492dae4,flat-ragged,4 KiB single,4096,1,31206103,30302947,4194304,1.0298042299318282,0.0293687161489765
1,ab,3,qwen-3,aeb13307a71acd8fe81861d94ad54ab689df773318809eed3cbe794b4492dae4,flat-ragged,4 KiB single,4096,1,31068926,29526200,4194304,1.0522493920653522,0.05093015092102721
1,ab,4,qwen-3,aeb13307a71acd8fe81861d94ad54ab689df773318809eed3cbe794b4492dae4,flat-ragged,4 KiB single,4096,1,34137241,32526455,4194304,1.049522334973178,0.04833514158919381
1,ab,5,qwen-3,aeb13307a71acd8fe81861d94ad54ab689df773318809eed3cbe794b4492dae4,flat-ragged,4 KiB single,4096,1,34827697,32357157,4194304,1.0763521962080909,0.07357772807811737
1,ab,0,qwen-3,aeb13307a71acd8fe81861d94ad54ab689df773318809eed3cbe794b4492dae4,flat-ragged,64 KiB single,65536,1,32812183,29753263,4194304,1.1028095641140268,0.09786107270337173
1,ab,1,qwen-3,aeb13307a71acd8fe81861d94ad54ab689df773318809eed3cbe794b4492dae4,flat-ragged,64 KiB single,65536,1,29448290,30113487,4194304,0.9779103296805183,-0.022337300594103132
1,ab,2,qwen-3,aeb13307a71acd8fe81861d94ad54ab689df773318809eed3cbe794b4492dae4,flat-ragged,64 KiB single,65536,1,27379890,28308233,4194304,0.9672059008416385,-0.03334387874727148
1,ab,3,qwen-3,aeb13307a71acd8fe81861d94ad54ab689df773318809eed3cbe794b4492dae4,flat-ragged,64 KiB single,65536,1,28851996,28551476,4194304,1.0105255504128754,0.010470542463083184
1,ab,4,qwen-3,aeb13307a71acd8fe81861d94ad54ab689df773318809eed3cbe794b4492dae4,flat-ragged,64 KiB single,65536,1,28311382,28494515,4194304,0.9935730437945689,-0.006447698007327358
1,ab,5,qwen-3,aeb13307a71acd8fe81861d94ad54ab689df773318809eed3cbe794b4492dae4,flat-ragged,64 KiB single,65536,1,31545241,31450020,4194304,1.0030276928281763,0.0030231185968312255
1,ab,0,qwen-3,aeb13307a71acd8fe81861d94ad54ab689df773318809eed3cbe794b4492dae4,nested,140-byte batch 1,140,1,47184892,48016587,4194400,0.9826790063192121,-0.01747275710723085
1,ab,1,qwen-3,aeb13307a71acd8fe81861d94ad54ab689df773318809eed3cbe794b4492dae4,nested,140-byte batch 1,140,1,42671242,45416840,4194400,0.9395466967759095,-0.062357757504409514
1,ab,2,qwen-3,aeb13307a71acd8fe81861d94ad54ab689df773318809eed3cbe794b4492dae4,nested,140-byte batch 1,140,1,41672939,44221168,4194400,0.9423753574306314,-0.05935161516329554
1,ab,3,qwen-3,aeb13307a71acd8fe81861d94ad54ab689df773318809eed3cbe794b4492dae4,nested,140-byte batch 1,140,1,47100314,45570323,4194400,1.0335742847378984,0.03302297441965621
1,ab,4,qwen-3,aeb13307a71acd8fe81861d94ad54ab689df773318809eed3cbe794b4492dae4,nested,140-byte batch 1,140,1,40485373,41896401,4194400,0.9663210212256657,-0.03425917986633148
1,ab,5,qwen-3,aeb13307a71acd8fe81861d94ad54ab689df773318809eed3cbe794b4492dae4,nested,140-byte batch 1,140,1,40395251,41574754,4194400,0.9716293450587825,-0.028780879491378072
1,ab,0,qwen-3,aeb13307a71acd8fe81861d94ad54ab689df773318809eed3cbe794b4492dae4,nested,140-byte batch 32,140,32,50461746,48975696,4197760,1.0303426009504797,0.029891369217036057
1,ab,1,qwen-3,aeb13307a71acd8fe81861d94ad54ab689df773318809eed3cbe794b4492dae4,nested,140-byte batch 32,140,32,46883155,45719480,4197760,1.0254524985848483,0.025133977208675305
1,ab,2,qwen-3,aeb13307a71acd8fe81861d94ad54ab689df773318809eed3cbe794b4492dae4,nested,140-byte batch 32,140,32,44351921,44662659,4197760,0.9930425548555002,-0.006981761015831031
1,ab,3,qwen-3,aeb13307a71acd8fe81861d94ad54ab689df773318809eed3cbe794b4492dae4,nested,140-byte batch 32,140,32,47394448,49434790,4197760,0.958726597200069,-0.042149336298651065
1,ab,4,qwen-3,aeb13307a71acd8fe81861d94ad54ab689df773318809eed3cbe794b4492dae4,nested,140-byte batch 32,140,32,45210421,43206659,4197760,1.0463762310342024,0.045332986472557915
1,ab,5,qwen-3,aeb13307a71acd8fe81861d94ad54ab689df773318809eed3cbe794b4492dae4,nested,140-byte batch 32,140,32,42697705,41385883,4197760,1.031697330222482,0.031205339374874106
1,ab,0,qwen-3,aeb13307a71acd8fe81861d94ad54ab689df773318809eed3cbe794b4492dae4,nested,140-byte batch 512,140,512,17904658,17224208,4229120,1.0395054448947667,0.03874506629621589
1,ab,1,qwen-3,aeb13307a71acd8fe81861d94ad54ab689df773318809eed3cbe794b4492dae4,nested,140-byte batch 512,140,512,17353277,16698108,4229120,1.0392361218408697,0.03848594504736635
1,ab,2,qwen-3,aeb13307a71acd8fe81861d94ad54ab689df773318809eed3cbe794b4492dae4,nested,140-byte batch 512,140,512,16547954,16042016,4229120,1.0315383054099934,0.031051188477073544
1,ab,3,qwen-3,aeb13307a71acd8fe81861d94ad54ab689df773318809eed3cbe794b4492dae4,nested,140-byte batch 512,140,512,15489414,14591041,4229120,1.0615701785773888,0.05974911262527659
1,ab,4,qwen-3,aeb13307a71acd8fe81861d94ad54ab689df773318809eed3cbe794b4492dae4,nested,140-byte batch 512,140,512,14942642,13980977,4229120,1.0687838196143231,0.06652138485174665
1,ab,5,qwen-3,aeb13307a71acd8fe81861d94ad54ab689df773318809eed3cbe794b4492dae4,nested,140-byte batch 512,140,512,14624183,14263374,4229120,1.0252961886857905,0.02498153541965382
1,ab,0,qwen-3,aeb13307a71acd8fe81861d94ad54ab689df773318809eed3cbe794b4492dae4,nested,4 KiB single,4096,1,35748955,34575450,4194304,1.0339404114769295,0.03337714529305178
1,ab,1,qwen-3,aeb13307a71acd8fe81861d94ad54ab689df773318809eed3cbe794b4492dae4,nested,4 KiB single,4096,1,32824371,32486303,4194304,1.0104064780778532,0.010352703432891864
1,ab,2,qwen-3,aeb13307a71acd8fe81861d94ad54ab689df773318809eed3cbe794b4492dae4,nested,4 KiB single,4096,1,31497189,31308537,4194304,1.0060255769856,0.006007495793318008
1,ab,3,qwen-3,aeb13307a71acd8fe81861d94ad54ab689df773318809eed3cbe794b4492dae4,nested,4 KiB single,4096,1,30764608,30047042,4194304,1.023881419009565,0.02360071816330429
1,ab,4,qwen-3,aeb13307a71acd8fe81861d94ad54ab689df773318809eed3cbe794b4492dae4,nested,4 KiB single,4096,1,34884449,34112963,4194304,1.0226156256200905,0.022363683832654538
1,ab,5,qwen-3,aeb13307a71acd8fe81861d94ad54ab689df773318809eed3cbe794b4492dae4,nested,4 KiB single,4096,1,34879403,34234333,4194304,1.0188427798491064,0.01866745367063197
1,ab,0,qwen-3,aeb13307a71acd8fe81861d94ad54ab689df773318809eed3cbe794b4492dae4,nested,64 KiB single,65536,1,33800701,34059157,4194304,0.9924115561638828,-0.007617382568965645
1,ab,1,qwen-3,aeb13307a71acd8fe81861d94ad54ab689df773318809eed3cbe794b4492dae4,nested,64 KiB single,65536,1,31574022,31302731,4194304,1.0086666879001707,0.00862934774911573
1,ab,2,qwen-3,aeb13307a71acd8fe81861d94ad54ab689df773318809eed3cbe794b4492dae4,nested,64 KiB single,65536,1,30364790,30620167,4194304,0.9916598430047753,-0.008375130697778779
1,ab,3,qwen-3,aeb13307a71acd8fe81861d94ad54ab689df773318809eed3cbe794b4492dae4,nested,64 KiB single,65536,1,30049689,29279775,4194304,1.026295079111776,0.02595530687266779
1,ab,4,qwen-3,aeb13307a71acd8fe81861d94ad54ab689df773318809eed3cbe794b4492dae4,nested,64 KiB single,65536,1,30050540,29674408,4194304,1.0126752992005772,0.012595640025336278
1,ab,5,qwen-3,aeb13307a71acd8fe81861d94ad54ab689df773318809eed3cbe794b4492dae4,nested,64 KiB single,65536,1,32016328,30955392,4194304,1.0342730597629002,0.03369882223159304
1,ba,0,deepseek-r1,ecb6f9fc369894346f0511f4074ca75cee5cd5f3b06d02f1ba35fcd39f8e121d,flat-ragged,140-byte batch 1,140,1,57433007,55112651,4194400,1.0421020574749706,0.041239882368936
1,ba,1,deepseek-r1,ecb6f9fc369894346f0511f4074ca75cee5cd5f3b06d02f1ba35fcd39f8e121d,flat-ragged,140-byte batch 1,140,1,52451596,53516109,4194400,0.9801085501189931,-0.020091948024012467
1,ba,2,deepseek-r1,ecb6f9fc369894346f0511f4074ca75cee5cd5f3b06d02f1ba35fcd39f8e121d,flat-ragged,140-byte batch 1,140,1,50958875,48534049,4194400,1.0499613374519814,0.04875334201720144
1,ba,3,deepseek-r1,ecb6f9fc369894346f0511f4074ca75cee5cd5f3b06d02f1ba35fcd39f8e121d,flat-ragged,140-byte batch 1,140,1,42538366,42822702,4194400,0.9933601574230416,-0.006661984398245221
1,ba,4,deepseek-r1,ecb6f9fc369894346f0511f4074ca75cee5cd5f3b06d02f1ba35fcd39f8e121d,flat-ragged,140-byte batch 1,140,1,52670582,51709043,4194400,1.018595180730767,0.018424404189520023
1,ba,5,deepseek-r1,ecb6f9fc369894346f0511f4074ca75cee5cd5f3b06d02f1ba35fcd39f8e121d,flat-ragged,140-byte batch 1,140,1,50021352,48556562,4194400,1.0301666744857265,0.029720609039173312
1,ba,0,deepseek-r1,ecb6f9fc369894346f0511f4074ca75cee5cd5f3b06d02f1ba35fcd39f8e121d,flat-ragged,140-byte batch 32,140,32,53202012,51756130,4197760,1.0279364396062842,0.027553335944704705
1,ba,1,deepseek-r1,ecb6f9fc369894346f0511f4074ca75cee5cd5f3b06d02f1ba35fcd39f8e121d,flat-ragged,140-byte batch 32,140,32,50285407,51374467,4197760,0.9788015318971581,-0.021426382338059196
1,ba,2,deepseek-r1,ecb6f9fc369894346f0511f4074ca75cee5cd5f3b06d02f1ba35fcd39f8e121d,flat-ragged,140-byte batch 32,140,32,48258164,46842549,4197760,1.030220708100236,0.029773058995893553
1,ba,3,deepseek-r1,ecb6f9fc369894346f0511f4074ca75cee5cd5f3b06d02f1ba35fcd39f8e121d,flat-ragged,140-byte batch 32,140,32,41710987,39376687,4197760,1.0592812696507454,0.057590630646510065
1,ba,4,deepseek-r1,ecb6f9fc369894346f0511f4074ca75cee5cd5f3b06d02f1ba35fcd39f8e121d,flat-ragged,140-byte batch 32,140,32,51304422,49466910,4197760,1.037146286275007,0.036472986101689794
1,ba,5,deepseek-r1,ecb6f9fc369894346f0511f4074ca75cee5cd5f3b06d02f1ba35fcd39f8e121d,flat-ragged,140-byte batch 32,140,32,47115827,47584975,4197760,0.9901408375227685,-0.009908085847504725
1,ba,0,deepseek-r1,ecb6f9fc369894346f0511f4074ca75cee5cd5f3b06d02f1ba35fcd39f8e121d,flat-ragged,140-byte batch 512,140,512,17392895,17241386,4229120,1.0087875185904427,0.008749133060750324
1,ba,1,deepseek-r1,ecb6f9fc369894346f0511f4074ca75cee5cd5f3b06d02f1ba35fcd39f8e121d,flat-ragged,140-byte batch 512,140,512,16570499,16594460,4229120,0.9985560843799678,-0.0014449590707485752
1,ba,2,deepseek-r1,ecb6f9fc369894346f0511f4074ca75cee5cd5f3b06d02f1ba35fcd39f8e121d,flat-ragged,140-byte batch 512,140,512,16212807,15902016,4229120,1.0195441257259457,0.019355591827914048
1,ba,3,deepseek-r1,ecb6f9fc369894346f0511f4074ca75cee5cd5f3b06d02f1ba35fcd39f8e121d,flat-ragged,140-byte batch 512,140,512,14490882,14288511,4229120,1.0141631972708702,0.014063836272999274
1,ba,4,deepseek-r1,ecb6f9fc369894346f0511f4074ca75cee5cd5f3b06d02f1ba35fcd39f8e121d,flat-ragged,140-byte batch 512,140,512,13684583,14090512,4229120,0.9711913236367848,-0.02923179236921295
1,ba,5,deepseek-r1,ecb6f9fc369894346f0511f4074ca75cee5cd5f3b06d02f1ba35fcd39f8e121d,flat-ragged,140-byte batch 512,140,512,14322440,13902441,4229120,1.030210450092901,0.029763101849502916
1,ba,0,deepseek-r1,ecb6f9fc369894346f0511f4074ca75cee5cd5f3b06d02f1ba35fcd39f8e121d,flat-ragged,4 KiB single,4096,1,43344653,39800670,4194304,1.0890433000248487,0.0852996044320351
1,ba,1,deepseek-r1,ecb6f9fc369894346f0511f4074ca75cee5cd5f3b06d02f1ba35fcd39f8e121d,flat-ragged,4 KiB single,4096,1,41982273,41062847,4194304,1.0223907027196628,0.02214371101573205
1,ba,2,deepseek-r1,ecb6f9fc369894346f0511f4074ca75cee5cd5f3b06d02f1ba35fcd39f8e121d,flat-ragged,4 KiB single,4096,1,39219607,38455856,4194304,1.0198604602638413,0.01966581427480436
1,ba,3,deepseek-r1,ecb6f9fc369894346f0511f4074ca75cee5cd5f3b06d02f1ba35fcd39f8e121d,flat-ragged,4 KiB single,4096,1,39265184,37719829,4194304,1.0409693002584928,0.04015229857212729
1,ba,4,deepseek-r1,ecb6f9fc369894346f0511f4074ca75cee5cd5f3b06d02f1ba35fcd39f8e121d,flat-ragged,4 KiB single,4096,1,39106629,38528649,4194304,1.0150013046136137,0.014889897826534179
1,ba,5,deepseek-r1,ecb6f9fc369894346f0511f4074ca75cee5cd5f3b06d02f1ba35fcd39f8e121d,flat-ragged,4 KiB single,4096,1,43462826,41789654,4194304,1.0400379481486015,0.03925720109201289
1,ba,0,deepseek-r1,ecb6f9fc369894346f0511f4074ca75cee5cd5f3b06d02f1ba35fcd39f8e121d,flat-ragged,64 KiB single,65536,1,36845675,35667184,4194304,1.033041324484714,0.03250719367879552
1,ba,1,deepseek-r1,ecb6f9fc369894346f0511f4074ca75cee5cd5f3b06d02f1ba35fcd39f8e121d,flat-ragged,64 KiB single,65536,1,38485012,36990168,4194304,1.040411927839852,0.039616719193934016
1,ba,2,deepseek-r1,ecb6f9fc369894346f0511f4074ca75cee5cd5f3b06d02f1ba35fcd39f8e121d,flat-ragged,64 KiB single,65536,1,37001905,35442346,4194304,1.0440027023041871,0.04306207787106938
1,ba,3,deepseek-r1,ecb6f9fc369894346f0511f4074ca75cee5cd5f3b06d02f1ba35fcd39f8e121d,flat-ragged,64 KiB single,65536,1,37550141,36211365,4194304,1.0369711553265115,0.03630411336054319
1,ba,4,deepseek-r1,ecb6f9fc369894346f0511f4074ca75cee5cd5f3b06d02f1ba35fcd39f8e121d,flat-ragged,64 KiB single,65536,1,34966484,36274552,4194304,0.9639397889738238,-0.03672644589299383
1,ba,5,deepseek-r1,ecb6f9fc369894346f0511f4074ca75cee5cd5f3b06d02f1ba35fcd39f8e121d,flat-ragged,64 KiB single,65536,1,38268634,37988148,4194304,1.0073835134052862,0.0073563887054098375
1,ba,0,deepseek-r1,ecb6f9fc369894346f0511f4074ca75cee5cd5f3b06d02f1ba35fcd39f8e121d,nested,140-byte batch 1,140,1,57812766,56232792,4194400,1.02809702210767,0.027709542061679464
1,ba,1,deepseek-r1,ecb6f9fc369894346f0511f4074ca75cee5cd5f3b06d02f1ba35fcd39f8e121d,nested,140-byte batch 1,140,1,54911546,53044731,4194400,1.0351932221128617,0.03458809732504076
1,ba,2,deepseek-r1,ecb6f9fc369894346f0511f4074ca75cee5cd5f3b06d02f1ba35fcd39f8e121d,nested,140-byte batch 1,140,1,51510297,50704662,4194400,1.01588877567116,0.015763870399103493
1,ba,3,deepseek-r1,ecb6f9fc369894346f0511f4074ca75cee5cd5f3b06d02f1ba35fcd39f8e121d,nested,140-byte batch 1,140,1,43524316,42799514,4194400,1.016934818465462,0.016793023041414355
1,ba,4,deepseek-r1,ecb6f9fc369894346f0511f4074ca75cee5cd5f3b06d02f1ba35fcd39f8e121d,nested,140-byte batch 1,140,1,53995146,52570059,4194400,1.027108339368613,0.026747416491304035
1,ba,5,deepseek-r1,ecb6f9fc369894346f0511f4074ca75cee5cd5f3b06d02f1ba35fcd39f8e121d,nested,140-byte batch 1,140,1,50533913,48574315,4194400,1.0403422673073208,0.03954976219082456
1,ba,0,deepseek-r1,ecb6f9fc369894346f0511f4074ca75cee5cd5f3b06d02f1ba35fcd39f8e121d,nested,140-byte batch 32,140,32,63510777,57240303,4197760,1.109546485105084,0.10395135985856921
1,ba,1,deepseek-r1,ecb6f9fc369894346f0511f4074ca75cee5cd5f3b06d02f1ba35fcd39f8e121d,nested,140-byte batch 32,140,32,56325638,53317057,4197760,1.0564281145525343,0.05489351463511017
1,ba,2,deepseek-r1,ecb6f9fc369894346f0511f4074ca75cee5cd5f3b06d02f1ba35fcd39f8e121d,nested,140-byte batch 32,140,32,52437949,50563986,4197760,1.037061219817599,0.036390963008816266
1,ba,3,deepseek-r1,ecb6f9fc369894346f0511f4074ca75cee5cd5f3b06d02f1ba35fcd39f8e121d,nested,140-byte batch 32,140,32,45112177,43676067,4197760,1.0328809368297744,0.03235192389128685
1,ba,4,deepseek-r1,ecb6f9fc369894346f0511f4074ca75cee5cd5f3b06d02f1ba35fcd39f8e121d,nested,140-byte batch 32,140,32,54075429,52701840,4197760,1.0260633974069975,0.02572953568462895
1,ba,5,deepseek-r1,ecb6f9fc369894346f0511f4074ca75cee5cd5f3b06d02f1ba35fcd39f8e121d,nested,140-byte batch 32,140,32,52042140,50648362,4197760,1.0275187181769077,0.027146884426124448
1,ba,0,deepseek-r1,ecb6f9fc369894346f0511f4074ca75cee5cd5f3b06d02f1ba35fcd39f8e121d,nested,140-byte batch 512,140,512,19394234,19057350,4229120,1.0176773790689682,0.017522951464506813
1,ba,1,deepseek-r1,ecb6f9fc369894346f0511f4074ca75cee5cd5f3b06d02f1ba35fcd39f8e121d,nested,140-byte batch 512,140,512,19339470,18653967,4229120,1.0367483763641268,0.03608925406078033
1,ba,2,deepseek-r1,ecb6f9fc369894346f0511f4074ca75cee5cd5f3b06d02f1ba35fcd39f8e121d,nested,140-byte batch 512,140,512,18786464,18135639,4229120,1.0358865215612199,0.03525760266530849
1,ba,3,deepseek-r1,ecb6f9fc369894346f0511f4074ca75cee5cd5f3b06d02f1ba35fcd39f8e121d,nested,140-byte batch 512,140,512,16857998,16990819,4229120,0.9921827782404132,-0.00784793641114579
1,ba,4,deepseek-r1,ecb6f9fc369894346f0511f4074ca75cee5cd5f3b06d02f1ba35fcd39f8e121d,nested,140-byte batch 512,140,512,15846386,16014357,4229120,0.9895112242096264,-0.010544170689423595
1,ba,5,deepseek-r1,ecb6f9fc369894346f0511f4074ca75cee5cd5f3b06d02f1ba35fcd39f8e121d,nested,140-byte batch 512,140,512,16376546,16144072,4229120,1.0143999605551808,0.014297265815946678
1,ba,0,deepseek-r1,ecb6f9fc369894346f0511f4074ca75cee5cd5f3b06d02f1ba35fcd39f8e121d,nested,4 KiB single,4096,1,42021936,42144564,4194304,0.9970903008985927,-0.0029139405053084286
1,ba,1,deepseek-r1,ecb6f9fc369894346f0511f4074ca75cee5cd5f3b06d02f1ba35fcd39f8e121d,nested,4 KiB single,4096,1,43453289,42452821,4194304,1.023566584656412,0.023293179847243654
1,ba,2,deepseek-r1,ecb6f9fc369894346f0511f4074ca75cee5cd5f3b06d02f1ba35fcd39f8e121d,nested,4 KiB single,4096,1,41236997,40150752,4194304,1.02705416326947,0.026694668863902787
1,ba,3,deepseek-r1,ecb6f9fc369894346f0511f4074ca75cee5cd5f3b06d02f1ba35fcd39f8e121d,nested,4 KiB single,4096,1,39226247,38609069,4194304,1.0159853116375326,0.015858892002113347
1,ba,4,deepseek-r1,ecb6f9fc369894346f0511f4074ca75cee5cd5f3b06d02f1ba35fcd39f8e121d,nested,4 KiB single,4096,1,39410148,39067180,4194304,1.0087789290140727,0.008740618271678366
1,ba,5,deepseek-r1,ecb6f9fc369894346f0511f4074ca75cee5cd5f3b06d02f1ba35fcd39f8e121d,nested,4 KiB single,4096,1,42551731,44152901,4194304,0.9637357916753873,-0.03693809696254713
1,ba,0,deepseek-r1,ecb6f9fc369894346f0511f4074ca75cee5cd5f3b06d02f1ba35fcd39f8e121d,nested,64 KiB single,65536,1,39045889,38800706,4194304,1.006319034504166,0.006299153115797177
1,ba,1,deepseek-r1,ecb6f9fc369894346f0511f4074ca75cee5cd5f3b06d02f1ba35fcd39f8e121d,nested,64 KiB single,65536,1,39896741,39846481,4194304,1.001261340995206,0.001260546172943998
1,ba,2,deepseek-r1,ecb6f9fc369894346f0511f4074ca75cee5cd5f3b06d02f1ba35fcd39f8e121d,nested,64 KiB single,65536,1,39341393,37814792,4194304,1.0403704719571114,0.03957687275660337
1,ba,3,deepseek-r1,ecb6f9fc369894346f0511f4074ca75cee5cd5f3b06d02f1ba35fcd39f8e121d,nested,64 KiB single,65536,1,38248808,37317963,4194304,1.0249436176352926,0.02463760389234045
1,ba,4,deepseek-r1,ecb6f9fc369894346f0511f4074ca75cee5cd5f3b06d02f1ba35fcd39f8e121d,nested,64 KiB single,65536,1,36415976,36209290,4194304,1.0057080931440523,0.005691863710505679
1,ba,5,deepseek-r1,ecb6f9fc369894346f0511f4074ca75cee5cd5f3b06d02f1ba35fcd39f8e121d,nested,64 KiB single,65536,1,37414920,37131463,4194304,1.0076338764244221,0.007604885836688142
1,ba,0,gemma-3,4667f2089529e8e7657cfb6d1c19910ae71ff5f28aa7ab2ff2763330affad795,flat-ragged,140-byte batch 1,140,1,269471991,266589359,4194400,1.01081300473062,0.010754962229332652
1,ba,1,gemma-3,4667f2089529e8e7657cfb6d1c19910ae71ff5f28aa7ab2ff2763330affad795,flat-ragged,140-byte batch 1,140,1,246353786,241108761,4194400,1.0217537719419494,0.02152053510402802
1,ba,2,gemma-3,4667f2089529e8e7657cfb6d1c19910ae71ff5f28aa7ab2ff2763330affad795,flat-ragged,140-byte batch 1,140,1,238265373,234382615,4194400,1.0165658958963317,0.016430178248125246
1,ba,3,gemma-3,4667f2089529e8e7657cfb6d1c19910ae71ff5f28aa7ab2ff2763330affad795,flat-ragged,140-byte batch 1,140,1,190503780,194225942,4194400,0.9808359173770927,-0.019350093980193342
1,ba,4,gemma-3,4667f2089529e8e7657cfb6d1c19910ae71ff5f28aa7ab2ff2763330affad795,flat-ragged,140-byte batch 1,140,1,190052737,190089620,4194400,0.999805970468035,-0.00019404835812991003
1,ba,5,gemma-3,4667f2089529e8e7657cfb6d1c19910ae71ff5f28aa7ab2ff2763330affad795,flat-ragged,140-byte batch 1,140,1,191455542,195930045,4194400,0.9771627521445218,-0.023102057246303466
1,ba,0,gemma-3,4667f2089529e8e7657cfb6d1c19910ae71ff5f28aa7ab2ff2763330affad795,flat-ragged,140-byte batch 32,140,32,94134978,95063924,4197760,0.9902281963450194,-0.009819861056252654
1,ba,1,gemma-3,4667f2089529e8e7657cfb6d1c19910ae71ff5f28aa7ab2ff2763330affad795,flat-ragged,140-byte batch 32,140,32,85914107,86302174,4197760,0.9955033925333098,-0.004506747614973834
1,ba,2,gemma-3,4667f2089529e8e7657cfb6d1c19910ae71ff5f28aa7ab2ff2763330affad795,flat-ragged,140-byte batch 32,140,32,83305800,83250069,4197760,1.0006694408865895,0.0006692169109925445
1,ba,3,gemma-3,4667f2089529e8e7657cfb6d1c19910ae71ff5f28aa7ab2ff2763330affad795,flat-ragged,140-byte batch 32,140,32,70014125,71080075,4197760,0.9850035329872683,-0.015110051027375828
1,ba,4,gemma-3,4667f2089529e8e7657cfb6d1c19910ae71ff5f28aa7ab2ff2763330affad795,flat-ragged,140-byte batch 32,140,32,74150237,73652383,4197760,1.006759509736433,0.00673676668090793
1,ba,5,gemma-3,4667f2089529e8e7657cfb6d1c19910ae71ff5f28aa7ab2ff2763330affad795,flat-ragged,140-byte batch 32,140,32,75559888,76141951,4197760,0.9923555544301721,-0.007673814110406067
1,ba,0,gemma-3,4667f2089529e8e7657cfb6d1c19910ae71ff5f28aa7ab2ff2763330affad795,flat-ragged,140-byte batch 512,140,512,74081698,73493112,4229120,1.0080087233209012,0.007976823699926094
1,ba,1,gemma-3,4667f2089529e8e7657cfb6d1c19910ae71ff5f28aa7ab2ff2763330affad795,flat-ragged,140-byte batch 512,140,512,68574107,68158315,4229120,1.0061003855509045,0.006081853529097912
1,ba,2,gemma-3,4667f2089529e8e7657cfb6d1c19910ae71ff5f28aa7ab2ff2763330affad795,flat-ragged,140-byte batch 512,140,512,67441365,66650616,4229120,1.0118640913986452,0.011794264809707414
1,ba,3,gemma-3,4667f2089529e8e7657cfb6d1c19910ae71ff5f28aa7ab2ff2763330affad795,flat-ragged,140-byte batch 512,140,512,54359430,54403881,4229120,0.999182944319726,-0.0008173896521945103
1,ba,4,gemma-3,4667f2089529e8e7657cfb6d1c19910ae71ff5f28aa7ab2ff2763330affad795,flat-ragged,140-byte batch 512,140,512,54261920,53770153,4229120,1.0091457243947213,0.009104155516806474
1,ba,5,gemma-3,4667f2089529e8e7657cfb6d1c19910ae71ff5f28aa7ab2ff2763330affad795,flat-ragged,140-byte batch 512,140,512,56091371,56792575,4229120,0.9876532451645308,-0.012423609270062983
1,ba,0,gemma-3,4667f2089529e8e7657cfb6d1c19910ae71ff5f28aa7ab2ff2763330affad795,flat-ragged,4 KiB single,4096,1,189062678,187856180,4194304,1.0064224557318264,0.00640191964418964
1,ba,1,gemma-3,4667f2089529e8e7657cfb6d1c19910ae71ff5f28aa7ab2ff2763330affad795,flat-ragged,4 KiB single,4096,1,193049926,196049975,4194304,0.9846975292906821,-0.01542076183005379
1,ba,2,gemma-3,4667f2089529e8e7657cfb6d1c19910ae71ff5f28aa7ab2ff2763330affad795,flat-ragged,4 KiB single,4096,1,181388904,180422736,4194304,1.0053550235486952,0.0053407363927661725
1,ba,3,gemma-3,4667f2089529e8e7657cfb6d1c19910ae71ff5f28aa7ab2ff2763330affad795,flat-ragged,4 KiB single,4096,1,177823056,182107804,4194304,0.9764713652798757,-0.023809852925487793
1,ba,4,gemma-3,4667f2089529e8e7657cfb6d1c19910ae71ff5f28aa7ab2ff2763330affad795,flat-ragged,4 KiB single,4096,1,203818750,205025000,4194304,0.9941165711498597,-0.005900804403062971
1,ba,5,gemma-3,4667f2089529e8e7657cfb6d1c19910ae71ff5f28aa7ab2ff2763330affad795,flat-ragged,4 KiB single,4096,1,179848536,174170888,4194304,1.0325981457934577,0.032078097794026525
1,ba,0,gemma-3,4667f2089529e8e7657cfb6d1c19910ae71ff5f28aa7ab2ff2763330affad795,flat-ragged,64 KiB single,65536,1,102413431,101859582,4194304,1.005437377506615,0.005422648337452859
1,ba,1,gemma-3,4667f2089529e8e7657cfb6d1c19910ae71ff5f28aa7ab2ff2763330affad795,flat-ragged,64 KiB single,65536,1,100269356,100192419,4194304,1.0007678924290668,0.0007675977505201548
1,ba,2,gemma-3,4667f2089529e8e7657cfb6d1c19910ae71ff5f28aa7ab2ff2763330affad795,flat-ragged,64 KiB single,65536,1,94613886,93918240,4194304,1.0074069318164396,0.007379635203535714
1,ba,3,gemma-3,4667f2089529e8e7657cfb6d1c19910ae71ff5f28aa7ab2ff2763330affad795,flat-ragged,64 KiB single,65536,1,95617124,94417599,4194304,1.0127044641327938,0.012624439495684123
1,ba,4,gemma-3,4667f2089529e8e7657cfb6d1c19910ae71ff5f28aa7ab2ff2763330affad795,flat-ragged,64 KiB single,65536,1,95913107,97315078,4194304,0.9855934863454562,-0.01451129504629457
1,ba,5,gemma-3,4667f2089529e8e7657cfb6d1c19910ae71ff5f28aa7ab2ff2763330affad795,flat-ragged,64 KiB single,65536,1,106066247,104510755,4194304,1.0148835591131267,0.014773885827308835
1,ba,0,gemma-3,4667f2089529e8e7657cfb6d1c19910ae71ff5f28aa7ab2ff2763330affad795,nested,140-byte batch 1,140,1,258152865,253861225,4194400,1.0169054569085925,0.0167641500200398
1,ba,1,gemma-3,4667f2089529e8e7657cfb6d1c19910ae71ff5f28aa7ab2ff2763330affad795,nested,140-byte batch 1,140,1,248875389,239104374,4194400,1.040865061715684,0.04005215751883333
1,ba,2,gemma-3,4667f2089529e8e7657cfb6d1c19910ae71ff5f28aa7ab2ff2763330affad795,nested,140-byte batch 1,140,1,238797760,227180671,4194400,1.0511359040752195,0.04987139283596197
1,ba,3,gemma-3,4667f2089529e8e7657cfb6d1c19910ae71ff5f28aa7ab2ff2763330affad795,nested,140-byte batch 1,140,1,184012390,185567874,4194400,0.991617708569534,-0.00841762039894456
1,ba,4,gemma-3,4667f2089529e8e7657cfb6d1c19910ae71ff5f28aa7ab2ff2763330affad795,nested,140-byte batch 1,140,1,192589347,191325177,4194400,1.006607441946859,0.006585708484848704
1,ba,5,gemma-3,4667f2089529e8e7657cfb6d1c19910ae71ff5f28aa7ab2ff2763330affad795,nested,140-byte batch 1,140,1,189529278,189760847,4194400,0.9987796797724032,-0.0012210654246400884
1,ba,0,gemma-3,4667f2089529e8e7657cfb6d1c19910ae71ff5f28aa7ab2ff2763330affad795,nested,140-byte batch 32,140,32,60172296,59020467,4197760,1.0195157554412437,0.01932776499951554
1,ba,1,gemma-3,4667f2089529e8e7657cfb6d1c19910ae71ff5f28aa7ab2ff2763330affad795,nested,140-byte batch 32,140,32,59695640,58791215,4197760,1.0153836759454622,0.015266546925133805
1,ba,2,gemma-3,4667f2089529e8e7657cfb6d1c19910ae71ff5f28aa7ab2ff2763330affad795,nested,140-byte batch 32,140,32,58892356,58180823,4197760,1.0122296826223995,0.012155504226993586
1,ba,3,gemma-3,4667f2089529e8e7657cfb6d1c19910ae71ff5f28aa7ab2ff2763330affad795,nested,140-byte batch 32,140,32,57730160,57342943,4197760,1.0067526530683995,0.006729956026211861
1,ba,4,gemma-3,4667f2089529e8e7657cfb6d1c19910ae71ff5f28aa7ab2ff2763330affad795,nested,140-byte batch 32,140,32,57239182,56247561,4197760,1.0176295821964618,0.01747598373587938
1,ba,5,gemma-3,4667f2089529e8e7657cfb6d1c19910ae71ff5f28aa7ab2ff2763330affad795,nested,140-byte batch 32,140,32,57871670,57679617,4197760,1.0033296510966776,0.0033241200826288277
1,ba,0,gemma-3,4667f2089529e8e7657cfb6d1c19910ae71ff5f28aa7ab2ff2763330affad795,nested,140-byte batch 512,140,512,45824676,46401386,4229120,0.9875712764269584,-0.012506606151403227
1,ba,1,gemma-3,4667f2089529e8e7657cfb6d1c19910ae71ff5f28aa7ab2ff2763330affad795,nested,140-byte batch 512,140,512,45397330,45705630,4229120,0.9932546603120884,-0.006768192315462553
1,ba,2,gemma-3,4667f2089529e8e7657cfb6d1c19910ae71ff5f28aa7ab2ff2763330affad795,nested,140-byte batch 512,140,512,44988365,45324551,4229120,0.9925826954137946,-0.007444949575570449
1,ba,3,gemma-3,4667f2089529e8e7657cfb6d1c19910ae71ff5f28aa7ab2ff2763330affad795,nested,140-byte batch 512,140,512,44252660,44800248,4229120,0.9877771212337931,-0.012298192478328055
1,ba,4,gemma-3,4667f2089529e8e7657cfb6d1c19910ae71ff5f28aa7ab2ff2763330affad795,nested,140-byte batch 512,140,512,43353510,43942536,4229120,0.9865955392287782,-0.013495111550131668
1,ba,5,gemma-3,4667f2089529e8e7657cfb6d1c19910ae71ff5f28aa7ab2ff2763330affad795,nested,140-byte batch 512,140,512,44646918,44660264,4229120,0.9997011661193942,-0.00029887854034735863
1,ba,0,gemma-3,4667f2089529e8e7657cfb6d1c19910ae71ff5f28aa7ab2ff2763330affad795,nested,4 KiB single,4096,1,162711015,159910200,4194304,1.0175149240010957,0.017363305549993015
1,ba,1,gemma-3,4667f2089529e8e7657cfb6d1c19910ae71ff5f28aa7ab2ff2763330affad795,nested,4 KiB single,4096,1,161222239,157718341,4194304,1.0222161733238115,0.021972989300648213
1,ba,2,gemma-3,4667f2089529e8e7657cfb6d1c19910ae71ff5f28aa7ab2ff2763330affad795,nested,4 KiB single,4096,1,158792691,156469602,4194304,1.0148469029786373,0.014737766613277293
1,ba,3,gemma-3,4667f2089529e8e7657cfb6d1c19910ae71ff5f28aa7ab2ff2763330affad795,nested,4 KiB single,4096,1,159579966,160549441,4194304,0.9939615174368623,-0.006056787927253418
1,ba,4,gemma-3,4667f2089529e8e7657cfb6d1c19910ae71ff5f28aa7ab2ff2763330affad795,nested,4 KiB single,4096,1,160101370,163269268,4194304,0.9805970955905798,-0.01959361163908271
1,ba,5,gemma-3,4667f2089529e8e7657cfb6d1c19910ae71ff5f28aa7ab2ff2763330affad795,nested,4 KiB single,4096,1,159614976,158273032,4194304,1.0084786648934607,0.008442922901750026
1,ba,0,gemma-3,4667f2089529e8e7657cfb6d1c19910ae71ff5f28aa7ab2ff2763330affad795,nested,64 KiB single,65536,1,88367596,87168991,4194304,1.013750359918701,0.013656681484365626
1,ba,1,gemma-3,4667f2089529e8e7657cfb6d1c19910ae71ff5f28aa7ab2ff2763330affad795,nested,64 KiB single,65536,1,86279739,86795041,4194304,0.9940630018251849,-0.005954692216232304
1,ba,2,gemma-3,4667f2089529e8e7657cfb6d1c19910ae71ff5f28aa7ab2ff2763330affad795,nested,64 KiB single,65536,1,90933348,89773402,4194304,1.0129208203561229,0.012838058693478044
1,ba,3,gemma-3,4667f2089529e8e7657cfb6d1c19910ae71ff5f28aa7ab2ff2763330affad795,nested,64 KiB single,65536,1,105139628,106797148,4194304,0.9844797353577269,-0.015641964804263563
1,ba,4,gemma-3,4667f2089529e8e7657cfb6d1c19910ae71ff5f28aa7ab2ff2763330affad795,nested,64 KiB single,65536,1,113279826,110759674,4194304,1.0227533352978269,0.02249833892968181
1,ba,5,gemma-3,4667f2089529e8e7657cfb6d1c19910ae71ff5f28aa7ab2ff2763330affad795,nested,64 KiB single,65536,1,92955610,94246080,4194304,0.9863074411158533,-0.013787166575485555
1,ba,0,glm-4-7,9340665016419c825c4bdabbcc9acc43b7ca2c68ce142724afa829abb1be5efd,flat-ragged,140-byte batch 1,140,1,67030686,69024344,4194400,0.9711165961968432,-0.029308739427107773
1,ba,1,glm-4-7,9340665016419c825c4bdabbcc9acc43b7ca2c68ce142724afa829abb1be5efd,flat-ragged,140-byte batch 1,140,1,68774777,62259153,4194400,1.104653270821079,0.0995315036674522
1,ba,2,glm-4-7,9340665016419c825c4bdabbcc9acc43b7ca2c68ce142724afa829abb1be5efd,flat-ragged,140-byte batch 1,140,1,59978110,56989639,4194400,1.052438847700018,0.051110182938689463
1,ba,3,glm-4-7,9340665016419c825c4bdabbcc9acc43b7ca2c68ce142724afa829abb1be5efd,flat-ragged,140-byte batch 1,140,1,74616212,66389063,4194400,1.123923258263187,0.11682547357405719
1,ba,4,glm-4-7,9340665016419c825c4bdabbcc9acc43b7ca2c68ce142724afa829abb1be5efd,flat-ragged,140-byte batch 1,140,1,60562919,59038447,4194400,1.025821681928727,0.02549393235399122
1,ba,5,glm-4-7,9340665016419c825c4bdabbcc9acc43b7ca2c68ce142724afa829abb1be5efd,flat-ragged,140-byte batch 1,140,1,56659934,55807111,4194400,1.0152816188603635,0.015166031014958286
1,ba,0,glm-4-7,9340665016419c825c4bdabbcc9acc43b7ca2c68ce142724afa829abb1be5efd,flat-ragged,140-byte batch 32,140,32,63965054,68001179,4197760,0.940646249677524,-0.06118814028077515
1,ba,1,glm-4-7,9340665016419c825c4bdabbcc9acc43b7ca2c68ce142724afa829abb1be5efd,flat-ragged,140-byte batch 32,140,32,60348219,60446990,4197760,0.9983659897705411,-0.0016353466802217387
1,ba,2,glm-4-7,9340665016419c825c4bdabbcc9acc43b7ca2c68ce142724afa829abb1be5efd,flat-ragged,140-byte batch 32,140,32,56540805,58152881,4197760,0.9722786563231494,-0.028112832147518665
1,ba,3,glm-4-7,9340665016419c825c4bdabbcc9acc43b7ca2c68ce142724afa829abb1be5efd,flat-ragged,140-byte batch 32,140,32,64540012,65097063,4197760,0.9914427629400115,-0.008594060434424823
1,ba,4,glm-4-7,9340665016419c825c4bdabbcc9acc43b7ca2c68ce142724afa829abb1be5efd,flat-ragged,140-byte batch 32,140,32,56500801,57175008,4197760,0.9882080121440473,-0.011862064787076182
1,ba,5,glm-4-7,9340665016419c825c4bdabbcc9acc43b7ca2c68ce142724afa829abb1be5efd,flat-ragged,140-byte batch 32,140,32,53812994,55316896,4197760,0.9728129720076846,-0.027563433147294165
1,ba,0,glm-4-7,9340665016419c825c4bdabbcc9acc43b7ca2c68ce142724afa829abb1be5efd,flat-ragged,140-byte batch 512,140,512,20626106,20063725,4229120,1.0280297402401597,0.02764409680921123
1,ba,1,glm-4-7,9340665016419c825c4bdabbcc9acc43b7ca2c68ce142724afa829abb1be5efd,flat-ragged,140-byte batch 512,140,512,20434798,19654372,4229120,1.0397075012114354,0.038939424760252146
1,ba,2,glm-4-7,9340665016419c825c4bdabbcc9acc43b7ca2c68ce142724afa829abb1be5efd,flat-ragged,140-byte batch 512,140,512,19573837,18532298,4229120,1.0562012870719002,0.054678779877247514
1,ba,3,glm-4-7,9340665016419c825c4bdabbcc9acc43b7ca2c68ce142724afa829abb1be5efd,flat-ragged,140-byte batch 512,140,512,15898368,16108334,4229120,0.9869653807774287,-0.013120315363978263
1,ba,4,glm-4-7,9340665016419c825c4bdabbcc9acc43b7ca2c68ce142724afa829abb1be5efd,flat-ragged,140-byte batch 512,140,512,15821215,15607409,4229120,1.0136990066704858,0.01360602350091865
1,ba,5,glm-4-7,9340665016419c825c4bdabbcc9acc43b7ca2c68ce142724afa829abb1be5efd,flat-ragged,140-byte batch 512,140,512,16196035,15689986,4229120,1.032252992450089,0.03174378473853237
1,ba,0,glm-4-7,9340665016419c825c4bdabbcc9acc43b7ca2c68ce142724afa829abb1be5efd,flat-ragged,4 KiB single,4096,1,51467743,48036271,4194304,1.0714350204244623,0.06899889053166841
1,ba,1,glm-4-7,9340665016419c825c4bdabbcc9acc43b7ca2c68ce142724afa829abb1be5efd,flat-ragged,4 KiB single,4096,1,49401357,47550848,4194304,1.038916424792256,0.03817827076074711
1,ba,2,glm-4-7,9340665016419c825c4bdabbcc9acc43b7ca2c68ce142724afa829abb1be5efd,flat-ragged,4 KiB single,4096,1,44440511,42419948,4194304,1.0476323780500627,0.046532740056269645
1,ba,3,glm-4-7,9340665016419c825c4bdabbcc9acc43b7ca2c68ce142724afa829abb1be5efd,flat-ragged,4 KiB single,4096,1,43192618,42247235,4194304,1.0223773934554534,0.022130693144185174
1,ba,4,glm-4-7,9340665016419c825c4bdabbcc9acc43b7ca2c68ce142724afa829abb1be5efd,flat-ragged,4 KiB single,4096,1,50456710,49794226,4194304,1.0133044341325839,0.013216707395239677
1,ba,5,glm-4-7,9340665016419c825c4bdabbcc9acc43b7ca2c68ce142724afa829abb1be5efd,flat-ragged,4 KiB single,4096,1,49663083,47707461,4194304,1.0409919530196754,0.0401740595546123
1,ba,0,glm-4-7,9340665016419c825c4bdabbcc9acc43b7ca2c68ce142724afa829abb1be5efd,flat-ragged,64 KiB single,65536,1,19601322,19287002,4194304,1.0162969859182884,0.01616561541703872
1,ba,1,glm-4-7,9340665016419c825c4bdabbcc9acc43b7ca2c68ce142724afa829abb1be5efd,flat-ragged,64 KiB single,65536,1,19338267,19397772,4194304,0.9969323796567977,-0.0030723351350838736
1,ba,2,glm-4-7,9340665016419c825c4bdabbcc9acc43b7ca2c68ce142724afa829abb1be5efd,flat-ragged,64 KiB single,65536,1,18067336,18000476,4194304,1.0037143462206222,0.003707465070750451
1,ba,3,glm-4-7,9340665016419c825c4bdabbcc9acc43b7ca2c68ce142724afa829abb1be5efd,flat-ragged,64 KiB single,65536,1,18437402,18929337,4194304,0.9740120322227873,-0.02633162200441876
1,ba,4,glm-4-7,9340665016419c825c4bdabbcc9acc43b7ca2c68ce142724afa829abb1be5efd,flat-ragged,64 KiB single,65536,1,17905704,17563384,4194304,1.0194905492016801,0.019303040956723246
1,ba,5,glm-4-7,9340665016419c825c4bdabbcc9acc43b7ca2c68ce142724afa829abb1be5efd,flat-ragged,64 KiB single,65536,1,18622597,17895299,4194304,1.0406418467777487,0.03983768315136412
1,ba,0,glm-4-7,9340665016419c825c4bdabbcc9acc43b7ca2c68ce142724afa829abb1be5efd,nested,140-byte batch 1,140,1,73755848,68328469,4194400,1.079430712840939,0.07643378442086149
1,ba,1,glm-4-7,9340665016419c825c4bdabbcc9acc43b7ca2c68ce142724afa829abb1be5efd,nested,140-byte batch 1,140,1,62300794,61171403,4194400,1.018462728409221,0.018294361424276696
1,ba,2,glm-4-7,9340665016419c825c4bdabbcc9acc43b7ca2c68ce142724afa829abb1be5efd,nested,140-byte batch 1,140,1,59459285,59870626,4194400,0.9931295022704456,-0.00689420826360193
1,ba,3,glm-4-7,9340665016419c825c4bdabbcc9acc43b7ca2c68ce142724afa829abb1be5efd,nested,140-byte batch 1,140,1,68052212,66465746,4194400,1.023868926409101,0.02358851687080572
1,ba,4,glm-4-7,9340665016419c825c4bdabbcc9acc43b7ca2c68ce142724afa829abb1be5efd,nested,140-byte batch 1,140,1,60230373,60719103,4194400,0.991950968050368,-0.008081600287417563
1,ba,5,glm-4-7,9340665016419c825c4bdabbcc9acc43b7ca2c68ce142724afa829abb1be5efd,nested,140-byte batch 1,140,1,57304384,57555900,4194400,0.9956300570401991,-0.004379519068753234
1,ba,0,glm-4-7,9340665016419c825c4bdabbcc9acc43b7ca2c68ce142724afa829abb1be5efd,nested,140-byte batch 32,140,32,69782936,71423100,4197760,0.9770359449533834,-0.023231836466302568
1,ba,1,glm-4-7,9340665016419c825c4bdabbcc9acc43b7ca2c68ce142724afa829abb1be5efd,nested,140-byte batch 32,140,32,63383711,63373542,4197760,1.0001604612852475,0.00016044841271247188
1,ba,2,glm-4-7,9340665016419c825c4bdabbcc9acc43b7ca2c68ce142724afa829abb1be5efd,nested,140-byte batch 32,140,32,62023481,61817538,4197760,1.003331465578587,0.0033259285413609102
1,ba,3,glm-4-7,9340665016419c825c4bdabbcc9acc43b7ca2c68ce142724afa829abb1be5efd,nested,140-byte batch 32,140,32,67404637,68021718,4197760,0.9909281767920063,-0.009113222766004235
1,ba,4,glm-4-7,9340665016419c825c4bdabbcc9acc43b7ca2c68ce142724afa829abb1be5efd,nested,140-byte batch 32,140,32,61412281,61149470,4197760,1.0042978459175524,0.004288636555304578
1,ba,5,glm-4-7,9340665016419c825c4bdabbcc9acc43b7ca2c68ce142724afa829abb1be5efd,nested,140-byte batch 32,140,32,59817029,58399727,4197760,1.0242689833121994,0.02397917113904354
1,ba,0,glm-4-7,9340665016419c825c4bdabbcc9acc43b7ca2c68ce142724afa829abb1be5efd,nested,140-byte batch 512,140,512,23804811,23064726,4229120,1.0320873094265244,0.031583265638295166
1,ba,1,glm-4-7,9340665016419c825c4bdabbcc9acc43b7ca2c68ce142724afa829abb1be5efd,nested,140-byte batch 512,140,512,22256974,21527461,4229120,1.0338875541337642,0.03332602175274199
1,ba,2,glm-4-7,9340665016419c825c4bdabbcc9acc43b7ca2c68ce142724afa829abb1be5efd,nested,140-byte batch 512,140,512,21498604,21105292,4229120,1.0186357052060686,0.01846418807026399
1,ba,3,glm-4-7,9340665016419c825c4bdabbcc9acc43b7ca2c68ce142724afa829abb1be5efd,nested,140-byte batch 512,140,512,18947119,19015732,4229120,0.9963917770822601,-0.003614748255362602
1,ba,4,glm-4-7,9340665016419c825c4bdabbcc9acc43b7ca2c68ce142724afa829abb1be5efd,nested,140-byte batch 512,140,512,17994479,18033659,4229120,0.9978273959821465,-0.0021749675459235636
1,ba,5,glm-4-7,9340665016419c825c4bdabbcc9acc43b7ca2c68ce142724afa829abb1be5efd,nested,140-byte batch 512,140,512,18898660,17841730,4229120,1.0592392105474078,0.057550924536763845
1,ba,0,glm-4-7,9340665016419c825c4bdabbcc9acc43b7ca2c68ce142724afa829abb1be5efd,nested,4 KiB single,4096,1,52714714,51618471,4194304,1.0212374171253542,0.02101504606388606
1,ba,1,glm-4-7,9340665016419c825c4bdabbcc9acc43b7ca2c68ce142724afa829abb1be5efd,nested,4 KiB single,4096,1,49503726,47419221,4194304,1.0439590730518327,0.04302028663439469
1,ba,2,glm-4-7,9340665016419c825c4bdabbcc9acc43b7ca2c68ce142724afa829abb1be5efd,nested,4 KiB single,4096,1,47476812,43914144,4194304,1.0811280301854456,0.07800496844828413
1,ba,3,glm-4-7,9340665016419c825c4bdabbcc9acc43b7ca2c68ce142724afa829abb1be5efd,nested,4 KiB single,4096,1,45330713,43505042,4194304,1.0419645842429022,0.041107954502987765
1,ba,4,glm-4-7,9340665016419c825c4bdabbcc9acc43b7ca2c68ce142724afa829abb1be5efd,nested,4 KiB single,4096,1,51538587,49439562,4194304,1.0424563834121345,0.04157983536197898
1,ba,5,glm-4-7,9340665016419c825c4bdabbcc9acc43b7ca2c68ce142724afa829abb1be5efd,nested,4 KiB single,4096,1,49759105,48048504,4194304,1.0356015454716343,0.03498246123831342
1,ba,0,glm-4-7,9340665016419c825c4bdabbcc9acc43b7ca2c68ce142724afa829abb1be5efd,nested,64 KiB single,65536,1,50112067,49440489,4194304,1.0135835630590142,0.013492133495331682
1,ba,1,glm-4-7,9340665016419c825c4bdabbcc9acc43b7ca2c68ce142724afa829abb1be5efd,nested,64 KiB single,65536,1,43301320,42878886,4194304,1.0098517951235952,0.00980358258477678
1,ba,2,glm-4-7,9340665016419c825c4bdabbcc9acc43b7ca2c68ce142724afa829abb1be5efd,nested,64 KiB single,65536,1,43542984,44266699,4194304,0.9836510285079084,-0.01648409065688297
1,ba,3,glm-4-7,9340665016419c825c4bdabbcc9acc43b7ca2c68ce142724afa829abb1be5efd,nested,64 KiB single,65536,1,41741741,42111518,4194304,0.991219100674547,-0.008819678600101915
1,ba,4,glm-4-7,9340665016419c825c4bdabbcc9acc43b7ca2c68ce142724afa829abb1be5efd,nested,64 KiB single,65536,1,42683346,43185371,4194304,0.9883751143413819,-0.011692982904818235
1,ba,5,glm-4-7,9340665016419c825c4bdabbcc9acc43b7ca2c68ce142724afa829abb1be5efd,nested,64 KiB single,65536,1,46177884,45327201,4194304,1.0187676049090257,0.018593666315917714
1,ba,0,gpt-2,8414cab924d8b9b33013f0d221c5862f365ee9be39c5c2bfae8a5a9e970478a6,flat-ragged,140-byte batch 1,140,1,35687247,34222598,4194400,1.0427977151237904,0.041907211977561726
1,ba,1,gpt-2,8414cab924d8b9b33013f0d221c5862f365ee9be39c5c2bfae8a5a9e970478a6,flat-ragged,140-byte batch 1,140,1,33924842,34186389,4194400,0.9923493820888776,-0.007680034018646296
1,ba,2,gpt-2,8414cab924d8b9b33013f0d221c5862f365ee9be39c5c2bfae8a5a9e970478a6,flat-ragged,140-byte batch 1,140,1,40083192,39409920,4194400,1.0170838205203157,0.01693953306080572
1,ba,3,gpt-2,8414cab924d8b9b33013f0d221c5862f365ee9be39c5c2bfae8a5a9e970478a6,flat-ragged,140-byte batch 1,140,1,36076940,35760314,4194400,1.0088541168849916,0.008815149040399166
1,ba,4,gpt-2,8414cab924d8b9b33013f0d221c5862f365ee9be39c5c2bfae8a5a9e970478a6,flat-ragged,140-byte batch 1,140,1,33620632,33343683,4194400,1.0083058911038711,0.008271587010171067
1,ba,5,gpt-2,8414cab924d8b9b33013f0d221c5862f365ee9be39c5c2bfae8a5a9e970478a6,flat-ragged,140-byte batch 1,140,1,25579555,25274057,4194400,1.0120874143791003,0.012014944979883358
1,ba,0,gpt-2,8414cab924d8b9b33013f0d221c5862f365ee9be39c5c2bfae8a5a9e970478a6,flat-ragged,140-byte batch 32,140,32,30781456,29557245,4197760,1.0414183053934831,0.040583539269805353
1,ba,1,gpt-2,8414cab924d8b9b33013f0d221c5862f365ee9be39c5c2bfae8a5a9e970478a6,flat-ragged,140-byte batch 32,140,32,29908934,29080965,4197760,1.0284711666205024,0.02807339531878111
1,ba,2,gpt-2,8414cab924d8b9b33013f0d221c5862f365ee9be39c5c2bfae8a5a9e970478a6,flat-ragged,140-byte batch 32,140,32,36053478,35366451,4197760,1.0194259525786176,0.019239677279958862
1,ba,3,gpt-2,8414cab924d8b9b33013f0d221c5862f365ee9be39c5c2bfae8a5a9e970478a6,flat-ragged,140-byte batch 32,140,32,32574478,32277603,4197760,1.0091975541058609,0.00915551418478241
1,ba,4,gpt-2,8414cab924d8b9b33013f0d221c5862f365ee9be39c5c2bfae8a5a9e970478a6,flat-ragged,140-byte batch 32,140,32,29161792,29972040,4197760,0.9729665381468863,-0.027405587781239978
1,ba,5,gpt-2,8414cab924d8b9b33013f0d221c5862f365ee9be39c5c2bfae8a5a9e970478a6,flat-ragged,140-byte batch 32,140,32,22085723,21772756,4197760,1.014374248257777,0.014271918197376238
1,ba,0,gpt-2,8414cab924d8b9b33013f0d221c5862f365ee9be39c5c2bfae8a5a9e970478a6,flat-ragged,140-byte batch 512,140,512,12605094,12336384,4229120,1.0217819095125444,0.021548073229104264
1,ba,1,gpt-2,8414cab924d8b9b33013f0d221c5862f365ee9be39c5c2bfae8a5a9e970478a6,flat-ragged,140-byte batch 512,140,512,12385411,12467501,4229120,0.9934156812981206,-0.006606090951172494
1,ba,2,gpt-2,8414cab924d8b9b33013f0d221c5862f365ee9be39c5c2bfae8a5a9e970478a6,flat-ragged,140-byte batch 512,140,512,12059809,11409995,4229120,1.056951295771821,0.05538862803256117
1,ba,3,gpt-2,8414cab924d8b9b33013f0d221c5862f365ee9be39c5c2bfae8a5a9e970478a6,flat-ragged,140-byte batch 512,140,512,10236260,9846446,4229120,1.0395893096859516,0.03882574062916358
1,ba,4,gpt-2,8414cab924d8b9b33013f0d221c5862f365ee9be39c5c2bfae8a5a9e970478a6,flat-ragged,140-byte batch 512,140,512,10081400,9714677,4229120,1.037749376536142,0.03705430716657822
1,ba,5,gpt-2,8414cab924d8b9b33013f0d221c5862f365ee9be39c5c2bfae8a5a9e970478a6,flat-ragged,140-byte batch 512,140,512,10174623,9713403,4229120,1.0474828440660806,0.04638999470015986
1,ba,0,gpt-2,8414cab924d8b9b33013f0d221c5862f365ee9be39c5c2bfae8a5a9e970478a6,flat-ragged,4 KiB single,4096,1,21395174,22584160,4194304,0.9473531005802297,-0.0540833930107952
1,ba,1,gpt-2,8414cab924d8b9b33013f0d221c5862f365ee9be39c5c2bfae8a5a9e970478a6,flat-ragged,4 KiB single,4096,1,22773513,23639480,4194304,0.9633677644347507,-0.03732004555471677
1,ba,2,gpt-2,8414cab924d8b9b33013f0d221c5862f365ee9be39c5c2bfae8a5a9e970478a6,flat-ragged,4 KiB single,4096,1,22565225,22674170,4194304,0.9951951934734546,-0.004816386718034412
1,ba,3,gpt-2,8414cab924d8b9b33013f0d221c5862f365ee9be39c5c2bfae8a5a9e970478a6,flat-ragged,4 KiB single,4096,1,27417344,27737876,4194304,0.988444248579091,-0.011623037983158733
1,ba,4,gpt-2,8414cab924d8b9b33013f0d221c5862f365ee9be39c5c2bfae8a5a9e970478a6,flat-ragged,4 KiB single,4096,1,25884598,26256625,4194304,0.985831118812871,-0.014270218143892179
1,ba,5,gpt-2,8414cab924d8b9b33013f0d221c5862f365ee9be39c5c2bfae8a5a9e970478a6,flat-ragged,4 KiB single,4096,1,25078322,25156551,4194304,0.9968903129844787,-0.0031145321393415597
1,ba,0,gpt-2,8414cab924d8b9b33013f0d221c5862f365ee9be39c5c2bfae8a5a9e970478a6,flat-ragged,64 KiB single,65536,1,21306240,21806070,4194304,0.9770784006471592,-0.023188383846574276
1,ba,1,gpt-2,8414cab924d8b9b33013f0d221c5862f365ee9be39c5c2bfae8a5a9e970478a6,flat-ragged,64 KiB single,65536,1,21712668,21818245,4194304,0.9951610681794067,-0.004850677357060912
1,ba,2,gpt-2,8414cab924d8b9b33013f0d221c5862f365ee9be39c5c2bfae8a5a9e970478a6,flat-ragged,64 KiB single,65536,1,19684582,19723383,4194304,0.9980327411377653,-0.0019691964575349365
1,ba,3,gpt-2,8414cab924d8b9b33013f0d221c5862f365ee9be39c5c2bfae8a5a9e970478a6,flat-ragged,64 KiB single,65536,1,23107119,23095270,4194304,1.0005130487757883,0.0005129172112625365
1,ba,4,gpt-2,8414cab924d8b9b33013f0d221c5862f365ee9be39c5c2bfae8a5a9e970478a6,flat-ragged,64 KiB single,65536,1,24827725,24350903,4194304,1.0195812861642133,0.019392039255870224
1,ba,5,gpt-2,8414cab924d8b9b33013f0d221c5862f365ee9be39c5c2bfae8a5a9e970478a6,flat-ragged,64 KiB single,65536,1,23330420,22990974,4194304,1.01476431577018,0.014656384319230038
1,ba,0,gpt-2,8414cab924d8b9b33013f0d221c5862f365ee9be39c5c2bfae8a5a9e970478a6,nested,140-byte batch 1,140,1,36152420,37297937,4194400,0.9692873898092541,-0.03119412715320574
1,ba,1,gpt-2,8414cab924d8b9b33013f0d221c5862f365ee9be39c5c2bfae8a5a9e970478a6,nested,140-byte batch 1,140,1,34188343,33388564,4194400,1.0239536806674285,0.02367129187102601
1,ba,2,gpt-2,8414cab924d8b9b33013f0d221c5862f365ee9be39c5c2bfae8a5a9e970478a6,nested,140-byte batch 1,140,1,40554755,39765441,4194400,1.0198492454792591,0.019654817823151816
1,ba,3,gpt-2,8414cab924d8b9b33013f0d221c5862f365ee9be39c5c2bfae8a5a9e970478a6,nested,140-byte batch 1,140,1,36399577,36871029,4194400,0.9872134840608869,-0.012868967029555934
1,ba,4,gpt-2,8414cab924d8b9b33013f0d221c5862f365ee9be39c5c2bfae8a5a9e970478a6,nested,140-byte batch 1,140,1,33955333,33623682,4194400,1.00986361339011,0.009815285487537307
1,ba,5,gpt-2,8414cab924d8b9b33013f0d221c5862f365ee9be39c5c2bfae8a5a9e970478a6,nested,140-byte batch 1,140,1,26091935,26083286,4194400,1.0003315916560513,0.00033153669168831
1,ba,0,gpt-2,8414cab924d8b9b33013f0d221c5862f365ee9be39c5c2bfae8a5a9e970478a6,nested,140-byte batch 32,140,32,37461388,37093644,4197760,1.0099139356597049,0.009865115004286792
1,ba,1,gpt-2,8414cab924d8b9b33013f0d221c5862f365ee9be39c5c2bfae8a5a9e970478a6,nested,140-byte batch 32,140,32,34367997,34553861,4197760,0.994621035258549,-0.005393483459482148
1,ba,2,gpt-2,8414cab924d8b9b33013f0d221c5862f365ee9be39c5c2bfae8a5a9e970478a6,nested,140-byte batch 32,140,32,39543308,40907068,4197760,0.9666619959171848,-0.03390638349716338
1,ba,3,gpt-2,8414cab924d8b9b33013f0d221c5862f365ee9be39c5c2bfae8a5a9e970478a6,nested,140-byte batch 32,140,32,37856642,37283127,4197760,1.0153826957701269,0.015265581599580857
1,ba,4,gpt-2,8414cab924d8b9b33013f0d221c5862f365ee9be39c5c2bfae8a5a9e970478a6,nested,140-byte batch 32,140,32,33676346,34694768,4197760,0.9706462369196416,-0.029793205684654222
1,ba,5,gpt-2,8414cab924d8b9b33013f0d221c5862f365ee9be39c5c2bfae8a5a9e970478a6,nested,140-byte batch 32,140,32,26722358,26471414,4197760,1.0094798109386978,0.00943515950063512
1,ba,0,gpt-2,8414cab924d8b9b33013f0d221c5862f365ee9be39c5c2bfae8a5a9e970478a6,nested,140-byte batch 512,140,512,15282236,14927539,4229120,1.0237612509335934,0.023483346047677305
1,ba,1,gpt-2,8414cab924d8b9b33013f0d221c5862f365ee9be39c5c2bfae8a5a9e970478a6,nested,140-byte batch 512,140,512,14588214,14433944,4229120,1.0106880004522671,0.010631287516145003
1,ba,2,gpt-2,8414cab924d8b9b33013f0d221c5862f365ee9be39c5c2bfae8a5a9e970478a6,nested,140-byte batch 512,140,512,14092848,14297116,4229120,0.9857126430253486,-0.014390403949511417
1,ba,3,gpt-2,8414cab924d8b9b33013f0d221c5862f365ee9be39c5c2bfae8a5a9e970478a6,nested,140-byte batch 512,140,512,13271924,12865061,4229120,1.0316254233073594,0.03113563926127958
1,ba,4,gpt-2,8414cab924d8b9b33013f0d221c5862f365ee9be39c5c2bfae8a5a9e970478a6,nested,140-byte batch 512,140,512,12702001,12735521,4229120,0.9973679914626186,-0.002635478361593766
1,ba,5,gpt-2,8414cab924d8b9b33013f0d221c5862f365ee9be39c5c2bfae8a5a9e970478a6,nested,140-byte batch 512,140,512,12890611,12198625,4229120,1.0567265572964166,0.055175976444311756
1,ba,0,gpt-2,8414cab924d8b9b33013f0d221c5862f365ee9be39c5c2bfae8a5a9e970478a6,nested,4 KiB single,4096,1,24478990,24634716,4194304,0.9936785956858606,-0.006341468993050591
1,ba,1,gpt-2,8414cab924d8b9b33013f0d221c5862f365ee9be39c5c2bfae8a5a9e970478a6,nested,4 KiB single,4096,1,24344885,24753319,4194304,0.9834998288512341,-0.016637815173135936
1,ba,2,gpt-2,8414cab924d8b9b33013f0d221c5862f365ee9be39c5c2bfae8a5a9e970478a6,nested,4 KiB single,4096,1,23780734,24213099,4194304,0.9821433431548766,-0.01801801065419911
1,ba,3,gpt-2,8414cab924d8b9b33013f0d221c5862f365ee9be39c5c2bfae8a5a9e970478a6,nested,4 KiB single,4096,1,28497011,28909748,4194304,0.9857232584663138,-0.014379634701617202
1,ba,4,gpt-2,8414cab924d8b9b33013f0d221c5862f365ee9be39c5c2bfae8a5a9e970478a6,nested,4 KiB single,4096,1,26562855,27742521,4194304,0.9574780532742501,-0.043452479052425004
1,ba,5,gpt-2,8414cab924d8b9b33013f0d221c5862f365ee9be39c5c2bfae8a5a9e970478a6,nested,4 KiB single,4096,1,25318694,25826810,4194304,0.9803260255525169,-0.019870083507731544
1,ba,0,gpt-2,8414cab924d8b9b33013f0d221c5862f365ee9be39c5c2bfae8a5a9e970478a6,nested,64 KiB single,65536,1,23948620,24246071,4194304,0.9877319917111519,-0.012343881483104972
1,ba,1,gpt-2,8414cab924d8b9b33013f0d221c5862f365ee9be39c5c2bfae8a5a9e970478a6,nested,64 KiB single,65536,1,22451287,22702231,4194304,0.9889462846184589,-0.011115261657009276
1,ba,2,gpt-2,8414cab924d8b9b33013f0d221c5862f365ee9be39c5c2bfae8a5a9e970478a6,nested,64 KiB single,65536,1,23160868,23253255,4194304,0.9960269218223428,-0.003980991820729917
1,ba,3,gpt-2,8414cab924d8b9b33013f0d221c5862f365ee9be39c5c2bfae8a5a9e970478a6,nested,64 KiB single,65536,1,25886513,25376142,4194304,1.020112237707371,0.019912658210567438
1,ba,4,gpt-2,8414cab924d8b9b33013f0d221c5862f365ee9be39c5c2bfae8a5a9e970478a6,nested,64 KiB single,65536,1,25501858,25481650,4194304,1.000793041266951,0.0007927269758783512
1,ba,5,gpt-2,8414cab924d8b9b33013f0d221c5862f365ee9be39c5c2bfae8a5a9e970478a6,nested,64 KiB single,65536,1,23608744,24084615,4194304,0.9802417020159965,-0.019956103016659205
1,ba,0,gpt-oss,0614fe83cadab421296e664e1f48f4261fa8fef6e03e63bb75c20f38e37d07d3,flat-ragged,140-byte batch 1,140,1,58793677,62965104,4194400,0.9337501769233956,-0.06854635305893456
1,ba,1,gpt-oss,0614fe83cadab421296e664e1f48f4261fa8fef6e03e63bb75c20f38e37d07d3,flat-ragged,140-byte batch 1,140,1,55621763,58783994,4194400,0.9462059178898256,-0.05529506142943592
1,ba,2,gpt-oss,0614fe83cadab421296e664e1f48f4261fa8fef6e03e63bb75c20f38e37d07d3,flat-ragged,140-byte batch 1,140,1,55548241,55836776,4194400,0.9948325275800307,-0.005180869979852389
1,ba,3,gpt-oss,0614fe83cadab421296e664e1f48f4261fa8fef6e03e63bb75c20f38e37d07d3,flat-ragged,140-byte batch 1,140,1,59338467,60773663,4194400,0.9763845730345396,-0.02389874042987595
1,ba,4,gpt-oss,0614fe83cadab421296e664e1f48f4261fa8fef6e03e63bb75c20f38e37d07d3,flat-ragged,140-byte batch 1,140,1,52014284,52353995,4194400,0.9935112688153025,-0.0065098745127673005
1,ba,5,gpt-oss,0614fe83cadab421296e664e1f48f4261fa8fef6e03e63bb75c20f38e37d07d3,flat-ragged,140-byte batch 1,140,1,45362597,46006423,4194400,0.9860057366337739,-0.014093106309434864
1,ba,0,gpt-oss,0614fe83cadab421296e664e1f48f4261fa8fef6e03e63bb75c20f38e37d07d3,flat-ragged,140-byte batch 32,140,32,58032643,58785548,4197760,0.9871923453022842,-0.012890379809329172
1,ba,1,gpt-oss,0614fe83cadab421296e664e1f48f4261fa8fef6e03e63bb75c20f38e37d07d3,flat-ragged,140-byte batch 32,140,32,50949154,51090553,4197760,0.9972323846250011,-0.0027714523034942603
1,ba,2,gpt-oss,0614fe83cadab421296e664e1f48f4261fa8fef6e03e63bb75c20f38e37d07d3,flat-ragged,140-byte batch 32,140,32,52029427,54217712,4197760,0.9596389275888293,-0.04119818236499987
1,ba,3,gpt-oss,0614fe83cadab421296e664e1f48f4261fa8fef6e03e63bb75c20f38e37d07d3,flat-ragged,140-byte batch 32,140,32,56578469,58400316,4197760,0.9688041585254435,-0.03169279430258729
1,ba,4,gpt-oss,0614fe83cadab421296e664e1f48f4261fa8fef6e03e63bb75c20f38e37d07d3,flat-ragged,140-byte batch 32,140,32,49344519,50130415,4197760,0.9843229703963153,-0.015801213835448587
1,ba,5,gpt-oss,0614fe83cadab421296e664e1f48f4261fa8fef6e03e63bb75c20f38e37d07d3,flat-ragged,140-byte batch 32,140,32,42508530,42917028,4197760,0.9904816801387086,-0.009563908583775338
1,ba,0,gpt-oss,0614fe83cadab421296e664e1f48f4261fa8fef6e03e63bb75c20f38e37d07d3,flat-ragged,140-byte batch 512,140,512,18758564,18380362,4229120,1.0205764173741518,0.020367582751486858
1,ba,1,gpt-oss,0614fe83cadab421296e664e1f48f4261fa8fef6e03e63bb75c20f38e37d07d3,flat-ragged,140-byte batch 512,140,512,18229343,18013266,4229120,1.0119954371406052,0.011924062100766698
1,ba,2,gpt-oss,0614fe83cadab421296e664e1f48f4261fa8fef6e03e63bb75c20f38e37d07d3,flat-ragged,140-byte batch 512,140,512,17339244,17228018,4229120,1.0064561112021126,0.006435359783939968
1,ba,3,gpt-oss,0614fe83cadab421296e664e1f48f4261fa8fef6e03e63bb75c20f38e37d07d3,flat-ragged,140-byte batch 512,140,512,15437923,14599773,4229120,1.05740842682965,0.05582103417430246
1,ba,4,gpt-oss,0614fe83cadab421296e664e1f48f4261fa8fef6e03e63bb75c20f38e37d07d3,flat-ragged,140-byte batch 512,140,512,14810541,14011316,4229120,1.0570413942559,0.05547386814200773
1,ba,5,gpt-oss,0614fe83cadab421296e664e1f48f4261fa8fef6e03e63bb75c20f38e37d07d3,flat-ragged,140-byte batch 512,140,512,14132552,13718486,4229120,1.0301830683065172,0.02973652266825338
1,ba,0,gpt-oss,0614fe83cadab421296e664e1f48f4261fa8fef6e03e63bb75c20f38e37d07d3,flat-ragged,4 KiB single,4096,1,39356454,39064762,4194304,1.0074668828137234,0.007439143642095216
1,ba,1,gpt-oss,0614fe83cadab421296e664e1f48f4261fa8fef6e03e63bb75c20f38e37d07d3,flat-ragged,4 KiB single,4096,1,41370396,39925781,4194304,1.036182510744123,0.03554329699334641
1,ba,2,gpt-oss,0614fe83cadab421296e664e1f48f4261fa8fef6e03e63bb75c20f38e37d07d3,flat-ragged,4 KiB single,4096,1,37655757,36969249,4194304,1.0185697037015817,0.01839939194885043
1,ba,3,gpt-oss,0614fe83cadab421296e664e1f48f4261fa8fef6e03e63bb75c20f38e37d07d3,flat-ragged,4 KiB single,4096,1,40240174,38418445,4194304,1.047418082642335,0.04632816702808177
1,ba,4,gpt-oss,0614fe83cadab421296e664e1f48f4261fa8fef6e03e63bb75c20f38e37d07d3,flat-ragged,4 KiB single,4096,1,48114781,46776723,4194304,1.028605210330788,0.02820371980451931
1,ba,5,gpt-oss,0614fe83cadab421296e664e1f48f4261fa8fef6e03e63bb75c20f38e37d07d3,flat-ragged,4 KiB single,4096,1,41501429,41650350,4194304,0.996424495832568,-0.0035819115601233146
1,ba,0,gpt-oss,0614fe83cadab421296e664e1f48f4261fa8fef6e03e63bb75c20f38e37d07d3,flat-ragged,64 KiB single,65536,1,20663013,20175915,4194304,1.0241425481818296,0.023855724137709634
1,ba,1,gpt-oss,0614fe83cadab421296e664e1f48f4261fa8fef6e03e63bb75c20f38e37d07d3,flat-ragged,64 KiB single,65536,1,21250718,20208931,4194304,1.0515508217629126,0.05026604762498012
1,ba,2,gpt-oss,0614fe83cadab421296e664e1f48f4261fa8fef6e03e63bb75c20f38e37d07d3,flat-ragged,64 KiB single,65536,1,19619885,18660916,4194304,1.0513891708209822,0.05011230957936883
1,ba,3,gpt-oss,0614fe83cadab421296e664e1f48f4261fa8fef6e03e63bb75c20f38e37d07d3,flat-ragged,64 KiB single,65536,1,20867023,19657939,4194304,1.0615061426327552,0.05968878889219809
1,ba,4,gpt-oss,0614fe83cadab421296e664e1f48f4261fa8fef6e03e63bb75c20f38e37d07d3,flat-ragged,64 KiB single,65536,1,19817566,19027438,4194304,1.041525716704477,0.04068667340106329
1,ba,5,gpt-oss,0614fe83cadab421296e664e1f48f4261fa8fef6e03e63bb75c20f38e37d07d3,flat-ragged,64 KiB single,65536,1,19487361,18927061,4194304,1.0296031169340025,0.029173404620374793
1,ba,0,gpt-oss,0614fe83cadab421296e664e1f48f4261fa8fef6e03e63bb75c20f38e37d07d3,nested,140-byte batch 1,140,1,63940503,63474528,4194400,1.0073411337536846,0.007314318786160476
1,ba,1,gpt-oss,0614fe83cadab421296e664e1f48f4261fa8fef6e03e63bb75c20f38e37d07d3,nested,140-byte batch 1,140,1,55940254,54235383,4194400,1.0314346632345162,0.030950710015029033
1,ba,2,gpt-oss,0614fe83cadab421296e664e1f48f4261fa8fef6e03e63bb75c20f38e37d07d3,nested,140-byte batch 1,140,1,56085952,58378509,4194400,0.9607294355530731,-0.0400624543428217
1,ba,3,gpt-oss,0614fe83cadab421296e664e1f48f4261fa8fef6e03e63bb75c20f38e37d07d3,nested,140-byte batch 1,140,1,59340998,60155051,4194400,0.986467420665972,-0.013624979238685353
1,ba,4,gpt-oss,0614fe83cadab421296e664e1f48f4261fa8fef6e03e63bb75c20f38e37d07d3,nested,140-byte batch 1,140,1,53196236,52974228,4194400,1.004190868057577,0.0041821108284412056
1,ba,5,gpt-oss,0614fe83cadab421296e664e1f48f4261fa8fef6e03e63bb75c20f38e37d07d3,nested,140-byte batch 1,140,1,46114874,48318362,4194400,0.9543964673305771,-0.04667610966108878
1,ba,0,gpt-oss,0614fe83cadab421296e664e1f48f4261fa8fef6e03e63bb75c20f38e37d07d3,nested,140-byte batch 32,140,32,63576188,64429504,4197760,0.9867558191973664,-0.013332667119487001
1,ba,1,gpt-oss,0614fe83cadab421296e664e1f48f4261fa8fef6e03e63bb75c20f38e37d07d3,nested,140-byte batch 32,140,32,57101155,58513269,4197760,0.9758667730562105,-0.024429204902606954
1,ba,2,gpt-oss,0614fe83cadab421296e664e1f48f4261fa8fef6e03e63bb75c20f38e37d07d3,nested,140-byte batch 32,140,32,58467022,60399876,4197760,0.9679990402629304,-0.032524183169966435
1,ba,3,gpt-oss,0614fe83cadab421296e664e1f48f4261fa8fef6e03e63bb75c20f38e37d07d3,nested,140-byte batch 32,140,32,63011626,63985148,4197760,0.9847851879626816,-0.01533174488028377
1,ba,4,gpt-oss,0614fe83cadab421296e664e1f48f4261fa8fef6e03e63bb75c20f38e37d07d3,nested,140-byte batch 32,140,32,54253437,57468125,4197760,0.9440613731525085,-0.05756410101720845
1,ba,5,gpt-oss,0614fe83cadab421296e664e1f48f4261fa8fef6e03e63bb75c20f38e37d07d3,nested,140-byte batch 32,140,32,48803714,49252031,4197760,0.9908974921257562,-0.009144188825969865
1,ba,0,gpt-oss,0614fe83cadab421296e664e1f48f4261fa8fef6e03e63bb75c20f38e37d07d3,nested,140-byte batch 512,140,512,22691693,21755966,4229120,1.043010133404327,0.04211089160358363
1,ba,1,gpt-oss,0614fe83cadab421296e664e1f48f4261fa8fef6e03e63bb75c20f38e37d07d3,nested,140-byte batch 512,140,512,20930096,19959609,4229120,1.048622545662092,0.04747744165192888
1,ba,2,gpt-oss,0614fe83cadab421296e664e1f48f4261fa8fef6e03e63bb75c20f38e37d07d3,nested,140-byte batch 512,140,512,19976862,19596267,4229120,1.019421811307225,0.019235614915454915
1,ba,3,gpt-oss,0614fe83cadab421296e664e1f48f4261fa8fef6e03e63bb75c20f38e37d07d3,nested,140-byte batch 512,140,512,17382086,17012346,4229120,1.0217336280369562,0.021500819880930458
1,ba,4,gpt-oss,0614fe83cadab421296e664e1f48f4261fa8fef6e03e63bb75c20f38e37d07d3,nested,140-byte batch 512,140,512,16275670,16002630,4229120,1.0170621954016308,0.01691827095030194
1,ba,5,gpt-oss,0614fe83cadab421296e664e1f48f4261fa8fef6e03e63bb75c20f38e37d07d3,nested,140-byte batch 512,140,512,16804070,15892904,4229120,1.0573316242267619,0.05574839867200182
1,ba,0,gpt-oss,0614fe83cadab421296e664e1f48f4261fa8fef6e03e63bb75c20f38e37d07d3,nested,4 KiB single,4096,1,46486096,48777022,4194304,0.9530326800188826,-0.04810608418568074
1,ba,1,gpt-oss,0614fe83cadab421296e664e1f48f4261fa8fef6e03e63bb75c20f38e37d07d3,nested,4 KiB single,4096,1,42273279,42077777,4194304,1.0046462055255438,0.004635445229476241
1,ba,2,gpt-oss,0614fe83cadab421296e664e1f48f4261fa8fef6e03e63bb75c20f38e37d07d3,nested,4 KiB single,4096,1,40536634,39114937,4194304,1.0363466519197002,0.03570169396925144
1,ba,3,gpt-oss,0614fe83cadab421296e664e1f48f4261fa8fef6e03e63bb75c20f38e37d07d3,nested,4 KiB single,4096,1,40375338,39908284,4194304,1.0117031842311235,0.011635231631222393
1,ba,4,gpt-oss,0614fe83cadab421296e664e1f48f4261fa8fef6e03e63bb75c20f38e37d07d3,nested,4 KiB single,4096,1,46652571,46525515,4194304,1.002730888631754,0.0027271665302843876
1,ba,5,gpt-oss,0614fe83cadab421296e664e1f48f4261fa8fef6e03e63bb75c20f38e37d07d3,nested,4 KiB single,4096,1,45164332,44393623,4194304,1.0173608042758755,0.017211827281936452
1,ba,0,gpt-oss,0614fe83cadab421296e664e1f48f4261fa8fef6e03e63bb75c20f38e37d07d3,nested,64 KiB single,65536,1,46123182,43658918,4194304,1.056443542645743,0.05490811854458709
1,ba,1,gpt-oss,0614fe83cadab421296e664e1f48f4261fa8fef6e03e63bb75c20f38e37d07d3,nested,64 KiB single,65536,1,40165085,39033811,4194304,1.0289818998201328,0.028569866629307317
1,ba,2,gpt-oss,0614fe83cadab421296e664e1f48f4261fa8fef6e03e63bb75c20f38e37d07d3,nested,64 KiB single,65536,1,38656909,37932025,4194304,1.0191100791481604,0.018929775048093386
1,ba,3,gpt-oss,0614fe83cadab421296e664e1f48f4261fa8fef6e03e63bb75c20f38e37d07d3,nested,64 KiB single,65536,1,36803422,35769578,4194304,1.0289028850158646,0.02849307437651526
1,ba,4,gpt-oss,0614fe83cadab421296e664e1f48f4261fa8fef6e03e63bb75c20f38e37d07d3,nested,64 KiB single,65536,1,42244983,41829567,4194304,1.0099311570688743,0.009882167212133613
1,ba,5,gpt-oss,0614fe83cadab421296e664e1f48f4261fa8fef6e03e63bb75c20f38e37d07d3,nested,64 KiB single,65536,1,40303031,39348250,4194304,1.0242648910688532,0.02397517584914634
1,ba,0,llama-3,e134af98b985517b4f068e3755ae90d4e9cd2d45d328325dc503f1c6b2d06cc7,flat-ragged,140-byte batch 1,140,1,56937956,59200087,4194400,0.9617883838582872,-0.03896082771380904
1,ba,1,llama-3,e134af98b985517b4f068e3755ae90d4e9cd2d45d328325dc503f1c6b2d06cc7,flat-ragged,140-byte batch 1,140,1,52688676,52226831,4194400,1.0088430599972646,0.008804189132387447
1,ba,2,llama-3,e134af98b985517b4f068e3755ae90d4e9cd2d45d328325dc503f1c6b2d06cc7,flat-ragged,140-byte batch 1,140,1,46423021,47214106,4194400,0.9832447319875124,-0.01689722543945284
1,ba,3,llama-3,e134af98b985517b4f068e3755ae90d4e9cd2d45d328325dc503f1c6b2d06cc7,flat-ragged,140-byte batch 1,140,1,36562353,36944446,4194400,0.9896576335181748,-0.01039622039377927
1,ba,4,llama-3,e134af98b985517b4f068e3755ae90d4e9cd2d45d328325dc503f1c6b2d06cc7,flat-ragged,140-byte batch 1,140,1,53240465,53047228,4194400,1.003642735111437,0.003636116420446494
1,ba,5,llama-3,e134af98b985517b4f068e3755ae90d4e9cd2d45d328325dc503f1c6b2d06cc7,flat-ragged,140-byte batch 1,140,1,46176328,48972517,4194400,0.9429028938822973,-0.0587919773856179
1,ba,0,llama-3,e134af98b985517b4f068e3755ae90d4e9cd2d45d328325dc503f1c6b2d06cc7,flat-ragged,140-byte batch 32,140,32,53883667,50153384,4197760,1.074377493650279,0.07174141817639386
1,ba,1,llama-3,e134af98b985517b4f068e3755ae90d4e9cd2d45d328325dc503f1c6b2d06cc7,flat-ragged,140-byte batch 32,140,32,51122925,50214455,4197760,1.0180918024501113,0.017930093286507135
1,ba,2,llama-3,e134af98b985517b4f068e3755ae90d4e9cd2d45d328325dc503f1c6b2d06cc7,flat-ragged,140-byte batch 32,140,32,45146693,44679500,4197760,1.0104565404715808,0.010402248991673774
1,ba,3,llama-3,e134af98b985517b4f068e3755ae90d4e9cd2d45d328325dc503f1c6b2d06cc7,flat-ragged,140-byte batch 32,140,32,36234319,36618788,4197760,0.9895007721173077,-0.010554733629252414
1,ba,4,llama-3,e134af98b985517b4f068e3755ae90d4e9cd2d45d328325dc503f1c6b2d06cc7,flat-ragged,140-byte batch 32,140,32,51707104,51346347,4197760,1.0070259525960046,0.0070013855949979335
1,ba,5,llama-3,e134af98b985517b4f068e3755ae90d4e9cd2d45d328325dc503f1c6b2d06cc7,flat-ragged,140-byte batch 32,140,32,46179412,45885650,4197760,1.0064020450838116,0.00638163904048349
1,ba,0,llama-3,e134af98b985517b4f068e3755ae90d4e9cd2d45d328325dc503f1c6b2d06cc7,flat-ragged,140-byte batch 512,140,512,16700767,16656636,4229120,1.002649454547725,0.002645950930110693
1,ba,1,llama-3,e134af98b985517b4f068e3755ae90d4e9cd2d45d328325dc503f1c6b2d06cc7,flat-ragged,140-byte batch 512,140,512,16690938,16259903,4229120,1.0265090757306485,0.026163798870448424
1,ba,2,llama-3,e134af98b985517b4f068e3755ae90d4e9cd2d45d328325dc503f1c6b2d06cc7,flat-ragged,140-byte batch 512,140,512,15248978,15097335,4229120,1.0100443555104262,0.009994246235830135
1,ba,3,llama-3,e134af98b985517b4f068e3755ae90d4e9cd2d45d328325dc503f1c6b2d06cc7,flat-ragged,140-byte batch 512,140,512,12562482,13282299,4229120,0.9458062945277772,-0.055717493552620165
1,ba,4,llama-3,e134af98b985517b4f068e3755ae90d4e9cd2d45d328325dc503f1c6b2d06cc7,flat-ragged,140-byte batch 512,140,512,12234735,12205465,4229120,1.0023981060942782,0.0023952352267057352
1,ba,5,llama-3,e134af98b985517b4f068e3755ae90d4e9cd2d45d328325dc503f1c6b2d06cc7,flat-ragged,140-byte batch 512,140,512,12721569,12348786,4229120,1.0301878257506447,0.02974114071458792
1,ba,0,llama-3,e134af98b985517b4f068e3755ae90d4e9cd2d45d328325dc503f1c6b2d06cc7,flat-ragged,4 KiB single,4096,1,34963480,36572710,4194304,0.9559991589357201,-0.04499824570547416
1,ba,1,llama-3,e134af98b985517b4f068e3755ae90d4e9cd2d45d328325dc503f1c6b2d06cc7,flat-ragged,4 KiB single,4096,1,40737724,41044311,4194304,0.992530341172008,-0.007497696437672373
1,ba,2,llama-3,e134af98b985517b4f068e3755ae90d4e9cd2d45d328325dc503f1c6b2d06cc7,flat-ragged,4 KiB single,4096,1,36102234,36933592,4194304,0.9774904645072161,-0.02276674215002641
1,ba,3,llama-3,e134af98b985517b4f068e3755ae90d4e9cd2d45d328325dc503f1c6b2d06cc7,flat-ragged,4 KiB single,4096,1,34721158,35176767,4194304,0.9870480138211678,-0.013036594509790046
1,ba,4,llama-3,e134af98b985517b4f068e3755ae90d4e9cd2d45d328325dc503f1c6b2d06cc7,flat-ragged,4 KiB single,4096,1,34706070,35472199,4194304,0.9784019874268297,-0.021834663308263596
1,ba,5,llama-3,e134af98b985517b4f068e3755ae90d4e9cd2d45d328325dc503f1c6b2d06cc7,flat-ragged,4 KiB single,4096,1,40258071,41765245,4194304,0.9639132010359331,-0.03675402884462981
1,ba,0,llama-3,e134af98b985517b4f068e3755ae90d4e9cd2d45d328325dc503f1c6b2d06cc7,flat-ragged,64 KiB single,65536,1,18205436,18540928,4194304,0.9819053285790226,-0.018260382017439385
1,ba,1,llama-3,e134af98b985517b4f068e3755ae90d4e9cd2d45d328325dc503f1c6b2d06cc7,flat-ragged,64 KiB single,65536,1,18078872,18215018,4194304,0.9925256181465206,-0.007502455019379062
1,ba,2,llama-3,e134af98b985517b4f068e3755ae90d4e9cd2d45d328325dc503f1c6b2d06cc7,flat-ragged,64 KiB single,65536,1,17344041,17347029,4194304,0.9998277514841302,-0.00017226335234917463
1,ba,3,llama-3,e134af98b985517b4f068e3755ae90d4e9cd2d45d328325dc503f1c6b2d06cc7,flat-ragged,64 KiB single,65536,1,18241595,18292210,4194304,0.9972329751298503,-0.002770860159994397
1,ba,4,llama-3,e134af98b985517b4f068e3755ae90d4e9cd2d45d328325dc503f1c6b2d06cc7,flat-ragged,64 KiB single,65536,1,17210729,17534350,4194304,0.9815435987076795,-0.018628845765498774
1,ba,5,llama-3,e134af98b985517b4f068e3755ae90d4e9cd2d45d328325dc503f1c6b2d06cc7,flat-ragged,64 KiB single,65536,1,17375916,17545752,4194304,0.9903203920812286,-0.009726759844987673
1,ba,0,llama-3,e134af98b985517b4f068e3755ae90d4e9cd2d45d328325dc503f1c6b2d06cc7,nested,140-byte batch 1,140,1,58375691,58765610,4194400,0.9933648438261765,-0.006657266681266824
1,ba,1,llama-3,e134af98b985517b4f068e3755ae90d4e9cd2d45d328325dc503f1c6b2d06cc7,nested,140-byte batch 1,140,1,54406545,53175060,4194400,1.0231590711886362,0.022894969689475908
1,ba,2,llama-3,e134af98b985517b4f068e3755ae90d4e9cd2d45d328325dc503f1c6b2d06cc7,nested,140-byte batch 1,140,1,50033019,48432976,4194400,1.033036231347832,0.03250226343126667
1,ba,3,llama-3,e134af98b985517b4f068e3755ae90d4e9cd2d45d328325dc503f1c6b2d06cc7,nested,140-byte batch 1,140,1,40213466,37960334,4194400,1.0593549045169097,0.05766014221918287
1,ba,4,llama-3,e134af98b985517b4f068e3755ae90d4e9cd2d45d328325dc503f1c6b2d06cc7,nested,140-byte batch 1,140,1,54838152,53663329,4194400,1.0218924733499108,0.0216562742599548
1,ba,5,llama-3,e134af98b985517b4f068e3755ae90d4e9cd2d45d328325dc503f1c6b2d06cc7,nested,140-byte batch 1,140,1,49867411,48745684,4194400,1.0230118219286861,0.02275104304024087
1,ba,0,llama-3,e134af98b985517b4f068e3755ae90d4e9cd2d45d328325dc503f1c6b2d06cc7,nested,140-byte batch 32,140,32,60160159,62604539,4197760,0.9609552272240196,-0.03982746087447684
1,ba,1,llama-3,e134af98b985517b4f068e3755ae90d4e9cd2d45d328325dc503f1c6b2d06cc7,nested,140-byte batch 32,140,32,54664768,54425728,4197760,1.0043920404702718,0.0043824236086737155
1,ba,2,llama-3,e134af98b985517b4f068e3755ae90d4e9cd2d45d328325dc503f1c6b2d06cc7,nested,140-byte batch 32,140,32,50922120,50209400,4197760,1.0141949515429383,0.014095146593702937
1,ba,3,llama-3,e134af98b985517b4f068e3755ae90d4e9cd2d45d328325dc503f1c6b2d06cc7,nested,140-byte batch 32,140,32,41462457,41028180,4197760,1.0105848468052934,0.01052921950765888
1,ba,4,llama-3,e134af98b985517b4f068e3755ae90d4e9cd2d45d328325dc503f1c6b2d06cc7,nested,140-byte batch 32,140,32,55258717,56192928,4197760,0.9833749364332821,-0.016764810974113416
1,ba,5,llama-3,e134af98b985517b4f068e3755ae90d4e9cd2d45d328325dc503f1c6b2d06cc7,nested,140-byte batch 32,140,32,50928191,49908356,4197760,1.020434153350994,0.02022817727713136
1,ba,0,llama-3,e134af98b985517b4f068e3755ae90d4e9cd2d45d328325dc503f1c6b2d06cc7,nested,140-byte batch 512,140,512,20364316,19553192,4229120,1.0414829455978338,0.04064560673876549
1,ba,1,llama-3,e134af98b985517b4f068e3755ae90d4e9cd2d45d328325dc503f1c6b2d06cc7,nested,140-byte batch 512,140,512,18737660,18466439,4229120,1.0146872388336485,0.01458042592900024
1,ba,2,llama-3,e134af98b985517b4f068e3755ae90d4e9cd2d45d328325dc503f1c6b2d06cc7,nested,140-byte batch 512,140,512,18086653,18345182,4229120,0.9859075260196383,-0.014192715776115635
1,ba,3,llama-3,e134af98b985517b4f068e3755ae90d4e9cd2d45d328325dc503f1c6b2d06cc7,nested,140-byte batch 512,140,512,15522593,16176697,4229120,0.9595650459423206,-0.04127517433413303
1,ba,4,llama-3,e134af98b985517b4f068e3755ae90d4e9cd2d45d328325dc503f1c6b2d06cc7,nested,140-byte batch 512,140,512,14995999,14792505,4229120,1.0137565611774342,0.013662798611433042
1,ba,5,llama-3,e134af98b985517b4f068e3755ae90d4e9cd2d45d328325dc503f1c6b2d06cc7,nested,140-byte batch 512,140,512,15626569,15041933,4229120,1.0388670791180894,0.03813077238174564
1,ba,0,llama-3,e134af98b985517b4f068e3755ae90d4e9cd2d45d328325dc503f1c6b2d06cc7,nested,4 KiB single,4096,1,39946177,39309007,4194304,1.0162092621673195,0.016079294648179112
1,ba,1,llama-3,e134af98b985517b4f068e3755ae90d4e9cd2d45d328325dc503f1c6b2d06cc7,nested,4 KiB single,4096,1,41195510,40110365,4194304,1.0270539796882925,0.026694490118515674
1,ba,2,llama-3,e134af98b985517b4f068e3755ae90d4e9cd2d45d328325dc503f1c6b2d06cc7,nested,4 KiB single,4096,1,37389673,36165869,4194304,1.0338386449389616,0.03327871452721701
1,ba,3,llama-3,e134af98b985517b4f068e3755ae90d4e9cd2d45d328325dc503f1c6b2d06cc7,nested,4 KiB single,4096,1,35753003,35350327,4194304,1.0113910120265648,0.011326622958809861
1,ba,4,llama-3,e134af98b985517b4f068e3755ae90d4e9cd2d45d328325dc503f1c6b2d06cc7,nested,4 KiB single,4096,1,36054593,35643690,4194304,1.011528071307993,0.011462129398753134
1,ba,5,llama-3,e134af98b985517b4f068e3755ae90d4e9cd2d45d328325dc503f1c6b2d06cc7,nested,4 KiB single,4096,1,42075960,43346485,4194304,0.9706890881694329,-0.02974905952479768
1,ba,0,llama-3,e134af98b985517b4f068e3755ae90d4e9cd2d45d328325dc503f1c6b2d06cc7,nested,64 KiB single,65536,1,36721474,37157030,4194304,0.9882779651656766,-0.011791279542494088
1,ba,1,llama-3,e134af98b985517b4f068e3755ae90d4e9cd2d45d328325dc503f1c6b2d06cc7,nested,64 KiB single,65536,1,37219005,38520830,4194304,0.9662046482383687,-0.034379616028475585
1,ba,2,llama-3,e134af98b985517b4f068e3755ae90d4e9cd2d45d328325dc503f1c6b2d06cc7,nested,64 KiB single,65536,1,36366705,36606604,4194304,0.9934465649968514,-0.006575003039777732
1,ba,3,llama-3,e134af98b985517b4f068e3755ae90d4e9cd2d45d328325dc503f1c6b2d06cc7,nested,64 KiB single,65536,1,34420690,34327478,4194304,1.002715375711551,0.0027116957390902244
1,ba,4,llama-3,e134af98b985517b4f068e3755ae90d4e9cd2d45d328325dc503f1c6b2d06cc7,nested,64 KiB single,65536,1,32558312,32751272,4194304,0.9941083204340888,-0.0059091039830610915
1,ba,5,llama-3,e134af98b985517b4f068e3755ae90d4e9cd2d45d328325dc503f1c6b2d06cc7,nested,64 KiB single,65536,1,34410291,34663225,4194304,0.9927031024955122,-0.00732365008106744
1,ba,0,minimax-m2-1,757622126525aeeb131756849d93298070ff3f0319c455ec8c5bb0f6b1cebbe8,flat-ragged,140-byte batch 1,140,1,63556032,62981526,4194400,1.0091218177215966,0.009080465225378871
1,ba,1,minimax-m2-1,757622126525aeeb131756849d93298070ff3f0319c455ec8c5bb0f6b1cebbe8,flat-ragged,140-byte batch 1,140,1,60242687,58783199,4194400,1.024828318717394,0.02452510462744634
1,ba,2,minimax-m2-1,757622126525aeeb131756849d93298070ff3f0319c455ec8c5bb0f6b1cebbe8,flat-ragged,140-byte batch 1,140,1,61174150,61506854,4194400,0.9945907817037757,-0.0054239010897391355
1,ba,3,minimax-m2-1,757622126525aeeb131756849d93298070ff3f0319c455ec8c5bb0f6b1cebbe8,flat-ragged,140-byte batch 1,140,1,63235778,62281987,4194400,1.0153140746778038,0.015197997809280085
1,ba,4,minimax-m2-1,757622126525aeeb131756849d93298070ff3f0319c455ec8c5bb0f6b1cebbe8,flat-ragged,140-byte batch 1,140,1,59084284,58628293,4194400,1.007777661205316,0.007747571118034575
1,ba,5,minimax-m2-1,757622126525aeeb131756849d93298070ff3f0319c455ec8c5bb0f6b1cebbe8,flat-ragged,140-byte batch 1,140,1,52897987,53824517,4194400,0.9827860972723638,-0.01736378447468507
1,ba,0,minimax-m2-1,757622126525aeeb131756849d93298070ff3f0319c455ec8c5bb0f6b1cebbe8,flat-ragged,140-byte batch 32,140,32,58899957,57295586,4197760,1.0280016509474221,0.027616773011666398
1,ba,1,minimax-m2-1,757622126525aeeb131756849d93298070ff3f0319c455ec8c5bb0f6b1cebbe8,flat-ragged,140-byte batch 32,140,32,57267905,56831887,4197760,1.0076720662117027,0.007642785578337449
1,ba,2,minimax-m2-1,757622126525aeeb131756849d93298070ff3f0319c455ec8c5bb0f6b1cebbe8,flat-ragged,140-byte batch 32,140,32,57037580,57586822,4197760,0.9904623665462907,-0.009583407965851116
1,ba,3,minimax-m2-1,757622126525aeeb131756849d93298070ff3f0319c455ec8c5bb0f6b1cebbe8,flat-ragged,140-byte batch 32,140,32,59268548,59530287,4197760,0.9956032632599269,-0.0044064308123452295
1,ba,4,minimax-m2-1,757622126525aeeb131756849d93298070ff3f0319c455ec8c5bb0f6b1cebbe8,flat-ragged,140-byte batch 32,140,32,54152908,54957510,4197760,0.9853595623236934,-0.014748666528095354
1,ba,5,minimax-m2-1,757622126525aeeb131756849d93298070ff3f0319c455ec8c5bb0f6b1cebbe8,flat-ragged,140-byte batch 32,140,32,50147380,49877063,4197760,1.0054196655484706,0.005405032009921268
1,ba,0,minimax-m2-1,757622126525aeeb131756849d93298070ff3f0319c455ec8c5bb0f6b1cebbe8,flat-ragged,140-byte batch 512,140,512,18606768,18444458,4229120,1.0087999332916153,0.00876143954209884
1,ba,1,minimax-m2-1,757622126525aeeb131756849d93298070ff3f0319c455ec8c5bb0f6b1cebbe8,flat-ragged,140-byte batch 512,140,512,18647393,18086814,4229120,1.0309937947059111,0.03052318630275411
1,ba,2,minimax-m2-1,757622126525aeeb131756849d93298070ff3f0319c455ec8c5bb0f6b1cebbe8,flat-ragged,140-byte batch 512,140,512,17600507,17001509,4229120,1.0352320491081115,0.03462560362463444
1,ba,3,minimax-m2-1,757622126525aeeb131756849d93298070ff3f0319c455ec8c5bb0f6b1cebbe8,flat-ragged,140-byte batch 512,140,512,15363314,15962756,4229120,0.9624474620798564,-0.038275799162102234
1,ba,4,minimax-m2-1,757622126525aeeb131756849d93298070ff3f0319c455ec8c5bb0f6b1cebbe8,flat-ragged,140-byte batch 512,140,512,15173815,15394307,4229120,0.9856770428184912,-0.014426520813789282
1,ba,5,minimax-m2-1,757622126525aeeb131756849d93298070ff3f0319c455ec8c5bb0f6b1cebbe8,flat-ragged,140-byte batch 512,140,512,15027846,15115131,4229120,0.9942253229561822,-0.005791414959775348
1,ba,0,minimax-m2-1,757622126525aeeb131756849d93298070ff3f0319c455ec8c5bb0f6b1cebbe8,flat-ragged,4 KiB single,4096,1,43713886,42437858,4194304,1.030068152827129,0.02962496784588159
1,ba,1,minimax-m2-1,757622126525aeeb131756849d93298070ff3f0319c455ec8c5bb0f6b1cebbe8,flat-ragged,4 KiB single,4096,1,45124382,44462900,4194304,1.0148771672562968,0.014767587689063468
1,ba,2,minimax-m2-1,757622126525aeeb131756849d93298070ff3f0319c455ec8c5bb0f6b1cebbe8,flat-ragged,4 KiB single,4096,1,41268022,41821457,4194304,0.9867667212072502,-0.013321618844475542
1,ba,3,minimax-m2-1,757622126525aeeb131756849d93298070ff3f0319c455ec8c5bb0f6b1cebbe8,flat-ragged,4 KiB single,4096,1,42754527,42388630,4194304,1.008631960976328,0.008594918614029027
1,ba,4,minimax-m2-1,757622126525aeeb131756849d93298070ff3f0319c455ec8c5bb0f6b1cebbe8,flat-ragged,4 KiB single,4096,1,49553773,48909403,4194304,1.0131747672323868,0.013088734800912792
1,ba,5,minimax-m2-1,757622126525aeeb131756849d93298070ff3f0319c455ec8c5bb0f6b1cebbe8,flat-ragged,4 KiB single,4096,1,45287958,47788817,4194304,0.9476685309033701,-0.05375048881507201
1,ba,0,minimax-m2-1,757622126525aeeb131756849d93298070ff3f0319c455ec8c5bb0f6b1cebbe8,flat-ragged,64 KiB single,65536,1,39670022,45267922,4194304,0.8763384809225394,-0.13200286892939447
1,ba,1,minimax-m2-1,757622126525aeeb131756849d93298070ff3f0319c455ec8c5bb0f6b1cebbe8,flat-ragged,64 KiB single,65536,1,40483623,41854501,4194304,0.9672465811980413,-0.0333018199665193
1,ba,2,minimax-m2-1,757622126525aeeb131756849d93298070ff3f0319c455ec8c5bb0f6b1cebbe8,flat-ragged,64 KiB single,65536,1,38280135,38149535,4194304,1.00342337069115,0.0034175242968225543
1,ba,3,minimax-m2-1,757622126525aeeb131756849d93298070ff3f0319c455ec8c5bb0f6b1cebbe8,flat-ragged,64 KiB single,65536,1,40311733,42048471,4194304,0.9586967621248345,-0.04218045626502874
1,ba,4,minimax-m2-1,757622126525aeeb131756849d93298070ff3f0319c455ec8c5bb0f6b1cebbe8,flat-ragged,64 KiB single,65536,1,42698193,44330796,4194304,0.9631722606560008,-0.0375230039951071
1,ba,5,minimax-m2-1,757622126525aeeb131756849d93298070ff3f0319c455ec8c5bb0f6b1cebbe8,flat-ragged,64 KiB single,65536,1,44421930,45106480,4194304,0.9848236883037648,-0.01529265047778382
1,ba,0,minimax-m2-1,757622126525aeeb131756849d93298070ff3f0319c455ec8c5bb0f6b1cebbe8,nested,140-byte batch 1,140,1,63928779,63290742,4194400,1.010081047872689,0.010030573052180611
1,ba,1,minimax-m2-1,757622126525aeeb131756849d93298070ff3f0319c455ec8c5bb0f6b1cebbe8,nested,140-byte batch 1,140,1,58196915,58183830,4194400,1.0002248906612026,0.00022486537708852526
1,ba,2,minimax-m2-1,757622126525aeeb131756849d93298070ff3f0319c455ec8c5bb0f6b1cebbe8,nested,140-byte batch 1,140,1,60369326,60750823,4194400,0.9937202990649197,-0.006299501193656784
1,ba,3,minimax-m2-1,757622126525aeeb131756849d93298070ff3f0319c455ec8c5bb0f6b1cebbe8,nested,140-byte batch 1,140,1,63590319,61512617,4194400,1.0337768428873706,0.033218933536047913
1,ba,4,minimax-m2-1,757622126525aeeb131756849d93298070ff3f0319c455ec8c5bb0f6b1cebbe8,nested,140-byte batch 1,140,1,57200529,55432305,4194400,1.0318987998063585,0.031400600047817764
1,ba,5,minimax-m2-1,757622126525aeeb131756849d93298070ff3f0319c455ec8c5bb0f6b1cebbe8,nested,140-byte batch 1,140,1,52027930,53438650,4194400,0.9736011295195519,-0.02675357716204816
1,ba,0,minimax-m2-1,757622126525aeeb131756849d93298070ff3f0319c455ec8c5bb0f6b1cebbe8,nested,140-byte batch 32,140,32,67454386,63849646,4197760,1.0564566951553656,0.05492056826595811
1,ba,1,minimax-m2-1,757622126525aeeb131756849d93298070ff3f0319c455ec8c5bb0f6b1cebbe8,nested,140-byte batch 32,140,32,61589545,60990229,4197760,1.0098264264592285,0.009778461093544176
1,ba,2,minimax-m2-1,757622126525aeeb131756849d93298070ff3f0319c455ec8c5bb0f6b1cebbe8,nested,140-byte batch 32,140,32,62541499,61966089,4197760,1.0092858853815996,0.009243036602917802
1,ba,3,minimax-m2-1,757622126525aeeb131756849d93298070ff3f0319c455ec8c5bb0f6b1cebbe8,nested,140-byte batch 32,140,32,64130831,63074889,4197760,1.0167410837615585,0.016602496414946977
1,ba,4,minimax-m2-1,757622126525aeeb131756849d93298070ff3f0319c455ec8c5bb0f6b1cebbe8,nested,140-byte batch 32,140,32,59183837,59473498,4197760,0.9951295785561495,-0.004882320598023283
1,ba,5,minimax-m2-1,757622126525aeeb131756849d93298070ff3f0319c455ec8c5bb0f6b1cebbe8,nested,140-byte batch 32,140,32,55517034,53850139,4197760,1.0309543304985713,0.03048490773806839
1,ba,0,minimax-m2-1,757622126525aeeb131756849d93298070ff3f0319c455ec8c5bb0f6b1cebbe8,nested,140-byte batch 512,140,512,21816796,21181705,4229120,1.029982997119448,0.029542294454270344
1,ba,1,minimax-m2-1,757622126525aeeb131756849d93298070ff3f0319c455ec8c5bb0f6b1cebbe8,nested,140-byte batch 512,140,512,21351037,20232288,4229120,1.0552952290912427,0.05382056578185743
1,ba,2,minimax-m2-1,757622126525aeeb131756849d93298070ff3f0319c455ec8c5bb0f6b1cebbe8,nested,140-byte batch 512,140,512,20311586,19987367,4229120,1.0162211961185283,0.016091038175403163
1,ba,3,minimax-m2-1,757622126525aeeb131756849d93298070ff3f0319c455ec8c5bb0f6b1cebbe8,nested,140-byte batch 512,140,512,18821074,18789014,4229120,1.0017063162548072,0.001704862151098714
1,ba,4,minimax-m2-1,757622126525aeeb131756849d93298070ff3f0319c455ec8c5bb0f6b1cebbe8,nested,140-byte batch 512,140,512,18287210,18150000,4229120,1.007559779614325,0.007531347683262011
1,ba,5,minimax-m2-1,757622126525aeeb131756849d93298070ff3f0319c455ec8c5bb0f6b1cebbe8,nested,140-byte batch 512,140,512,18630299,18258001,4229120,1.020390950794668,0.020185838954024062
1,ba,0,minimax-m2-1,757622126525aeeb131756849d93298070ff3f0319c455ec8c5bb0f6b1cebbe8,nested,4 KiB single,4096,1,47817336,47985923,4194304,0.9964867404967911,-0.00351944549228379
1,ba,1,minimax-m2-1,757622126525aeeb131756849d93298070ff3f0319c455ec8c5bb0f6b1cebbe8,nested,4 KiB single,4096,1,46018030,45566404,4194304,1.0099113812009393,0.009862585618458918
1,ba,2,minimax-m2-1,757622126525aeeb131756849d93298070ff3f0319c455ec8c5bb0f6b1cebbe8,nested,4 KiB single,4096,1,44876320,44098099,4194304,1.0176474954169794,0.01749358646989047
1,ba,3,minimax-m2-1,757622126525aeeb131756849d93298070ff3f0319c455ec8c5bb0f6b1cebbe8,nested,4 KiB single,4096,1,44247476,44738175,4194304,0.989031760906653,-0.011028833712633761
1,ba,4,minimax-m2-1,757622126525aeeb131756849d93298070ff3f0319c455ec8c5bb0f6b1cebbe8,nested,4 KiB single,4096,1,50167150,49079963,4194304,1.0221513410676368,0.021909564054707793
1,ba,5,minimax-m2-1,757622126525aeeb131756849d93298070ff3f0319c455ec8c5bb0f6b1cebbe8,nested,4 KiB single,4096,1,47336017,46118346,4194304,1.0264031802007818,0.02606063271743366
1,ba,0,minimax-m2-1,757622126525aeeb131756849d93298070ff3f0319c455ec8c5bb0f6b1cebbe8,nested,64 KiB single,65536,1,46779819,46838183,4194304,0.9987539226276134,-0.0012468543723306673
1,ba,1,minimax-m2-1,757622126525aeeb131756849d93298070ff3f0319c455ec8c5bb0f6b1cebbe8,nested,64 KiB single,65536,1,43306217,43006272,4194304,1.0069744478200762,0.006950238856467991
1,ba,2,minimax-m2-1,757622126525aeeb131756849d93298070ff3f0319c455ec8c5bb0f6b1cebbe8,nested,64 KiB single,65536,1,45278670,44891259,4194304,1.008629987410244,0.008592961935982859
1,ba,3,minimax-m2-1,757622126525aeeb131756849d93298070ff3f0319c455ec8c5bb0f6b1cebbe8,nested,64 KiB single,65536,1,41527729,41263835,4194304,1.0063952853630789,0.006374922297937689
1,ba,4,minimax-m2-1,757622126525aeeb131756849d93298070ff3f0319c455ec8c5bb0f6b1cebbe8,nested,64 KiB single,65536,1,45275765,45081666,4194304,1.0043054974942585,0.00429625535842083
1,ba,5,minimax-m2-1,757622126525aeeb131756849d93298070ff3f0319c455ec8c5bb0f6b1cebbe8,nested,64 KiB single,65536,1,42490977,43365664,4194304,0.9798299640932513,-0.02037622839872612
1,ba,0,mistral-nemo,e11c71726323d33da7b8d6f6f269f1988931c0a52b7122bcdd8c05042974e0db,flat-ragged,140-byte batch 1,140,1,75231375,77492321,4194400,0.9708236123163739,-0.02961048289110102
1,ba,1,mistral-nemo,e11c71726323d33da7b8d6f6f269f1988931c0a52b7122bcdd8c05042974e0db,flat-ragged,140-byte batch 1,140,1,66387826,67469434,4194400,0.9839689184290474,-0.016160969391112397
1,ba,2,mistral-nemo,e11c71726323d33da7b8d6f6f269f1988931c0a52b7122bcdd8c05042974e0db,flat-ragged,140-byte batch 1,140,1,61724661,61261748,4194400,1.0075563139334516,0.007527907999678029
1,ba,3,mistral-nemo,e11c71726323d33da7b8d6f6f269f1988931c0a52b7122bcdd8c05042974e0db,flat-ragged,140-byte batch 1,140,1,47228435,47953688,4194400,0.984875970332042,-0.015239564183068497
1,ba,4,mistral-nemo,e11c71726323d33da7b8d6f6f269f1988931c0a52b7122bcdd8c05042974e0db,flat-ragged,140-byte batch 1,140,1,67224809,70030953,4194400,0.9599299469764463,-0.04089496908236883
1,ba,5,mistral-nemo,e11c71726323d33da7b8d6f6f269f1988931c0a52b7122bcdd8c05042974e0db,flat-ragged,140-byte batch 1,140,1,60994443,62834968,4194400,0.9707085869766019,-0.029728972133719295
1,ba,0,mistral-nemo,e11c71726323d33da7b8d6f6f269f1988931c0a52b7122bcdd8c05042974e0db,flat-ragged,140-byte batch 32,140,32,64133819,71412421,4197760,0.8980765264910988,-0.10749999550116705
1,ba,1,mistral-nemo,e11c71726323d33da7b8d6f6f269f1988931c0a52b7122bcdd8c05042974e0db,flat-ragged,140-byte batch 32,140,32,61715863,63675267,4197760,0.969228177716161,-0.03125521729259226
1,ba,2,mistral-nemo,e11c71726323d33da7b8d6f6f269f1988931c0a52b7122bcdd8c05042974e0db,flat-ragged,140-byte batch 32,140,32,57026089,58934871,4197760,0.9676120102137833,-0.03292408794857339
1,ba,3,mistral-nemo,e11c71726323d33da7b8d6f6f269f1988931c0a52b7122bcdd8c05042974e0db,flat-ragged,140-byte batch 32,140,32,43071297,45281592,4197760,0.9511877806769692,-0.050043779906571634
1,ba,4,mistral-nemo,e11c71726323d33da7b8d6f6f269f1988931c0a52b7122bcdd8c05042974e0db,flat-ragged,140-byte batch 32,140,32,62765033,65465537,4197760,0.9587492270933331,-0.042125732461795955
1,ba,5,mistral-nemo,e11c71726323d33da7b8d6f6f269f1988931c0a52b7122bcdd8c05042974e0db,flat-ragged,140-byte batch 32,140,32,56294714,58945235,4197760,0.9550341770628279,-0.046008151641420775
1,ba,0,mistral-nemo,e11c71726323d33da7b8d6f6f269f1988931c0a52b7122bcdd8c05042974e0db,flat-ragged,140-byte batch 512,140,512,21396467,21716365,4229120,0.9852692658278676,-0.014840308845105104
1,ba,1,mistral-nemo,e11c71726323d33da7b8d6f6f269f1988931c0a52b7122bcdd8c05042974e0db,flat-ragged,140-byte batch 512,140,512,19954394,20837716,4229120,0.9576094616127795,-0.04331524423917062
1,ba,2,mistral-nemo,e11c71726323d33da7b8d6f6f269f1988931c0a52b7122bcdd8c05042974e0db,flat-ragged,140-byte batch 512,140,512,19274860,19490956,4229120,0.9889130117578635,-0.011148906983205633
1,ba,3,mistral-nemo,e11c71726323d33da7b8d6f6f269f1988931c0a52b7122bcdd8c05042974e0db,flat-ragged,140-byte batch 512,140,512,16063039,16682766,4229120,0.9628522632278125,-0.03785529200822902
1,ba,4,mistral-nemo,e11c71726323d33da7b8d6f6f269f1988931c0a52b7122bcdd8c05042974e0db,flat-ragged,140-byte batch 512,140,512,15873791,15822444,4229120,1.0032452002990182,0.003239946000958743
1,ba,5,mistral-nemo,e11c71726323d33da7b8d6f6f269f1988931c0a52b7122bcdd8c05042974e0db,flat-ragged,140-byte batch 512,140,512,16182210,15646383,4229120,1.0342460618534008,0.0336727186203489
1,ba,0,mistral-nemo,e11c71726323d33da7b8d6f6f269f1988931c0a52b7122bcdd8c05042974e0db,flat-ragged,4 KiB single,4096,1,48478358,52736116,4194304,0.9192629582353012,-0.08418306237000339
1,ba,1,mistral-nemo,e11c71726323d33da7b8d6f6f269f1988931c0a52b7122bcdd8c05042974e0db,flat-ragged,4 KiB single,4096,1,51199334,53429277,4194304,0.9582636500958079,-0.04263233000601492
1,ba,2,mistral-nemo,e11c71726323d33da7b8d6f6f269f1988931c0a52b7122bcdd8c05042974e0db,flat-ragged,4 KiB single,4096,1,45740125,48460876,4194304,0.9438567515783247,-0.057780870560659066
1,ba,3,mistral-nemo,e11c71726323d33da7b8d6f6f269f1988931c0a52b7122bcdd8c05042974e0db,flat-ragged,4 KiB single,4096,1,43845636,46263714,4194304,0.94773273066663,-0.05368274615330839
1,ba,4,mistral-nemo,e11c71726323d33da7b8d6f6f269f1988931c0a52b7122bcdd8c05042974e0db,flat-ragged,4 KiB single,4096,1,44865064,47935944,4194304,0.9359378423839948,-0.06620621241904183
1,ba,5,mistral-nemo,e11c71726323d33da7b8d6f6f269f1988931c0a52b7122bcdd8c05042974e0db,flat-ragged,4 KiB single,4096,1,51199889,52391056,4194304,0.9772639245904874,-0.02299852566104592
1,ba,0,mistral-nemo,e11c71726323d33da7b8d6f6f269f1988931c0a52b7122bcdd8c05042974e0db,flat-ragged,64 KiB single,65536,1,21782988,21448543,4194304,1.0155929006459785,0.015472580518694582
1,ba,1,mistral-nemo,e11c71726323d33da7b8d6f6f269f1988931c0a52b7122bcdd8c05042974e0db,flat-ragged,64 KiB single,65536,1,20188150,20791272,4194304,0.9709915776196858,-0.02943748465254433
1,ba,2,mistral-nemo,e11c71726323d33da7b8d6f6f269f1988931c0a52b7122bcdd8c05042974e0db,flat-ragged,64 KiB single,65536,1,19322648,19743788,4194304,0.978669746656518,-0.021561030792198097
1,ba,3,mistral-nemo,e11c71726323d33da7b8d6f6f269f1988931c0a52b7122bcdd8c05042974e0db,flat-ragged,64 KiB single,65536,1,20239160,21009829,4194304,0.9633186448114356,-0.037371034260600636
1,ba,4,mistral-nemo,e11c71726323d33da7b8d6f6f269f1988931c0a52b7122bcdd8c05042974e0db,flat-ragged,64 KiB single,65536,1,18963216,19209852,4194304,0.9871609630308448,-0.012922169733968885
1,ba,5,mistral-nemo,e11c71726323d33da7b8d6f6f269f1988931c0a52b7122bcdd8c05042974e0db,flat-ragged,64 KiB single,65536,1,18892109,19489297,4194304,0.9693581559150133,-0.031121121434396864
1,ba,0,mistral-nemo,e11c71726323d33da7b8d6f6f269f1988931c0a52b7122bcdd8c05042974e0db,nested,140-byte batch 1,140,1,75104612,80198651,4194400,0.9364822358420967,-0.06562472594624444
1,ba,1,mistral-nemo,e11c71726323d33da7b8d6f6f269f1988931c0a52b7122bcdd8c05042974e0db,nested,140-byte batch 1,140,1,65596585,68981962,4194400,0.9509237356861494,-0.05032141346301074
1,ba,2,mistral-nemo,e11c71726323d33da7b8d6f6f269f1988931c0a52b7122bcdd8c05042974e0db,nested,140-byte batch 1,140,1,61019373,61700319,4194400,0.988963655114976,-0.011097697160094058
1,ba,3,mistral-nemo,e11c71726323d33da7b8d6f6f269f1988931c0a52b7122bcdd8c05042974e0db,nested,140-byte batch 1,140,1,48324133,49264093,4194400,0.9809199775585029,-0.019264395059467664
1,ba,4,mistral-nemo,e11c71726323d33da7b8d6f6f269f1988931c0a52b7122bcdd8c05042974e0db,nested,140-byte batch 1,140,1,67392950,69688362,4194400,0.9670617598961503,-0.033492918043828854
1,ba,5,mistral-nemo,e11c71726323d33da7b8d6f6f269f1988931c0a52b7122bcdd8c05042974e0db,nested,140-byte batch 1,140,1,61451273,63206870,4194400,0.9722245857135466,-0.02816844595000327
1,ba,0,mistral-nemo,e11c71726323d33da7b8d6f6f269f1988931c0a52b7122bcdd8c05042974e0db,nested,140-byte batch 32,140,32,76817231,79992059,4197760,0.9603107103418853,-0.04049839027962529
1,ba,1,mistral-nemo,e11c71726323d33da7b8d6f6f269f1988931c0a52b7122bcdd8c05042974e0db,nested,140-byte batch 32,140,32,67992243,69864705,4197760,0.9731987417681074,-0.027166960954711536
1,ba,2,mistral-nemo,e11c71726323d33da7b8d6f6f269f1988931c0a52b7122bcdd8c05042974e0db,nested,140-byte batch 32,140,32,61885287,63588164,4197760,0.9732202206687396,-0.027144890782721243
1,ba,3,mistral-nemo,e11c71726323d33da7b8d6f6f269f1988931c0a52b7122bcdd8c05042974e0db,nested,140-byte batch 32,140,32,50295627,49794132,4197760,1.0100713674454653,0.010020989193903115
1,ba,4,mistral-nemo,e11c71726323d33da7b8d6f6f269f1988931c0a52b7122bcdd8c05042974e0db,nested,140-byte batch 32,140,32,69607130,71930112,4197760,0.9677050134441609,-0.03282797632519351
1,ba,5,mistral-nemo,e11c71726323d33da7b8d6f6f269f1988931c0a52b7122bcdd8c05042974e0db,nested,140-byte batch 32,140,32,63048955,65106822,4197760,0.9683924520229232,-0.032117848224814
1,ba,0,mistral-nemo,e11c71726323d33da7b8d6f6f269f1988931c0a52b7122bcdd8c05042974e0db,nested,140-byte batch 512,140,512,24534117,24153491,4229120,1.0157586329860142,0.015635754974380352
1,ba,1,mistral-nemo,e11c71726323d33da7b8d6f6f269f1988931c0a52b7122bcdd8c05042974e0db,nested,140-byte batch 512,140,512,22569237,22223847,4229120,1.015541413689538,0.015421882781880067
1,ba,2,mistral-nemo,e11c71726323d33da7b8d6f6f269f1988931c0a52b7122bcdd8c05042974e0db,nested,140-byte batch 512,140,512,21754707,21384352,4229120,1.017318972302738,0.017170708307221238
1,ba,3,mistral-nemo,e11c71726323d33da7b8d6f6f269f1988931c0a52b7122bcdd8c05042974e0db,nested,140-byte batch 512,140,512,19292215,18814204,4229120,1.0254069212813892,0.02508953018024896
1,ba,4,mistral-nemo,e11c71726323d33da7b8d6f6f269f1988931c0a52b7122bcdd8c05042974e0db,nested,140-byte batch 512,140,512,17675950,17664430,4229120,1.0006521580373666,0.000651945474725042
1,ba,5,mistral-nemo,e11c71726323d33da7b8d6f6f269f1988931c0a52b7122bcdd8c05042974e0db,nested,140-byte batch 512,140,512,18321796,18003139,4229120,1.0177000799693876,0.017545257794293046
1,ba,0,mistral-nemo,e11c71726323d33da7b8d6f6f269f1988931c0a52b7122bcdd8c05042974e0db,nested,4 KiB single,4096,1,51443832,51928730,4194304,0.9906622403436403,-0.009381629847167856
1,ba,1,mistral-nemo,e11c71726323d33da7b8d6f6f269f1988931c0a52b7122bcdd8c05042974e0db,nested,4 KiB single,4096,1,51294430,50076733,4194304,1.024316622252494,0.02402568024286011
1,ba,2,mistral-nemo,e11c71726323d33da7b8d6f6f269f1988931c0a52b7122bcdd8c05042974e0db,nested,4 KiB single,4096,1,47150607,47683120,4194304,0.9888322534263697,-0.011230574054248934
1,ba,3,mistral-nemo,e11c71726323d33da7b8d6f6f269f1988931c0a52b7122bcdd8c05042974e0db,nested,4 KiB single,4096,1,45139444,43929650,4194304,1.0275393498468575,0.027166963342892324
1,ba,4,mistral-nemo,e11c71726323d33da7b8d6f6f269f1988931c0a52b7122bcdd8c05042974e0db,nested,4 KiB single,4096,1,45031123,45633157,4194304,0.9868070929214913,-0.013280706552310227
1,ba,5,mistral-nemo,e11c71726323d33da7b8d6f6f269f1988931c0a52b7122bcdd8c05042974e0db,nested,4 KiB single,4096,1,51720892,53664807,4194304,0.9637767261512745,-0.03689562307403555
1,ba,0,mistral-nemo,e11c71726323d33da7b8d6f6f269f1988931c0a52b7122bcdd8c05042974e0db,nested,64 KiB single,65536,1,47072844,48885898,4194304,0.9629125356355324,-0.03779269619406195
1,ba,1,mistral-nemo,e11c71726323d33da7b8d6f6f269f1988931c0a52b7122bcdd8c05042974e0db,nested,64 KiB single,65536,1,47105770,47025500,4194304,1.0017069462313,0.001705491054285636
1,ba,2,mistral-nemo,e11c71726323d33da7b8d6f6f269f1988931c0a52b7122bcdd8c05042974e0db,nested,64 KiB single,65536,1,46618271,45067137,4194304,1.0344182946433895,0.03383923455595318
1,ba,3,mistral-nemo,e11c71726323d33da7b8d6f6f269f1988931c0a52b7122bcdd8c05042974e0db,nested,64 KiB single,65536,1,42494755,42693614,4194304,0.9953421839622197,-0.00466869746517382
1,ba,4,mistral-nemo,e11c71726323d33da7b8d6f6f269f1988931c0a52b7122bcdd8c05042974e0db,nested,64 KiB single,65536,1,40188825,40516036,4194304,0.9919239137807064,-0.008108874456681956
1,ba,5,mistral-nemo,e11c71726323d33da7b8d6f6f269f1988931c0a52b7122bcdd8c05042974e0db,nested,64 KiB single,65536,1,43135173,42968367,4194304,1.0038820651480658,0.003874549378018612
1,ba,0,nemotron-3,c6021eb6847e682f89aa52d5eb6e8c7d902a23acfc8137e25211cf84828f1592,flat-ragged,140-byte batch 1,140,1,75537606,78958715,4194400,0.9566721798853997,-0.04429449596677487
1,ba,1,nemotron-3,c6021eb6847e682f89aa52d5eb6e8c7d902a23acfc8137e25211cf84828f1592,flat-ragged,140-byte batch 1,140,1,65955914,65039748,4194400,1.0140862476896435,0.013987958444998543
1,ba,2,nemotron-3,c6021eb6847e682f89aa52d5eb6e8c7d902a23acfc8137e25211cf84828f1592,flat-ragged,140-byte batch 1,140,1,59786918,58871135,4194400,1.0155557218320999,0.015435971859464662
1,ba,3,nemotron-3,c6021eb6847e682f89aa52d5eb6e8c7d902a23acfc8137e25211cf84828f1592,flat-ragged,140-byte batch 1,140,1,46468379,45817536,4194400,1.0142051069703966,0.014105159832872168
1,ba,4,nemotron-3,c6021eb6847e682f89aa52d5eb6e8c7d902a23acfc8137e25211cf84828f1592,flat-ragged,140-byte batch 1,140,1,66866019,66776965,4194400,1.0013336035862066,0.0013327151267581105
1,ba,5,nemotron-3,c6021eb6847e682f89aa52d5eb6e8c7d902a23acfc8137e25211cf84828f1592,flat-ragged,140-byte batch 1,140,1,62352433,59139624,4194400,1.054325827299815,0.05290153640762755
1,ba,0,nemotron-3,c6021eb6847e682f89aa52d5eb6e8c7d902a23acfc8137e25211cf84828f1592,flat-ragged,140-byte batch 32,140,32,68111555,65450592,4197760,1.0406560570147325,0.039851338320052956
1,ba,1,nemotron-3,c6021eb6847e682f89aa52d5eb6e8c7d902a23acfc8137e25211cf84828f1592,flat-ragged,140-byte batch 32,140,32,63927199,61029338,4197760,1.0474830810060565,0.046390220899519975
1,ba,2,nemotron-3,c6021eb6847e682f89aa52d5eb6e8c7d902a23acfc8137e25211cf84828f1592,flat-ragged,140-byte batch 32,140,32,56444828,57559135,4197760,0.980640657647131,-0.01954918861440204
1,ba,3,nemotron-3,c6021eb6847e682f89aa52d5eb6e8c7d902a23acfc8137e25211cf84828f1592,flat-ragged,140-byte batch 32,140,32,44048040,43707662,4197760,1.007787604836882,0.0077574379595936474
1,ba,4,nemotron-3,c6021eb6847e682f89aa52d5eb6e8c7d902a23acfc8137e25211cf84828f1592,flat-ragged,140-byte batch 32,140,32,64507029,62013743,4197760,1.0402053783465384,0.03941817283619869
1,ba,5,nemotron-3,c6021eb6847e682f89aa52d5eb6e8c7d902a23acfc8137e25211cf84828f1592,flat-ragged,140-byte batch 32,140,32,58675195,57097560,4197760,1.0276305152094065,0.027255681423240734
1,ba,0,nemotron-3,c6021eb6847e682f89aa52d5eb6e8c7d902a23acfc8137e25211cf84828f1592,flat-ragged,140-byte batch 512,140,512,21518397,22039806,4229120,0.9763423961172798,-0.023941938396547863
1,ba,1,nemotron-3,c6021eb6847e682f89aa52d5eb6e8c7d902a23acfc8137e25211cf84828f1592,flat-ragged,140-byte batch 512,140,512,21391552,20467689,4229120,1.0451376313173413,0.044148581354379594
1,ba,2,nemotron-3,c6021eb6847e682f89aa52d5eb6e8c7d902a23acfc8137e25211cf84828f1592,flat-ragged,140-byte batch 512,140,512,19952016,19317264,4229120,1.0328593117534657,0.032330987012776216
1,ba,3,nemotron-3,c6021eb6847e682f89aa52d5eb6e8c7d902a23acfc8137e25211cf84828f1592,flat-ragged,140-byte batch 512,140,512,16748949,15879990,4229120,1.0547203745090519,0.053275683937919704
1,ba,4,nemotron-3,c6021eb6847e682f89aa52d5eb6e8c7d902a23acfc8137e25211cf84828f1592,flat-ragged,140-byte batch 512,140,512,15645905,14887849,4229120,1.0509177652191395,0.04966384451305326
1,ba,5,nemotron-3,c6021eb6847e682f89aa52d5eb6e8c7d902a23acfc8137e25211cf84828f1592,flat-ragged,140-byte batch 512,140,512,15510763,15162359,4229120,1.0229782186267982,0.022718195077909783
1,ba,0,nemotron-3,c6021eb6847e682f89aa52d5eb6e8c7d902a23acfc8137e25211cf84828f1592,flat-ragged,4 KiB single,4096,1,47388945,48783511,4194304,0.9714131686831643,-0.02900339276628717
1,ba,1,nemotron-3,c6021eb6847e682f89aa52d5eb6e8c7d902a23acfc8137e25211cf84828f1592,flat-ragged,4 KiB single,4096,1,49769395,50735476,4194304,0.9809584717407599,-0.01922515289104925
1,ba,2,nemotron-3,c6021eb6847e682f89aa52d5eb6e8c7d902a23acfc8137e25211cf84828f1592,flat-ragged,4 KiB single,4096,1,44941501,45807399,4194304,0.9810969839173798,-0.019083962002228522
1,ba,3,nemotron-3,c6021eb6847e682f89aa52d5eb6e8c7d902a23acfc8137e25211cf84828f1592,flat-ragged,4 KiB single,4096,1,43757668,44332615,4194304,0.9870310605408682,-0.013053770397544693
1,ba,4,nemotron-3,c6021eb6847e682f89aa52d5eb6e8c7d902a23acfc8137e25211cf84828f1592,flat-ragged,4 KiB single,4096,1,44720205,46675741,4194304,0.9581038038581969,-0.042799152123194906
1,ba,5,nemotron-3,c6021eb6847e682f89aa52d5eb6e8c7d902a23acfc8137e25211cf84828f1592,flat-ragged,4 KiB single,4096,1,51131909,51219255,4194304,0.9982946647701143,-0.0017067909692600116
1,ba,0,nemotron-3,c6021eb6847e682f89aa52d5eb6e8c7d902a23acfc8137e25211cf84828f1592,flat-ragged,64 KiB single,65536,1,21391712,21197481,4194304,1.0091629283687058,0.009121203428642343
1,ba,1,nemotron-3,c6021eb6847e682f89aa52d5eb6e8c7d902a23acfc8137e25211cf84828f1592,flat-ragged,64 KiB single,65536,1,20271159,20109187,4194304,1.008054626972239,0.008022361605606576
1,ba,2,nemotron-3,c6021eb6847e682f89aa52d5eb6e8c7d902a23acfc8137e25211cf84828f1592,flat-ragged,64 KiB single,65536,1,19353060,18856693,4194304,1.0263231203901977,0.025982629322045134
1,ba,3,nemotron-3,c6021eb6847e682f89aa52d5eb6e8c7d902a23acfc8137e25211cf84828f1592,flat-ragged,64 KiB single,65536,1,20536648,20216772,4194304,1.015822308328946,0.01569844048363834
1,ba,4,nemotron-3,c6021eb6847e682f89aa52d5eb6e8c7d902a23acfc8137e25211cf84828f1592,flat-ragged,64 KiB single,65536,1,19101908,18971517,4194304,1.0068729875423246,0.006849476230604842
1,ba,5,nemotron-3,c6021eb6847e682f89aa52d5eb6e8c7d902a23acfc8137e25211cf84828f1592,flat-ragged,64 KiB single,65536,1,18890689,18451397,4194304,1.0238080617960796,0.02352906939604299
1,ba,0,nemotron-3,c6021eb6847e682f89aa52d5eb6e8c7d902a23acfc8137e25211cf84828f1592,nested,140-byte batch 1,140,1,76974111,79743440,4194400,0.9652720148516292,-0.03534533668878109
1,ba,1,nemotron-3,c6021eb6847e682f89aa52d5eb6e8c7d902a23acfc8137e25211cf84828f1592,nested,140-byte batch 1,140,1,65006861,66483969,4194400,0.977782493701602,-0.022468032759778614
1,ba,2,nemotron-3,c6021eb6847e682f89aa52d5eb6e8c7d902a23acfc8137e25211cf84828f1592,nested,140-byte batch 1,140,1,59793774,60360707,4194400,0.9906075818495632,-0.009436805062051414
1,ba,3,nemotron-3,c6021eb6847e682f89aa52d5eb6e8c7d902a23acfc8137e25211cf84828f1592,nested,140-byte batch 1,140,1,47258902,47374450,4194400,0.9975609637684448,-0.002442015525814941
1,ba,4,nemotron-3,c6021eb6847e682f89aa52d5eb6e8c7d902a23acfc8137e25211cf84828f1592,nested,140-byte batch 1,140,1,66068714,67138395,4194400,0.9840675220192558,-0.01606076434585576
1,ba,5,nemotron-3,c6021eb6847e682f89aa52d5eb6e8c7d902a23acfc8137e25211cf84828f1592,nested,140-byte batch 1,140,1,62950699,65637221,4194400,0.9590701440574396,-0.041791063856473375
1,ba,0,nemotron-3,c6021eb6847e682f89aa52d5eb6e8c7d902a23acfc8137e25211cf84828f1592,nested,140-byte batch 32,140,32,76971809,75779502,4197760,1.0157338985943718,0.015611404019346919
1,ba,1,nemotron-3,c6021eb6847e682f89aa52d5eb6e8c7d902a23acfc8137e25211cf84828f1592,nested,140-byte batch 32,140,32,67584538,68205067,4197760,0.9909020102568039,-0.00913962920120226
1,ba,2,nemotron-3,c6021eb6847e682f89aa52d5eb6e8c7d902a23acfc8137e25211cf84828f1592,nested,140-byte batch 32,140,32,62599881,62573347,4197760,1.0004240463595466,0.0004239564772976995
1,ba,3,nemotron-3,c6021eb6847e682f89aa52d5eb6e8c7d902a23acfc8137e25211cf84828f1592,nested,140-byte batch 32,140,32,49342253,47086167,4197760,1.0479139871376661,0.04680150918872778
1,ba,4,nemotron-3,c6021eb6847e682f89aa52d5eb6e8c7d902a23acfc8137e25211cf84828f1592,nested,140-byte batch 32,140,32,67860581,67171016,4197760,1.0102658116709147,0.010213476099613329
1,ba,5,nemotron-3,c6021eb6847e682f89aa52d5eb6e8c7d902a23acfc8137e25211cf84828f1592,nested,140-byte batch 32,140,32,62952936,62461694,4197760,1.0078646922384142,0.007833926748539811
1,ba,0,nemotron-3,c6021eb6847e682f89aa52d5eb6e8c7d902a23acfc8137e25211cf84828f1592,nested,140-byte batch 512,140,512,23859821,23925977,4229120,0.9972349718467087,-0.00276885790484516
1,ba,1,nemotron-3,c6021eb6847e682f89aa52d5eb6e8c7d902a23acfc8137e25211cf84828f1592,nested,140-byte batch 512,140,512,22530920,21907397,4229120,1.0284617565473433,0.028064245702813365
1,ba,2,nemotron-3,c6021eb6847e682f89aa52d5eb6e8c7d902a23acfc8137e25211cf84828f1592,nested,140-byte batch 512,140,512,21327652,21360098,4229120,0.9984809994785604,-0.0015201553723592626
1,ba,3,nemotron-3,c6021eb6847e682f89aa52d5eb6e8c7d902a23acfc8137e25211cf84828f1592,nested,140-byte batch 512,140,512,18818886,18693542,4229120,1.006705203326368,0.006682823435986933
1,ba,4,nemotron-3,c6021eb6847e682f89aa52d5eb6e8c7d902a23acfc8137e25211cf84828f1592,nested,140-byte batch 512,140,512,17743985,17488105,4229120,1.014631659633791,0.014525649718210092
1,ba,5,nemotron-3,c6021eb6847e682f89aa52d5eb6e8c7d902a23acfc8137e25211cf84828f1592,nested,140-byte batch 512,140,512,18508598,17732398,4229120,1.0437729854698727,0.04284201894751105
1,ba,0,nemotron-3,c6021eb6847e682f89aa52d5eb6e8c7d902a23acfc8137e25211cf84828f1592,nested,4 KiB single,4096,1,50763857,52811891,4194304,0.961220210804419,-0.039551748702907535
1,ba,1,nemotron-3,c6021eb6847e682f89aa52d5eb6e8c7d902a23acfc8137e25211cf84828f1592,nested,4 KiB single,4096,1,50767694,49941857,4194304,1.016535969016931,0.01640073862198624
1,ba,2,nemotron-3,c6021eb6847e682f89aa52d5eb6e8c7d902a23acfc8137e25211cf84828f1592,nested,4 KiB single,4096,1,46198288,46299534,4194304,0.9978132393297954,-0.002189155122685534
1,ba,3,nemotron-3,c6021eb6847e682f89aa52d5eb6e8c7d902a23acfc8137e25211cf84828f1592,nested,4 KiB single,4096,1,44122959,45073138,4194304,0.9789191735441185,-0.02130620008042152
1,ba,4,nemotron-3,c6021eb6847e682f89aa52d5eb6e8c7d902a23acfc8137e25211cf84828f1592,nested,4 KiB single,4096,1,45013401,45213236,4194304,0.9955801659496347,-0.0044296303930110425
1,ba,5,nemotron-3,c6021eb6847e682f89aa52d5eb6e8c7d902a23acfc8137e25211cf84828f1592,nested,4 KiB single,4096,1,51728264,52409991,4194304,0.9869924228760123,-0.013092916502122898
1,ba,0,nemotron-3,c6021eb6847e682f89aa52d5eb6e8c7d902a23acfc8137e25211cf84828f1592,nested,64 KiB single,65536,1,47204922,46470853,4194304,1.0157963315198884,0.015672867958805695
1,ba,1,nemotron-3,c6021eb6847e682f89aa52d5eb6e8c7d902a23acfc8137e25211cf84828f1592,nested,64 KiB single,65536,1,46012825,45524963,4194304,1.0107163623614588,0.010659349105122702
1,ba,2,nemotron-3,c6021eb6847e682f89aa52d5eb6e8c7d902a23acfc8137e25211cf84828f1592,nested,64 KiB single,65536,1,45577209,45591685,4194304,0.9996824859620784,-0.0003175644561763303
1,ba,3,nemotron-3,c6021eb6847e682f89aa52d5eb6e8c7d902a23acfc8137e25211cf84828f1592,nested,64 KiB single,65536,1,41745618,41396740,4194304,1.0084276684589173,0.00839235393509947
1,ba,4,nemotron-3,c6021eb6847e682f89aa52d5eb6e8c7d902a23acfc8137e25211cf84828f1592,nested,64 KiB single,65536,1,40159276,39389691,4194304,1.0195377262543135,0.019349315011094777
1,ba,5,nemotron-3,c6021eb6847e682f89aa52d5eb6e8c7d902a23acfc8137e25211cf84828f1592,nested,64 KiB single,65536,1,44558402,45355039,4194304,0.982435534891724,-0.017720550733126995
1,ba,0,phi-4-mini,382cc235b56c725945e149cc25f191da667c836655efd0857b004320e90e91ea,flat-ragged,140-byte batch 1,140,1,46948407,50544541,4194400,0.9288521781214711,-0.07380567218168646
1,ba,1,phi-4-mini,382cc235b56c725945e149cc25f191da667c836655efd0857b004320e90e91ea,flat-ragged,140-byte batch 1,140,1,45713565,47260732,4194400,0.9672631604605701,-0.03328467943507381
1,ba,2,phi-4-mini,382cc235b56c725945e149cc25f191da667c836655efd0857b004320e90e91ea,flat-ragged,140-byte batch 1,140,1,45144785,44943000,4194400,1.004489798188817,0.0044797491125845605
1,ba,3,phi-4-mini,382cc235b56c725945e149cc25f191da667c836655efd0857b004320e90e91ea,flat-ragged,140-byte batch 1,140,1,48045784,49881910,4194400,0.9631905434254623,-0.03750402234801208
1,ba,4,phi-4-mini,382cc235b56c725945e149cc25f191da667c836655efd0857b004320e90e91ea,flat-ragged,140-byte batch 1,140,1,45304535,42795659,4194400,1.0586245441389277,0.05697046564333562
1,ba,5,phi-4-mini,382cc235b56c725945e149cc25f191da667c836655efd0857b004320e90e91ea,flat-ragged,140-byte batch 1,140,1,38231442,41618451,4194400,0.9186176102517607,-0.08488533652331794
1,ba,0,phi-4-mini,382cc235b56c725945e149cc25f191da667c836655efd0857b004320e90e91ea,flat-ragged,140-byte batch 32,140,32,46365720,42683160,4197760,1.0862766486829936,0.08275593003117372
1,ba,1,phi-4-mini,382cc235b56c725945e149cc25f191da667c836655efd0857b004320e90e91ea,flat-ragged,140-byte batch 32,140,32,42983438,40761157,4197760,1.0545195760758215,0.05308528508473913
1,ba,2,phi-4-mini,382cc235b56c725945e149cc25f191da667c836655efd0857b004320e90e91ea,flat-ragged,140-byte batch 32,140,32,42114268,42794669,4197760,0.9841008000318918,-0.01602694811960488
1,ba,3,phi-4-mini,382cc235b56c725945e149cc25f191da667c836655efd0857b004320e90e91ea,flat-ragged,140-byte batch 32,140,32,43645388,44521249,4197760,0.9803271242457731,-0.019868962765639795
1,ba,4,phi-4-mini,382cc235b56c725945e149cc25f191da667c836655efd0857b004320e90e91ea,flat-ragged,140-byte batch 32,140,32,41434926,38787736,4197760,1.0682481184258859,0.06602003417923462
1,ba,5,phi-4-mini,382cc235b56c725945e149cc25f191da667c836655efd0857b004320e90e91ea,flat-ragged,140-byte batch 32,140,32,36272203,35062297,4197760,1.0345073227803643,0.03392529674811702
1,ba,0,phi-4-mini,382cc235b56c725945e149cc25f191da667c836655efd0857b004320e90e91ea,flat-ragged,140-byte batch 512,140,512,14955423,14866891,4229120,1.0059549774058343,0.00593731660630697
1,ba,1,phi-4-mini,382cc235b56c725945e149cc25f191da667c836655efd0857b004320e90e91ea,flat-ragged,140-byte batch 512,140,512,15220953,14213284,4229120,1.0708962826606434,0.06849594518946167
1,ba,2,phi-4-mini,382cc235b56c725945e149cc25f191da667c836655efd0857b004320e90e91ea,flat-ragged,140-byte batch 512,140,512,14101799,14074832,4229120,1.001915973135594,0.0019141400001844978
1,ba,3,phi-4-mini,382cc235b56c725945e149cc25f191da667c836655efd0857b004320e90e91ea,flat-ragged,140-byte batch 512,140,512,12533332,11830735,4229120,1.0593874345085068,0.05769084910694404
1,ba,4,phi-4-mini,382cc235b56c725945e149cc25f191da667c836655efd0857b004320e90e91ea,flat-ragged,140-byte batch 512,140,512,11491101,11645376,4229120,0.9867522525678861,-0.013336281626598822
1,ba,5,phi-4-mini,382cc235b56c725945e149cc25f191da667c836655efd0857b004320e90e91ea,flat-ragged,140-byte batch 512,140,512,11785331,11309284,4229120,1.0420934694008923,0.04123164122844065
1,ba,0,phi-4-mini,382cc235b56c725945e149cc25f191da667c836655efd0857b004320e90e91ea,flat-ragged,4 KiB single,4096,1,32775416,33223918,4194304,0.9865006288541888,-0.013591316059772813
1,ba,1,phi-4-mini,382cc235b56c725945e149cc25f191da667c836655efd0857b004320e90e91ea,flat-ragged,4 KiB single,4096,1,33979361,33488996,4194304,1.0146425709507685,0.014536403628956264
1,ba,2,phi-4-mini,382cc235b56c725945e149cc25f191da667c836655efd0857b004320e90e91ea,flat-ragged,4 KiB single,4096,1,32084996,29128238,4194304,1.101508302699257,0.09668042486168223
1,ba,3,phi-4-mini,382cc235b56c725945e149cc25f191da667c836655efd0857b004320e90e91ea,flat-ragged,4 KiB single,4096,1,32078473,30071810,4194304,1.066729039588904,0.06459699404259502
1,ba,4,phi-4-mini,382cc235b56c725945e149cc25f191da667c836655efd0857b004320e90e91ea,flat-ragged,4 KiB single,4096,1,37114288,34188216,4194304,1.0855871508475319,0.08212099347688825
1,ba,5,phi-4-mini,382cc235b56c725945e149cc25f191da667c836655efd0857b004320e90e91ea,flat-ragged,4 KiB single,4096,1,34612316,33774451,4194304,1.0248076571252038,0.02450494339644289
1,ba,0,phi-4-mini,382cc235b56c725945e149cc25f191da667c836655efd0857b004320e90e91ea,flat-ragged,64 KiB single,65536,1,17461453,17471314,4194304,0.9994355891033725,-0.0005645702364158549
1,ba,1,phi-4-mini,382cc235b56c725945e149cc25f191da667c836655efd0857b004320e90e91ea,flat-ragged,64 KiB single,65536,1,17386779,17493306,4194304,0.9939104135033138,-0.006108203647516299
1,ba,2,phi-4-mini,382cc235b56c725945e149cc25f191da667c836655efd0857b004320e90e91ea,flat-ragged,64 KiB single,65536,1,16597582,15953925,4194304,1.0403447427513919,0.039552141639592295
1,ba,3,phi-4-mini,382cc235b56c725945e149cc25f191da667c836655efd0857b004320e90e91ea,flat-ragged,64 KiB single,65536,1,17422698,17397246,4194304,1.0014629901767211,0.0014619210492142088
1,ba,4,phi-4-mini,382cc235b56c725945e149cc25f191da667c836655efd0857b004320e90e91ea,flat-ragged,64 KiB single,65536,1,17166210,16851438,4194304,1.01867923675119,0.018506922302690805
1,ba,5,phi-4-mini,382cc235b56c725945e149cc25f191da667c836655efd0857b004320e90e91ea,flat-ragged,64 KiB single,65536,1,16744948,16347112,4194304,1.0243367758170372,0.024045355181102818
1,ba,0,phi-4-mini,382cc235b56c725945e149cc25f191da667c836655efd0857b004320e90e91ea,nested,140-byte batch 1,140,1,49771714,48887885,4194400,1.018078691684044,0.017917215419840076
1,ba,1,phi-4-mini,382cc235b56c725945e149cc25f191da667c836655efd0857b004320e90e91ea,nested,140-byte batch 1,140,1,44247531,43038442,4194400,1.0280932334864723,0.02770585697350501
1,ba,2,phi-4-mini,382cc235b56c725945e149cc25f191da667c836655efd0857b004320e90e91ea,nested,140-byte batch 1,140,1,45665527,43803489,4194400,1.0425088969511083,0.041630208900070395
1,ba,3,phi-4-mini,382cc235b56c725945e149cc25f191da667c836655efd0857b004320e90e91ea,nested,140-byte batch 1,140,1,47580708,44786710,4194400,1.0623845332689095,0.06051594134048771
1,ba,4,phi-4-mini,382cc235b56c725945e149cc25f191da667c836655efd0857b004320e90e91ea,nested,140-byte batch 1,140,1,42499556,41384448,4194400,1.0269450978299868,0.026588470734573932
1,ba,5,phi-4-mini,382cc235b56c725945e149cc25f191da667c836655efd0857b004320e90e91ea,nested,140-byte batch 1,140,1,38428383,38681773,4194400,0.9934493695519075,-0.006572179987993865
1,ba,0,phi-4-mini,382cc235b56c725945e149cc25f191da667c836655efd0857b004320e90e91ea,nested,140-byte batch 32,140,32,51446061,50533995,4197760,1.01804856315041,0.01788762146045977
1,ba,1,phi-4-mini,382cc235b56c725945e149cc25f191da667c836655efd0857b004320e90e91ea,nested,140-byte batch 32,140,32,46739509,46537763,4197760,1.0043351030860679,0.004325733595396637
1,ba,2,phi-4-mini,382cc235b56c725945e149cc25f191da667c836655efd0857b004320e90e91ea,nested,140-byte batch 32,140,32,48398529,44618318,4197760,1.0847232968306872,0.081324928505272
1,ba,3,phi-4-mini,382cc235b56c725945e149cc25f191da667c836655efd0857b004320e90e91ea,nested,140-byte batch 32,140,32,49162759,48278272,4197760,1.0183206018641264,0.01815480161620806
1,ba,4,phi-4-mini,382cc235b56c725945e149cc25f191da667c836655efd0857b004320e90e91ea,nested,140-byte batch 32,140,32,44069075,42682074,4197760,1.032496101290673,0.03197926985625879
1,ba,5,phi-4-mini,382cc235b56c725945e149cc25f191da667c836655efd0857b004320e90e91ea,nested,140-byte batch 32,140,32,41166997,39714286,4197760,1.0365790536936759,0.03592591982965737
1,ba,0,phi-4-mini,382cc235b56c725945e149cc25f191da667c836655efd0857b004320e90e91ea,nested,140-byte batch 512,140,512,18001846,17633192,4229120,1.0209068216350166,0.02069127315210944
1,ba,1,phi-4-mini,382cc235b56c725945e149cc25f191da667c836655efd0857b004320e90e91ea,nested,140-byte batch 512,140,512,17116999,16631349,4229120,1.0292008784134108,0.028782654916547985
1,ba,2,phi-4-mini,382cc235b56c725945e149cc25f191da667c836655efd0857b004320e90e91ea,nested,140-byte batch 512,140,512,16311771,16194393,4229120,1.0072480641911061,0.00722192321217483
1,ba,3,phi-4-mini,382cc235b56c725945e149cc25f191da667c836655efd0857b004320e90e91ea,nested,140-byte batch 512,140,512,15465096,14503608,4229120,1.0662930217088051,0.06418816762295027
1,ba,4,phi-4-mini,382cc235b56c725945e149cc25f191da667c836655efd0857b004320e90e91ea,nested,140-byte batch 512,140,512,14907339,14138563,4229120,1.0543744084883309,0.05294761331102035
1,ba,5,phi-4-mini,382cc235b56c725945e149cc25f191da667c836655efd0857b004320e90e91ea,nested,140-byte batch 512,140,512,15136547,14101194,4229120,1.073423073251811,0.07085267601290117
1,ba,0,phi-4-mini,382cc235b56c725945e149cc25f191da667c836655efd0857b004320e90e91ea,nested,4 KiB single,4096,1,37134670,35102988,4194304,1.0578777510336157,0.056264779532806175
1,ba,1,phi-4-mini,382cc235b56c725945e149cc25f191da667c836655efd0857b004320e90e91ea,nested,4 KiB single,4096,1,33848111,33437618,4194304,1.0122763828452135,0.012201639157008174
1,ba,2,phi-4-mini,382cc235b56c725945e149cc25f191da667c836655efd0857b004320e90e91ea,nested,4 KiB single,4096,1,32745254,32115673,4194304,1.0196035437276996,0.019413869119608813
1,ba,3,phi-4-mini,382cc235b56c725945e149cc25f191da667c836655efd0857b004320e90e91ea,nested,4 KiB single,4096,1,32552926,31527585,4194304,1.0325220279320475,0.032004380184356085
1,ba,4,phi-4-mini,382cc235b56c725945e149cc25f191da667c836655efd0857b004320e90e91ea,nested,4 KiB single,4096,1,37586110,35751965,4194304,1.0513019354320805,0.050029334587281524
1,ba,5,phi-4-mini,382cc235b56c725945e149cc25f191da667c836655efd0857b004320e90e91ea,nested,4 KiB single,4096,1,33959535,33567214,4194304,1.0116876247161888,0.011619851987442054
1,ba,0,phi-4-mini,382cc235b56c725945e149cc25f191da667c836655efd0857b004320e90e91ea,nested,64 KiB single,65536,1,34538735,33358678,4194304,1.0353748131145963,0.034763499436066075
1,ba,1,phi-4-mini,382cc235b56c725945e149cc25f191da667c836655efd0857b004320e90e91ea,nested,64 KiB single,65536,1,32097311,31086389,4194304,1.0325197629097416,0.03200218650254685
1,ba,2,phi-4-mini,382cc235b56c725945e149cc25f191da667c836655efd0857b004320e90e91ea,nested,64 KiB single,65536,1,30900792,30205506,4194304,1.023018518544268,0.022757588999457012
1,ba,3,phi-4-mini,382cc235b56c725945e149cc25f191da667c836655efd0857b004320e90e91ea,nested,64 KiB single,65536,1,30148419,28924959,4194304,1.0422977263338558,0.04142762836754891
1,ba,4,phi-4-mini,382cc235b56c725945e149cc25f191da667c836655efd0857b004320e90e91ea,nested,64 KiB single,65536,1,33381786,32149412,4194304,1.038332707298037,0.03761626064788623
1,ba,5,phi-4-mini,382cc235b56c725945e149cc25f191da667c836655efd0857b004320e90e91ea,nested,64 KiB single,65536,1,32118912,29996079,4194304,1.0707703496847039,0.06837834240835397
1,ba,0,qwen-2-5,c0382117ea329cdf097041132f6d735924b697924d6f6fc3945713e96ce87539,flat-ragged,140-byte batch 1,140,1,44535016,44151140,4194400,1.0086945886334984,0.008657008370595905
1,ba,1,qwen-2-5,c0382117ea329cdf097041132f6d735924b697924d6f6fc3945713e96ce87539,flat-ragged,140-byte batch 1,140,1,43897084,41860673,4194400,1.0486473545229433,0.04750109989529603
1,ba,2,qwen-2-5,c0382117ea329cdf097041132f6d735924b697924d6f6fc3945713e96ce87539,flat-ragged,140-byte batch 1,140,1,41266058,40193000,4194400,1.0266976339163536,0.026347470768021342
1,ba,3,qwen-2-5,c0382117ea329cdf097041132f6d735924b697924d6f6fc3945713e96ce87539,flat-ragged,140-byte batch 1,140,1,46374951,44157551,4194400,1.0502156471494535,0.0489955213197837
1,ba,4,qwen-2-5,c0382117ea329cdf097041132f6d735924b697924d6f6fc3945713e96ce87539,flat-ragged,140-byte batch 1,140,1,41939468,40604272,4194400,1.032883140966054,0.032354057858377465
1,ba,5,qwen-2-5,c0382117ea329cdf097041132f6d735924b697924d6f6fc3945713e96ce87539,flat-ragged,140-byte batch 1,140,1,40087376,39299035,4194400,1.0200600599989287,0.019861507914572942
1,ba,0,qwen-2-5,c0382117ea329cdf097041132f6d735924b697924d6f6fc3945713e96ce87539,flat-ragged,140-byte batch 32,140,32,44768031,40456796,4197760,1.1065639256257465,0.10125965166055856
1,ba,1,qwen-2-5,c0382117ea329cdf097041132f6d735924b697924d6f6fc3945713e96ce87539,flat-ragged,140-byte batch 32,140,32,40833323,38989035,4197760,1.0473027352433832,0.046218035503075294
1,ba,2,qwen-2-5,c0382117ea329cdf097041132f6d735924b697924d6f6fc3945713e96ce87539,flat-ragged,140-byte batch 32,140,32,39939584,38643258,4197760,1.0335459810350358,0.0329955897499464
1,ba,3,qwen-2-5,c0382117ea329cdf097041132f6d735924b697924d6f6fc3945713e96ce87539,flat-ragged,140-byte batch 32,140,32,42894702,42728967,4197760,1.0038787504504847,0.003871247493097529
1,ba,4,qwen-2-5,c0382117ea329cdf097041132f6d735924b697924d6f6fc3945713e96ce87539,flat-ragged,140-byte batch 32,140,32,39662782,39228502,4197760,1.0110705221422933,0.011009692444642323
1,ba,5,qwen-2-5,c0382117ea329cdf097041132f6d735924b697924d6f6fc3945713e96ce87539,flat-ragged,140-byte batch 32,140,32,37036361,36084589,4197760,1.0263761352526422,0.026034283125991833
1,ba,0,qwen-2-5,c0382117ea329cdf097041132f6d735924b697924d6f6fc3945713e96ce87539,flat-ragged,140-byte batch 512,140,512,14408192,14384813,4229120,1.001625255747155,0.0016239364483050889
1,ba,1,qwen-2-5,c0382117ea329cdf097041132f6d735924b697924d6f6fc3945713e96ce87539,flat-ragged,140-byte batch 512,140,512,14501333,13748157,4229120,1.054783779382211,0.053335797470345114
1,ba,2,qwen-2-5,c0382117ea329cdf097041132f6d735924b697924d6f6fc3945713e96ce87539,flat-ragged,140-byte batch 512,140,512,13665392,12972183,4229120,1.0534381144638494,0.052059209740145086
1,ba,3,qwen-2-5,c0382117ea329cdf097041132f6d735924b697924d6f6fc3945713e96ce87539,flat-ragged,140-byte batch 512,140,512,12027465,11622160,4229120,1.0348734658617675,0.03427916403753385
1,ba,4,qwen-2-5,c0382117ea329cdf097041132f6d735924b697924d6f6fc3945713e96ce87539,flat-ragged,140-byte batch 512,140,512,11593698,11166491,4229120,1.0382579451324503,0.037544255926559404
1,ba,5,qwen-2-5,c0382117ea329cdf097041132f6d735924b697924d6f6fc3945713e96ce87539,flat-ragged,140-byte batch 512,140,512,11538526,10785821,4229120,1.0697865280723646,0.06745912209532519
1,ba,0,qwen-2-5,c0382117ea329cdf097041132f6d735924b697924d6f6fc3945713e96ce87539,flat-ragged,4 KiB single,4096,1,35469111,34850099,4194304,1.0177621303170472,0.017606227088996968
1,ba,1,qwen-2-5,c0382117ea329cdf097041132f6d735924b697924d6f6fc3945713e96ce87539,flat-ragged,4 KiB single,4096,1,33551287,32262361,4194304,1.0399513848351025,0.039173966709820374
1,ba,2,qwen-2-5,c0382117ea329cdf097041132f6d735924b697924d6f6fc3945713e96ce87539,flat-ragged,4 KiB single,4096,1,30482602,28853006,4194304,1.056479245178128,0.05494191299518801
1,ba,3,qwen-2-5,c0382117ea329cdf097041132f6d735924b697924d6f6fc3945713e96ce87539,flat-ragged,4 KiB single,4096,1,30002333,29875966,4194304,1.0042297209737083,0.004220800848199315
1,ba,4,qwen-2-5,c0382117ea329cdf097041132f6d735924b697924d6f6fc3945713e96ce87539,flat-ragged,4 KiB single,4096,1,32983466,32245364,4194304,1.0228901742278362,0.02263212463533021
1,ba,5,qwen-2-5,c0382117ea329cdf097041132f6d735924b697924d6f6fc3945713e96ce87539,flat-ragged,4 KiB single,4096,1,33243946,32340740,4194304,1.0279278087019654,0.027544939568994637
1,ba,0,qwen-2-5,c0382117ea329cdf097041132f6d735924b697924d6f6fc3945713e96ce87539,flat-ragged,64 KiB single,65536,1,31883026,28326696,4194304,1.1255469398902012,0.11826908630591623
1,ba,1,qwen-2-5,c0382117ea329cdf097041132f6d735924b697924d6f6fc3945713e96ce87539,flat-ragged,64 KiB single,65536,1,30487772,29846669,4194304,1.021479884405191,0.021252442869399927
1,ba,2,qwen-2-5,c0382117ea329cdf097041132f6d735924b697924d6f6fc3945713e96ce87539,flat-ragged,64 KiB single,65536,1,28425755,27499950,4194304,1.0336656975739955,0.03311141392057424
1,ba,3,qwen-2-5,c0382117ea329cdf097041132f6d735924b697924d6f6fc3945713e96ce87539,flat-ragged,64 KiB single,65536,1,28773431,27952709,4194304,1.0293610898321162,0.02893830864133275
1,ba,4,qwen-2-5,c0382117ea329cdf097041132f6d735924b697924d6f6fc3945713e96ce87539,flat-ragged,64 KiB single,65536,1,29445743,27510312,4194304,1.070352928022045,0.06798843336173958
1,ba,5,qwen-2-5,c0382117ea329cdf097041132f6d735924b697924d6f6fc3945713e96ce87539,flat-ragged,64 KiB single,65536,1,32431849,31257967,4194304,1.0375546496673953,0.0368666461136823
1,ba,0,qwen-2-5,c0382117ea329cdf097041132f6d735924b697924d6f6fc3945713e96ce87539,nested,140-byte batch 1,140,1,48202131,48261036,4194400,0.9987794501551935,-0.0012212953224250904
1,ba,1,qwen-2-5,c0382117ea329cdf097041132f6d735924b697924d6f6fc3945713e96ce87539,nested,140-byte batch 1,140,1,43747343,41505109,4194400,1.0540230842424725,0.052614351437658
1,ba,2,qwen-2-5,c0382117ea329cdf097041132f6d735924b697924d6f6fc3945713e96ce87539,nested,140-byte batch 1,140,1,42811593,40863458,4194400,1.0476742570342432,0.04657271414262518
1,ba,3,qwen-2-5,c0382117ea329cdf097041132f6d735924b697924d6f6fc3945713e96ce87539,nested,140-byte batch 1,140,1,46271545,46015160,4194400,1.0055717507012907,0.005556285915712299
1,ba,4,qwen-2-5,c0382117ea329cdf097041132f6d735924b697924d6f6fc3945713e96ce87539,nested,140-byte batch 1,140,1,42208992,41846918,4194400,1.0086523456757317,0.008615128655159345
1,ba,5,qwen-2-5,c0382117ea329cdf097041132f6d735924b697924d6f6fc3945713e96ce87539,nested,140-byte batch 1,140,1,41382722,38504086,4194400,1.0747618317702698,0.07209908519178185
1,ba,0,qwen-2-5,c0382117ea329cdf097041132f6d735924b697924d6f6fc3945713e96ce87539,nested,140-byte batch 32,140,32,50012015,48576175,4197760,1.0295585232884228,0.029130092191942132
1,ba,1,qwen-2-5,c0382117ea329cdf097041132f6d735924b697924d6f6fc3945713e96ce87539,nested,140-byte batch 32,140,32,46652368,44573239,4197760,1.0466452303365255,0.045590030472123955
1,ba,2,qwen-2-5,c0382117ea329cdf097041132f6d735924b697924d6f6fc3945713e96ce87539,nested,140-byte batch 32,140,32,44862583,44295780,4197760,1.0127958690421526,0.012714693649607213
1,ba,3,qwen-2-5,c0382117ea329cdf097041132f6d735924b697924d6f6fc3945713e96ce87539,nested,140-byte batch 32,140,32,48292046,46959104,4197760,1.0283851668038642,0.027989772738739073
1,ba,4,qwen-2-5,c0382117ea329cdf097041132f6d735924b697924d6f6fc3945713e96ce87539,nested,140-byte batch 32,140,32,43781725,42117000,4197760,1.039526200821521,0.03876503321379279
1,ba,5,qwen-2-5,c0382117ea329cdf097041132f6d735924b697924d6f6fc3945713e96ce87539,nested,140-byte batch 32,140,32,43073119,41814164,4197760,1.030108338408966,0.029663979631534998
1,ba,0,qwen-2-5,c0382117ea329cdf097041132f6d735924b697924d6f6fc3945713e96ce87539,nested,140-byte batch 512,140,512,17435143,17580205,4229120,0.9917485603836815,-0.008285671180703166
1,ba,1,qwen-2-5,c0382117ea329cdf097041132f6d735924b697924d6f6fc3945713e96ce87539,nested,140-byte batch 512,140,512,16976108,16241118,4229120,1.0452548894725104,0.0442607690455677
1,ba,2,qwen-2-5,c0382117ea329cdf097041132f6d735924b697924d6f6fc3945713e96ce87539,nested,140-byte batch 512,140,512,16609495,16196128,4229120,1.0255225816935998,0.025202318466892068
1,ba,3,qwen-2-5,c0382117ea329cdf097041132f6d735924b697924d6f6fc3945713e96ce87539,nested,140-byte batch 512,140,512,14626994,14820732,4229120,0.9869279061250146,-0.013158285656158966
1,ba,4,qwen-2-5,c0382117ea329cdf097041132f6d735924b697924d6f6fc3945713e96ce87539,nested,140-byte batch 512,140,512,14407467,13331793,4229120,1.080684871119736,0.07759498008004978
1,ba,5,qwen-2-5,c0382117ea329cdf097041132f6d735924b697924d6f6fc3945713e96ce87539,nested,140-byte batch 512,140,512,14722020,13972215,4229120,1.05366400388199,0.05227361740177593
1,ba,0,qwen-2-5,c0382117ea329cdf097041132f6d735924b697924d6f6fc3945713e96ce87539,nested,4 KiB single,4096,1,35731838,35113344,4194304,1.017614215268133,0.01746088291272653
1,ba,1,qwen-2-5,c0382117ea329cdf097041132f6d735924b697924d6f6fc3945713e96ce87539,nested,4 KiB single,4096,1,34381517,33143330,4194304,1.0373585575136837,0.03667763372162969
1,ba,2,qwen-2-5,c0382117ea329cdf097041132f6d735924b697924d6f6fc3945713e96ce87539,nested,4 KiB single,4096,1,32481594,31051887,4194304,1.0460425158702915,0.04501401096420511
1,ba,3,qwen-2-5,c0382117ea329cdf097041132f6d735924b697924d6f6fc3945713e96ce87539,nested,4 KiB single,4096,1,31374765,30525545,4194304,1.0278199783165214,0.02744003332881882
1,ba,4,qwen-2-5,c0382117ea329cdf097041132f6d735924b697924d6f6fc3945713e96ce87539,nested,4 KiB single,4096,1,34401937,33409526,4194304,1.0297044322029592,0.02927180203467149
1,ba,5,qwen-2-5,c0382117ea329cdf097041132f6d735924b697924d6f6fc3945713e96ce87539,nested,4 KiB single,4096,1,34202401,34407085,4194304,0.9940511089503804,-0.005966656192283983
1,ba,0,qwen-2-5,c0382117ea329cdf097041132f6d735924b697924d6f6fc3945713e96ce87539,nested,64 KiB single,65536,1,35949518,33972457,4194304,1.0581959968335526,0.05656556848466295
1,ba,1,qwen-2-5,c0382117ea329cdf097041132f6d735924b697924d6f6fc3945713e96ce87539,nested,64 KiB single,65536,1,32272133,30808453,4194304,1.0475090391588309,0.04641500204549744
1,ba,2,qwen-2-5,c0382117ea329cdf097041132f6d735924b697924d6f6fc3945713e96ce87539,nested,64 KiB single,65536,1,31897638,31043606,4194304,1.027510721531513,0.027139101914360603
1,ba,3,qwen-2-5,c0382117ea329cdf097041132f6d735924b697924d6f6fc3945713e96ce87539,nested,64 KiB single,65536,1,30143371,30041615,4194304,1.003387168099984,0.003381444566852903
1,ba,4,qwen-2-5,c0382117ea329cdf097041132f6d735924b697924d6f6fc3945713e96ce87539,nested,64 KiB single,65536,1,31938961,29761457,4194304,1.0731652351563299,0.07061244541468982
1,ba,5,qwen-2-5,c0382117ea329cdf097041132f6d735924b697924d6f6fc3945713e96ce87539,nested,64 KiB single,65536,1,32274052,31143120,4194304,1.0363140237715425,0.03567020965679923
1,ba,0,qwen-3,aeb13307a71acd8fe81861d94ad54ab689df773318809eed3cbe794b4492dae4,flat-ragged,140-byte batch 1,140,1,48988948,41794196,4194400,1.1721471565094828,0.15883724343447825
1,ba,1,qwen-3,aeb13307a71acd8fe81861d94ad54ab689df773318809eed3cbe794b4492dae4,flat-ragged,140-byte batch 1,140,1,45523519,44066592,4194400,1.033061939530064,0.03252714916283122
1,ba,2,qwen-3,aeb13307a71acd8fe81861d94ad54ab689df773318809eed3cbe794b4492dae4,flat-ragged,140-byte batch 1,140,1,42411125,40023565,4194400,1.0596538564218354,0.057942304249298006
1,ba,3,qwen-3,aeb13307a71acd8fe81861d94ad54ab689df773318809eed3cbe794b4492dae4,flat-ragged,140-byte batch 1,140,1,46587084,46804520,4194400,0.9953543803034408,-0.004656444124870575
1,ba,4,qwen-3,aeb13307a71acd8fe81861d94ad54ab689df773318809eed3cbe794b4492dae4,flat-ragged,140-byte batch 1,140,1,43702037,40312163,4194400,1.0840906006457653,0.08074147945636444
1,ba,5,qwen-3,aeb13307a71acd8fe81861d94ad54ab689df773318809eed3cbe794b4492dae4,flat-ragged,140-byte batch 1,140,1,40879431,39715904,4194400,1.0292962486766006,0.028875315005311767
1,ba,0,qwen-3,aeb13307a71acd8fe81861d94ad54ab689df773318809eed3cbe794b4492dae4,flat-ragged,140-byte batch 32,140,32,44885916,41140009,4197760,1.0910526538776402,0.08714296771902677
1,ba,1,qwen-3,aeb13307a71acd8fe81861d94ad54ab689df773318809eed3cbe794b4492dae4,flat-ragged,140-byte batch 32,140,32,41634640,39174784,4197760,1.0627918203709814,0.06089923857260758
1,ba,2,qwen-3,aeb13307a71acd8fe81861d94ad54ab689df773318809eed3cbe794b4492dae4,flat-ragged,140-byte batch 32,140,32,39955442,38830036,4197760,1.028982872949178,0.028570812349134982
1,ba,3,qwen-3,aeb13307a71acd8fe81861d94ad54ab689df773318809eed3cbe794b4492dae4,flat-ragged,140-byte batch 32,140,32,42571534,41559465,4197760,1.024352310598801,0.02406052076368649
1,ba,4,qwen-3,aeb13307a71acd8fe81861d94ad54ab689df773318809eed3cbe794b4492dae4,flat-ragged,140-byte batch 32,140,32,40309640,38529660,4197760,1.0461976565586097,0.045162311996416404
1,ba,5,qwen-3,aeb13307a71acd8fe81861d94ad54ab689df773318809eed3cbe794b4492dae4,flat-ragged,140-byte batch 32,140,32,37630220,36674972,4197760,1.0260463184539037,0.025712890421500798
1,ba,0,qwen-3,aeb13307a71acd8fe81861d94ad54ab689df773318809eed3cbe794b4492dae4,flat-ragged,140-byte batch 512,140,512,14606807,14035610,4229120,1.0406962718399841,0.03988998129721652
1,ba,1,qwen-3,aeb13307a71acd8fe81861d94ad54ab689df773318809eed3cbe794b4492dae4,flat-ragged,140-byte batch 512,140,512,15023905,14153622,4229120,1.0614883596580438,0.05967203616420688
1,ba,2,qwen-3,aeb13307a71acd8fe81861d94ad54ab689df773318809eed3cbe794b4492dae4,flat-ragged,140-byte batch 512,140,512,13911158,13677756,4229120,1.0170643488595643,0.016920388279668304
1,ba,3,qwen-3,aeb13307a71acd8fe81861d94ad54ab689df773318809eed3cbe794b4492dae4,flat-ragged,140-byte batch 512,140,512,12397627,11560220,4229120,1.0724386733124456,0.069935189124479
1,ba,4,qwen-3,aeb13307a71acd8fe81861d94ad54ab689df773318809eed3cbe794b4492dae4,flat-ragged,140-byte batch 512,140,512,11585043,11029882,4229120,1.0503324514260444,0.0491067344615256
1,ba,5,qwen-3,aeb13307a71acd8fe81861d94ad54ab689df773318809eed3cbe794b4492dae4,flat-ragged,140-byte batch 512,140,512,11841252,11343954,4229120,1.0438381537865897,0.042904452334182254
1,ba,0,qwen-3,aeb13307a71acd8fe81861d94ad54ab689df773318809eed3cbe794b4492dae4,flat-ragged,4 KiB single,4096,1,34031364,34220398,4194304,0.9944759847620709,-0.005539329031895373
1,ba,1,qwen-3,aeb13307a71acd8fe81861d94ad54ab689df773318809eed3cbe794b4492dae4,flat-ragged,4 KiB single,4096,1,34161200,33121773,4194304,1.0313819854993873,0.030899636416051993
1,ba,2,qwen-3,aeb13307a71acd8fe81861d94ad54ab689df773318809eed3cbe794b4492dae4,flat-ragged,4 KiB single,4096,1,31801948,30643233,4194304,1.0378130793183604,0.03711569079977958
1,ba,3,qwen-3,aeb13307a71acd8fe81861d94ad54ab689df773318809eed3cbe794b4492dae4,flat-ragged,4 KiB single,4096,1,31219929,31495784,4194304,0.9912415261674388,-0.008797054702719947
1,ba,4,qwen-3,aeb13307a71acd8fe81861d94ad54ab689df773318809eed3cbe794b4492dae4,flat-ragged,4 KiB single,4096,1,34114834,33434402,4194304,1.0203512537774715,0.020146934464164837
1,ba,5,qwen-3,aeb13307a71acd8fe81861d94ad54ab689df773318809eed3cbe794b4492dae4,flat-ragged,4 KiB single,4096,1,34600444,33841235,4194304,1.0224344353862973,0.022186485007332786
1,ba,0,qwen-3,aeb13307a71acd8fe81861d94ad54ab689df773318809eed3cbe794b4492dae4,flat-ragged,64 KiB single,65536,1,31227657,29353763,4194304,1.0638382888081503,0.06188339516581709
1,ba,1,qwen-3,aeb13307a71acd8fe81861d94ad54ab689df773318809eed3cbe794b4492dae4,flat-ragged,64 KiB single,65536,1,30928878,30244710,4194304,1.0226210798516502,0.022369017427093903
1,ba,2,qwen-3,aeb13307a71acd8fe81861d94ad54ab689df773318809eed3cbe794b4492dae4,flat-ragged,64 KiB single,65536,1,27825968,27572959,4194304,1.009175982889613,0.009134139334336404
1,ba,3,qwen-3,aeb13307a71acd8fe81861d94ad54ab689df773318809eed3cbe794b4492dae4,flat-ragged,64 KiB single,65536,1,28672964,28693526,4194304,0.9992833923582622,-0.0007168645277254922
1,ba,4,qwen-3,aeb13307a71acd8fe81861d94ad54ab689df773318809eed3cbe794b4492dae4,flat-ragged,64 KiB single,65536,1,29017144,28924756,4194304,1.003194080530878,0.003188990291867948
1,ba,5,qwen-3,aeb13307a71acd8fe81861d94ad54ab689df773318809eed3cbe794b4492dae4,flat-ragged,64 KiB single,65536,1,31761244,32582824,4194304,0.9747848743865787,-0.02553847398403196
1,ba,0,qwen-3,aeb13307a71acd8fe81861d94ad54ab689df773318809eed3cbe794b4492dae4,nested,140-byte batch 1,140,1,48440752,48747805,4194400,0.9937011933152683,-0.006318727864722988
1,ba,1,qwen-3,aeb13307a71acd8fe81861d94ad54ab689df773318809eed3cbe794b4492dae4,nested,140-byte batch 1,140,1,43801430,43333686,4194400,1.0107940044611021,0.010736165035385338
1,ba,2,qwen-3,aeb13307a71acd8fe81861d94ad54ab689df773318809eed3cbe794b4492dae4,nested,140-byte batch 1,140,1,43240464,42031639,4194400,1.0287598825256374,0.028354079306270364
1,ba,3,qwen-3,aeb13307a71acd8fe81861d94ad54ab689df773318809eed3cbe794b4492dae4,nested,140-byte batch 1,140,1,47601923,44865218,4194400,1.0609983662622569,0.05921031982128909
1,ba,4,qwen-3,aeb13307a71acd8fe81861d94ad54ab689df773318809eed3cbe794b4492dae4,nested,140-byte batch 1,140,1,42440697,39734793,4194400,1.0680991090100809,0.06588053493104783
1,ba,5,qwen-3,aeb13307a71acd8fe81861d94ad54ab689df773318809eed3cbe794b4492dae4,nested,140-byte batch 1,140,1,41486234,40373108,4194400,1.0275709762052503,0.027197741601357964
1,ba,0,qwen-3,aeb13307a71acd8fe81861d94ad54ab689df773318809eed3cbe794b4492dae4,nested,140-byte batch 32,140,32,50537817,50266504,4197760,1.0053974909414827,0.005382976690851332
1,ba,1,qwen-3,aeb13307a71acd8fe81861d94ad54ab689df773318809eed3cbe794b4492dae4,nested,140-byte batch 32,140,32,47004934,45764402,4197760,1.0271069203526357,0.026746034926280162
1,ba,2,qwen-3,aeb13307a71acd8fe81861d94ad54ab689df773318809eed3cbe794b4492dae4,nested,140-byte batch 32,140,32,45287557,44675734,4197760,1.0136947498165334,0.013601824164762237
1,ba,3,qwen-3,aeb13307a71acd8fe81861d94ad54ab689df773318809eed3cbe794b4492dae4,nested,140-byte batch 32,140,32,48274956,47224538,4197760,1.0222430550829318,0.021999286483539694
1,ba,4,qwen-3,aeb13307a71acd8fe81861d94ad54ab689df773318809eed3cbe794b4492dae4,nested,140-byte batch 32,140,32,44361733,44258009,4197760,1.0023436210155772,0.002340879019142832
1,ba,5,qwen-3,aeb13307a71acd8fe81861d94ad54ab689df773318809eed3cbe794b4492dae4,nested,140-byte batch 32,140,32,42622867,41529506,4197760,1.0263273297784954,0.025986730739602483
1,ba,0,qwen-3,aeb13307a71acd8fe81861d94ad54ab689df773318809eed3cbe794b4492dae4,nested,140-byte batch 512,140,512,17642020,17099231,4229120,1.031743474311798,0.03125006475708262
1,ba,1,qwen-3,aeb13307a71acd8fe81861d94ad54ab689df773318809eed3cbe794b4492dae4,nested,140-byte batch 512,140,512,16529560,16654447,4229120,0.9925012820900028,-0.007526974643285599
1,ba,2,qwen-3,aeb13307a71acd8fe81861d94ad54ab689df773318809eed3cbe794b4492dae4,nested,140-byte batch 512,140,512,16272522,15987376,4229120,1.0178356973652212,0.017678507622219737
1,ba,3,qwen-3,aeb13307a71acd8fe81861d94ad54ab689df773318809eed3cbe794b4492dae4,nested,140-byte batch 512,140,512,14836776,14585094,4229120,1.01725611093079,0.017108915186401046
1,ba,4,qwen-3,aeb13307a71acd8fe81861d94ad54ab689df773318809eed3cbe794b4492dae4,nested,140-byte batch 512,140,512,14037497,14285247,4229120,0.9826569327082689,-0.017495220046523607
1,ba,5,qwen-3,aeb13307a71acd8fe81861d94ad54ab689df773318809eed3cbe794b4492dae4,nested,140-byte batch 512,140,512,14561901,14320903,4229120,1.0168284080968917,0.016688379229118304
1,ba,0,qwen-3,aeb13307a71acd8fe81861d94ad54ab689df773318809eed3cbe794b4492dae4,nested,4 KiB single,4096,1,35947382,36139553,4194304,0.9946825296926057,-0.0053316583713861705
1,ba,1,qwen-3,aeb13307a71acd8fe81861d94ad54ab689df773318809eed3cbe794b4492dae4,nested,4 KiB single,4096,1,33402945,32698689,4194304,1.0215377442196536,0.021309084391888312
1,ba,2,qwen-3,aeb13307a71acd8fe81861d94ad54ab689df773318809eed3cbe794b4492dae4,nested,4 KiB single,4096,1,32635307,31413647,4194304,1.0388894673706621,0.03815232279159653
1,ba,3,qwen-3,aeb13307a71acd8fe81861d94ad54ab689df773318809eed3cbe794b4492dae4,nested,4 KiB single,4096,1,31510398,31497490,4194304,1.0004098104325139,0.000409726483153336
1,ba,4,qwen-3,aeb13307a71acd8fe81861d94ad54ab689df773318809eed3cbe794b4492dae4,nested,4 KiB single,4096,1,34981930,34105204,4194304,1.025706516811921,0.025381659837339934
1,ba,5,qwen-3,aeb13307a71acd8fe81861d94ad54ab689df773318809eed3cbe794b4492dae4,nested,4 KiB single,4096,1,34529665,34018319,4194304,1.015031489357249,0.014919636009806022
1,ba,0,qwen-3,aeb13307a71acd8fe81861d94ad54ab689df773318809eed3cbe794b4492dae4,nested,64 KiB single,65536,1,35010038,34513465,4194304,1.0143878048755754,0.014285282621043198
1,ba,1,qwen-3,aeb13307a71acd8fe81861d94ad54ab689df773318809eed3cbe794b4492dae4,nested,64 KiB single,65536,1,32588313,31468147,4194304,1.035596821128362,0.03497789929644579
1,ba,2,qwen-3,aeb13307a71acd8fe81861d94ad54ab689df773318809eed3cbe794b4492dae4,nested,64 KiB single,65536,1,31185060,30882879,4194304,1.0097847418953394,0.00973718130211881
1,ba,3,qwen-3,aeb13307a71acd8fe81861d94ad54ab689df773318809eed3cbe794b4492dae4,nested,64 KiB single,65536,1,30239582,30120218,4194304,1.003962919524686,0.0039550878431701755
1,ba,4,qwen-3,aeb13307a71acd8fe81861d94ad54ab689df773318809eed3cbe794b4492dae4,nested,64 KiB single,65536,1,31178246,31003382,4194304,1.0056401588704096,0.005624312729614622
1,ba,5,qwen-3,aeb13307a71acd8fe81861d94ad54ab689df773318809eed3cbe794b4492dae4,nested,64 KiB single,65536,1,31984352,31675142,4194304,1.0097619136166778,0.00971457397230022
