cycle,order,round,model,tokenizer_sha256,contract,shape,input_bytes,batch,parent_elapsed_ns,candidate_elapsed_ns,total_bytes,ratio,log_ratio
0,ab,0,deepseek-r1,ecb6f9fc369894346f0511f4074ca75cee5cd5f3b06d02f1ba35fcd39f8e121d,flat-ragged,140-byte batch 1,140,1,47815380,55656340,4194400,0.8591182963162867,-0.15184865249089025
0,ab,1,deepseek-r1,ecb6f9fc369894346f0511f4074ca75cee5cd5f3b06d02f1ba35fcd39f8e121d,flat-ragged,140-byte batch 1,140,1,46328439,54756450,4194400,0.8460818588495054,-0.16713916418745628
0,ab,2,deepseek-r1,ecb6f9fc369894346f0511f4074ca75cee5cd5f3b06d02f1ba35fcd39f8e121d,flat-ragged,140-byte batch 1,140,1,41433129,48725349,4194400,0.8503403228574105,-0.1621186297961446
0,ab,3,deepseek-r1,ecb6f9fc369894346f0511f4074ca75cee5cd5f3b06d02f1ba35fcd39f8e121d,flat-ragged,140-byte batch 1,140,1,35960450,40934400,4194400,0.8784897299093183,-0.12955106190787458
0,ab,4,deepseek-r1,ecb6f9fc369894346f0511f4074ca75cee5cd5f3b06d02f1ba35fcd39f8e121d,flat-ragged,140-byte batch 1,140,1,45615110,53571239,4194400,0.8514850664551552,-0.16077331696019037
0,ab,5,deepseek-r1,ecb6f9fc369894346f0511f4074ca75cee5cd5f3b06d02f1ba35fcd39f8e121d,flat-ragged,140-byte batch 1,140,1,42621910,49779750,4194400,0.8562098041874457,-0.15523983452226867
0,ab,0,deepseek-r1,ecb6f9fc369894346f0511f4074ca75cee5cd5f3b06d02f1ba35fcd39f8e121d,flat-ragged,140-byte batch 32,140,32,44361460,53309000,4197760,0.8321570466525352,-0.1837340979776419
0,ab,1,deepseek-r1,ecb6f9fc369894346f0511f4074ca75cee5cd5f3b06d02f1ba35fcd39f8e121d,flat-ragged,140-byte batch 32,140,32,42697309,48739720,4197760,0.8760269652759597,-0.13235840624101744
0,ab,2,deepseek-r1,ecb6f9fc369894346f0511f4074ca75cee5cd5f3b06d02f1ba35fcd39f8e121d,flat-ragged,140-byte batch 32,140,32,40288160,45219270,4197760,0.8909511365397982,-0.11546569416016597
0,ab,3,deepseek-r1,ecb6f9fc369894346f0511f4074ca75cee5cd5f3b06d02f1ba35fcd39f8e121d,flat-ragged,140-byte batch 32,140,32,33315640,36787180,4197760,0.9056317989038573,-0.09912245851910323
0,ab,4,deepseek-r1,ecb6f9fc369894346f0511f4074ca75cee5cd5f3b06d02f1ba35fcd39f8e121d,flat-ragged,140-byte batch 32,140,32,43482549,48374219,4197760,0.8988785741429748,-0.10660732132711183
0,ab,5,deepseek-r1,ecb6f9fc369894346f0511f4074ca75cee5cd5f3b06d02f1ba35fcd39f8e121d,flat-ragged,140-byte batch 32,140,32,40575110,44106440,4197760,0.9199361816551053,-0.08345097911129574
0,ab,0,deepseek-r1,ecb6f9fc369894346f0511f4074ca75cee5cd5f3b06d02f1ba35fcd39f8e121d,flat-ragged,140-byte batch 512,140,512,14814230,14920320,4229120,0.9928895626903445,-0.00713583694230073
0,ab,1,deepseek-r1,ecb6f9fc369894346f0511f4074ca75cee5cd5f3b06d02f1ba35fcd39f8e121d,flat-ragged,140-byte batch 512,140,512,13663870,14266090,4229120,0.9577866114681738,-0.04313026959252799
0,ab,2,deepseek-r1,ecb6f9fc369894346f0511f4074ca75cee5cd5f3b06d02f1ba35fcd39f8e121d,flat-ragged,140-byte batch 512,140,512,13401450,13719030,4229120,0.9768511330611567,-0.023421010032019265
0,ab,3,deepseek-r1,ecb6f9fc369894346f0511f4074ca75cee5cd5f3b06d02f1ba35fcd39f8e121d,flat-ragged,140-byte batch 512,140,512,11564990,12021730,4229120,0.9620071320849828,-0.0387334145341593
0,ab,4,deepseek-r1,ecb6f9fc369894346f0511f4074ca75cee5cd5f3b06d02f1ba35fcd39f8e121d,flat-ragged,140-byte batch 512,140,512,11056240,11497720,4229120,0.9616028221247342,-0.03915378038360549
0,ab,5,deepseek-r1,ecb6f9fc369894346f0511f4074ca75cee5cd5f3b06d02f1ba35fcd39f8e121d,flat-ragged,140-byte batch 512,140,512,11386200,11558860,4229120,0.9850625407695914,-0.015050146658556087
0,ab,0,deepseek-r1,ecb6f9fc369894346f0511f4074ca75cee5cd5f3b06d02f1ba35fcd39f8e121d,flat-ragged,4 KiB single,4096,1,35622120,38546770,4194304,0.9241272355634467,-0.07890551599410044
0,ab,1,deepseek-r1,ecb6f9fc369894346f0511f4074ca75cee5cd5f3b06d02f1ba35fcd39f8e121d,flat-ragged,4 KiB single,4096,1,37978209,40448090,4194304,0.9389370177924347,-0.06300687572689305
0,ab,2,deepseek-r1,ecb6f9fc369894346f0511f4074ca75cee5cd5f3b06d02f1ba35fcd39f8e121d,flat-ragged,4 KiB single,4096,1,33863940,36750749,4194304,0.921448975094358,-0.08180787497953944
0,ab,3,deepseek-r1,ecb6f9fc369894346f0511f4074ca75cee5cd5f3b06d02f1ba35fcd39f8e121d,flat-ragged,4 KiB single,4096,1,32016110,35801779,4194304,0.894260310360555,-0.11175837129185737
0,ab,4,deepseek-r1,ecb6f9fc369894346f0511f4074ca75cee5cd5f3b06d02f1ba35fcd39f8e121d,flat-ragged,4 KiB single,4096,1,34105720,36422550,4194304,0.9363902307773618,-0.06572297616503794
0,ab,5,deepseek-r1,ecb6f9fc369894346f0511f4074ca75cee5cd5f3b06d02f1ba35fcd39f8e121d,flat-ragged,4 KiB single,4096,1,37102450,41268050,4194304,0.899059926504887,-0.10640558766106945
0,ab,0,deepseek-r1,ecb6f9fc369894346f0511f4074ca75cee5cd5f3b06d02f1ba35fcd39f8e121d,flat-ragged,64 KiB single,65536,1,33297650,36232749,4194304,0.9189932014266983,-0.08447655444848381
0,ab,1,deepseek-r1,ecb6f9fc369894346f0511f4074ca75cee5cd5f3b06d02f1ba35fcd39f8e121d,flat-ragged,64 KiB single,65536,1,35585480,37449359,4194304,0.9502293483848415,-0.05105190417204826
0,ab,2,deepseek-r1,ecb6f9fc369894346f0511f4074ca75cee5cd5f3b06d02f1ba35fcd39f8e121d,flat-ragged,64 KiB single,65536,1,33555299,35654940,4194304,0.941112199319365,-0.06069291237135644
0,ab,3,deepseek-r1,ecb6f9fc369894346f0511f4074ca75cee5cd5f3b06d02f1ba35fcd39f8e121d,flat-ragged,64 KiB single,65536,1,32929730,36576340,4194304,0.9003013970233217,-0.1050256861380183
0,ab,4,deepseek-r1,ecb6f9fc369894346f0511f4074ca75cee5cd5f3b06d02f1ba35fcd39f8e121d,flat-ragged,64 KiB single,65536,1,32153220,33500690,4194304,0.9597778433817333,-0.04105343444443613
0,ab,5,deepseek-r1,ecb6f9fc369894346f0511f4074ca75cee5cd5f3b06d02f1ba35fcd39f8e121d,flat-ragged,64 KiB single,65536,1,34129969,37500130,4194304,0.9101293515515813,-0.09416854501064516
0,ab,0,deepseek-r1,ecb6f9fc369894346f0511f4074ca75cee5cd5f3b06d02f1ba35fcd39f8e121d,nested,140-byte batch 1,140,1,57770169,57671480,4194400,1.0017112271091362,0.0017097646282136238
0,ab,1,deepseek-r1,ecb6f9fc369894346f0511f4074ca75cee5cd5f3b06d02f1ba35fcd39f8e121d,nested,140-byte batch 1,140,1,51997869,55863940,4194400,0.9307948741173644,-0.07171635453374865
0,ab,2,deepseek-r1,ecb6f9fc369894346f0511f4074ca75cee5cd5f3b06d02f1ba35fcd39f8e121d,nested,140-byte batch 1,140,1,46470019,48541439,4194400,0.9573267698141376,-0.043610493549362896
0,ab,3,deepseek-r1,ecb6f9fc369894346f0511f4074ca75cee5cd5f3b06d02f1ba35fcd39f8e121d,nested,140-byte batch 1,140,1,37175420,40856639,4194400,0.9098991231265988,-0.09442153932300189
0,ab,4,deepseek-r1,ecb6f9fc369894346f0511f4074ca75cee5cd5f3b06d02f1ba35fcd39f8e121d,nested,140-byte batch 1,140,1,48472439,53133199,4194400,0.9122815850030035,-0.09180658107722227
0,ab,5,deepseek-r1,ecb6f9fc369894346f0511f4074ca75cee5cd5f3b06d02f1ba35fcd39f8e121d,nested,140-byte batch 1,140,1,43431349,51416559,4194400,0.8446957525881885,-0.16877877256938
0,ab,0,deepseek-r1,ecb6f9fc369894346f0511f4074ca75cee5cd5f3b06d02f1ba35fcd39f8e121d,nested,140-byte batch 32,140,32,50254990,63826919,4197760,0.7873635573730262,-0.23906518377237648
0,ab,1,deepseek-r1,ecb6f9fc369894346f0511f4074ca75cee5cd5f3b06d02f1ba35fcd39f8e121d,nested,140-byte batch 32,140,32,49430020,57420749,4197760,0.8608389974153768,-0.14984778691193107
0,ab,2,deepseek-r1,ecb6f9fc369894346f0511f4074ca75cee5cd5f3b06d02f1ba35fcd39f8e121d,nested,140-byte batch 32,140,32,45251709,52769440,4197760,0.8575362747832836,-0.15369179788252016
0,ab,3,deepseek-r1,ecb6f9fc369894346f0511f4074ca75cee5cd5f3b06d02f1ba35fcd39f8e121d,nested,140-byte batch 32,140,32,37764010,43933400,4197760,0.8595740370651941,-0.1513183181771363
0,ab,4,deepseek-r1,ecb6f9fc369894346f0511f4074ca75cee5cd5f3b06d02f1ba35fcd39f8e121d,nested,140-byte batch 32,140,32,46441659,57352580,4197760,0.8097571024703684,-0.21102094978007166
0,ab,5,deepseek-r1,ecb6f9fc369894346f0511f4074ca75cee5cd5f3b06d02f1ba35fcd39f8e121d,nested,140-byte batch 32,140,32,43783860,54209849,4197760,0.8076735281074109,-0.21359735148299988
0,ab,0,deepseek-r1,ecb6f9fc369894346f0511f4074ca75cee5cd5f3b06d02f1ba35fcd39f8e121d,nested,140-byte batch 512,140,512,16531430,17715490,4229120,0.9331624471013785,-0.0691759806417897
0,ab,1,deepseek-r1,ecb6f9fc369894346f0511f4074ca75cee5cd5f3b06d02f1ba35fcd39f8e121d,nested,140-byte batch 512,140,512,15770750,16166350,4229120,0.97552941758653,-0.024774962954876443
0,ab,2,deepseek-r1,ecb6f9fc369894346f0511f4074ca75cee5cd5f3b06d02f1ba35fcd39f8e121d,nested,140-byte batch 512,140,512,15347790,15560180,4229120,0.9863504149694926,-0.013743597080133382
0,ab,3,deepseek-r1,ecb6f9fc369894346f0511f4074ca75cee5cd5f3b06d02f1ba35fcd39f8e121d,nested,140-byte batch 512,140,512,14396690,14409340,4229120,0.9991220971952914,-0.0008782883870615579
0,ab,4,deepseek-r1,ecb6f9fc369894346f0511f4074ca75cee5cd5f3b06d02f1ba35fcd39f8e121d,nested,140-byte batch 512,140,512,13357819,13956940,4229120,0.9570736135571264,-0.04387496932014288
0,ab,5,deepseek-r1,ecb6f9fc369894346f0511f4074ca75cee5cd5f3b06d02f1ba35fcd39f8e121d,nested,140-byte batch 512,140,512,13098510,14025319,4229120,0.9339188648757294,-0.06836571296797923
0,ab,0,deepseek-r1,ecb6f9fc369894346f0511f4074ca75cee5cd5f3b06d02f1ba35fcd39f8e121d,nested,4 KiB single,4096,1,35847540,42465650,4194304,0.8441538043100718,-0.1694205683936505
0,ab,1,deepseek-r1,ecb6f9fc369894346f0511f4074ca75cee5cd5f3b06d02f1ba35fcd39f8e121d,nested,4 KiB single,4096,1,36650369,41453260,4194304,0.8841371945173914,-0.12314303096850344
0,ab,2,deepseek-r1,ecb6f9fc369894346f0511f4074ca75cee5cd5f3b06d02f1ba35fcd39f8e121d,nested,4 KiB single,4096,1,35341380,39041689,4194304,0.9052215953054695,-0.09957550856359143
0,ab,3,deepseek-r1,ecb6f9fc369894346f0511f4074ca75cee5cd5f3b06d02f1ba35fcd39f8e121d,nested,4 KiB single,4096,1,33279709,37779750,4194304,0.8808874860209503,-0.12682537286926668
0,ab,4,deepseek-r1,ecb6f9fc369894346f0511f4074ca75cee5cd5f3b06d02f1ba35fcd39f8e121d,nested,4 KiB single,4096,1,32300110,36717100,4194304,0.8797021006560976,-0.12817195080309277
0,ab,5,deepseek-r1,ecb6f9fc369894346f0511f4074ca75cee5cd5f3b06d02f1ba35fcd39f8e121d,nested,4 KiB single,4096,1,38221240,42901369,4194304,0.8909095651469771,-0.11551235481415459
0,ab,0,deepseek-r1,ecb6f9fc369894346f0511f4074ca75cee5cd5f3b06d02f1ba35fcd39f8e121d,nested,64 KiB single,65536,1,33156610,35414620,4194304,0.9362407389942345,-0.06588263579457304
0,ab,1,deepseek-r1,ecb6f9fc369894346f0511f4074ca75cee5cd5f3b06d02f1ba35fcd39f8e121d,nested,64 KiB single,65536,1,34278569,38435869,4194304,0.8918380120402637,-0.11447076374528127
0,ab,2,deepseek-r1,ecb6f9fc369894346f0511f4074ca75cee5cd5f3b06d02f1ba35fcd39f8e121d,nested,64 KiB single,65536,1,34957899,37883090,4194304,0.9227837275153637,-0.08036038665318315
0,ab,3,deepseek-r1,ecb6f9fc369894346f0511f4074ca75cee5cd5f3b06d02f1ba35fcd39f8e121d,nested,64 KiB single,65536,1,31675870,36177600,4194304,0.8755658197337579,-0.13288495048897578
0,ab,4,deepseek-r1,ecb6f9fc369894346f0511f4074ca75cee5cd5f3b06d02f1ba35fcd39f8e121d,nested,64 KiB single,65536,1,29924189,33362049,4194304,0.8969529719232773,-0.10875184647692403
0,ab,5,deepseek-r1,ecb6f9fc369894346f0511f4074ca75cee5cd5f3b06d02f1ba35fcd39f8e121d,nested,64 KiB single,65536,1,31571770,37218069,4194304,0.8482914575713211,-0.1645310022753566
0,ab,0,gemma-3,4667f2089529e8e7657cfb6d1c19910ae71ff5f28aa7ab2ff2763330affad795,flat-ragged,140-byte batch 1,140,1,236753897,298050898,4194400,0.7943404921397016,-0.23024307824670862
0,ab,1,gemma-3,4667f2089529e8e7657cfb6d1c19910ae71ff5f28aa7ab2ff2763330affad795,flat-ragged,140-byte batch 1,140,1,227128927,210240478,4194400,1.0803291980719336,0.07726580771964299
0,ab,2,gemma-3,4667f2089529e8e7657cfb6d1c19910ae71ff5f28aa7ab2ff2763330affad795,flat-ragged,140-byte batch 1,140,1,234862538,205632198,4194400,1.1421486531987564,0.1329112719383401
0,ab,3,gemma-3,4667f2089529e8e7657cfb6d1c19910ae71ff5f28aa7ab2ff2763330affad795,flat-ragged,140-byte batch 1,140,1,165058158,179448129,4194400,0.9198098576998817,-0.08358830671273625
0,ab,4,gemma-3,4667f2089529e8e7657cfb6d1c19910ae71ff5f28aa7ab2ff2763330affad795,flat-ragged,140-byte batch 1,140,1,159852318,174763599,4194400,0.9146774208970141,-0.08918382133312293
0,ab,5,gemma-3,4667f2089529e8e7657cfb6d1c19910ae71ff5f28aa7ab2ff2763330affad795,flat-ragged,140-byte batch 1,140,1,188059498,185759019,4194400,1.0123842116112811,0.012308154556640895
0,ab,0,gemma-3,4667f2089529e8e7657cfb6d1c19910ae71ff5f28aa7ab2ff2763330affad795,flat-ragged,140-byte batch 32,140,32,79871289,82248209,4197760,0.9711006473101439,-0.029325162807914418
0,ab,1,gemma-3,4667f2089529e8e7657cfb6d1c19910ae71ff5f28aa7ab2ff2763330affad795,flat-ragged,140-byte batch 32,140,32,69251239,72645990,4197760,0.95326994648982,-0.047857155742879305
0,ab,2,gemma-3,4667f2089529e8e7657cfb6d1c19910ae71ff5f28aa7ab2ff2763330affad795,flat-ragged,140-byte batch 32,140,32,69084850,70390770,4197760,0.9814475676285399,-0.01872668734610601
0,ab,3,gemma-3,4667f2089529e8e7657cfb6d1c19910ae71ff5f28aa7ab2ff2763330affad795,flat-ragged,140-byte batch 32,140,32,57101360,59405740,4197760,0.9612094723506517,-0.03956292045484366
0,ab,4,gemma-3,4667f2089529e8e7657cfb6d1c19910ae71ff5f28aa7ab2ff2763330affad795,flat-ragged,140-byte batch 32,140,32,62027330,66357480,4197760,0.9347451108752171,-0.0674813955475607
0,ab,5,gemma-3,4667f2089529e8e7657cfb6d1c19910ae71ff5f28aa7ab2ff2763330affad795,flat-ragged,140-byte batch 32,140,32,64057959,70639419,4197760,0.906830207649358,-0.09780004854216293
0,ab,0,gemma-3,4667f2089529e8e7657cfb6d1c19910ae71ff5f28aa7ab2ff2763330affad795,flat-ragged,140-byte batch 512,140,512,62257169,66018930,4229120,0.9430199641224115,-0.05866782571126104
0,ab,1,gemma-3,4667f2089529e8e7657cfb6d1c19910ae71ff5f28aa7ab2ff2763330affad795,flat-ragged,140-byte batch 512,140,512,60046959,59760930,4229120,1.0047862206963647,0.004774803158830157
0,ab,2,gemma-3,4667f2089529e8e7657cfb6d1c19910ae71ff5f28aa7ab2ff2763330affad795,flat-ragged,140-byte batch 512,140,512,55171710,57701020,4229120,0.956165246298939,-0.044824529090750145
0,ab,3,gemma-3,4667f2089529e8e7657cfb6d1c19910ae71ff5f28aa7ab2ff2763330affad795,flat-ragged,140-byte batch 512,140,512,45040189,44019040,4229120,1.0231978934570132,0.02293291250106969
0,ab,4,gemma-3,4667f2089529e8e7657cfb6d1c19910ae71ff5f28aa7ab2ff2763330affad795,flat-ragged,140-byte batch 512,140,512,46575869,46185950,4229120,1.0084423726263074,0.00840693510998021
0,ab,5,gemma-3,4667f2089529e8e7657cfb6d1c19910ae71ff5f28aa7ab2ff2763330affad795,flat-ragged,140-byte batch 512,140,512,47259910,49627380,4229120,0.9522950838831307,-0.04888033015697529
0,ab,0,gemma-3,4667f2089529e8e7657cfb6d1c19910ae71ff5f28aa7ab2ff2763330affad795,flat-ragged,4 KiB single,4096,1,162020388,191531569,4194304,0.845920016454311,-0.16733046704361756
0,ab,1,gemma-3,4667f2089529e8e7657cfb6d1c19910ae71ff5f28aa7ab2ff2763330affad795,flat-ragged,4 KiB single,4096,1,199564868,175942029,4194304,1.1342649004008019,0.1259847762627791
0,ab,2,gemma-3,4667f2089529e8e7657cfb6d1c19910ae71ff5f28aa7ab2ff2763330affad795,flat-ragged,4 KiB single,4096,1,185588218,161934559,4194304,1.146069246404654,0.13633804090393595
0,ab,3,gemma-3,4667f2089529e8e7657cfb6d1c19910ae71ff5f28aa7ab2ff2763330affad795,flat-ragged,4 KiB single,4096,1,183463759,175957269,4194304,1.042660868986322,0.041775973564382445
0,ab,4,gemma-3,4667f2089529e8e7657cfb6d1c19910ae71ff5f28aa7ab2ff2763330affad795,flat-ragged,4 KiB single,4096,1,206701658,177511229,4194304,1.1644427181561567,0.1522426190560941
0,ab,5,gemma-3,4667f2089529e8e7657cfb6d1c19910ae71ff5f28aa7ab2ff2763330affad795,flat-ragged,4 KiB single,4096,1,188775128,173405499,4194304,1.0886340346104018,0.0849237310987766
0,ab,0,gemma-3,4667f2089529e8e7657cfb6d1c19910ae71ff5f28aa7ab2ff2763330affad795,flat-ragged,64 KiB single,65536,1,92675019,92423859,4194304,1.0027174801259922,0.002713794452527601
0,ab,1,gemma-3,4667f2089529e8e7657cfb6d1c19910ae71ff5f28aa7ab2ff2763330affad795,flat-ragged,64 KiB single,65536,1,92469009,93465789,4194304,0.9893353492153155,-0.010721925748492801
0,ab,2,gemma-3,4667f2089529e8e7657cfb6d1c19910ae71ff5f28aa7ab2ff2763330affad795,flat-ragged,64 KiB single,65536,1,84401559,82559390,4194304,1.0223132583707317,0.022067959855229753
0,ab,3,gemma-3,4667f2089529e8e7657cfb6d1c19910ae71ff5f28aa7ab2ff2763330affad795,flat-ragged,64 KiB single,65536,1,85765519,84551530,4194304,1.014357977910039,0.014255878280891969
0,ab,4,gemma-3,4667f2089529e8e7657cfb6d1c19910ae71ff5f28aa7ab2ff2763330affad795,flat-ragged,64 KiB single,65536,1,87894119,88082210,4194304,0.997864597175752,-0.002137686047839332
0,ab,5,gemma-3,4667f2089529e8e7657cfb6d1c19910ae71ff5f28aa7ab2ff2763330affad795,flat-ragged,64 KiB single,65536,1,96901099,93826550,4194304,1.0327684328156583,0.03224299541980413
0,ab,0,gemma-3,4667f2089529e8e7657cfb6d1c19910ae71ff5f28aa7ab2ff2763330affad795,nested,140-byte batch 1,140,1,253134168,267333067,4194400,0.9468868585568578,-0.05457566647439561
0,ab,1,gemma-3,4667f2089529e8e7657cfb6d1c19910ae71ff5f28aa7ab2ff2763330affad795,nested,140-byte batch 1,140,1,246270388,235060728,4194400,1.0476883573678033,0.046586172752092946
0,ab,2,gemma-3,4667f2089529e8e7657cfb6d1c19910ae71ff5f28aa7ab2ff2763330affad795,nested,140-byte batch 1,140,1,240132368,232039768,4194400,1.0348759183382739,0.03428153386696831
0,ab,3,gemma-3,4667f2089529e8e7657cfb6d1c19910ae71ff5f28aa7ab2ff2763330affad795,nested,140-byte batch 1,140,1,154673759,182585379,4194400,0.8471311331012983,-0.1658997756508748
0,ab,4,gemma-3,4667f2089529e8e7657cfb6d1c19910ae71ff5f28aa7ab2ff2763330affad795,nested,140-byte batch 1,140,1,156893208,185354109,4194400,0.8464512000648445,-0.16670272813764744
0,ab,5,gemma-3,4667f2089529e8e7657cfb6d1c19910ae71ff5f28aa7ab2ff2763330affad795,nested,140-byte batch 1,140,1,162092858,184908059,4194400,0.8766132686515302,-0.13168935461696876
0,ab,0,gemma-3,4667f2089529e8e7657cfb6d1c19910ae71ff5f28aa7ab2ff2763330affad795,nested,140-byte batch 32,140,32,50778110,55164530,4197760,0.9204847752713564,-0.08285481807494764
0,ab,1,gemma-3,4667f2089529e8e7657cfb6d1c19910ae71ff5f28aa7ab2ff2763330affad795,nested,140-byte batch 32,140,32,50038500,51354560,4197760,0.9743730644367317,-0.02596102563854079
0,ab,2,gemma-3,4667f2089529e8e7657cfb6d1c19910ae71ff5f28aa7ab2ff2763330affad795,nested,140-byte batch 32,140,32,49702350,51872030,4197760,0.9581724486201909,-0.04272750821284058
0,ab,3,gemma-3,4667f2089529e8e7657cfb6d1c19910ae71ff5f28aa7ab2ff2763330affad795,nested,140-byte batch 32,140,32,49891500,51522400,4197760,0.9683458068723506,-0.03216601699554737
0,ab,4,gemma-3,4667f2089529e8e7657cfb6d1c19910ae71ff5f28aa7ab2ff2763330affad795,nested,140-byte batch 32,140,32,49459340,50624850,4197760,0.9769775120321345,-0.023291644571571738
0,ab,5,gemma-3,4667f2089529e8e7657cfb6d1c19910ae71ff5f28aa7ab2ff2763330affad795,nested,140-byte batch 32,140,32,48739960,51127140,4197760,0.9533089470680347,-0.047816244162087206
0,ab,0,gemma-3,4667f2089529e8e7657cfb6d1c19910ae71ff5f28aa7ab2ff2763330affad795,nested,140-byte batch 512,140,512,38624680,39176590,4229120,0.9859122501473456,-0.014187924133629376
0,ab,1,gemma-3,4667f2089529e8e7657cfb6d1c19910ae71ff5f28aa7ab2ff2763330affad795,nested,140-byte batch 512,140,512,39749469,38546359,4229120,1.0312120270555256,0.030734835739610746
0,ab,2,gemma-3,4667f2089529e8e7657cfb6d1c19910ae71ff5f28aa7ab2ff2763330affad795,nested,140-byte batch 512,140,512,38783179,38144900,4229120,1.0167330101796046,0.01659455573650119
0,ab,3,gemma-3,4667f2089529e8e7657cfb6d1c19910ae71ff5f28aa7ab2ff2763330affad795,nested,140-byte batch 512,140,512,38171640,37874730,4229120,1.007839263804653,0.007808696422740814
0,ab,4,gemma-3,4667f2089529e8e7657cfb6d1c19910ae71ff5f28aa7ab2ff2763330affad795,nested,140-byte batch 512,140,512,37963830,37984490,4229120,0.99945609378986,-0.0005440541807799132
0,ab,5,gemma-3,4667f2089529e8e7657cfb6d1c19910ae71ff5f28aa7ab2ff2763330affad795,nested,140-byte batch 512,140,512,39898050,38720040,4229120,1.0304237805539458,0.029970155055388897
0,ab,0,gemma-3,4667f2089529e8e7657cfb6d1c19910ae71ff5f28aa7ab2ff2763330affad795,nested,4 KiB single,4096,1,158700039,160389079,4194304,0.9894691084297579,-0.01058673380051703
0,ab,1,gemma-3,4667f2089529e8e7657cfb6d1c19910ae71ff5f28aa7ab2ff2763330affad795,nested,4 KiB single,4096,1,164030728,156786269,4194304,1.0462059531501449,0.04517024219831117
0,ab,2,gemma-3,4667f2089529e8e7657cfb6d1c19910ae71ff5f28aa7ab2ff2763330affad795,nested,4 KiB single,4096,1,163802258,142010339,4194304,1.1534530454152356,0.142760091617834
0,ab,3,gemma-3,4667f2089529e8e7657cfb6d1c19910ae71ff5f28aa7ab2ff2763330affad795,nested,4 KiB single,4096,1,164960208,159314949,4194304,1.0354345843590609,0.03482122685854548
0,ab,4,gemma-3,4667f2089529e8e7657cfb6d1c19910ae71ff5f28aa7ab2ff2763330affad795,nested,4 KiB single,4096,1,160342708,159466039,4194304,1.0054975279093752,0.005482471659049328
0,ab,5,gemma-3,4667f2089529e8e7657cfb6d1c19910ae71ff5f28aa7ab2ff2763330affad795,nested,4 KiB single,4096,1,143556149,151425709,4194304,0.9480302251713413,-0.053368894143238074
0,ab,0,gemma-3,4667f2089529e8e7657cfb6d1c19910ae71ff5f28aa7ab2ff2763330affad795,nested,64 KiB single,65536,1,79385859,78195440,4194304,1.0152236370816508,0.015108920324346844
0,ab,1,gemma-3,4667f2089529e8e7657cfb6d1c19910ae71ff5f28aa7ab2ff2763330affad795,nested,64 KiB single,65536,1,78097019,76050810,4194304,1.026905814678371,0.02655021756694489
0,ab,2,gemma-3,4667f2089529e8e7657cfb6d1c19910ae71ff5f28aa7ab2ff2763330affad795,nested,64 KiB single,65536,1,81718659,81637570,4194304,1.000993280422237,0.0009927874456540614
0,ab,3,gemma-3,4667f2089529e8e7657cfb6d1c19910ae71ff5f28aa7ab2ff2763330affad795,nested,64 KiB single,65536,1,99844489,100286310,4194304,0.9955944036628728,-0.004415329574332884
0,ab,4,gemma-3,4667f2089529e8e7657cfb6d1c19910ae71ff5f28aa7ab2ff2763330affad795,nested,64 KiB single,65536,1,106508669,105861659,4194304,1.0061118445158694,0.00609324294895513
0,ab,5,gemma-3,4667f2089529e8e7657cfb6d1c19910ae71ff5f28aa7ab2ff2763330affad795,nested,64 KiB single,65536,1,83815359,84092040,4194304,0.9967097837084223,-0.003295640955346645
0,ab,0,glm-4-7,9340665016419c825c4bdabbcc9acc43b7ca2c68ce142724afa829abb1be5efd,flat-ragged,140-byte batch 1,140,1,67205309,57974250,4194400,1.1592268808997097,0.14775330093741484
0,ab,1,glm-4-7,9340665016419c825c4bdabbcc9acc43b7ca2c68ce142724afa829abb1be5efd,flat-ragged,140-byte batch 1,140,1,61070129,56486850,4194400,1.0811388668336082,0.07801499186230172
0,ab,2,glm-4-7,9340665016419c825c4bdabbcc9acc43b7ca2c68ce142724afa829abb1be5efd,flat-ragged,140-byte batch 1,140,1,56532960,54167690,4194400,1.0436656981311183,0.04273922566338563
0,ab,3,glm-4-7,9340665016419c825c4bdabbcc9acc43b7ca2c68ce142724afa829abb1be5efd,flat-ragged,140-byte batch 1,140,1,63278139,61921940,4194400,1.0219017524321752,0.021665354510938335
0,ab,4,glm-4-7,9340665016419c825c4bdabbcc9acc43b7ca2c68ce142724afa829abb1be5efd,flat-ragged,140-byte batch 1,140,1,56555059,53201360,4194400,1.063037843393477,0.06113069928442996
0,ab,5,glm-4-7,9340665016419c825c4bdabbcc9acc43b7ca2c68ce142724afa829abb1be5efd,flat-ragged,140-byte batch 1,140,1,53560229,53653910,4194400,0.998253976271254,-0.0017475498048120548
0,ab,0,glm-4-7,9340665016419c825c4bdabbcc9acc43b7ca2c68ce142724afa829abb1be5efd,flat-ragged,140-byte batch 32,140,32,66042739,60217150,4197760,1.0967430208835856,0.09234489759154424
0,ab,1,glm-4-7,9340665016419c825c4bdabbcc9acc43b7ca2c68ce142724afa829abb1be5efd,flat-ragged,140-byte batch 32,140,32,61503669,50136159,4197760,1.2267327658666474,0.20435434727834928
0,ab,2,glm-4-7,9340665016419c825c4bdabbcc9acc43b7ca2c68ce142724afa829abb1be5efd,flat-ragged,140-byte batch 32,140,32,61289249,49513320,4197760,1.237833556707569,0.21336271991491326
0,ab,3,glm-4-7,9340665016419c825c4bdabbcc9acc43b7ca2c68ce142724afa829abb1be5efd,flat-ragged,140-byte batch 32,140,32,69604960,58182410,4197760,1.196323081151159,0.17925275379039182
0,ab,4,glm-4-7,9340665016419c825c4bdabbcc9acc43b7ca2c68ce142724afa829abb1be5efd,flat-ragged,140-byte batch 32,140,32,59080129,51543589,4197760,1.1462168263059835,0.1364668031062547
0,ab,5,glm-4-7,9340665016419c825c4bdabbcc9acc43b7ca2c68ce142724afa829abb1be5efd,flat-ragged,140-byte batch 32,140,32,53150069,45482710,4197760,1.1685774440441214,0.15578714926111129
0,ab,0,glm-4-7,9340665016419c825c4bdabbcc9acc43b7ca2c68ce142724afa829abb1be5efd,flat-ragged,140-byte batch 512,140,512,18623090,18246350,4229120,1.0206474171546638,0.02043714864557409
0,ab,1,glm-4-7,9340665016419c825c4bdabbcc9acc43b7ca2c68ce142724afa829abb1be5efd,flat-ragged,140-byte batch 512,140,512,17435120,16813700,4229120,1.0369591464103678,0.03629253253149237
0,ab,2,glm-4-7,9340665016419c825c4bdabbcc9acc43b7ca2c68ce142724afa829abb1be5efd,flat-ragged,140-byte batch 512,140,512,16474910,16241700,4229120,1.0143587186070424,0.01425660849325211
0,ab,3,glm-4-7,9340665016419c825c4bdabbcc9acc43b7ca2c68ce142724afa829abb1be5efd,flat-ragged,140-byte batch 512,140,512,14477310,13713110,4229120,1.0557276941554468,0.054230286647975516
0,ab,4,glm-4-7,9340665016419c825c4bdabbcc9acc43b7ca2c68ce142724afa829abb1be5efd,flat-ragged,140-byte batch 512,140,512,14099940,12806730,4229120,1.1009789384175352,0.09619972805487886
0,ab,5,glm-4-7,9340665016419c825c4bdabbcc9acc43b7ca2c68ce142724afa829abb1be5efd,flat-ragged,140-byte batch 512,140,512,13615010,12747300,4229120,1.0680701011194527,0.0658533761362366
0,ab,0,glm-4-7,9340665016419c825c4bdabbcc9acc43b7ca2c68ce142724afa829abb1be5efd,flat-ragged,4 KiB single,4096,1,51836010,49176369,4194304,1.0540837205772553,0.05267187825239139
0,ab,1,glm-4-7,9340665016419c825c4bdabbcc9acc43b7ca2c68ce142724afa829abb1be5efd,flat-ragged,4 KiB single,4096,1,47976620,48506050,4194304,0.9890852790528192,-0.01097472352087249
0,ab,2,glm-4-7,9340665016419c825c4bdabbcc9acc43b7ca2c68ce142724afa829abb1be5efd,flat-ragged,4 KiB single,4096,1,43232749,44671929,4194304,0.967783347793197,-0.03274703101893631
0,ab,3,glm-4-7,9340665016419c825c4bdabbcc9acc43b7ca2c68ce142724afa829abb1be5efd,flat-ragged,4 KiB single,4096,1,44240290,44433109,4194304,0.9956604657126289,-0.004348977395316165
0,ab,4,glm-4-7,9340665016419c825c4bdabbcc9acc43b7ca2c68ce142724afa829abb1be5efd,flat-ragged,4 KiB single,4096,1,51729189,49803509,4194304,1.0386655486463816,0.037936762940308594
0,ab,5,glm-4-7,9340665016419c825c4bdabbcc9acc43b7ca2c68ce142724afa829abb1be5efd,flat-ragged,4 KiB single,4096,1,48095779,48866619,4194304,0.9842256326348259,-0.015900106757288472
0,ab,0,glm-4-7,9340665016419c825c4bdabbcc9acc43b7ca2c68ce142724afa829abb1be5efd,flat-ragged,64 KiB single,65536,1,18632820,18473300,4194304,1.0086351653467436,0.008598095556114552
0,ab,1,glm-4-7,9340665016419c825c4bdabbcc9acc43b7ca2c68ce142724afa829abb1be5efd,flat-ragged,64 KiB single,65536,1,18201430,17495740,4194304,1.040334961539209,0.03954273970025221
0,ab,2,glm-4-7,9340665016419c825c4bdabbcc9acc43b7ca2c68ce142724afa829abb1be5efd,flat-ragged,64 KiB single,65536,1,17582850,17421650,4194304,1.0092528549247632,0.009210309505657068
0,ab,3,glm-4-7,9340665016419c825c4bdabbcc9acc43b7ca2c68ce142724afa829abb1be5efd,flat-ragged,64 KiB single,65536,1,17793399,17499219,4194304,1.0168110359668052,0.016671294460097335
0,ab,4,glm-4-7,9340665016419c825c4bdabbcc9acc43b7ca2c68ce142724afa829abb1be5efd,flat-ragged,64 KiB single,65536,1,17149820,16851780,4194304,1.0176859655181827,0.017531388728779473
0,ab,5,glm-4-7,9340665016419c825c4bdabbcc9acc43b7ca2c68ce142724afa829abb1be5efd,flat-ragged,64 KiB single,65536,1,17252120,16600260,4194304,1.0392680596568968,0.038516676586243186
0,ab,0,glm-4-7,9340665016419c825c4bdabbcc9acc43b7ca2c68ce142724afa829abb1be5efd,nested,140-byte batch 1,140,1,66504330,68018290,4194400,0.9777418691354928,-0.02250958127422014
0,ab,1,glm-4-7,9340665016419c825c4bdabbcc9acc43b7ca2c68ce142724afa829abb1be5efd,nested,140-byte batch 1,140,1,63157889,59906520,4194400,1.0542740422912231,0.05285241849829904
0,ab,2,glm-4-7,9340665016419c825c4bdabbcc9acc43b7ca2c68ce142724afa829abb1be5efd,nested,140-byte batch 1,140,1,61713999,51381140,4194400,1.2011021748446997,0.18323961428743313
0,ab,3,glm-4-7,9340665016419c825c4bdabbcc9acc43b7ca2c68ce142724afa829abb1be5efd,nested,140-byte batch 1,140,1,67395209,65850049,4194400,1.023464826882665,0.02319376000125868
0,ab,4,glm-4-7,9340665016419c825c4bdabbcc9acc43b7ca2c68ce142724afa829abb1be5efd,nested,140-byte batch 1,140,1,58957379,54334830,4194400,1.0850752454732995,0.08164933525441204
0,ab,5,glm-4-7,9340665016419c825c4bdabbcc9acc43b7ca2c68ce142724afa829abb1be5efd,nested,140-byte batch 1,140,1,56057650,49442369,4194400,1.1337978162009188,0.12557289681776437
0,ab,0,glm-4-7,9340665016419c825c4bdabbcc9acc43b7ca2c68ce142724afa829abb1be5efd,nested,140-byte batch 32,140,32,66678599,66297450,4197760,1.0057490748135864,0.0057326119503316635
0,ab,1,glm-4-7,9340665016419c825c4bdabbcc9acc43b7ca2c68ce142724afa829abb1be5efd,nested,140-byte batch 32,140,32,60377219,65507779,4197760,0.9216801412241438,-0.0815570340276482
0,ab,2,glm-4-7,9340665016419c825c4bdabbcc9acc43b7ca2c68ce142724afa829abb1be5efd,nested,140-byte batch 32,140,32,58702870,58956929,4197760,0.9956907694428928,-0.004318542050981857
0,ab,3,glm-4-7,9340665016419c825c4bdabbcc9acc43b7ca2c68ce142724afa829abb1be5efd,nested,140-byte batch 32,140,32,64300449,61558209,4197760,1.0445471050010569,0.043583399131683
0,ab,4,glm-4-7,9340665016419c825c4bdabbcc9acc43b7ca2c68ce142724afa829abb1be5efd,nested,140-byte batch 32,140,32,58101979,58282150,4197760,0.9969086418397399,-0.0030961462783023865
0,ab,5,glm-4-7,9340665016419c825c4bdabbcc9acc43b7ca2c68ce142724afa829abb1be5efd,nested,140-byte batch 32,140,32,54946739,56424690,4197760,0.97380666158733,-0.02654249444020654
0,ab,0,glm-4-7,9340665016419c825c4bdabbcc9acc43b7ca2c68ce142724afa829abb1be5efd,nested,140-byte batch 512,140,512,19931850,19684990,4229120,1.0125405194516228,0.012462538409289204
0,ab,1,glm-4-7,9340665016419c825c4bdabbcc9acc43b7ca2c68ce142724afa829abb1be5efd,nested,140-byte batch 512,140,512,18319220,18524700,4229120,0.988907782582174,-0.011154194798668424
0,ab,2,glm-4-7,9340665016419c825c4bdabbcc9acc43b7ca2c68ce142724afa829abb1be5efd,nested,140-byte batch 512,140,512,17963889,17962700,4229120,1.0000661927215841,6.619053094262003e-05
0,ab,3,glm-4-7,9340665016419c825c4bdabbcc9acc43b7ca2c68ce142724afa829abb1be5efd,nested,140-byte batch 512,140,512,16199790,16698469,4229120,0.9701362442269408,-0.030318759382086734
0,ab,4,glm-4-7,9340665016419c825c4bdabbcc9acc43b7ca2c68ce142724afa829abb1be5efd,nested,140-byte batch 512,140,512,14978730,15455040,4229120,0.9691809273867942,-0.03130396895110622
0,ab,5,glm-4-7,9340665016419c825c4bdabbcc9acc43b7ca2c68ce142724afa829abb1be5efd,nested,140-byte batch 512,140,512,15067730,15434480,4229120,0.9762382665305213,-0.02404859681926936
0,ab,0,glm-4-7,9340665016419c825c4bdabbcc9acc43b7ca2c68ce142724afa829abb1be5efd,nested,4 KiB single,4096,1,55972720,50045920,4194304,1.1184272364260663,0.11192344522847726
0,ab,1,glm-4-7,9340665016419c825c4bdabbcc9acc43b7ca2c68ce142724afa829abb1be5efd,nested,4 KiB single,4096,1,47941889,43361950,4194304,1.1056211494178652,0.10040730320599736
0,ab,2,glm-4-7,9340665016419c825c4bdabbcc9acc43b7ca2c68ce142724afa829abb1be5efd,nested,4 KiB single,4096,1,47315629,41630610,4194304,1.1365586283746503,0.12800494975918744
0,ab,3,glm-4-7,9340665016419c825c4bdabbcc9acc43b7ca2c68ce142724afa829abb1be5efd,nested,4 KiB single,4096,1,43883150,43524999,4194304,1.0082286274147876,0.008194956842512813
0,ab,4,glm-4-7,9340665016419c825c4bdabbcc9acc43b7ca2c68ce142724afa829abb1be5efd,nested,4 KiB single,4096,1,48146129,49340440,4194304,0.9757944801465086,-0.024503288363162755
0,ab,5,glm-4-7,9340665016419c825c4bdabbcc9acc43b7ca2c68ce142724afa829abb1be5efd,nested,4 KiB single,4096,1,47381450,49246910,4194304,0.9621202629769056,-0.03861582264045883
0,ab,0,glm-4-7,9340665016419c825c4bdabbcc9acc43b7ca2c68ce142724afa829abb1be5efd,nested,64 KiB single,65536,1,44796039,47697679,4194304,0.9391660126690861,-0.0627630180960048
0,ab,1,glm-4-7,9340665016419c825c4bdabbcc9acc43b7ca2c68ce142724afa829abb1be5efd,nested,64 KiB single,65536,1,43111460,43995520,4194304,0.979905681305733,-0.020298955514807194
0,ab,2,glm-4-7,9340665016419c825c4bdabbcc9acc43b7ca2c68ce142724afa829abb1be5efd,nested,64 KiB single,65536,1,43803470,42741189,4194304,1.0248538008617403,0.024549969111654957
0,ab,3,glm-4-7,9340665016419c825c4bdabbcc9acc43b7ca2c68ce142724afa829abb1be5efd,nested,64 KiB single,65536,1,39448880,42416910,4194304,0.9300271990581115,-0.07254144696345549
0,ab,4,glm-4-7,9340665016419c825c4bdabbcc9acc43b7ca2c68ce142724afa829abb1be5efd,nested,64 KiB single,65536,1,40427600,41464699,4194304,0.9749883871097195,-0.02532971871192029
0,ab,5,glm-4-7,9340665016419c825c4bdabbcc9acc43b7ca2c68ce142724afa829abb1be5efd,nested,64 KiB single,65536,1,42385189,44124200,4194304,0.9605882712887712,-0.04020939960237269
0,ab,0,gpt-2,8414cab924d8b9b33013f0d221c5862f365ee9be39c5c2bfae8a5a9e970478a6,flat-ragged,140-byte batch 1,140,1,37930169,34396130,4194400,1.102745250701169,0.09780275321618968
0,ab,1,gpt-2,8414cab924d8b9b33013f0d221c5862f365ee9be39c5c2bfae8a5a9e970478a6,flat-ragged,140-byte batch 1,140,1,34783010,32621720,4194400,1.0662530976294322,0.06415072498195361
0,ab,2,gpt-2,8414cab924d8b9b33013f0d221c5862f365ee9be39c5c2bfae8a5a9e970478a6,flat-ragged,140-byte batch 1,140,1,42098030,41391679,4194400,1.01706504826731,0.0169210759524847
0,ab,3,gpt-2,8414cab924d8b9b33013f0d221c5862f365ee9be39c5c2bfae8a5a9e970478a6,flat-ragged,140-byte batch 1,140,1,38133969,36074500,4194400,1.0570893290274292,0.05551921516904773
0,ab,4,gpt-2,8414cab924d8b9b33013f0d221c5862f365ee9be39c5c2bfae8a5a9e970478a6,flat-ragged,140-byte batch 1,140,1,34422530,32706620,4194400,1.052463690836901,0.051133787962132894
0,ab,5,gpt-2,8414cab924d8b9b33013f0d221c5862f365ee9be39c5c2bfae8a5a9e970478a6,flat-ragged,140-byte batch 1,140,1,27589779,26024709,4194400,1.0601378482272366,0.058398945166186086
0,ab,0,gpt-2,8414cab924d8b9b33013f0d221c5862f365ee9be39c5c2bfae8a5a9e970478a6,flat-ragged,140-byte batch 32,140,32,31901970,32387310,4197760,0.9850145010499483,-0.015098916040293899
0,ab,1,gpt-2,8414cab924d8b9b33013f0d221c5862f365ee9be39c5c2bfae8a5a9e970478a6,flat-ragged,140-byte batch 32,140,32,29919109,29056600,4197760,1.0296837551537343,0.029251721265681502
0,ab,2,gpt-2,8414cab924d8b9b33013f0d221c5862f365ee9be39c5c2bfae8a5a9e970478a6,flat-ragged,140-byte batch 32,140,32,37360230,36029330,4197760,1.036939349135829,0.03627344068627243
0,ab,3,gpt-2,8414cab924d8b9b33013f0d221c5862f365ee9be39c5c2bfae8a5a9e970478a6,flat-ragged,140-byte batch 32,140,32,32126209,33087480,4197760,0.9709475910525673,-0.02948278634668139
0,ab,4,gpt-2,8414cab924d8b9b33013f0d221c5862f365ee9be39c5c2bfae8a5a9e970478a6,flat-ragged,140-byte batch 32,140,32,30187089,28871000,4197760,1.0455851546534585,0.044576685305754774
0,ab,5,gpt-2,8414cab924d8b9b33013f0d221c5862f365ee9be39c5c2bfae8a5a9e970478a6,flat-ragged,140-byte batch 32,140,32,22370230,20538350,4197760,1.0891931435582702,0.08543718686400598
0,ab,0,gpt-2,8414cab924d8b9b33013f0d221c5862f365ee9be39c5c2bfae8a5a9e970478a6,flat-ragged,140-byte batch 512,140,512,12690410,11264670,4229120,1.126567400554122,0.1191753109282031
0,ab,1,gpt-2,8414cab924d8b9b33013f0d221c5862f365ee9be39c5c2bfae8a5a9e970478a6,flat-ragged,140-byte batch 512,140,512,10981050,10864880,4229120,1.0106922487869172,0.010635490915927578
0,ab,2,gpt-2,8414cab924d8b9b33013f0d221c5862f365ee9be39c5c2bfae8a5a9e970478a6,flat-ragged,140-byte batch 512,140,512,10705040,10194530,4229120,1.050076854940836,0.048863356672543885
0,ab,3,gpt-2,8414cab924d8b9b33013f0d221c5862f365ee9be39c5c2bfae8a5a9e970478a6,flat-ragged,140-byte batch 512,140,512,9135600,8823230,4229120,1.0354031346797035,0.03479085298707241
0,ab,4,gpt-2,8414cab924d8b9b33013f0d221c5862f365ee9be39c5c2bfae8a5a9e970478a6,flat-ragged,140-byte batch 512,140,512,8788790,8556960,4229120,1.0270925655840393,0.0267320589042872
0,ab,5,gpt-2,8414cab924d8b9b33013f0d221c5862f365ee9be39c5c2bfae8a5a9e970478a6,flat-ragged,140-byte batch 512,140,512,8660880,8499260,4229120,1.0190157731378968,0.018837233156997566
0,ab,0,gpt-2,8414cab924d8b9b33013f0d221c5862f365ee9be39c5c2bfae8a5a9e970478a6,flat-ragged,4 KiB single,4096,1,23752300,28168840,4194304,0.8432118610493012,-0.1705370345846513
0,ab,1,gpt-2,8414cab924d8b9b33013f0d221c5862f365ee9be39c5c2bfae8a5a9e970478a6,flat-ragged,4 KiB single,4096,1,23238180,24292979,4194304,0.9565800884280187,-0.04439076289296886
0,ab,2,gpt-2,8414cab924d8b9b33013f0d221c5862f365ee9be39c5c2bfae8a5a9e970478a6,flat-ragged,4 KiB single,4096,1,23130380,25230170,4194304,0.9167746392513407,-0.08689359565193397
0,ab,3,gpt-2,8414cab924d8b9b33013f0d221c5862f365ee9be39c5c2bfae8a5a9e970478a6,flat-ragged,4 KiB single,4096,1,28195070,28751079,4194304,0.980661282312222,-0.019528157008129127
0,ab,4,gpt-2,8414cab924d8b9b33013f0d221c5862f365ee9be39c5c2bfae8a5a9e970478a6,flat-ragged,4 KiB single,4096,1,27322810,27899069,4194304,0.9793448663107719,-0.020871434630313646
0,ab,5,gpt-2,8414cab924d8b9b33013f0d221c5862f365ee9be39c5c2bfae8a5a9e970478a6,flat-ragged,4 KiB single,4096,1,24109050,26157270,4194304,0.9216959568028315,-0.08153987466586088
0,ab,0,gpt-2,8414cab924d8b9b33013f0d221c5862f365ee9be39c5c2bfae8a5a9e970478a6,flat-ragged,64 KiB single,65536,1,23051529,25509030,4194304,0.9036615269181149,-0.10130040582753301
0,ab,1,gpt-2,8414cab924d8b9b33013f0d221c5862f365ee9be39c5c2bfae8a5a9e970478a6,flat-ragged,64 KiB single,65536,1,20512139,20900220,4194304,0.9814317265559884,-0.018742827994793636
0,ab,2,gpt-2,8414cab924d8b9b33013f0d221c5862f365ee9be39c5c2bfae8a5a9e970478a6,flat-ragged,64 KiB single,65536,1,19227550,19887020,4194304,0.9668391744967321,-0.03372311122119652
0,ab,3,gpt-2,8414cab924d8b9b33013f0d221c5862f365ee9be39c5c2bfae8a5a9e970478a6,flat-ragged,64 KiB single,65536,1,22608860,26870550,4194304,0.8413992270348021,-0.17268902649169346
0,ab,4,gpt-2,8414cab924d8b9b33013f0d221c5862f365ee9be39c5c2bfae8a5a9e970478a6,flat-ragged,64 KiB single,65536,1,24579160,27125090,4194304,0.9061411409141868,-0.09856020039883447
0,ab,5,gpt-2,8414cab924d8b9b33013f0d221c5862f365ee9be39c5c2bfae8a5a9e970478a6,flat-ragged,64 KiB single,65536,1,23371339,24994170,4194304,0.9350716187014811,-0.06713215508520089
0,ab,0,gpt-2,8414cab924d8b9b33013f0d221c5862f365ee9be39c5c2bfae8a5a9e970478a6,nested,140-byte batch 1,140,1,36619500,36785880,4194400,0.9954770689188351,-0.004533190480673246
0,ab,1,gpt-2,8414cab924d8b9b33013f0d221c5862f365ee9be39c5c2bfae8a5a9e970478a6,nested,140-byte batch 1,140,1,36131550,32431760,4194400,1.114079223575902,0.1080282552923375
0,ab,2,gpt-2,8414cab924d8b9b33013f0d221c5862f365ee9be39c5c2bfae8a5a9e970478a6,nested,140-byte batch 1,140,1,43586639,39887900,4194400,1.092728346190198,0.08867763867860594
0,ab,3,gpt-2,8414cab924d8b9b33013f0d221c5862f365ee9be39c5c2bfae8a5a9e970478a6,nested,140-byte batch 1,140,1,41511719,36735959,4194400,1.1300023227922265,0.12221968829047852
0,ab,4,gpt-2,8414cab924d8b9b33013f0d221c5862f365ee9be39c5c2bfae8a5a9e970478a6,nested,140-byte batch 1,140,1,34156910,31621480,4194400,1.080180624056812,0.07712827164937462
0,ab,5,gpt-2,8414cab924d8b9b33013f0d221c5862f365ee9be39c5c2bfae8a5a9e970478a6,nested,140-byte batch 1,140,1,28452099,26263760,4194400,1.083321618839039,0.08003189423572289
0,ab,0,gpt-2,8414cab924d8b9b33013f0d221c5862f365ee9be39c5c2bfae8a5a9e970478a6,nested,140-byte batch 32,140,32,38154049,39225379,4197760,0.9726878355974584,-0.027692074996127695
0,ab,1,gpt-2,8414cab924d8b9b33013f0d221c5862f365ee9be39c5c2bfae8a5a9e970478a6,nested,140-byte batch 32,140,32,36937419,32923050,4197760,1.1219318684022288,0.11505208190759518
0,ab,2,gpt-2,8414cab924d8b9b33013f0d221c5862f365ee9be39c5c2bfae8a5a9e970478a6,nested,140-byte batch 32,140,32,44664240,40162379,4197760,1.1120914923889345,0.10624246977197538
0,ab,3,gpt-2,8414cab924d8b9b33013f0d221c5862f365ee9be39c5c2bfae8a5a9e970478a6,nested,140-byte batch 32,140,32,40694799,38168060,4197760,1.066200351812484,0.06410125537503422
0,ab,4,gpt-2,8414cab924d8b9b33013f0d221c5862f365ee9be39c5c2bfae8a5a9e970478a6,nested,140-byte batch 32,140,32,34593480,35885339,4197760,0.9640003679497078,-0.036663602681096044
0,ab,5,gpt-2,8414cab924d8b9b33013f0d221c5862f365ee9be39c5c2bfae8a5a9e970478a6,nested,140-byte batch 32,140,32,29081180,27527310,4197760,1.0564483053374993,0.05491262676564049
0,ab,0,gpt-2,8414cab924d8b9b33013f0d221c5862f365ee9be39c5c2bfae8a5a9e970478a6,nested,140-byte batch 512,140,512,13977010,13515610,4229120,1.034138303783551,0.0335685232186261
0,ab,1,gpt-2,8414cab924d8b9b33013f0d221c5862f365ee9be39c5c2bfae8a5a9e970478a6,nested,140-byte batch 512,140,512,13067050,12705920,4229120,1.028422184304639,0.028025767846165093
0,ab,2,gpt-2,8414cab924d8b9b33013f0d221c5862f365ee9be39c5c2bfae8a5a9e970478a6,nested,140-byte batch 512,140,512,12939080,12602969,4229120,1.0266691919975364,0.026319768052208356
0,ab,3,gpt-2,8414cab924d8b9b33013f0d221c5862f365ee9be39c5c2bfae8a5a9e970478a6,nested,140-byte batch 512,140,512,11437650,10872290,4229120,1.0520000846187878,0.05069319475162496
0,ab,4,gpt-2,8414cab924d8b9b33013f0d221c5862f365ee9be39c5c2bfae8a5a9e970478a6,nested,140-byte batch 512,140,512,11039540,10795040,4229120,1.0226492907853977,0.02239660393512169
0,ab,5,gpt-2,8414cab924d8b9b33013f0d221c5862f365ee9be39c5c2bfae8a5a9e970478a6,nested,140-byte batch 512,140,512,11147089,10379340,4229120,1.0739689614175854,0.07136109568543407
0,ab,0,gpt-2,8414cab924d8b9b33013f0d221c5862f365ee9be39c5c2bfae8a5a9e970478a6,nested,4 KiB single,4096,1,23921390,23487220,4194304,1.0184853720448823,0.01831659432815607
0,ab,1,gpt-2,8414cab924d8b9b33013f0d221c5862f365ee9be39c5c2bfae8a5a9e970478a6,nested,4 KiB single,4096,1,24563049,23845150,4194304,1.0301067093308283,0.02966239816736745
0,ab,2,gpt-2,8414cab924d8b9b33013f0d221c5862f365ee9be39c5c2bfae8a5a9e970478a6,nested,4 KiB single,4096,1,25706720,24005610,4194304,1.070863019102618,0.06846488328815405
0,ab,3,gpt-2,8414cab924d8b9b33013f0d221c5862f365ee9be39c5c2bfae8a5a9e970478a6,nested,4 KiB single,4096,1,29497810,28263050,4194304,1.0436881369845081,0.042760725471432726
0,ab,4,gpt-2,8414cab924d8b9b33013f0d221c5862f365ee9be39c5c2bfae8a5a9e970478a6,nested,4 KiB single,4096,1,28934530,28401560,4194304,1.0187655185137718,0.01859161835386997
0,ab,5,gpt-2,8414cab924d8b9b33013f0d221c5862f365ee9be39c5c2bfae8a5a9e970478a6,nested,4 KiB single,4096,1,26934370,26297730,4194304,1.024208933622788,0.02392054254565507
0,ab,0,gpt-2,8414cab924d8b9b33013f0d221c5862f365ee9be39c5c2bfae8a5a9e970478a6,nested,64 KiB single,65536,1,23108879,24806200,4194304,0.9315767429110464,-0.07087670595613019
0,ab,1,gpt-2,8414cab924d8b9b33013f0d221c5862f365ee9be39c5c2bfae8a5a9e970478a6,nested,64 KiB single,65536,1,21266739,23261020,4194304,0.9142651096125621,-0.0896346953048949
0,ab,2,gpt-2,8414cab924d8b9b33013f0d221c5862f365ee9be39c5c2bfae8a5a9e970478a6,nested,64 KiB single,65536,1,21652690,23389370,4194304,0.9257491758008018,-0.07715194949310313
0,ab,3,gpt-2,8414cab924d8b9b33013f0d221c5862f365ee9be39c5c2bfae8a5a9e970478a6,nested,64 KiB single,65536,1,23794210,26194810,4194304,0.9083558918732375,-0.09611902577148528
0,ab,4,gpt-2,8414cab924d8b9b33013f0d221c5862f365ee9be39c5c2bfae8a5a9e970478a6,nested,64 KiB single,65536,1,24412479,25651549,4194304,0.951696094454179,-0.04950952366955827
0,ab,5,gpt-2,8414cab924d8b9b33013f0d221c5862f365ee9be39c5c2bfae8a5a9e970478a6,nested,64 KiB single,65536,1,22345810,23410280,4194304,0.9545298048549612,-0.046536410683141106
0,ab,0,gpt-oss,0614fe83cadab421296e664e1f48f4261fa8fef6e03e63bb75c20f38e37d07d3,flat-ragged,140-byte batch 1,140,1,65373329,63085960,4194400,1.0362579724553609,0.035616121001449945
0,ab,1,gpt-oss,0614fe83cadab421296e664e1f48f4261fa8fef6e03e63bb75c20f38e37d07d3,flat-ragged,140-byte batch 1,140,1,63031519,63317270,4194400,0.9954869974653044,-0.004523216873778954
0,ab,2,gpt-oss,0614fe83cadab421296e664e1f48f4261fa8fef6e03e63bb75c20f38e37d07d3,flat-ragged,140-byte batch 1,140,1,58522730,58241409,4194400,1.0048302574547947,0.004818629191225723
0,ab,3,gpt-oss,0614fe83cadab421296e664e1f48f4261fa8fef6e03e63bb75c20f38e37d07d3,flat-ragged,140-byte batch 1,140,1,65758479,64480279,4194400,1.0198231152194612,0.01962919580629966
0,ab,4,gpt-oss,0614fe83cadab421296e664e1f48f4261fa8fef6e03e63bb75c20f38e37d07d3,flat-ragged,140-byte batch 1,140,1,56670439,54697850,4194400,1.0360633736060925,0.0354283134008476
0,ab,5,gpt-oss,0614fe83cadab421296e664e1f48f4261fa8fef6e03e63bb75c20f38e37d07d3,flat-ragged,140-byte batch 1,140,1,48675909,49659100,4194400,0.9802011917251823,-0.019997430709446685
0,ab,0,gpt-oss,0614fe83cadab421296e664e1f48f4261fa8fef6e03e63bb75c20f38e37d07d3,flat-ragged,140-byte batch 32,140,32,63039580,58658140,4197760,1.0746944925290847,0.07203642819294362
0,ab,1,gpt-oss,0614fe83cadab421296e664e1f48f4261fa8fef6e03e63bb75c20f38e37d07d3,flat-ragged,140-byte batch 32,140,32,53100290,50911090,4197760,1.0430004543214455,0.04210161160957169
0,ab,2,gpt-oss,0614fe83cadab421296e664e1f48f4261fa8fef6e03e63bb75c20f38e37d07d3,flat-ragged,140-byte batch 32,140,32,54822999,50793740,4197760,1.079325897246393,0.07633667704512623
0,ab,3,gpt-oss,0614fe83cadab421296e664e1f48f4261fa8fef6e03e63bb75c20f38e37d07d3,flat-ragged,140-byte batch 32,140,32,58003429,54234479,4197760,1.069493614938202,0.06718527938524334
0,ab,4,gpt-oss,0614fe83cadab421296e664e1f48f4261fa8fef6e03e63bb75c20f38e37d07d3,flat-ragged,140-byte batch 32,140,32,54181680,48977960,4197760,1.1062461564344452,0.10097244292442542
0,ab,5,gpt-oss,0614fe83cadab421296e664e1f48f4261fa8fef6e03e63bb75c20f38e37d07d3,flat-ragged,140-byte batch 32,140,32,43730930,41629710,4197760,1.0504740484620239,0.049241537011119246
0,ab,0,gpt-oss,0614fe83cadab421296e664e1f48f4261fa8fef6e03e63bb75c20f38e37d07d3,flat-ragged,140-byte batch 512,140,512,17761700,16944470,4229120,1.048229894472946,0.04710292679697792
0,ab,1,gpt-oss,0614fe83cadab421296e664e1f48f4261fa8fef6e03e63bb75c20f38e37d07d3,flat-ragged,140-byte batch 512,140,512,16185050,15810050,4229120,1.023719090072454,0.023442162881909142
0,ab,2,gpt-oss,0614fe83cadab421296e664e1f48f4261fa8fef6e03e63bb75c20f38e37d07d3,flat-ragged,140-byte batch 512,140,512,15585240,15089440,4229120,1.0328574155170769,0.03232915110143003
0,ab,3,gpt-oss,0614fe83cadab421296e664e1f48f4261fa8fef6e03e63bb75c20f38e37d07d3,flat-ragged,140-byte batch 512,140,512,12739570,13313150,4229120,0.9569162820219107,-0.0440393709566755
0,ab,4,gpt-oss,0614fe83cadab421296e664e1f48f4261fa8fef6e03e63bb75c20f38e37d07d3,flat-ragged,140-byte batch 512,140,512,12120740,12660120,4229120,0.9573953485432998,-0.043538860461162746
0,ab,5,gpt-oss,0614fe83cadab421296e664e1f48f4261fa8fef6e03e63bb75c20f38e37d07d3,flat-ragged,140-byte batch 512,140,512,12181840,12125940,4229120,1.004609951888266,0.0045993586039377934
0,ab,0,gpt-oss,0614fe83cadab421296e664e1f48f4261fa8fef6e03e63bb75c20f38e37d07d3,flat-ragged,4 KiB single,4096,1,45406700,47746770,4194304,0.9509899831967691,-0.05025174940833913
0,ab,1,gpt-oss,0614fe83cadab421296e664e1f48f4261fa8fef6e03e63bb75c20f38e37d07d3,flat-ragged,4 KiB single,4096,1,41308000,44650830,4194304,0.9251339784725167,-0.07781671036633256
0,ab,2,gpt-oss,0614fe83cadab421296e664e1f48f4261fa8fef6e03e63bb75c20f38e37d07d3,flat-ragged,4 KiB single,4096,1,42372800,42451940,4194304,0.9981357742425906,-0.0018659655888753773
0,ab,3,gpt-oss,0614fe83cadab421296e664e1f48f4261fa8fef6e03e63bb75c20f38e37d07d3,flat-ragged,4 KiB single,4096,1,42570230,42169200,4194304,1.0095100215323032,0.009465085945158814
0,ab,4,gpt-oss,0614fe83cadab421296e664e1f48f4261fa8fef6e03e63bb75c20f38e37d07d3,flat-ragged,4 KiB single,4096,1,50461090,51493139,4194304,0.9799575434700145,-0.020246031245768382
0,ab,5,gpt-oss,0614fe83cadab421296e664e1f48f4261fa8fef6e03e63bb75c20f38e37d07d3,flat-ragged,4 KiB single,4096,1,44289460,45488490,4194304,0.9736410243558316,-0.02671260143008198
0,ab,0,gpt-oss,0614fe83cadab421296e664e1f48f4261fa8fef6e03e63bb75c20f38e37d07d3,flat-ragged,64 KiB single,65536,1,20319130,19726770,4194304,1.030028230673344,0.02958621028666276
0,ab,1,gpt-oss,0614fe83cadab421296e664e1f48f4261fa8fef6e03e63bb75c20f38e37d07d3,flat-ragged,64 KiB single,65536,1,19112770,18697720,4194304,1.022197893646926,0.02195510674233352
0,ab,2,gpt-oss,0614fe83cadab421296e664e1f48f4261fa8fef6e03e63bb75c20f38e37d07d3,flat-ragged,64 KiB single,65536,1,18487920,18110270,4194304,1.0208528089310651,0.02063836515730393
0,ab,3,gpt-oss,0614fe83cadab421296e664e1f48f4261fa8fef6e03e63bb75c20f38e37d07d3,flat-ragged,64 KiB single,65536,1,19248010,18823570,4194304,1.0225483263801713,0.02229787078145385
0,ab,4,gpt-oss,0614fe83cadab421296e664e1f48f4261fa8fef6e03e63bb75c20f38e37d07d3,flat-ragged,64 KiB single,65536,1,18367590,18166059,4194304,1.0110938206244955,0.011032735559101878
0,ab,5,gpt-oss,0614fe83cadab421296e664e1f48f4261fa8fef6e03e63bb75c20f38e37d07d3,flat-ragged,64 KiB single,65536,1,18313880,17823240,4194304,1.0275281037566684,0.027156018602203166
0,ab,0,gpt-oss,0614fe83cadab421296e664e1f48f4261fa8fef6e03e63bb75c20f38e37d07d3,nested,140-byte batch 1,140,1,62894509,65225009,4194400,0.9642698401160819,-0.03638410640821777
0,ab,1,gpt-oss,0614fe83cadab421296e664e1f48f4261fa8fef6e03e63bb75c20f38e37d07d3,nested,140-byte batch 1,140,1,58197510,55090870,4194400,1.0563911951290659,0.0548585666172622
0,ab,2,gpt-oss,0614fe83cadab421296e664e1f48f4261fa8fef6e03e63bb75c20f38e37d07d3,nested,140-byte batch 1,140,1,60541259,59144380,4194400,1.0236181189151023,0.023343526314381087
0,ab,3,gpt-oss,0614fe83cadab421296e664e1f48f4261fa8fef6e03e63bb75c20f38e37d07d3,nested,140-byte batch 1,140,1,68205099,62297479,4194400,1.0948291984656393,0.09059836796542706
0,ab,4,gpt-oss,0614fe83cadab421296e664e1f48f4261fa8fef6e03e63bb75c20f38e37d07d3,nested,140-byte batch 1,140,1,54903829,50173790,4194400,1.094273105539765,0.09009031227810863
0,ab,5,gpt-oss,0614fe83cadab421296e664e1f48f4261fa8fef6e03e63bb75c20f38e37d07d3,nested,140-byte batch 1,140,1,50948110,46771559,4194400,1.0892968096274063,0.08553235927374116
0,ab,0,gpt-oss,0614fe83cadab421296e664e1f48f4261fa8fef6e03e63bb75c20f38e37d07d3,nested,140-byte batch 32,140,32,69673149,67693570,4197760,1.0292432353619405,0.028823809250787365
0,ab,1,gpt-oss,0614fe83cadab421296e664e1f48f4261fa8fef6e03e63bb75c20f38e37d07d3,nested,140-byte batch 32,140,32,64937790,66878279,4197760,0.9709847647245827,-0.02944450110784767
0,ab,2,gpt-oss,0614fe83cadab421296e664e1f48f4261fa8fef6e03e63bb75c20f38e37d07d3,nested,140-byte batch 32,140,32,64021799,60591840,4197760,1.0566076059086504,0.055063404197136796
0,ab,3,gpt-oss,0614fe83cadab421296e664e1f48f4261fa8fef6e03e63bb75c20f38e37d07d3,nested,140-byte batch 32,140,32,67215129,59951839,4197760,1.1211520800888193,0.11435679955282846
0,ab,4,gpt-oss,0614fe83cadab421296e664e1f48f4261fa8fef6e03e63bb75c20f38e37d07d3,nested,140-byte batch 32,140,32,56971099,55122500,4197760,1.0335361966529095,0.03298612289639605
0,ab,5,gpt-oss,0614fe83cadab421296e664e1f48f4261fa8fef6e03e63bb75c20f38e37d07d3,nested,140-byte batch 32,140,32,51844759,45170090,4197760,1.1477674496552919,0.13781870739062416
0,ab,0,gpt-oss,0614fe83cadab421296e664e1f48f4261fa8fef6e03e63bb75c20f38e37d07d3,nested,140-byte batch 512,140,512,19423560,19574360,4229120,0.9922960444172887,-0.007733784346931003
0,ab,1,gpt-oss,0614fe83cadab421296e664e1f48f4261fa8fef6e03e63bb75c20f38e37d07d3,nested,140-byte batch 512,140,512,18248440,18078210,4229120,1.0094163083623877,0.009372251284879101
0,ab,2,gpt-oss,0614fe83cadab421296e664e1f48f4261fa8fef6e03e63bb75c20f38e37d07d3,nested,140-byte batch 512,140,512,17260919,17677820,4229120,0.9764167188035628,-0.023865817705827703
0,ab,3,gpt-oss,0614fe83cadab421296e664e1f48f4261fa8fef6e03e63bb75c20f38e37d07d3,nested,140-byte batch 512,140,512,15292700,15652969,4229120,0.9769839830386171,-0.02328502109767115
0,ab,4,gpt-oss,0614fe83cadab421296e664e1f48f4261fa8fef6e03e63bb75c20f38e37d07d3,nested,140-byte batch 512,140,512,14387610,14392410,4229120,0.9996664908795678,-0.00033356474696719454
0,ab,5,gpt-oss,0614fe83cadab421296e664e1f48f4261fa8fef6e03e63bb75c20f38e37d07d3,nested,140-byte batch 512,140,512,14517450,14543080,4229120,0.9982376497963292,-0.001763904969754368
0,ab,0,gpt-oss,0614fe83cadab421296e664e1f48f4261fa8fef6e03e63bb75c20f38e37d07d3,nested,4 KiB single,4096,1,51308179,49927790,4194304,1.0276477088210794,0.02727241260004417
0,ab,1,gpt-oss,0614fe83cadab421296e664e1f48f4261fa8fef6e03e63bb75c20f38e37d07d3,nested,4 KiB single,4096,1,43777539,44166690,4194304,0.9911890386171117,-0.008850007427795613
0,ab,2,gpt-oss,0614fe83cadab421296e664e1f48f4261fa8fef6e03e63bb75c20f38e37d07d3,nested,4 KiB single,4096,1,40959770,43125919,4194304,0.9497715283470249,-0.05153381978828156
0,ab,3,gpt-oss,0614fe83cadab421296e664e1f48f4261fa8fef6e03e63bb75c20f38e37d07d3,nested,4 KiB single,4096,1,39064620,39435279,4194304,0.9906008272440522,-0.009443623734413242
0,ab,4,gpt-oss,0614fe83cadab421296e664e1f48f4261fa8fef6e03e63bb75c20f38e37d07d3,nested,4 KiB single,4096,1,47023459,50242950,4194304,0.9359215372504999,-0.06622363374210993
0,ab,5,gpt-oss,0614fe83cadab421296e664e1f48f4261fa8fef6e03e63bb75c20f38e37d07d3,nested,4 KiB single,4096,1,42850080,43500130,4194304,0.985056366498215,-0.01505641457604435
0,ab,0,gpt-oss,0614fe83cadab421296e664e1f48f4261fa8fef6e03e63bb75c20f38e37d07d3,nested,64 KiB single,65536,1,46491030,44907840,4194304,1.0352542006028347,0.034647001008680935
0,ab,1,gpt-oss,0614fe83cadab421296e664e1f48f4261fa8fef6e03e63bb75c20f38e37d07d3,nested,64 KiB single,65536,1,42958830,42808260,4194304,1.0035173118458913,0.003511140571212116
0,ab,2,gpt-oss,0614fe83cadab421296e664e1f48f4261fa8fef6e03e63bb75c20f38e37d07d3,nested,64 KiB single,65536,1,41996419,39206460,4194304,1.0711606964770601,0.06874282360617508
0,ab,3,gpt-oss,0614fe83cadab421296e664e1f48f4261fa8fef6e03e63bb75c20f38e37d07d3,nested,64 KiB single,65536,1,36218580,37077549,4194304,0.976833177403393,-0.023439391361764265
0,ab,4,gpt-oss,0614fe83cadab421296e664e1f48f4261fa8fef6e03e63bb75c20f38e37d07d3,nested,64 KiB single,65536,1,42805779,41135260,4194304,1.0406103911826496,0.03980745558497138
0,ab,5,gpt-oss,0614fe83cadab421296e664e1f48f4261fa8fef6e03e63bb75c20f38e37d07d3,nested,64 KiB single,65536,1,44204480,39162429,4194304,1.1287471469147126,0.12110829809555358
0,ab,0,llama-3,e134af98b985517b4f068e3755ae90d4e9cd2d45d328325dc503f1c6b2d06cc7,flat-ragged,140-byte batch 1,140,1,62162009,63642869,4194400,0.9767317215067725,-0.023543258806115252
0,ab,1,llama-3,e134af98b985517b4f068e3755ae90d4e9cd2d45d328325dc503f1c6b2d06cc7,flat-ragged,140-byte batch 1,140,1,58581819,55153290,4194400,1.0621636352065307,0.06030799306569447
0,ab,2,llama-3,e134af98b985517b4f068e3755ae90d4e9cd2d45d328325dc503f1c6b2d06cc7,flat-ragged,140-byte batch 1,140,1,49988420,50182860,4194400,0.9961253702957543,-0.003882155528061719
0,ab,3,llama-3,e134af98b985517b4f068e3755ae90d4e9cd2d45d328325dc503f1c6b2d06cc7,flat-ragged,140-byte batch 1,140,1,40949429,38035220,4194400,1.0766186970918008,0.073825293789201
0,ab,4,llama-3,e134af98b985517b4f068e3755ae90d4e9cd2d45d328325dc503f1c6b2d06cc7,flat-ragged,140-byte batch 1,140,1,57683320,54578300,4194400,1.0568911087373554,0.05533168241130434
0,ab,5,llama-3,e134af98b985517b4f068e3755ae90d4e9cd2d45d328325dc503f1c6b2d06cc7,flat-ragged,140-byte batch 1,140,1,53020389,48996280,4194400,1.082130908713886,0.07893216082664761
0,ab,0,llama-3,e134af98b985517b4f068e3755ae90d4e9cd2d45d328325dc503f1c6b2d06cc7,flat-ragged,140-byte batch 32,140,32,57429190,55449210,4197760,1.035707992954273,0.03508524402452437
0,ab,1,llama-3,e134af98b985517b4f068e3755ae90d4e9cd2d45d328325dc503f1c6b2d06cc7,flat-ragged,140-byte batch 32,140,32,50282170,49443590,4197760,1.0169603380337067,0.01681811732237017
0,ab,2,llama-3,e134af98b985517b4f068e3755ae90d4e9cd2d45d328325dc503f1c6b2d06cc7,flat-ragged,140-byte batch 32,140,32,48102149,43233970,4197760,1.1126007859097835,0.10670032503107263
0,ab,3,llama-3,e134af98b985517b4f068e3755ae90d4e9cd2d45d328325dc503f1c6b2d06cc7,flat-ragged,140-byte batch 32,140,32,38524059,35422480,4197760,1.0875596231545617,0.08393630836707008
0,ab,4,llama-3,e134af98b985517b4f068e3755ae90d4e9cd2d45d328325dc503f1c6b2d06cc7,flat-ragged,140-byte batch 32,140,32,55032390,50931479,4197760,1.0805181997561861,0.07744074065097767
0,ab,5,llama-3,e134af98b985517b4f068e3755ae90d4e9cd2d45d328325dc503f1c6b2d06cc7,flat-ragged,140-byte batch 32,140,32,48121140,44849310,4197760,1.0729516240049177,0.07041337782784736
0,ab,0,llama-3,e134af98b985517b4f068e3755ae90d4e9cd2d45d328325dc503f1c6b2d06cc7,flat-ragged,140-byte batch 512,140,512,15533260,15021420,4229120,1.0340740089818405,0.03350634894248016
0,ab,1,llama-3,e134af98b985517b4f068e3755ae90d4e9cd2d45d328325dc503f1c6b2d06cc7,flat-ragged,140-byte batch 512,140,512,14721550,13994750,4229120,1.0519337608746138,0.050630147385056785
0,ab,2,llama-3,e134af98b985517b4f068e3755ae90d4e9cd2d45d328325dc503f1c6b2d06cc7,flat-ragged,140-byte batch 512,140,512,13884490,13483850,4229120,1.0297125820889435,0.029279716785232238
0,ab,3,llama-3,e134af98b985517b4f068e3755ae90d4e9cd2d45d328325dc503f1c6b2d06cc7,flat-ragged,140-byte batch 512,140,512,11507290,11500580,4229120,1.0005834488347545,0.0005832786946585631
0,ab,4,llama-3,e134af98b985517b4f068e3755ae90d4e9cd2d45d328325dc503f1c6b2d06cc7,flat-ragged,140-byte batch 512,140,512,11304530,10596930,4229120,1.0667740562596904,0.064639193813367
0,ab,5,llama-3,e134af98b985517b4f068e3755ae90d4e9cd2d45d328325dc503f1c6b2d06cc7,flat-ragged,140-byte batch 512,140,512,10759800,10233760,4229120,1.051402417097919,0.050124908333342516
0,ab,0,llama-3,e134af98b985517b4f068e3755ae90d4e9cd2d45d328325dc503f1c6b2d06cc7,flat-ragged,4 KiB single,4096,1,42563969,39808260,4194304,1.0692245528942987,0.06693366881834442
0,ab,1,llama-3,e134af98b985517b4f068e3755ae90d4e9cd2d45d328325dc503f1c6b2d06cc7,flat-ragged,4 KiB single,4096,1,41783320,45887429,4194304,0.910561365292442,-0.09369398472978939
0,ab,2,llama-3,e134af98b985517b4f068e3755ae90d4e9cd2d45d328325dc503f1c6b2d06cc7,flat-ragged,4 KiB single,4096,1,37818869,37387080,4194304,1.0115491501342175,0.01148296777902042
0,ab,3,llama-3,e134af98b985517b4f068e3755ae90d4e9cd2d45d328325dc503f1c6b2d06cc7,flat-ragged,4 KiB single,4096,1,35868179,34987920,4194304,1.0251589405714887,0.024847664541380557
0,ab,4,llama-3,e134af98b985517b4f068e3755ae90d4e9cd2d45d328325dc503f1c6b2d06cc7,flat-ragged,4 KiB single,4096,1,36686980,35667240,4194304,1.0285903815377921,0.02818930329200624
0,ab,5,llama-3,e134af98b985517b4f068e3755ae90d4e9cd2d45d328325dc503f1c6b2d06cc7,flat-ragged,4 KiB single,4096,1,41816810,42800410,4194304,0.977018911734724,-0.023249270182251286
0,ab,0,llama-3,e134af98b985517b4f068e3755ae90d4e9cd2d45d328325dc503f1c6b2d06cc7,flat-ragged,64 KiB single,65536,1,18410350,17913850,4194304,1.0277159851176603,0.027338849792456748
0,ab,1,llama-3,e134af98b985517b4f068e3755ae90d4e9cd2d45d328325dc503f1c6b2d06cc7,flat-ragged,64 KiB single,65536,1,17642770,17010780,4194304,1.0371523234090383,0.03647880699363196
0,ab,2,llama-3,e134af98b985517b4f068e3755ae90d4e9cd2d45d328325dc503f1c6b2d06cc7,flat-ragged,64 KiB single,65536,1,17055619,16657360,4194304,1.0239088907245806,0.023627548757126866
0,ab,3,llama-3,e134af98b985517b4f068e3755ae90d4e9cd2d45d328325dc503f1c6b2d06cc7,flat-ragged,64 KiB single,65536,1,17337910,17013630,4194304,1.019060012472353,0.018880646002364245
0,ab,4,llama-3,e134af98b985517b4f068e3755ae90d4e9cd2d45d328325dc503f1c6b2d06cc7,flat-ragged,64 KiB single,65536,1,16975870,16331880,4194304,1.039431467779582,0.038673898080610135
0,ab,5,llama-3,e134af98b985517b4f068e3755ae90d4e9cd2d45d328325dc503f1c6b2d06cc7,flat-ragged,64 KiB single,65536,1,16739540,16628210,4194304,1.006695248616658,0.006672934981158829
0,ab,0,llama-3,e134af98b985517b4f068e3755ae90d4e9cd2d45d328325dc503f1c6b2d06cc7,nested,140-byte batch 1,140,1,67609450,61552470,4194400,1.0984035246676536,0.09385778437730379
0,ab,1,llama-3,e134af98b985517b4f068e3755ae90d4e9cd2d45d328325dc503f1c6b2d06cc7,nested,140-byte batch 1,140,1,63086840,57260320,4194400,1.1017549325606284,0.09690430175342593
0,ab,2,llama-3,e134af98b985517b4f068e3755ae90d4e9cd2d45d328325dc503f1c6b2d06cc7,nested,140-byte batch 1,140,1,56748199,52827819,4194400,1.0742105215435829,0.07158599321278844
0,ab,3,llama-3,e134af98b985517b4f068e3755ae90d4e9cd2d45d328325dc503f1c6b2d06cc7,nested,140-byte batch 1,140,1,40323350,42452050,4194400,0.9498563673603513,-0.05144449807051308
0,ab,4,llama-3,e134af98b985517b4f068e3755ae90d4e9cd2d45d328325dc503f1c6b2d06cc7,nested,140-byte batch 1,140,1,54535560,56127839,4194400,0.971631207821844,-0.02877896233924044
0,ab,5,llama-3,e134af98b985517b4f068e3755ae90d4e9cd2d45d328325dc503f1c6b2d06cc7,nested,140-byte batch 1,140,1,52690220,52273679,4194400,1.0079684653532803,0.007936884788065004
0,ab,0,llama-3,e134af98b985517b4f068e3755ae90d4e9cd2d45d328325dc503f1c6b2d06cc7,nested,140-byte batch 32,140,32,65958769,67300050,4197760,0.9800701336774639,-0.020131144901166294
0,ab,1,llama-3,e134af98b985517b4f068e3755ae90d4e9cd2d45d328325dc503f1c6b2d06cc7,nested,140-byte batch 32,140,32,57793029,56286690,4197760,1.0267619041020177,0.026410067750815693
0,ab,2,llama-3,e134af98b985517b4f068e3755ae90d4e9cd2d45d328325dc503f1c6b2d06cc7,nested,140-byte batch 32,140,32,55645219,51747390,4197760,1.0753241661077013,0.07262216599023207
0,ab,3,llama-3,e134af98b985517b4f068e3755ae90d4e9cd2d45d328325dc503f1c6b2d06cc7,nested,140-byte batch 32,140,32,42873820,41764889,4197760,1.0265517525977383,0.026205372764906
0,ab,4,llama-3,e134af98b985517b4f068e3755ae90d4e9cd2d45d328325dc503f1c6b2d06cc7,nested,140-byte batch 32,140,32,59923449,57383960,4197760,1.04425433518356,0.04330307586707617
0,ab,5,llama-3,e134af98b985517b4f068e3755ae90d4e9cd2d45d328325dc503f1c6b2d06cc7,nested,140-byte batch 32,140,32,52914679,53205709,4197760,0.994530098264455,-0.005484916425660236
0,ab,0,llama-3,e134af98b985517b4f068e3755ae90d4e9cd2d45d328325dc503f1c6b2d06cc7,nested,140-byte batch 512,140,512,18412310,17549500,4229120,1.0491643636570842,0.04799400318125618
0,ab,1,llama-3,e134af98b985517b4f068e3755ae90d4e9cd2d45d328325dc503f1c6b2d06cc7,nested,140-byte batch 512,140,512,16917210,16170240,4229120,1.0461941195677986,0.0451589311851826
0,ab,2,llama-3,e134af98b985517b4f068e3755ae90d4e9cd2d45d328325dc503f1c6b2d06cc7,nested,140-byte batch 512,140,512,16201220,15950460,4229120,1.0157211766933367,0.015598879104383257
0,ab,3,llama-3,e134af98b985517b4f068e3755ae90d4e9cd2d45d328325dc503f1c6b2d06cc7,nested,140-byte batch 512,140,512,13970389,14447830,4229120,0.966954137749406,-0.03360421200680653
0,ab,4,llama-3,e134af98b985517b4f068e3755ae90d4e9cd2d45d328325dc503f1c6b2d06cc7,nested,140-byte batch 512,140,512,13369320,12988760,4229120,1.0292991786744847,0.028878161604352227
0,ab,5,llama-3,e134af98b985517b4f068e3755ae90d4e9cd2d45d328325dc503f1c6b2d06cc7,nested,140-byte batch 512,140,512,13418190,13396879,4229120,1.0015907436351408,0.0015894797426594927
0,ab,0,llama-3,e134af98b985517b4f068e3755ae90d4e9cd2d45d328325dc503f1c6b2d06cc7,nested,4 KiB single,4096,1,47974860,45715290,4194304,1.0494270079004202,0.048244308455800744
0,ab,1,llama-3,e134af98b985517b4f068e3755ae90d4e9cd2d45d328325dc503f1c6b2d06cc7,nested,4 KiB single,4096,1,45796799,46729150,4194304,0.9800477646180168,-0.020153969099106127
0,ab,2,llama-3,e134af98b985517b4f068e3755ae90d4e9cd2d45d328325dc503f1c6b2d06cc7,nested,4 KiB single,4096,1,43023090,42369290,4194304,1.0154309878688077,0.015313140958747097
0,ab,3,llama-3,e134af98b985517b4f068e3755ae90d4e9cd2d45d328325dc503f1c6b2d06cc7,nested,4 KiB single,4096,1,38207770,36134039,4194304,1.0573899585374333,0.05580356840324372
0,ab,4,llama-3,e134af98b985517b4f068e3755ae90d4e9cd2d45d328325dc503f1c6b2d06cc7,nested,4 KiB single,4096,1,39032139,38891900,4194304,1.0036058665171925,0.0035993809665334246
0,ab,5,llama-3,e134af98b985517b4f068e3755ae90d4e9cd2d45d328325dc503f1c6b2d06cc7,nested,4 KiB single,4096,1,46661519,46381910,4194304,1.0060284063334175,0.0060103081908391975
0,ab,0,llama-3,e134af98b985517b4f068e3755ae90d4e9cd2d45d328325dc503f1c6b2d06cc7,nested,64 KiB single,65536,1,39547500,39689569,4194304,0.9964204952691726,-0.003585926486937194
0,ab,1,llama-3,e134af98b985517b4f068e3755ae90d4e9cd2d45d328325dc503f1c6b2d06cc7,nested,64 KiB single,65536,1,40150980,38424150,4194304,1.0449412674060454,0.04396068039811088
0,ab,2,llama-3,e134af98b985517b4f068e3755ae90d4e9cd2d45d328325dc503f1c6b2d06cc7,nested,64 KiB single,65536,1,38500230,37353290,4194304,1.0307051935719718,0.030243221926319633
0,ab,3,llama-3,e134af98b985517b4f068e3755ae90d4e9cd2d45d328325dc503f1c6b2d06cc7,nested,64 KiB single,65536,1,36334270,35844960,4194304,1.0136507336038316,0.01355840165678946
0,ab,4,llama-3,e134af98b985517b4f068e3755ae90d4e9cd2d45d328325dc503f1c6b2d06cc7,nested,64 KiB single,65536,1,34638970,33591679,4194304,1.0311770959707016,0.030700961351468044
0,ab,5,llama-3,e134af98b985517b4f068e3755ae90d4e9cd2d45d328325dc503f1c6b2d06cc7,nested,64 KiB single,65536,1,38822830,37178420,4194304,1.0442302281807565,0.043279990225719295
0,ab,0,minimax-m2-1,757622126525aeeb131756849d93298070ff3f0319c455ec8c5bb0f6b1cebbe8,flat-ragged,140-byte batch 1,140,1,57809660,59271150,4194400,0.9753423039708189,-0.024966788603090265
0,ab,1,minimax-m2-1,757622126525aeeb131756849d93298070ff3f0319c455ec8c5bb0f6b1cebbe8,flat-ragged,140-byte batch 1,140,1,52351929,54235100,4194400,0.9652776338570409,-0.03533951554306177
0,ab,2,minimax-m2-1,757622126525aeeb131756849d93298070ff3f0319c455ec8c5bb0f6b1cebbe8,flat-ragged,140-byte batch 1,140,1,54612760,54317799,4194400,1.0054302826224604,0.005415591797338032
0,ab,3,minimax-m2-1,757622126525aeeb131756849d93298070ff3f0319c455ec8c5bb0f6b1cebbe8,flat-ragged,140-byte batch 1,140,1,58895689,63441290,4194400,0.9283494865883086,-0.07434701516558617
0,ab,4,minimax-m2-1,757622126525aeeb131756849d93298070ff3f0319c455ec8c5bb0f6b1cebbe8,flat-ragged,140-byte batch 1,140,1,53877910,55318080,4194400,0.9739656546286495,-0.026379238149572416
0,ab,5,minimax-m2-1,757622126525aeeb131756849d93298070ff3f0319c455ec8c5bb0f6b1cebbe8,flat-ragged,140-byte batch 1,140,1,47332829,50654740,4194400,0.9344205300431905,-0.0678286957848255
0,ab,0,minimax-m2-1,757622126525aeeb131756849d93298070ff3f0319c455ec8c5bb0f6b1cebbe8,flat-ragged,140-byte batch 32,140,32,56462649,59976719,4197760,0.9414094325499867,-0.060377130360611084
0,ab,1,minimax-m2-1,757622126525aeeb131756849d93298070ff3f0319c455ec8c5bb0f6b1cebbe8,flat-ragged,140-byte batch 32,140,32,52349220,53903790,4197760,0.9711602839058255,-0.029263753349749545
0,ab,2,minimax-m2-1,757622126525aeeb131756849d93298070ff3f0319c455ec8c5bb0f6b1cebbe8,flat-ragged,140-byte batch 32,140,32,53676009,53133859,4197760,1.0102034749631115,0.010151770922271259
0,ab,3,minimax-m2-1,757622126525aeeb131756849d93298070ff3f0319c455ec8c5bb0f6b1cebbe8,flat-ragged,140-byte batch 32,140,32,54611759,56479339,4197760,0.9669333948826845,-0.033625663995479366
0,ab,4,minimax-m2-1,757622126525aeeb131756849d93298070ff3f0319c455ec8c5bb0f6b1cebbe8,flat-ragged,140-byte batch 32,140,32,50426570,52420209,4197760,0.9619681218745236,-0.03877396621005453
0,ab,5,minimax-m2-1,757622126525aeeb131756849d93298070ff3f0319c455ec8c5bb0f6b1cebbe8,flat-ragged,140-byte batch 32,140,32,45774879,44926109,4197760,1.0188925775877897,0.018716329240770626
0,ab,0,minimax-m2-1,757622126525aeeb131756849d93298070ff3f0319c455ec8c5bb0f6b1cebbe8,flat-ragged,140-byte batch 512,140,512,15639180,16268590,4229120,0.9613113367538305,-0.0394569508312206
0,ab,1,minimax-m2-1,757622126525aeeb131756849d93298070ff3f0319c455ec8c5bb0f6b1cebbe8,flat-ragged,140-byte batch 512,140,512,15103270,15512940,4229120,0.9735917240703568,-0.02676323768352951
0,ab,2,minimax-m2-1,757622126525aeeb131756849d93298070ff3f0319c455ec8c5bb0f6b1cebbe8,flat-ragged,140-byte batch 512,140,512,15358460,14958150,4229120,1.026761999311412,0.0264101604786327
0,ab,3,minimax-m2-1,757622126525aeeb131756849d93298070ff3f0319c455ec8c5bb0f6b1cebbe8,flat-ragged,140-byte batch 512,140,512,13085150,12963150,4229120,1.0094112927799184,0.009367282477768956
0,ab,4,minimax-m2-1,757622126525aeeb131756849d93298070ff3f0319c455ec8c5bb0f6b1cebbe8,flat-ragged,140-byte batch 512,140,512,12669680,12833200,4229120,0.9872580494342799,-0.012823825458614567
0,ab,5,minimax-m2-1,757622126525aeeb131756849d93298070ff3f0319c455ec8c5bb0f6b1cebbe8,flat-ragged,140-byte batch 512,140,512,13098240,12555720,4229120,1.0432089915990481,0.04230153140065975
0,ab,0,minimax-m2-1,757622126525aeeb131756849d93298070ff3f0319c455ec8c5bb0f6b1cebbe8,flat-ragged,4 KiB single,4096,1,42830750,42041420,4194304,1.018775055647502,0.01860097977111103
0,ab,1,minimax-m2-1,757622126525aeeb131756849d93298070ff3f0319c455ec8c5bb0f6b1cebbe8,flat-ragged,4 KiB single,4096,1,39908150,41149610,4194304,0.9698305767660982,-0.030633885867822865
0,ab,2,minimax-m2-1,757622126525aeeb131756849d93298070ff3f0319c455ec8c5bb0f6b1cebbe8,flat-ragged,4 KiB single,4096,1,39965180,38516950,4194304,1.0375998099537995,0.03691017086067352
0,ab,3,minimax-m2-1,757622126525aeeb131756849d93298070ff3f0319c455ec8c5bb0f6b1cebbe8,flat-ragged,4 KiB single,4096,1,36811890,37694720,4194304,0.9765794785052124,-0.023699140779113077
0,ab,4,minimax-m2-1,757622126525aeeb131756849d93298070ff3f0319c455ec8c5bb0f6b1cebbe8,flat-ragged,4 KiB single,4096,1,45986540,45424900,4194304,1.012364143894648,0.012288332126283873
0,ab,5,minimax-m2-1,757622126525aeeb131756849d93298070ff3f0319c455ec8c5bb0f6b1cebbe8,flat-ragged,4 KiB single,4096,1,42179580,44442779,4194304,0.9490761142546914,-0.0522662788943437
0,ab,0,minimax-m2-1,757622126525aeeb131756849d93298070ff3f0319c455ec8c5bb0f6b1cebbe8,flat-ragged,64 KiB single,65536,1,43768890,42118530,4194304,1.0391837037047589,0.03843550467388873
0,ab,1,minimax-m2-1,757622126525aeeb131756849d93298070ff3f0319c455ec8c5bb0f6b1cebbe8,flat-ragged,64 KiB single,65536,1,38613969,39414600,4194304,0.9796869434169064,-0.02052220384405214
0,ab,2,minimax-m2-1,757622126525aeeb131756849d93298070ff3f0319c455ec8c5bb0f6b1cebbe8,flat-ragged,64 KiB single,65536,1,35384160,35302409,4194304,1.002315734317168,0.0023130571367499394
0,ab,3,minimax-m2-1,757622126525aeeb131756849d93298070ff3f0319c455ec8c5bb0f6b1cebbe8,flat-ragged,64 KiB single,65536,1,36357849,38429560,4194304,0.9460906916446611,-0.055416845979200796
0,ab,4,minimax-m2-1,757622126525aeeb131756849d93298070ff3f0319c455ec8c5bb0f6b1cebbe8,flat-ragged,64 KiB single,65536,1,39142090,41003680,4194304,0.9545994408306767,-0.04646346017347418
0,ab,5,minimax-m2-1,757622126525aeeb131756849d93298070ff3f0319c455ec8c5bb0f6b1cebbe8,flat-ragged,64 KiB single,65536,1,40726499,41851759,4194304,0.9731131969865353,-0.02725486544722767
0,ab,0,minimax-m2-1,757622126525aeeb131756849d93298070ff3f0319c455ec8c5bb0f6b1cebbe8,nested,140-byte batch 1,140,1,60400819,62662450,4194400,0.9639077150669979,-0.036759720212421736
0,ab,1,minimax-m2-1,757622126525aeeb131756849d93298070ff3f0319c455ec8c5bb0f6b1cebbe8,nested,140-byte batch 1,140,1,56972729,57497010,4194400,0.9908815954081787,-0.009160231701462749
0,ab,2,minimax-m2-1,757622126525aeeb131756849d93298070ff3f0319c455ec8c5bb0f6b1cebbe8,nested,140-byte batch 1,140,1,55661819,60578350,4194400,0.9188401301785208,-0.08464313239208623
0,ab,3,minimax-m2-1,757622126525aeeb131756849d93298070ff3f0319c455ec8c5bb0f6b1cebbe8,nested,140-byte batch 1,140,1,59459069,62042280,4194400,0.9583636997221895,-0.042527928254175236
0,ab,4,minimax-m2-1,757622126525aeeb131756849d93298070ff3f0319c455ec8c5bb0f6b1cebbe8,nested,140-byte batch 1,140,1,53503569,55403700,4194400,0.9657038970321477,-0.03489801656939273
0,ab,5,minimax-m2-1,757622126525aeeb131756849d93298070ff3f0319c455ec8c5bb0f6b1cebbe8,nested,140-byte batch 1,140,1,47818030,49709470,4194400,0.9619501072934392,-0.03879269318172289
0,ab,0,minimax-m2-1,757622126525aeeb131756849d93298070ff3f0319c455ec8c5bb0f6b1cebbe8,nested,140-byte batch 32,140,32,61490749,60712980,4197760,1.0128105884441845,0.012729226978110153
0,ab,1,minimax-m2-1,757622126525aeeb131756849d93298070ff3f0319c455ec8c5bb0f6b1cebbe8,nested,140-byte batch 32,140,32,54377850,56016989,4197760,0.9707385379103471,-0.02969811789786225
0,ab,2,minimax-m2-1,757622126525aeeb131756849d93298070ff3f0319c455ec8c5bb0f6b1cebbe8,nested,140-byte batch 32,140,32,57092059,57605649,4197760,0.9910843813251717,-0.008955600622946532
0,ab,3,minimax-m2-1,757622126525aeeb131756849d93298070ff3f0319c455ec8c5bb0f6b1cebbe8,nested,140-byte batch 32,140,32,62047759,63141019,4197760,0.982685423559604,-0.01746622677596575
0,ab,4,minimax-m2-1,757622126525aeeb131756849d93298070ff3f0319c455ec8c5bb0f6b1cebbe8,nested,140-byte batch 32,140,32,54423540,55624070,4197760,0.9784170773551809,-0.02181924039193671
0,ab,5,minimax-m2-1,757622126525aeeb131756849d93298070ff3f0319c455ec8c5bb0f6b1cebbe8,nested,140-byte batch 32,140,32,49982840,51130579,4197760,0.9775527869535763,-0.02270298658212814
0,ab,0,minimax-m2-1,757622126525aeeb131756849d93298070ff3f0319c455ec8c5bb0f6b1cebbe8,nested,140-byte batch 512,140,512,17902840,17886870,4229120,1.000892833681913,0.000892435343003804
0,ab,1,minimax-m2-1,757622126525aeeb131756849d93298070ff3f0319c455ec8c5bb0f6b1cebbe8,nested,140-byte batch 512,140,512,16895070,17355250,4229120,0.9734846804281125,-0.026873190885268038
0,ab,2,minimax-m2-1,757622126525aeeb131756849d93298070ff3f0319c455ec8c5bb0f6b1cebbe8,nested,140-byte batch 512,140,512,17071030,17467310,4229120,0.9773130493476099,-0.022948259278306484
0,ab,3,minimax-m2-1,757622126525aeeb131756849d93298070ff3f0319c455ec8c5bb0f6b1cebbe8,nested,140-byte batch 512,140,512,15295120,15655600,4229120,0.9769743733871585,-0.023294857183918383
0,ab,4,minimax-m2-1,757622126525aeeb131756849d93298070ff3f0319c455ec8c5bb0f6b1cebbe8,nested,140-byte batch 512,140,512,14532350,14868140,4229120,0.9774154668976751,-0.022843469739188608
0,ab,5,minimax-m2-1,757622126525aeeb131756849d93298070ff3f0319c455ec8c5bb0f6b1cebbe8,nested,140-byte batch 512,140,512,15012500,15373570,4229120,0.9765135879304546,-0.023766613830874053
0,ab,0,minimax-m2-1,757622126525aeeb131756849d93298070ff3f0319c455ec8c5bb0f6b1cebbe8,nested,4 KiB single,4096,1,44718400,47658590,4194304,0.9383072390517638,-0.06367783664420718
0,ab,1,minimax-m2-1,757622126525aeeb131756849d93298070ff3f0319c455ec8c5bb0f6b1cebbe8,nested,4 KiB single,4096,1,43449420,44297779,4194304,0.9808487238152505,-0.01933703740841929
0,ab,2,minimax-m2-1,757622126525aeeb131756849d93298070ff3f0319c455ec8c5bb0f6b1cebbe8,nested,4 KiB single,4096,1,41539720,44185470,4194304,0.940121718746004,-0.061745924073274616
0,ab,3,minimax-m2-1,757622126525aeeb131756849d93298070ff3f0319c455ec8c5bb0f6b1cebbe8,nested,4 KiB single,4096,1,43095080,40272919,4194304,1.0700758988937455,0.06772957950370641
0,ab,4,minimax-m2-1,757622126525aeeb131756849d93298070ff3f0319c455ec8c5bb0f6b1cebbe8,nested,4 KiB single,4096,1,48717619,50204750,4194304,0.9703786793082327,-0.030068892628048446
0,ab,5,minimax-m2-1,757622126525aeeb131756849d93298070ff3f0319c455ec8c5bb0f6b1cebbe8,nested,4 KiB single,4096,1,44642100,41337080,4194304,1.0799529139455424,0.07691744198712737
0,ab,0,minimax-m2-1,757622126525aeeb131756849d93298070ff3f0319c455ec8c5bb0f6b1cebbe8,nested,64 KiB single,65536,1,42313490,47051720,4194304,0.8992974114442576,-0.1061414744776218
0,ab,1,minimax-m2-1,757622126525aeeb131756849d93298070ff3f0319c455ec8c5bb0f6b1cebbe8,nested,64 KiB single,65536,1,39573159,43109190,4194304,0.9179750071852428,-0.08558511402066799
0,ab,2,minimax-m2-1,757622126525aeeb131756849d93298070ff3f0319c455ec8c5bb0f6b1cebbe8,nested,64 KiB single,65536,1,40844590,44461650,4194304,0.918647643530998,-0.08485264306310235
0,ab,3,minimax-m2-1,757622126525aeeb131756849d93298070ff3f0319c455ec8c5bb0f6b1cebbe8,nested,64 KiB single,65536,1,37033989,40282840,4194304,0.9193490081632775,-0.0840894592284905
0,ab,4,minimax-m2-1,757622126525aeeb131756849d93298070ff3f0319c455ec8c5bb0f6b1cebbe8,nested,64 KiB single,65536,1,39420610,42636179,4194304,0.9245812107130895,-0.07841438916479178
0,ab,5,minimax-m2-1,757622126525aeeb131756849d93298070ff3f0319c455ec8c5bb0f6b1cebbe8,nested,64 KiB single,65536,1,38939679,38942770,4194304,0.9999206271151231,-7.937603507103724e-05
0,ab,0,mistral-nemo,e11c71726323d33da7b8d6f6f269f1988931c0a52b7122bcdd8c05042974e0db,flat-ragged,140-byte batch 1,140,1,70408099,71263990,4194400,0.9879898529397526,-0.012082851590903288
0,ab,1,mistral-nemo,e11c71726323d33da7b8d6f6f269f1988931c0a52b7122bcdd8c05042974e0db,flat-ragged,140-byte batch 1,140,1,62542370,60357310,4194400,1.0362020772628866,0.03556218008954147
0,ab,2,mistral-nemo,e11c71726323d33da7b8d6f6f269f1988931c0a52b7122bcdd8c05042974e0db,flat-ragged,140-byte batch 1,140,1,56821339,57019839,4194400,0.9965187555159529,-0.0034873181155869984
0,ab,3,mistral-nemo,e11c71726323d33da7b8d6f6f269f1988931c0a52b7122bcdd8c05042974e0db,flat-ragged,140-byte batch 1,140,1,42780319,42312399,4194400,1.011058697002739,0.010997996713783584
0,ab,4,mistral-nemo,e11c71726323d33da7b8d6f6f269f1988931c0a52b7122bcdd8c05042974e0db,flat-ragged,140-byte batch 1,140,1,64968410,61683720,4194400,1.0532505173164004,0.05188111303889094
0,ab,5,mistral-nemo,e11c71726323d33da7b8d6f6f269f1988931c0a52b7122bcdd8c05042974e0db,flat-ragged,140-byte batch 1,140,1,55221410,57937440,4194400,0.9531213322507863,-0.04801306732408723
0,ab,0,mistral-nemo,e11c71726323d33da7b8d6f6f269f1988931c0a52b7122bcdd8c05042974e0db,flat-ragged,140-byte batch 32,140,32,65741389,66960820,4197760,0.9817888878899631,-0.018378975521681936
0,ab,1,mistral-nemo,e11c71726323d33da7b8d6f6f269f1988931c0a52b7122bcdd8c05042974e0db,flat-ragged,140-byte batch 32,140,32,56393789,58739799,4197760,0.9600609801201396,-0.040758475579147004
0,ab,2,mistral-nemo,e11c71726323d33da7b8d6f6f269f1988931c0a52b7122bcdd8c05042974e0db,flat-ragged,140-byte batch 32,140,32,51820580,54748510,4197760,0.9465203710566735,-0.054962786053352725
0,ab,3,mistral-nemo,e11c71726323d33da7b8d6f6f269f1988931c0a52b7122bcdd8c05042974e0db,flat-ragged,140-byte batch 32,140,32,39382010,39638569,4197760,0.9935275413196677,-0.006493495865020145
0,ab,4,mistral-nemo,e11c71726323d33da7b8d6f6f269f1988931c0a52b7122bcdd8c05042974e0db,flat-ragged,140-byte batch 32,140,32,57333639,60163160,4197760,0.9529692090641515,-0.04817268533137544
0,ab,5,mistral-nemo,e11c71726323d33da7b8d6f6f269f1988931c0a52b7122bcdd8c05042974e0db,flat-ragged,140-byte batch 32,140,32,51735699,54170530,4197760,0.9550524796416059,-0.045988987506941
0,ab,0,mistral-nemo,e11c71726323d33da7b8d6f6f269f1988931c0a52b7122bcdd8c05042974e0db,flat-ragged,140-byte batch 512,140,512,18835820,18823650,4229120,1.0006465271081857,0.0006463181995734187
0,ab,1,mistral-nemo,e11c71726323d33da7b8d6f6f269f1988931c0a52b7122bcdd8c05042974e0db,flat-ragged,140-byte batch 512,140,512,17704720,17500130,4229120,1.011690770297135,0.01162296122390906
0,ab,2,mistral-nemo,e11c71726323d33da7b8d6f6f269f1988931c0a52b7122bcdd8c05042974e0db,flat-ragged,140-byte batch 512,140,512,16978680,16611579,4229120,1.0220991032821143,0.02185845702359201
0,ab,3,mistral-nemo,e11c71726323d33da7b8d6f6f269f1988931c0a52b7122bcdd8c05042974e0db,flat-ragged,140-byte batch 512,140,512,14227780,13798090,4229120,1.031141266653573,0.030666214711200006
0,ab,4,mistral-nemo,e11c71726323d33da7b8d6f6f269f1988931c0a52b7122bcdd8c05042974e0db,flat-ragged,140-byte batch 512,140,512,13103390,13108750,4229120,0.9995911128063316,-0.00040897081083105804
0,ab,5,mistral-nemo,e11c71726323d33da7b8d6f6f269f1988931c0a52b7122bcdd8c05042974e0db,flat-ragged,140-byte batch 512,140,512,13038480,13012470,4229120,1.0019988518705518,0.0019968568242439495
0,ab,0,mistral-nemo,e11c71726323d33da7b8d6f6f269f1988931c0a52b7122bcdd8c05042974e0db,flat-ragged,4 KiB single,4096,1,47928610,47316510,4194304,1.0129362879891184,0.012853328904720605
0,ab,1,mistral-nemo,e11c71726323d33da7b8d6f6f269f1988931c0a52b7122bcdd8c05042974e0db,flat-ragged,4 KiB single,4096,1,46754409,46632540,4194304,1.0026133897059863,0.0026099807411194536
0,ab,2,mistral-nemo,e11c71726323d33da7b8d6f6f269f1988931c0a52b7122bcdd8c05042974e0db,flat-ragged,4 KiB single,4096,1,42736270,43296220,4194304,0.9870670003062623,-0.013017359070153374
0,ab,3,mistral-nemo,e11c71726323d33da7b8d6f6f269f1988931c0a52b7122bcdd8c05042974e0db,flat-ragged,4 KiB single,4096,1,43448289,41341240,4194304,1.050967242395245,0.049710923374109296
0,ab,4,mistral-nemo,e11c71726323d33da7b8d6f6f269f1988931c0a52b7122bcdd8c05042974e0db,flat-ragged,4 KiB single,4096,1,43298400,41254420,4194304,1.0495457214039126,0.04835742426903789
0,ab,5,mistral-nemo,e11c71726323d33da7b8d6f6f269f1988931c0a52b7122bcdd8c05042974e0db,flat-ragged,4 KiB single,4096,1,50293459,47036010,4194304,1.0692543649004242,0.06696155032410009
0,ab,0,mistral-nemo,e11c71726323d33da7b8d6f6f269f1988931c0a52b7122bcdd8c05042974e0db,flat-ragged,64 KiB single,65536,1,19436500,18969120,4194304,1.0246389922147152,0.02434034783507639
0,ab,1,mistral-nemo,e11c71726323d33da7b8d6f6f269f1988931c0a52b7122bcdd8c05042974e0db,flat-ragged,64 KiB single,65536,1,18448210,18125100,4194304,1.0178266602667019,0.017669628842803816
0,ab,2,mistral-nemo,e11c71726323d33da7b8d6f6f269f1988931c0a52b7122bcdd8c05042974e0db,flat-ragged,64 KiB single,65536,1,17744230,17530840,4194304,1.0121722632800254,0.012098777011821963
0,ab,3,mistral-nemo,e11c71726323d33da7b8d6f6f269f1988931c0a52b7122bcdd8c05042974e0db,flat-ragged,64 KiB single,65536,1,18381920,17961800,4194304,1.0233896380095535,0.023120292273645524
0,ab,4,mistral-nemo,e11c71726323d33da7b8d6f6f269f1988931c0a52b7122bcdd8c05042974e0db,flat-ragged,64 KiB single,65536,1,17639900,17436250,4194304,1.01167969030038,0.011612009204028509
0,ab,5,mistral-nemo,e11c71726323d33da7b8d6f6f269f1988931c0a52b7122bcdd8c05042974e0db,flat-ragged,64 KiB single,65536,1,17413900,16990170,4194304,1.024939715141167,0.024633796364308746
0,ab,0,mistral-nemo,e11c71726323d33da7b8d6f6f269f1988931c0a52b7122bcdd8c05042974e0db,nested,140-byte batch 1,140,1,73590339,72924780,4194400,1.0091266507763206,0.009085254580901179
0,ab,1,mistral-nemo,e11c71726323d33da7b8d6f6f269f1988931c0a52b7122bcdd8c05042974e0db,nested,140-byte batch 1,140,1,66353059,63823650,4194400,1.0396312182082974,0.03886605239195083
0,ab,2,mistral-nemo,e11c71726323d33da7b8d6f6f269f1988931c0a52b7122bcdd8c05042974e0db,nested,140-byte batch 1,140,1,58608260,56464460,4194400,1.0379672452370925,0.037264228597533824
0,ab,3,mistral-nemo,e11c71726323d33da7b8d6f6f269f1988931c0a52b7122bcdd8c05042974e0db,nested,140-byte batch 1,140,1,45148650,43390910,4194400,1.04050940623278,0.03971040691908072
0,ab,4,mistral-nemo,e11c71726323d33da7b8d6f6f269f1988931c0a52b7122bcdd8c05042974e0db,nested,140-byte batch 1,140,1,64439739,64024629,4194400,1.0064835986788772,0.006462670563921395
0,ab,5,mistral-nemo,e11c71726323d33da7b8d6f6f269f1988931c0a52b7122bcdd8c05042974e0db,nested,140-byte batch 1,140,1,60481339,60620090,4194400,0.997711138337142,-0.0022914851106176927
0,ab,0,mistral-nemo,e11c71726323d33da7b8d6f6f269f1988931c0a52b7122bcdd8c05042974e0db,nested,140-byte batch 32,140,32,74736630,66248480,4197760,1.1281259585125576,0.12055781218976831
0,ab,1,mistral-nemo,e11c71726323d33da7b8d6f6f269f1988931c0a52b7122bcdd8c05042974e0db,nested,140-byte batch 32,140,32,71610540,59660220,4197760,1.200306334773824,0.18257680319400724
0,ab,2,mistral-nemo,e11c71726323d33da7b8d6f6f269f1988931c0a52b7122bcdd8c05042974e0db,nested,140-byte batch 32,140,32,65411839,65930909,4197760,0.9921270613757198,-0.007904093835350099
0,ab,3,mistral-nemo,e11c71726323d33da7b8d6f6f269f1988931c0a52b7122bcdd8c05042974e0db,nested,140-byte batch 32,140,32,46382499,48249600,4197760,0.9613032854158376,-0.03946532623615102
0,ab,4,mistral-nemo,e11c71726323d33da7b8d6f6f269f1988931c0a52b7122bcdd8c05042974e0db,nested,140-byte batch 32,140,32,64766689,65945149,4197760,0.9821296938763456,-0.01803190819112384
0,ab,5,mistral-nemo,e11c71726323d33da7b8d6f6f269f1988931c0a52b7122bcdd8c05042974e0db,nested,140-byte batch 32,140,32,56746109,59056570,4197760,0.9608771555815043,-0.03990870796267946
0,ab,0,mistral-nemo,e11c71726323d33da7b8d6f6f269f1988931c0a52b7122bcdd8c05042974e0db,nested,140-byte batch 512,140,512,20862439,20804190,4229120,1.0027998686802995,0.002795956348960656
0,ab,1,mistral-nemo,e11c71726323d33da7b8d6f6f269f1988931c0a52b7122bcdd8c05042974e0db,nested,140-byte batch 512,140,512,19379530,19165920,4229120,1.0111453037474851,0.011083652507923892
0,ab,2,mistral-nemo,e11c71726323d33da7b8d6f6f269f1988931c0a52b7122bcdd8c05042974e0db,nested,140-byte batch 512,140,512,18603430,18323939,4229120,1.015252779437871,0.015137625268649677
0,ab,3,mistral-nemo,e11c71726323d33da7b8d6f6f269f1988931c0a52b7122bcdd8c05042974e0db,nested,140-byte batch 512,140,512,16436530,16067350,4229120,1.0229770310598822,0.02271703418554315
0,ab,4,mistral-nemo,e11c71726323d33da7b8d6f6f269f1988931c0a52b7122bcdd8c05042974e0db,nested,140-byte batch 512,140,512,15536440,15768370,4229120,0.9852914410303665,-0.014817802355025729
0,ab,5,mistral-nemo,e11c71726323d33da7b8d6f6f269f1988931c0a52b7122bcdd8c05042974e0db,nested,140-byte batch 512,140,512,15869970,15149890,4229120,1.0475303781083558,0.0464353729744163
0,ab,0,mistral-nemo,e11c71726323d33da7b8d6f6f269f1988931c0a52b7122bcdd8c05042974e0db,nested,4 KiB single,4096,1,51107039,51529680,4194304,0.9917981054801815,-0.00823571511224965
0,ab,1,mistral-nemo,e11c71726323d33da7b8d6f6f269f1988931c0a52b7122bcdd8c05042974e0db,nested,4 KiB single,4096,1,45940450,50933120,4194304,0.9019759637736703,-0.10316740697560041
0,ab,2,mistral-nemo,e11c71726323d33da7b8d6f6f269f1988931c0a52b7122bcdd8c05042974e0db,nested,4 KiB single,4096,1,43538149,46555150,4194304,0.9351951180481644,-0.06700008906014038
0,ab,3,mistral-nemo,e11c71726323d33da7b8d6f6f269f1988931c0a52b7122bcdd8c05042974e0db,nested,4 KiB single,4096,1,43678140,40938660,4194304,1.0669166992764296,0.0647728992405304
0,ab,4,mistral-nemo,e11c71726323d33da7b8d6f6f269f1988931c0a52b7122bcdd8c05042974e0db,nested,4 KiB single,4096,1,41536380,44065130,4194304,0.9426133543688626,-0.05909909700442689
0,ab,5,mistral-nemo,e11c71726323d33da7b8d6f6f269f1988931c0a52b7122bcdd8c05042974e0db,nested,4 KiB single,4096,1,50891449,48595230,4194304,1.047251942217374,0.0461695354313744
0,ab,0,mistral-nemo,e11c71726323d33da7b8d6f6f269f1988931c0a52b7122bcdd8c05042974e0db,nested,64 KiB single,65536,1,46984789,46406710,4194304,1.012456797734638,0.012379850184152262
0,ab,1,mistral-nemo,e11c71726323d33da7b8d6f6f269f1988931c0a52b7122bcdd8c05042974e0db,nested,64 KiB single,65536,1,46157520,46263440,4194304,0.9977105031532458,-0.002292121751899856
0,ab,2,mistral-nemo,e11c71726323d33da7b8d6f6f269f1988931c0a52b7122bcdd8c05042974e0db,nested,64 KiB single,65536,1,46436329,43701570,4194304,1.0625780492554386,0.06069807724128484
0,ab,3,mistral-nemo,e11c71726323d33da7b8d6f6f269f1988931c0a52b7122bcdd8c05042974e0db,nested,64 KiB single,65536,1,41303279,44281570,4194304,0.9327419736924414,-0.06962667191125523
0,ab,4,mistral-nemo,e11c71726323d33da7b8d6f6f269f1988931c0a52b7122bcdd8c05042974e0db,nested,64 KiB single,65536,1,38799340,40515179,4194304,0.9576494774958294,-0.04327345784440317
0,ab,5,mistral-nemo,e11c71726323d33da7b8d6f6f269f1988931c0a52b7122bcdd8c05042974e0db,nested,64 KiB single,65536,1,43113950,42025649,4194304,1.025896114061201,0.025566488270455254
0,ab,0,nemotron-3,c6021eb6847e682f89aa52d5eb6e8c7d902a23acfc8137e25211cf84828f1592,flat-ragged,140-byte batch 1,140,1,71758749,71416089,4194400,1.0047980784834072,0.004786604392595237
0,ab,1,nemotron-3,c6021eb6847e682f89aa52d5eb6e8c7d902a23acfc8137e25211cf84828f1592,flat-ragged,140-byte batch 1,140,1,67095369,62131890,4194400,1.0798861743945019,0.07685564150261714
0,ab,2,nemotron-3,c6021eb6847e682f89aa52d5eb6e8c7d902a23acfc8137e25211cf84828f1592,flat-ragged,140-byte batch 1,140,1,55493989,58317580,4194400,0.9515825073674182,-0.04962888306001948
0,ab,3,nemotron-3,c6021eb6847e682f89aa52d5eb6e8c7d902a23acfc8137e25211cf84828f1592,flat-ragged,140-byte batch 1,140,1,41793579,43835510,4194400,0.953418335956397,-0.047701504220558896
0,ab,4,nemotron-3,c6021eb6847e682f89aa52d5eb6e8c7d902a23acfc8137e25211cf84828f1592,flat-ragged,140-byte batch 1,140,1,64790300,63353880,4194400,1.022672960203858,0.02241974886345749
0,ab,5,nemotron-3,c6021eb6847e682f89aa52d5eb6e8c7d902a23acfc8137e25211cf84828f1592,flat-ragged,140-byte batch 1,140,1,57427549,59358030,4194400,0.9674773404710365,-0.03306327505424015
0,ab,0,nemotron-3,c6021eb6847e682f89aa52d5eb6e8c7d902a23acfc8137e25211cf84828f1592,flat-ragged,140-byte batch 32,140,32,66636759,70514610,4197760,0.9450064178189456,-0.056563560168655824
0,ab,1,nemotron-3,c6021eb6847e682f89aa52d5eb6e8c7d902a23acfc8137e25211cf84828f1592,flat-ragged,140-byte batch 32,140,32,59122740,60982489,4197760,0.969503556996501,-0.03097113540827437
0,ab,2,nemotron-3,c6021eb6847e682f89aa52d5eb6e8c7d902a23acfc8137e25211cf84828f1592,flat-ragged,140-byte batch 32,140,32,57306429,56097230,4197760,1.02155541369868,0.02132638118421355
0,ab,3,nemotron-3,c6021eb6847e682f89aa52d5eb6e8c7d902a23acfc8137e25211cf84828f1592,flat-ragged,140-byte batch 32,140,32,40725020,41710870,4197760,0.9763646742443877,-0.023919120711860826
0,ab,4,nemotron-3,c6021eb6847e682f89aa52d5eb6e8c7d902a23acfc8137e25211cf84828f1592,flat-ragged,140-byte batch 32,140,32,63247899,61412700,4197760,1.0298830535052197,0.029445255509163694
0,ab,5,nemotron-3,c6021eb6847e682f89aa52d5eb6e8c7d902a23acfc8137e25211cf84828f1592,flat-ragged,140-byte batch 32,140,32,54483279,55109950,4197760,0.988628714052544,-0.011436433363627832
0,ab,0,nemotron-3,c6021eb6847e682f89aa52d5eb6e8c7d902a23acfc8137e25211cf84828f1592,flat-ragged,140-byte batch 512,140,512,18392849,18631170,4229120,0.9872084791239627,-0.012874036803917816
0,ab,1,nemotron-3,c6021eb6847e682f89aa52d5eb6e8c7d902a23acfc8137e25211cf84828f1592,flat-ragged,140-byte batch 512,140,512,17499220,17196790,4229120,1.017586421651948,0.01743357001228564
0,ab,2,nemotron-3,c6021eb6847e682f89aa52d5eb6e8c7d902a23acfc8137e25211cf84828f1592,flat-ragged,140-byte batch 512,140,512,16270990,16491430,4229120,0.9866330572909687,-0.013457084468767413
0,ab,3,nemotron-3,c6021eb6847e682f89aa52d5eb6e8c7d902a23acfc8137e25211cf84828f1592,flat-ragged,140-byte batch 512,140,512,13895880,13733040,4229120,1.011857534821132,0.01178778508697459
0,ab,4,nemotron-3,c6021eb6847e682f89aa52d5eb6e8c7d902a23acfc8137e25211cf84828f1592,flat-ragged,140-byte batch 512,140,512,13878640,13211310,4229120,1.0505120234102447,0.0492776866541211
0,ab,5,nemotron-3,c6021eb6847e682f89aa52d5eb6e8c7d902a23acfc8137e25211cf84828f1592,flat-ragged,140-byte batch 512,140,512,13425779,13030050,4229120,1.0303704897525336,0.029918436354311476
0,ab,0,nemotron-3,c6021eb6847e682f89aa52d5eb6e8c7d902a23acfc8137e25211cf84828f1592,flat-ragged,4 KiB single,4096,1,47079330,46358989,4194304,1.0155383241856288,0.01541884055379661
0,ab,1,nemotron-3,c6021eb6847e682f89aa52d5eb6e8c7d902a23acfc8137e25211cf84828f1592,flat-ragged,4 KiB single,4096,1,46998009,46602649,4194304,1.0084836379150894,0.008447854101130204
0,ab,2,nemotron-3,c6021eb6847e682f89aa52d5eb6e8c7d902a23acfc8137e25211cf84828f1592,flat-ragged,4 KiB single,4096,1,42737830,41916690,4194304,1.0195898101686942,0.01940039951999549
0,ab,3,nemotron-3,c6021eb6847e682f89aa52d5eb6e8c7d902a23acfc8137e25211cf84828f1592,flat-ragged,4 KiB single,4096,1,40780390,40581100,4194304,1.0049109068014421,0.004898887632586314
0,ab,4,nemotron-3,c6021eb6847e682f89aa52d5eb6e8c7d902a23acfc8137e25211cf84828f1592,flat-ragged,4 KiB single,4096,1,41976480,41141260,4194304,1.0203012741952968,0.020097950542110925
0,ab,5,nemotron-3,c6021eb6847e682f89aa52d5eb6e8c7d902a23acfc8137e25211cf84828f1592,flat-ragged,4 KiB single,4096,1,47781290,47713040,4194304,1.0014304265668252,0.001429404481306456
0,ab,0,nemotron-3,c6021eb6847e682f89aa52d5eb6e8c7d902a23acfc8137e25211cf84828f1592,flat-ragged,64 KiB single,65536,1,19764670,19180050,4194304,1.0304806296125402,0.030025324095086573
0,ab,1,nemotron-3,c6021eb6847e682f89aa52d5eb6e8c7d902a23acfc8137e25211cf84828f1592,flat-ragged,64 KiB single,65536,1,18836660,18379170,4194304,1.0248917660590766,0.02458701292621748
0,ab,2,nemotron-3,c6021eb6847e682f89aa52d5eb6e8c7d902a23acfc8137e25211cf84828f1592,flat-ragged,64 KiB single,65536,1,17842350,17782480,4194304,1.0033667969821982,0.0033611420104449874
0,ab,3,nemotron-3,c6021eb6847e682f89aa52d5eb6e8c7d902a23acfc8137e25211cf84828f1592,flat-ragged,64 KiB single,65536,1,18552989,18685490,4194304,0.9929088827748161,-0.007116378689106478
0,ab,4,nemotron-3,c6021eb6847e682f89aa52d5eb6e8c7d902a23acfc8137e25211cf84828f1592,flat-ragged,64 KiB single,65536,1,17661160,17922160,4194304,0.9854370232159516,-0.014670057814373721
0,ab,5,nemotron-3,c6021eb6847e682f89aa52d5eb6e8c7d902a23acfc8137e25211cf84828f1592,flat-ragged,64 KiB single,65536,1,17779730,17422280,4194304,1.0205168324696883,0.020309197467536656
0,ab,0,nemotron-3,c6021eb6847e682f89aa52d5eb6e8c7d902a23acfc8137e25211cf84828f1592,nested,140-byte batch 1,140,1,72797479,74962020,4194400,0.9711248309477253,-0.029300259790367423
0,ab,1,nemotron-3,c6021eb6847e682f89aa52d5eb6e8c7d902a23acfc8137e25211cf84828f1592,nested,140-byte batch 1,140,1,63888079,65200100,4194400,0.9798770093910899,-0.020328215814718217
0,ab,2,nemotron-3,c6021eb6847e682f89aa52d5eb6e8c7d902a23acfc8137e25211cf84828f1592,nested,140-byte batch 1,140,1,64012530,60303849,4194400,1.061499905254804,0.05968291290521495
0,ab,3,nemotron-3,c6021eb6847e682f89aa52d5eb6e8c7d902a23acfc8137e25211cf84828f1592,nested,140-byte batch 1,140,1,42723730,49742810,4194400,0.8588925716098468,-0.15211142697265034
0,ab,4,nemotron-3,c6021eb6847e682f89aa52d5eb6e8c7d902a23acfc8137e25211cf84828f1592,nested,140-byte batch 1,140,1,61171220,67602300,4194400,0.9048689171818118,-0.09996518866598138
0,ab,5,nemotron-3,c6021eb6847e682f89aa52d5eb6e8c7d902a23acfc8137e25211cf84828f1592,nested,140-byte batch 1,140,1,56682340,61716950,4194400,0.9184241930296296,-0.08509591117926783
0,ab,0,nemotron-3,c6021eb6847e682f89aa52d5eb6e8c7d902a23acfc8137e25211cf84828f1592,nested,140-byte batch 32,140,32,71166679,76628790,4197760,0.9287198584239683,-0.07394813739447326
0,ab,1,nemotron-3,c6021eb6847e682f89aa52d5eb6e8c7d902a23acfc8137e25211cf84828f1592,nested,140-byte batch 32,140,32,63563559,64646740,4197760,0.9832446152737169,-0.016897344142150803
0,ab,2,nemotron-3,c6021eb6847e682f89aa52d5eb6e8c7d902a23acfc8137e25211cf84828f1592,nested,140-byte batch 32,140,32,58400499,62360800,4197760,0.9364937428641069,-0.06561243852543262
0,ab,3,nemotron-3,c6021eb6847e682f89aa52d5eb6e8c7d902a23acfc8137e25211cf84828f1592,nested,140-byte batch 32,140,32,41975280,46281740,4197760,0.9069512079710054,-0.09766662527430402
0,ab,4,nemotron-3,c6021eb6847e682f89aa52d5eb6e8c7d902a23acfc8137e25211cf84828f1592,nested,140-byte batch 32,140,32,63773200,66251559,4197760,0.9625916878423948,-0.03812595726115799
0,ab,5,nemotron-3,c6021eb6847e682f89aa52d5eb6e8c7d902a23acfc8137e25211cf84828f1592,nested,140-byte batch 32,140,32,59384930,61979360,4197760,0.95814041964938,-0.04276093591803864
0,ab,0,nemotron-3,c6021eb6847e682f89aa52d5eb6e8c7d902a23acfc8137e25211cf84828f1592,nested,140-byte batch 512,140,512,21180160,21629510,4229120,0.9792251419472748,-0.020993691545452116
0,ab,1,nemotron-3,c6021eb6847e682f89aa52d5eb6e8c7d902a23acfc8137e25211cf84828f1592,nested,140-byte batch 512,140,512,19946030,19641230,4229120,1.015518376394961,0.01539919778295434
0,ab,2,nemotron-3,c6021eb6847e682f89aa52d5eb6e8c7d902a23acfc8137e25211cf84828f1592,nested,140-byte batch 512,140,512,19127890,18781240,4229120,1.0184572477642584,0.01828898011816094
0,ab,3,nemotron-3,c6021eb6847e682f89aa52d5eb6e8c7d902a23acfc8137e25211cf84828f1592,nested,140-byte batch 512,140,512,16729520,16677980,4229120,1.0030903023027968,0.003085537133320946
0,ab,4,nemotron-3,c6021eb6847e682f89aa52d5eb6e8c7d902a23acfc8137e25211cf84828f1592,nested,140-byte batch 512,140,512,15435350,15090910,4229120,1.0228243359744376,0.022567757634858673
0,ab,5,nemotron-3,c6021eb6847e682f89aa52d5eb6e8c7d902a23acfc8137e25211cf84828f1592,nested,140-byte batch 512,140,512,15499990,16477950,4229120,0.9406503843014453,-0.06118374477626334
0,ab,0,nemotron-3,c6021eb6847e682f89aa52d5eb6e8c7d902a23acfc8137e25211cf84828f1592,nested,4 KiB single,4096,1,47518800,53497290,4194304,0.8882468625980867,-0.11850557620309925
0,ab,1,nemotron-3,c6021eb6847e682f89aa52d5eb6e8c7d902a23acfc8137e25211cf84828f1592,nested,4 KiB single,4096,1,49996029,48815520,4194304,1.024183067188468,0.023895287189931027
0,ab,2,nemotron-3,c6021eb6847e682f89aa52d5eb6e8c7d902a23acfc8137e25211cf84828f1592,nested,4 KiB single,4096,1,48865350,46894840,4194304,1.0420197616624771,0.04116090827847677
0,ab,3,nemotron-3,c6021eb6847e682f89aa52d5eb6e8c7d902a23acfc8137e25211cf84828f1592,nested,4 KiB single,4096,1,42602960,40258350,4194304,1.0582390982243435,0.05660629866429141
0,ab,4,nemotron-3,c6021eb6847e682f89aa52d5eb6e8c7d902a23acfc8137e25211cf84828f1592,nested,4 KiB single,4096,1,44458189,42758959,4194304,1.0397397420269283,0.038970433784982474
0,ab,5,nemotron-3,c6021eb6847e682f89aa52d5eb6e8c7d902a23acfc8137e25211cf84828f1592,nested,4 KiB single,4096,1,50298430,48453660,4194304,1.0380728721008898,0.037365986615605196
0,ab,0,nemotron-3,c6021eb6847e682f89aa52d5eb6e8c7d902a23acfc8137e25211cf84828f1592,nested,64 KiB single,65536,1,42564370,43287360,4194304,0.9832978957367694,-0.016843157199567815
0,ab,1,nemotron-3,c6021eb6847e682f89aa52d5eb6e8c7d902a23acfc8137e25211cf84828f1592,nested,64 KiB single,65536,1,41542290,43271539,4194304,0.9600372660653461,-0.040783176455617076
0,ab,2,nemotron-3,c6021eb6847e682f89aa52d5eb6e8c7d902a23acfc8137e25211cf84828f1592,nested,64 KiB single,65536,1,41070259,43137540,4194304,0.9520769844548391,-0.04910938143626172
0,ab,3,nemotron-3,c6021eb6847e682f89aa52d5eb6e8c7d902a23acfc8137e25211cf84828f1592,nested,64 KiB single,65536,1,38547860,39133170,4194304,0.9850431232634617,-0.015069858805457536
0,ab,4,nemotron-3,c6021eb6847e682f89aa52d5eb6e8c7d902a23acfc8137e25211cf84828f1592,nested,64 KiB single,65536,1,36539600,36030479,4194304,1.0141302867497266,0.014031384833988312
0,ab,5,nemotron-3,c6021eb6847e682f89aa52d5eb6e8c7d902a23acfc8137e25211cf84828f1592,nested,64 KiB single,65536,1,39857499,39668480,4194304,1.0047649670468846,0.00475365052573421
0,ab,0,phi-4-mini,382cc235b56c725945e149cc25f191da667c836655efd0857b004320e90e91ea,flat-ragged,140-byte batch 1,140,1,50967510,50470230,4194400,1.0098529370680498,0.00980471338814259
0,ab,1,phi-4-mini,382cc235b56c725945e149cc25f191da667c836655efd0857b004320e90e91ea,flat-ragged,140-byte batch 1,140,1,43287230,47592070,4194400,0.909547115727473,-0.09480847837731482
0,ab,2,phi-4-mini,382cc235b56c725945e149cc25f191da667c836655efd0857b004320e90e91ea,flat-ragged,140-byte batch 1,140,1,47660810,46303540,4194400,1.0293124456575027,0.028891050857343253
0,ab,3,phi-4-mini,382cc235b56c725945e149cc25f191da667c836655efd0857b004320e90e91ea,flat-ragged,140-byte batch 1,140,1,50130400,50461180,4194400,0.9934448619711231,-0.006576717301266913
0,ab,4,phi-4-mini,382cc235b56c725945e149cc25f191da667c836655efd0857b004320e90e91ea,flat-ragged,140-byte batch 1,140,1,44008630,42712160,4194400,1.0303536510445737,0.02990209383895292
0,ab,5,phi-4-mini,382cc235b56c725945e149cc25f191da667c836655efd0857b004320e90e91ea,flat-ragged,140-byte batch 1,140,1,40239980,37900290,4194400,1.061732773020998,0.059902264999321594
0,ab,0,phi-4-mini,382cc235b56c725945e149cc25f191da667c836655efd0857b004320e90e91ea,flat-ragged,140-byte batch 32,140,32,45315779,45051800,4197760,1.0058594551161109,0.005842355273640254
0,ab,1,phi-4-mini,382cc235b56c725945e149cc25f191da667c836655efd0857b004320e90e91ea,flat-ragged,140-byte batch 32,140,32,40362960,39220959,4197760,1.0291171105734565,0.02870126045714104
0,ab,2,phi-4-mini,382cc235b56c725945e149cc25f191da667c836655efd0857b004320e90e91ea,flat-ragged,140-byte batch 32,140,32,44587260,40404870,4197760,1.1035120271393029,0.0984978457393581
0,ab,3,phi-4-mini,382cc235b56c725945e149cc25f191da667c836655efd0857b004320e90e91ea,flat-ragged,140-byte batch 32,140,32,44729539,43307660,4197760,1.0328320440310097,0.03230458643518634
0,ab,4,phi-4-mini,382cc235b56c725945e149cc25f191da667c836655efd0857b004320e90e91ea,flat-ragged,140-byte batch 32,140,32,40507589,38240309,4197760,1.0592903158810771,0.05759917058010829
0,ab,5,phi-4-mini,382cc235b56c725945e149cc25f191da667c836655efd0857b004320e90e91ea,flat-ragged,140-byte batch 32,140,32,35016240,33445600,4197760,1.046961035233334,0.04589171556391734
0,ab,0,phi-4-mini,382cc235b56c725945e149cc25f191da667c836655efd0857b004320e90e91ea,flat-ragged,140-byte batch 512,140,512,13800290,13326460,4229120,1.0355555789009234,0.03493807390509035
0,ab,1,phi-4-mini,382cc235b56c725945e149cc25f191da667c836655efd0857b004320e90e91ea,flat-ragged,140-byte batch 512,140,512,12583760,12694800,4229120,0.9912531115102247,-0.00878536706173889
0,ab,2,phi-4-mini,382cc235b56c725945e149cc25f191da667c836655efd0857b004320e90e91ea,flat-ragged,140-byte batch 512,140,512,12407250,12282160,4229120,1.0101846906407341,0.01013317615647558
0,ab,3,phi-4-mini,382cc235b56c725945e149cc25f191da667c836655efd0857b004320e90e91ea,flat-ragged,140-byte batch 512,140,512,10801020,10565780,4229120,1.0222643288048776,0.022020097092603025
0,ab,4,phi-4-mini,382cc235b56c725945e149cc25f191da667c836655efd0857b004320e90e91ea,flat-ragged,140-byte batch 512,140,512,10024050,10192550,4229120,0.9834683175456583,-0.0166698556570006
0,ab,5,phi-4-mini,382cc235b56c725945e149cc25f191da667c836655efd0857b004320e90e91ea,flat-ragged,140-byte batch 512,140,512,10160020,10074330,4229120,1.0085057765628087,0.008469806271589058
0,ab,0,phi-4-mini,382cc235b56c725945e149cc25f191da667c836655efd0857b004320e90e91ea,flat-ragged,4 KiB single,4096,1,28313860,35807700,4194304,0.7907198730999199,-0.2348115166686511
0,ab,1,phi-4-mini,382cc235b56c725945e149cc25f191da667c836655efd0857b004320e90e91ea,flat-ragged,4 KiB single,4096,1,28972750,32215760,4194304,0.8993346734641678,-0.10610004074558926
0,ab,2,phi-4-mini,382cc235b56c725945e149cc25f191da667c836655efd0857b004320e90e91ea,flat-ragged,4 KiB single,4096,1,26301750,29321340,4194304,0.8970173259475863,-0.10868010167221569
0,ab,3,phi-4-mini,382cc235b56c725945e149cc25f191da667c836655efd0857b004320e90e91ea,flat-ragged,4 KiB single,4096,1,26100020,29300060,4194304,0.890783841398277,-0.1156534831906158
0,ab,4,phi-4-mini,382cc235b56c725945e149cc25f191da667c836655efd0857b004320e90e91ea,flat-ragged,4 KiB single,4096,1,32933280,36506800,4194304,0.9021135788401065,-0.103014847955161
0,ab,5,phi-4-mini,382cc235b56c725945e149cc25f191da667c836655efd0857b004320e90e91ea,flat-ragged,4 KiB single,4096,1,29354049,32937900,4194304,0.8911937008734618,-0.11519347797428783
0,ab,0,phi-4-mini,382cc235b56c725945e149cc25f191da667c836655efd0857b004320e90e91ea,flat-ragged,64 KiB single,65536,1,15371230,16284710,4194304,0.9439056636562764,-0.057729050397731914
0,ab,1,phi-4-mini,382cc235b56c725945e149cc25f191da667c836655efd0857b004320e90e91ea,flat-ragged,64 KiB single,65536,1,15272320,15872200,4194304,0.9622056173687328,-0.03852711168691923
0,ab,2,phi-4-mini,382cc235b56c725945e149cc25f191da667c836655efd0857b004320e90e91ea,flat-ragged,64 KiB single,65536,1,14778599,15452180,4194304,0.9564086750219063,-0.04456997294359353
0,ab,3,phi-4-mini,382cc235b56c725945e149cc25f191da667c836655efd0857b004320e90e91ea,flat-ragged,64 KiB single,65536,1,15556259,15932420,4194304,0.9763902156734507,-0.023892961331391308
0,ab,4,phi-4-mini,382cc235b56c725945e149cc25f191da667c836655efd0857b004320e90e91ea,flat-ragged,64 KiB single,65536,1,15155029,15329250,4194304,0.9886347342498818,-0.011430343940042987
0,ab,5,phi-4-mini,382cc235b56c725945e149cc25f191da667c836655efd0857b004320e90e91ea,flat-ragged,64 KiB single,65536,1,15058920,15179950,4194304,0.9920269829610769,-0.00800497150159118
0,ab,0,phi-4-mini,382cc235b56c725945e149cc25f191da667c836655efd0857b004320e90e91ea,nested,140-byte batch 1,140,1,49579870,53735120,4194400,0.9226716158817548,-0.08048188689337911
0,ab,1,phi-4-mini,382cc235b56c725945e149cc25f191da667c836655efd0857b004320e90e91ea,nested,140-byte batch 1,140,1,43323470,43891730,4194400,0.9870531419016749,-0.013031399152407
0,ab,2,phi-4-mini,382cc235b56c725945e149cc25f191da667c836655efd0857b004320e90e91ea,nested,140-byte batch 1,140,1,42561869,44932920,4194400,0.9472313172613754,-0.05421195241187032
0,ab,3,phi-4-mini,382cc235b56c725945e149cc25f191da667c836655efd0857b004320e90e91ea,nested,140-byte batch 1,140,1,47362780,49340209,4194400,0.9599225653867822,-0.04090265882896819
0,ab,4,phi-4-mini,382cc235b56c725945e149cc25f191da667c836655efd0857b004320e90e91ea,nested,140-byte batch 1,140,1,40216979,41413760,4194400,0.9711018511721708,-0.029323923120468956
0,ab,5,phi-4-mini,382cc235b56c725945e149cc25f191da667c836655efd0857b004320e90e91ea,nested,140-byte batch 1,140,1,37249540,39002110,4194400,0.955064738805157,-0.04597615147422755
0,ab,0,phi-4-mini,382cc235b56c725945e149cc25f191da667c836655efd0857b004320e90e91ea,nested,140-byte batch 32,140,32,51085830,51629910,4197760,0.9894619223624446,-0.010593996375312746
0,ab,1,phi-4-mini,382cc235b56c725945e149cc25f191da667c836655efd0857b004320e90e91ea,nested,140-byte batch 32,140,32,44141680,47264439,4197760,0.9339300525708133,-0.06835373373884615
0,ab,2,phi-4-mini,382cc235b56c725945e149cc25f191da667c836655efd0857b004320e90e91ea,nested,140-byte batch 32,140,32,44382440,43977140,4197760,1.0092161518461638,0.00917394226050204
0,ab,3,phi-4-mini,382cc235b56c725945e149cc25f191da667c836655efd0857b004320e90e91ea,nested,140-byte batch 32,140,32,48466209,48580129,4197760,0.9976550082853836,-0.002347745513620152
0,ab,4,phi-4-mini,382cc235b56c725945e149cc25f191da667c836655efd0857b004320e90e91ea,nested,140-byte batch 32,140,32,43157179,42136550,4197760,1.0242219403344601,0.023933241740768444
0,ab,5,phi-4-mini,382cc235b56c725945e149cc25f191da667c836655efd0857b004320e90e91ea,nested,140-byte batch 32,140,32,39288240,38668509,4197760,1.0160267622421129,0.015899689598858804
0,ab,0,phi-4-mini,382cc235b56c725945e149cc25f191da667c836655efd0857b004320e90e91ea,nested,140-byte batch 512,140,512,15522560,15697040,4229120,0.9888845285480574,-0.01117770994127145
0,ab,1,phi-4-mini,382cc235b56c725945e149cc25f191da667c836655efd0857b004320e90e91ea,nested,140-byte batch 512,140,512,14663900,14499350,4229120,1.011348784600689,0.011284870256902942
0,ab,2,phi-4-mini,382cc235b56c725945e149cc25f191da667c836655efd0857b004320e90e91ea,nested,140-byte batch 512,140,512,14171600,14115880,4229120,1.003947327407147,0.003939557151434312
0,ab,3,phi-4-mini,382cc235b56c725945e149cc25f191da667c836655efd0857b004320e90e91ea,nested,140-byte batch 512,140,512,12975310,12655000,4229120,1.0253109442907942,0.024995926869645975
0,ab,4,phi-4-mini,382cc235b56c725945e149cc25f191da667c836655efd0857b004320e90e91ea,nested,140-byte batch 512,140,512,11825070,12244440,4229120,0.9657501690563227,-0.03485010238391316
0,ab,5,phi-4-mini,382cc235b56c725945e149cc25f191da667c836655efd0857b004320e90e91ea,nested,140-byte batch 512,140,512,12209820,11940960,4229120,1.0225157776259195,0.02226603925676879
0,ab,0,phi-4-mini,382cc235b56c725945e149cc25f191da667c836655efd0857b004320e90e91ea,nested,4 KiB single,4096,1,41131130,36977300,4194304,1.1123345944674166,0.10646104487400856
0,ab,1,phi-4-mini,382cc235b56c725945e149cc25f191da667c836655efd0857b004320e90e91ea,nested,4 KiB single,4096,1,34270470,36811950,4194304,0.9309604625671827,-0.07153847031127095
0,ab,2,phi-4-mini,382cc235b56c725945e149cc25f191da667c836655efd0857b004320e90e91ea,nested,4 KiB single,4096,1,27709019,30623479,4194304,0.9048292324983715,-0.10000904645901018
0,ab,3,phi-4-mini,382cc235b56c725945e149cc25f191da667c836655efd0857b004320e90e91ea,nested,4 KiB single,4096,1,28308490,32379540,4194304,0.874270913051884,-0.13436498219020343
0,ab,4,phi-4-mini,382cc235b56c725945e149cc25f191da667c836655efd0857b004320e90e91ea,nested,4 KiB single,4096,1,33938549,36880110,4194304,0.9202399070935526,-0.08312087435331907
0,ab,5,phi-4-mini,382cc235b56c725945e149cc25f191da667c836655efd0857b004320e90e91ea,nested,4 KiB single,4096,1,30064069,34453039,4194304,0.8726100765740868,-0.13626647060078004
0,ab,0,phi-4-mini,382cc235b56c725945e149cc25f191da667c836655efd0857b004320e90e91ea,nested,64 KiB single,65536,1,33182670,34135150,4194304,0.9720967975825505,-0.028299893489775206
0,ab,1,phi-4-mini,382cc235b56c725945e149cc25f191da667c836655efd0857b004320e90e91ea,nested,64 KiB single,65536,1,28095380,32657280,4194304,0.8603098604660278,-0.15046265176060059
0,ab,2,phi-4-mini,382cc235b56c725945e149cc25f191da667c836655efd0857b004320e90e91ea,nested,64 KiB single,65536,1,26134100,29775760,4194304,0.8776971603747478,-0.13045366469208128
0,ab,3,phi-4-mini,382cc235b56c725945e149cc25f191da667c836655efd0857b004320e90e91ea,nested,64 KiB single,65536,1,25026059,28185970,4194304,0.8878906420463798,-0.11890669442232678
0,ab,4,phi-4-mini,382cc235b56c725945e149cc25f191da667c836655efd0857b004320e90e91ea,nested,64 KiB single,65536,1,27301750,30107020,4194304,0.9068233920195357,-0.09780756445349635
0,ab,5,phi-4-mini,382cc235b56c725945e149cc25f191da667c836655efd0857b004320e90e91ea,nested,64 KiB single,65536,1,29466779,31425250,4194304,0.9376784273792571,-0.06434821670873346
0,ab,0,qwen-2-5,c0382117ea329cdf097041132f6d735924b697924d6f6fc3945713e96ce87539,flat-ragged,140-byte batch 1,140,1,43988520,45727410,4194400,0.9619726986505468,-0.03876920850028055
0,ab,1,qwen-2-5,c0382117ea329cdf097041132f6d735924b697924d6f6fc3945713e96ce87539,flat-ragged,140-byte batch 1,140,1,40461880,41656350,4194400,0.9713256202235674,-0.029093521671064368
0,ab,2,qwen-2-5,c0382117ea329cdf097041132f6d735924b697924d6f6fc3945713e96ce87539,flat-ragged,140-byte batch 1,140,1,36327680,38824540,4194400,0.9356886134388199,-0.06647253580410899
0,ab,3,qwen-2-5,c0382117ea329cdf097041132f6d735924b697924d6f6fc3945713e96ce87539,flat-ragged,140-byte batch 1,140,1,43547820,43956710,4194400,0.9906978934501695,-0.009345641330062911
0,ab,4,qwen-2-5,c0382117ea329cdf097041132f6d735924b697924d6f6fc3945713e96ce87539,flat-ragged,140-byte batch 1,140,1,37870480,40045839,4194400,0.9456782763372744,-0.05585285621184578
0,ab,5,qwen-2-5,c0382117ea329cdf097041132f6d735924b697924d6f6fc3945713e96ce87539,flat-ragged,140-byte batch 1,140,1,35393039,36354150,4194400,0.9735625506303957,-0.026793202890028397
0,ab,0,qwen-2-5,c0382117ea329cdf097041132f6d735924b697924d6f6fc3945713e96ce87539,flat-ragged,140-byte batch 32,140,32,41406119,42433310,4197760,0.9757928146543364,-0.024504995170925453
0,ab,1,qwen-2-5,c0382117ea329cdf097041132f6d735924b697924d6f6fc3945713e96ce87539,flat-ragged,140-byte batch 32,140,32,38558830,37917310,4197760,1.016918921727306,0.016777390906377084
0,ab,2,qwen-2-5,c0382117ea329cdf097041132f6d735924b697924d6f6fc3945713e96ce87539,flat-ragged,140-byte batch 32,140,32,36891510,35629140,4197760,1.0354308299330268,0.03481760090969516
0,ab,3,qwen-2-5,c0382117ea329cdf097041132f6d735924b697924d6f6fc3945713e96ce87539,flat-ragged,140-byte batch 32,140,32,42117310,41639289,4197760,1.0114800471256846,0.011414651406074953
0,ab,4,qwen-2-5,c0382117ea329cdf097041132f6d735924b697924d6f6fc3945713e96ce87539,flat-ragged,140-byte batch 32,140,32,38006700,36511670,4197760,1.04094663432267,0.04013052445968876
0,ab,5,qwen-2-5,c0382117ea329cdf097041132f6d735924b697924d6f6fc3945713e96ce87539,flat-ragged,140-byte batch 32,140,32,33774769,34295540,4197760,0.984815197544637,-0.015301272118216335
0,ab,0,qwen-2-5,c0382117ea329cdf097041132f6d735924b697924d6f6fc3945713e96ce87539,flat-ragged,140-byte batch 512,140,512,12620250,12868830,4229120,0.9806835586451915,-0.019505441642115717
0,ab,1,qwen-2-5,c0382117ea329cdf097041132f6d735924b697924d6f6fc3945713e96ce87539,flat-ragged,140-byte batch 512,140,512,12054000,12225710,4229120,0.9859550079300098,-0.014144556323249936
0,ab,2,qwen-2-5,c0382117ea329cdf097041132f6d735924b697924d6f6fc3945713e96ce87539,flat-ragged,140-byte batch 512,140,512,11499069,11608090,4229120,0.990608187910328,-0.009436193255125538
0,ab,3,qwen-2-5,c0382117ea329cdf097041132f6d735924b697924d6f6fc3945713e96ce87539,flat-ragged,140-byte batch 512,140,512,9770730,10059400,4229120,0.9713034574626718,-0.02911633895631058
0,ab,4,qwen-2-5,c0382117ea329cdf097041132f6d735924b697924d6f6fc3945713e96ce87539,flat-ragged,140-byte batch 512,140,512,9323160,9570060,4229120,0.9742007887097887,-0.02613784801262087
0,ab,5,qwen-2-5,c0382117ea329cdf097041132f6d735924b697924d6f6fc3945713e96ce87539,flat-ragged,140-byte batch 512,140,512,9228820,9560990,4229120,0.9652577818824202,-0.035360081832040036
0,ab,0,qwen-2-5,c0382117ea329cdf097041132f6d735924b697924d6f6fc3945713e96ce87539,flat-ragged,4 KiB single,4096,1,31183999,32947620,4194304,0.9464719758210153,-0.055013916989775806
0,ab,1,qwen-2-5,c0382117ea329cdf097041132f6d735924b697924d6f6fc3945713e96ce87539,flat-ragged,4 KiB single,4096,1,29096790,30409600,4194304,0.9568290934441755,-0.04413048922027861
0,ab,2,qwen-2-5,c0382117ea329cdf097041132f6d735924b697924d6f6fc3945713e96ce87539,flat-ragged,4 KiB single,4096,1,26769570,27640360,4194304,0.968495707002369,-0.03201122877023948
0,ab,3,qwen-2-5,c0382117ea329cdf097041132f6d735924b697924d6f6fc3945713e96ce87539,flat-ragged,4 KiB single,4096,1,26348340,26915140,4194304,0.9789412204432152,-0.02128367865941998
0,ab,4,qwen-2-5,c0382117ea329cdf097041132f6d735924b697924d6f6fc3945713e96ce87539,flat-ragged,4 KiB single,4096,1,28590670,30831049,4194304,0.9273336758668186,-0.07544182579221224
0,ab,5,qwen-2-5,c0382117ea329cdf097041132f6d735924b697924d6f6fc3945713e96ce87539,flat-ragged,4 KiB single,4096,1,29554720,31824199,4194304,0.9286870032455491,-0.07398351486518327
0,ab,0,qwen-2-5,c0382117ea329cdf097041132f6d735924b697924d6f6fc3945713e96ce87539,flat-ragged,64 KiB single,65536,1,26955750,31613770,4194304,0.8526585092508739,-0.15939615250303077
0,ab,1,qwen-2-5,c0382117ea329cdf097041132f6d735924b697924d6f6fc3945713e96ce87539,flat-ragged,64 KiB single,65536,1,27439610,29427420,4194304,0.9324504152929479,-0.06993930282653228
0,ab,2,qwen-2-5,c0382117ea329cdf097041132f6d735924b697924d6f6fc3945713e96ce87539,flat-ragged,64 KiB single,65536,1,25780630,26341120,4194304,0.978721861485009,-0.021507781531001167
0,ab,3,qwen-2-5,c0382117ea329cdf097041132f6d735924b697924d6f6fc3945713e96ce87539,flat-ragged,64 KiB single,65536,1,25447700,26691470,4194304,0.9534019669954483,-0.04771867307587658
0,ab,4,qwen-2-5,c0382117ea329cdf097041132f6d735924b697924d6f6fc3945713e96ce87539,flat-ragged,64 KiB single,65536,1,26592399,26664109,4194304,0.9973106170545583,-0.002693005832767462
0,ab,5,qwen-2-5,c0382117ea329cdf097041132f6d735924b697924d6f6fc3945713e96ce87539,flat-ragged,64 KiB single,65536,1,31306360,30814179,4194304,1.0159725495201413,0.015846330602454974
0,ab,0,qwen-2-5,c0382117ea329cdf097041132f6d735924b697924d6f6fc3945713e96ce87539,nested,140-byte batch 1,140,1,43517280,50595640,4194400,0.8600994077750573,-0.15070730597853016
0,ab,1,qwen-2-5,c0382117ea329cdf097041132f6d735924b697924d6f6fc3945713e96ce87539,nested,140-byte batch 1,140,1,39570809,43283430,4194400,0.9142253513642519,-0.08967818281458122
0,ab,2,qwen-2-5,c0382117ea329cdf097041132f6d735924b697924d6f6fc3945713e96ce87539,nested,140-byte batch 1,140,1,37676250,39856970,4194400,0.9452863576935226,-0.056267373376588437
0,ab,3,qwen-2-5,c0382117ea329cdf097041132f6d735924b697924d6f6fc3945713e96ce87539,nested,140-byte batch 1,140,1,42022349,45718690,4194400,0.9191503299853955,-0.08430559004184772
0,ab,4,qwen-2-5,c0382117ea329cdf097041132f6d735924b697924d6f6fc3945713e96ce87539,nested,140-byte batch 1,140,1,39836250,39497010,4194400,1.0085890045854105,0.00855232894075347
0,ab,5,qwen-2-5,c0382117ea329cdf097041132f6d735924b697924d6f6fc3945713e96ce87539,nested,140-byte batch 1,140,1,38086880,38695650,4194400,0.9842677406891989,-0.015857324744455673
0,ab,0,qwen-2-5,c0382117ea329cdf097041132f6d735924b697924d6f6fc3945713e96ce87539,nested,140-byte batch 32,140,32,47024900,48805880,4197760,0.9635089050745524,-0.03717354874743526
0,ab,1,qwen-2-5,c0382117ea329cdf097041132f6d735924b697924d6f6fc3945713e96ce87539,nested,140-byte batch 32,140,32,42052419,42158670,4197760,0.9974797354850141,-0.0025234457277210896
0,ab,2,qwen-2-5,c0382117ea329cdf097041132f6d735924b697924d6f6fc3945713e96ce87539,nested,140-byte batch 32,140,32,37957450,44833200,4197760,0.846637090370529,-0.16648314088105653
0,ab,3,qwen-2-5,c0382117ea329cdf097041132f6d735924b697924d6f6fc3945713e96ce87539,nested,140-byte batch 32,140,32,44555009,49618919,4197760,0.8979439677031255,-0.10764760939381758
0,ab,4,qwen-2-5,c0382117ea329cdf097041132f6d735924b697924d6f6fc3945713e96ce87539,nested,140-byte batch 32,140,32,38641909,41626120,4197760,0.9283091722216723,-0.07439044195968357
0,ab,5,qwen-2-5,c0382117ea329cdf097041132f6d735924b697924d6f6fc3945713e96ce87539,nested,140-byte batch 32,140,32,39710900,40769210,4197760,0.9740414396060164,-0.026301430447917263
0,ab,0,qwen-2-5,c0382117ea329cdf097041132f6d735924b697924d6f6fc3945713e96ce87539,nested,140-byte batch 512,140,512,14908190,15299900,4229120,0.9743978718815156,-0.025935566058532727
0,ab,1,qwen-2-5,c0382117ea329cdf097041132f6d735924b697924d6f6fc3945713e96ce87539,nested,140-byte batch 512,140,512,14346690,14543810,4229120,0.9864464676037434,-0.013646219965261379
0,ab,2,qwen-2-5,c0382117ea329cdf097041132f6d735924b697924d6f6fc3945713e96ce87539,nested,140-byte batch 512,140,512,13680780,14418950,4229120,0.9488055648989697,-0.052551385558817096
0,ab,3,qwen-2-5,c0382117ea329cdf097041132f6d735924b697924d6f6fc3945713e96ce87539,nested,140-byte batch 512,140,512,12765820,12730480,4229120,1.0027760147300022,0.002772168717192955
0,ab,4,qwen-2-5,c0382117ea329cdf097041132f6d735924b697924d6f6fc3945713e96ce87539,nested,140-byte batch 512,140,512,11635080,11936009,4229120,0.9747881389834743,-0.025535124946193206
0,ab,5,qwen-2-5,c0382117ea329cdf097041132f6d735924b697924d6f6fc3945713e96ce87539,nested,140-byte batch 512,140,512,11834960,14042760,4229120,0.8427801942068368,-0.1710490973201202
0,ab,0,qwen-2-5,c0382117ea329cdf097041132f6d735924b697924d6f6fc3945713e96ce87539,nested,4 KiB single,4096,1,36224880,37566340,4194304,0.9642909051028128,-0.036362261115779886
0,ab,1,qwen-2-5,c0382117ea329cdf097041132f6d735924b697924d6f6fc3945713e96ce87539,nested,4 KiB single,4096,1,31157190,36426270,4194304,0.855349449724059,-0.1562451804182817
0,ab,2,qwen-2-5,c0382117ea329cdf097041132f6d735924b697924d6f6fc3945713e96ce87539,nested,4 KiB single,4096,1,29232110,33118640,4194304,0.8826482609189267,-0.12482850324400309
0,ab,3,qwen-2-5,c0382117ea329cdf097041132f6d735924b697924d6f6fc3945713e96ce87539,nested,4 KiB single,4096,1,30165080,30808120,4194304,0.9791275806508154,-0.02109332762777207
0,ab,4,qwen-2-5,c0382117ea329cdf097041132f6d735924b697924d6f6fc3945713e96ce87539,nested,4 KiB single,4096,1,29242710,31878000,4194304,0.9173320158102767,-0.08628580485137598
0,ab,5,qwen-2-5,c0382117ea329cdf097041132f6d735924b697924d6f6fc3945713e96ce87539,nested,4 KiB single,4096,1,30146880,31692440,4194304,0.9512325336894225,-0.049996731405119434
0,ab,0,qwen-2-5,c0382117ea329cdf097041132f6d735924b697924d6f6fc3945713e96ce87539,nested,64 KiB single,65536,1,30695530,31439660,4194304,0.9763314870453433,-0.023953111866967722
0,ab,1,qwen-2-5,c0382117ea329cdf097041132f6d735924b697924d6f6fc3945713e96ce87539,nested,64 KiB single,65536,1,28324640,30332589,4194304,0.9338022547300528,-0.06849058187330345
0,ab,2,qwen-2-5,c0382117ea329cdf097041132f6d735924b697924d6f6fc3945713e96ce87539,nested,64 KiB single,65536,1,27608280,31029740,4194304,0.8897361047820574,-0.1168303717050066
0,ab,3,qwen-2-5,c0382117ea329cdf097041132f6d735924b697924d6f6fc3945713e96ce87539,nested,64 KiB single,65536,1,29476459,28080170,4194304,1.0497250906956759,0.048528311503944405
0,ab,4,qwen-2-5,c0382117ea329cdf097041132f6d735924b697924d6f6fc3945713e96ce87539,nested,64 KiB single,65536,1,26421740,27869680,4194304,0.9480460486090978,-0.05335220342464653
0,ab,5,qwen-2-5,c0382117ea329cdf097041132f6d735924b697924d6f6fc3945713e96ce87539,nested,64 KiB single,65536,1,30289370,30826490,4194304,0.9825760247112143,-0.01757755939137825
0,ab,0,qwen-3,aeb13307a71acd8fe81861d94ad54ab689df773318809eed3cbe794b4492dae4,flat-ragged,140-byte batch 1,140,1,46335910,48519110,4194400,0.9550032966392005,-0.04604048652914448
0,ab,1,qwen-3,aeb13307a71acd8fe81861d94ad54ab689df773318809eed3cbe794b4492dae4,flat-ragged,140-byte batch 1,140,1,40016370,45087020,4194400,0.8875363685601754,-0.11930577981281598
0,ab,2,qwen-3,aeb13307a71acd8fe81861d94ad54ab689df773318809eed3cbe794b4492dae4,flat-ragged,140-byte batch 1,140,1,44500950,40919740,4194400,1.0875179070052743,0.083897950056882
0,ab,3,qwen-3,aeb13307a71acd8fe81861d94ad54ab689df773318809eed3cbe794b4492dae4,flat-ragged,140-byte batch 1,140,1,47591170,45641040,4194400,1.0427275539733538,0.041839928064484604
0,ab,4,qwen-3,aeb13307a71acd8fe81861d94ad54ab689df773318809eed3cbe794b4492dae4,flat-ragged,140-byte batch 1,140,1,41575809,42206490,4194400,0.9850572506740077,-0.015055516987412927
0,ab,5,qwen-3,aeb13307a71acd8fe81861d94ad54ab689df773318809eed3cbe794b4492dae4,flat-ragged,140-byte batch 1,140,1,41877660,39553400,4194400,1.058762584253187,0.057100852866913014
0,ab,0,qwen-3,aeb13307a71acd8fe81861d94ad54ab689df773318809eed3cbe794b4492dae4,flat-ragged,140-byte batch 32,140,32,41920990,42233190,4197760,0.9926077097183519,-0.007419748663361812
0,ab,1,qwen-3,aeb13307a71acd8fe81861d94ad54ab689df773318809eed3cbe794b4492dae4,flat-ragged,140-byte batch 32,140,32,35645729,38515710,4197760,0.9254854447704586,-0.07743687397452415
0,ab,2,qwen-3,aeb13307a71acd8fe81861d94ad54ab689df773318809eed3cbe794b4492dae4,flat-ragged,140-byte batch 32,140,32,36566570,37131559,4197760,0.9847841293170588,-0.015332819882431126
0,ab,3,qwen-3,aeb13307a71acd8fe81861d94ad54ab689df773318809eed3cbe794b4492dae4,flat-ragged,140-byte batch 32,140,32,41635100,42384150,4197760,0.982327119925727,-0.0178309100845135
0,ab,4,qwen-3,aeb13307a71acd8fe81861d94ad54ab689df773318809eed3cbe794b4492dae4,flat-ragged,140-byte batch 32,140,32,36724759,38475950,4197760,0.9544860880628029,-0.046582211027002184
0,ab,5,qwen-3,aeb13307a71acd8fe81861d94ad54ab689df773318809eed3cbe794b4492dae4,flat-ragged,140-byte batch 32,140,32,33598570,33692930,4197760,0.9971994124583407,-0.002804516524303064
0,ab,0,qwen-3,aeb13307a71acd8fe81861d94ad54ab689df773318809eed3cbe794b4492dae4,flat-ragged,140-byte batch 512,140,512,13089420,13279620,4229120,0.9856773010071072,-0.014426258873446857
0,ab,1,qwen-3,aeb13307a71acd8fe81861d94ad54ab689df773318809eed3cbe794b4492dae4,flat-ragged,140-byte batch 512,140,512,12488830,12399820,4229120,1.0071783300080162,0.007152688433164147
0,ab,2,qwen-3,aeb13307a71acd8fe81861d94ad54ab689df773318809eed3cbe794b4492dae4,flat-ragged,140-byte batch 512,140,512,12235259,11997180,4229120,1.0198445801430003,0.01965024327750161
0,ab,3,qwen-3,aeb13307a71acd8fe81861d94ad54ab689df773318809eed3cbe794b4492dae4,flat-ragged,140-byte batch 512,140,512,10567170,10574850,4229120,0.9992737485638095,-0.0007265152845193765
0,ab,4,qwen-3,aeb13307a71acd8fe81861d94ad54ab689df773318809eed3cbe794b4492dae4,flat-ragged,140-byte batch 512,140,512,10464780,10094880,4229120,1.036642337501783,0.03598696859984233
0,ab,5,qwen-3,aeb13307a71acd8fe81861d94ad54ab689df773318809eed3cbe794b4492dae4,flat-ragged,140-byte batch 512,140,512,10024930,10320080,4229120,0.971400415500655,-0.029016521336741142
0,ab,0,qwen-3,aeb13307a71acd8fe81861d94ad54ab689df773318809eed3cbe794b4492dae4,flat-ragged,4 KiB single,4096,1,34335560,33883159,4194304,1.0133517952089415,0.013263445540249717
0,ab,1,qwen-3,aeb13307a71acd8fe81861d94ad54ab689df773318809eed3cbe794b4492dae4,flat-ragged,4 KiB single,4096,1,32240810,32332740,4194304,0.9971567519486441,-0.0028472977591340876
0,ab,2,qwen-3,aeb13307a71acd8fe81861d94ad54ab689df773318809eed3cbe794b4492dae4,flat-ragged,4 KiB single,4096,1,29786440,28474979,4194304,1.0460566099100548,0.045027484551177936
0,ab,3,qwen-3,aeb13307a71acd8fe81861d94ad54ab689df773318809eed3cbe794b4492dae4,flat-ragged,4 KiB single,4096,1,26268859,25624139,4194304,1.025160650275898,0.024849332285684433
0,ab,4,qwen-3,aeb13307a71acd8fe81861d94ad54ab689df773318809eed3cbe794b4492dae4,flat-ragged,4 KiB single,4096,1,30290010,30432970,4194304,0.9953024630852657,-0.004708605016748347
0,ab,5,qwen-3,aeb13307a71acd8fe81861d94ad54ab689df773318809eed3cbe794b4492dae4,flat-ragged,4 KiB single,4096,1,31399960,32929559,4194304,0.9535493627473116,-0.04756408522682361
0,ab,0,qwen-3,aeb13307a71acd8fe81861d94ad54ab689df773318809eed3cbe794b4492dae4,flat-ragged,64 KiB single,65536,1,33237150,27533440,4194304,1.2071557349898887,0.1882669602958271
0,ab,1,qwen-3,aeb13307a71acd8fe81861d94ad54ab689df773318809eed3cbe794b4492dae4,flat-ragged,64 KiB single,65536,1,28279030,27738080,4194304,1.019502070799421,0.019314342221502592
0,ab,2,qwen-3,aeb13307a71acd8fe81861d94ad54ab689df773318809eed3cbe794b4492dae4,flat-ragged,64 KiB single,65536,1,25653030,25363350,4194304,1.0114212042178972,0.011356474658430971
0,ab,3,qwen-3,aeb13307a71acd8fe81861d94ad54ab689df773318809eed3cbe794b4492dae4,flat-ragged,64 KiB single,65536,1,26841350,25357900,4194304,1.0585005067454323,0.05685329033185788
0,ab,4,qwen-3,aeb13307a71acd8fe81861d94ad54ab689df773318809eed3cbe794b4492dae4,flat-ragged,64 KiB single,65536,1,28139120,25180460,4194304,1.1174982506276692,0.11109248207050845
0,ab,5,qwen-3,aeb13307a71acd8fe81861d94ad54ab689df773318809eed3cbe794b4492dae4,flat-ragged,64 KiB single,65536,1,31007189,29260450,4194304,1.0596962452730563,0.05798230599435431
0,ab,0,qwen-3,aeb13307a71acd8fe81861d94ad54ab689df773318809eed3cbe794b4492dae4,nested,140-byte batch 1,140,1,45942690,48639519,4194400,0.9445547765388058,-0.057041598445573376
0,ab,1,qwen-3,aeb13307a71acd8fe81861d94ad54ab689df773318809eed3cbe794b4492dae4,nested,140-byte batch 1,140,1,42541050,42652540,4194400,0.9973860876749662,-0.002617334558768781
0,ab,2,qwen-3,aeb13307a71acd8fe81861d94ad54ab689df773318809eed3cbe794b4492dae4,nested,140-byte batch 1,140,1,39429820,42581970,4194400,0.9259745380497896,-0.07690854142048978
0,ab,3,qwen-3,aeb13307a71acd8fe81861d94ad54ab689df773318809eed3cbe794b4492dae4,nested,140-byte batch 1,140,1,43679060,45496080,4194400,0.9600620536978131,-0.040757357340727364
0,ab,4,qwen-3,aeb13307a71acd8fe81861d94ad54ab689df773318809eed3cbe794b4492dae4,nested,140-byte batch 1,140,1,41519209,43122739,4194400,0.9628147460670344,-0.03789425737514002
0,ab,5,qwen-3,aeb13307a71acd8fe81861d94ad54ab689df773318809eed3cbe794b4492dae4,nested,140-byte batch 1,140,1,42038300,39416060,4194400,1.0665271972896326,0.06440776004774308
0,ab,0,qwen-3,aeb13307a71acd8fe81861d94ad54ab689df773318809eed3cbe794b4492dae4,nested,140-byte batch 32,140,32,53239480,52306170,4197760,1.0178432104663753,0.017685889042860517
0,ab,1,qwen-3,aeb13307a71acd8fe81861d94ad54ab689df773318809eed3cbe794b4492dae4,nested,140-byte batch 32,140,32,45341259,43513820,4197760,1.0419967495384226,0.04113882388141774
0,ab,2,qwen-3,aeb13307a71acd8fe81861d94ad54ab689df773318809eed3cbe794b4492dae4,nested,140-byte batch 32,140,32,48491329,42717970,4197760,1.1351505935324173,0.12676532365830967
0,ab,3,qwen-3,aeb13307a71acd8fe81861d94ad54ab689df773318809eed3cbe794b4492dae4,nested,140-byte batch 32,140,32,49291850,49500440,4197760,0.9957860980629667,-0.004222805442937709
0,ab,4,qwen-3,aeb13307a71acd8fe81861d94ad54ab689df773318809eed3cbe794b4492dae4,nested,140-byte batch 32,140,32,41740520,42328670,4197760,0.9861051622930747,-0.013992274597142104
0,ab,5,qwen-3,aeb13307a71acd8fe81861d94ad54ab689df773318809eed3cbe794b4492dae4,nested,140-byte batch 32,140,32,36452490,38801730,4197760,0.9394552768652326,-0.0624550643854363
0,ab,0,qwen-3,aeb13307a71acd8fe81861d94ad54ab689df773318809eed3cbe794b4492dae4,nested,140-byte batch 512,140,512,15439700,15645280,4229120,0.9868599347534848,-0.013227159696366269
0,ab,1,qwen-3,aeb13307a71acd8fe81861d94ad54ab689df773318809eed3cbe794b4492dae4,nested,140-byte batch 512,140,512,14102520,14336750,4229120,0.9836622665527404,-0.01647266589310968
0,ab,2,qwen-3,aeb13307a71acd8fe81861d94ad54ab689df773318809eed3cbe794b4492dae4,nested,140-byte batch 512,140,512,13872420,14252300,4229120,0.9733460564259804,-0.027015600802825068
0,ab,3,qwen-3,aeb13307a71acd8fe81861d94ad54ab689df773318809eed3cbe794b4492dae4,nested,140-byte batch 512,140,512,13072379,13429530,4229120,0.9734055473274195,-0.026954482680366196
0,ab,4,qwen-3,aeb13307a71acd8fe81861d94ad54ab689df773318809eed3cbe794b4492dae4,nested,140-byte batch 512,140,512,11976960,11860670,4229120,1.0098046737663218,0.009756919839891338
0,ab,5,qwen-3,aeb13307a71acd8fe81861d94ad54ab689df773318809eed3cbe794b4492dae4,nested,140-byte batch 512,140,512,12112300,12986970,4229120,0.9326501870721192,-0.06972508191031795
0,ab,0,qwen-3,aeb13307a71acd8fe81861d94ad54ab689df773318809eed3cbe794b4492dae4,nested,4 KiB single,4096,1,33810990,35383620,4194304,0.955554858434496,-0.04546310362231839
0,ab,1,qwen-3,aeb13307a71acd8fe81861d94ad54ab689df773318809eed3cbe794b4492dae4,nested,4 KiB single,4096,1,30309119,35703439,4194304,0.8489131537160888,-0.1637983903457879
0,ab,2,qwen-3,aeb13307a71acd8fe81861d94ad54ab689df773318809eed3cbe794b4492dae4,nested,4 KiB single,4096,1,28221750,32048970,4194304,0.880582121671929,-0.12717208830590757
0,ab,3,qwen-3,aeb13307a71acd8fe81861d94ad54ab689df773318809eed3cbe794b4492dae4,nested,4 KiB single,4096,1,29726260,28783680,4194304,1.0327470288719163,0.032222270381294535
0,ab,4,qwen-3,aeb13307a71acd8fe81861d94ad54ab689df773318809eed3cbe794b4492dae4,nested,4 KiB single,4096,1,32494690,33657029,4194304,0.9654651930210477,-0.03514522849251753
0,ab,5,qwen-3,aeb13307a71acd8fe81861d94ad54ab689df773318809eed3cbe794b4492dae4,nested,4 KiB single,4096,1,35771010,32327330,4194304,1.1065253455822055,0.10122478633086147
0,ab,0,qwen-3,aeb13307a71acd8fe81861d94ad54ab689df773318809eed3cbe794b4492dae4,nested,64 KiB single,65536,1,29865890,34396230,4194304,0.8682896352303726,-0.14122993883997526
0,ab,1,qwen-3,aeb13307a71acd8fe81861d94ad54ab689df773318809eed3cbe794b4492dae4,nested,64 KiB single,65536,1,30739000,33594720,4194304,0.9149949754008964,-0.08883670508683393
0,ab,2,qwen-3,aeb13307a71acd8fe81861d94ad54ab689df773318809eed3cbe794b4492dae4,nested,64 KiB single,65536,1,29401940,29866230,4194304,0.9844543486071058,-0.015667752107992313
0,ab,3,qwen-3,aeb13307a71acd8fe81861d94ad54ab689df773318809eed3cbe794b4492dae4,nested,64 KiB single,65536,1,27052440,26135840,4194304,1.0350706156756393,0.03446965209586002
0,ab,4,qwen-3,aeb13307a71acd8fe81861d94ad54ab689df773318809eed3cbe794b4492dae4,nested,64 KiB single,65536,1,26914020,26175570,4194304,1.0282114200378445,0.027820807402955984
0,ab,5,qwen-3,aeb13307a71acd8fe81861d94ad54ab689df773318809eed3cbe794b4492dae4,nested,64 KiB single,65536,1,32978160,30071970,4194304,1.0966411578622883,0.0922520155307019
0,ba,0,deepseek-r1,ecb6f9fc369894346f0511f4074ca75cee5cd5f3b06d02f1ba35fcd39f8e121d,flat-ragged,140-byte batch 1,140,1,56344600,47171320,4194400,1.19446731615736,0.17770032546493697
0,ba,1,deepseek-r1,ecb6f9fc369894346f0511f4074ca75cee5cd5f3b06d02f1ba35fcd39f8e121d,flat-ragged,140-byte batch 1,140,1,52682800,47995779,4194400,1.0976548583574401,0.09317595702243538
0,ba,2,deepseek-r1,ecb6f9fc369894346f0511f4074ca75cee5cd5f3b06d02f1ba35fcd39f8e121d,flat-ragged,140-byte batch 1,140,1,47556160,42970670,4194400,1.1067120898975975,0.10139353850615142
0,ba,3,deepseek-r1,ecb6f9fc369894346f0511f4074ca75cee5cd5f3b06d02f1ba35fcd39f8e121d,flat-ragged,140-byte batch 1,140,1,40875380,37605499,4194400,1.086952203453011,0.08337763610792952
0,ba,4,deepseek-r1,ecb6f9fc369894346f0511f4074ca75cee5cd5f3b06d02f1ba35fcd39f8e121d,flat-ragged,140-byte batch 1,140,1,50198699,48994860,4194400,1.0245707202755554,0.024273715377920887
0,ba,5,deepseek-r1,ecb6f9fc369894346f0511f4074ca75cee5cd5f3b06d02f1ba35fcd39f8e121d,flat-ragged,140-byte batch 1,140,1,45980900,43495100,4194400,1.0571512653149435,0.055577804799478374
0,ba,0,deepseek-r1,ecb6f9fc369894346f0511f4074ca75cee5cd5f3b06d02f1ba35fcd39f8e121d,flat-ragged,140-byte batch 32,140,32,54397399,48833649,4197760,1.11393271061927,0.1078967362869008
0,ba,1,deepseek-r1,ecb6f9fc369894346f0511f4074ca75cee5cd5f3b06d02f1ba35fcd39f8e121d,flat-ragged,140-byte batch 32,140,32,49552789,45811439,4197760,1.0816684671267367,0.07850472601050595
0,ba,2,deepseek-r1,ecb6f9fc369894346f0511f4074ca75cee5cd5f3b06d02f1ba35fcd39f8e121d,flat-ragged,140-byte batch 32,140,32,43426480,41485990,4197760,1.0467745858300597,0.045713613417790074
0,ba,3,deepseek-r1,ecb6f9fc369894346f0511f4074ca75cee5cd5f3b06d02f1ba35fcd39f8e121d,flat-ragged,140-byte batch 32,140,32,39945070,34788610,4197760,1.1482226510343472,0.13821522598613792
0,ba,4,deepseek-r1,ecb6f9fc369894346f0511f4074ca75cee5cd5f3b06d02f1ba35fcd39f8e121d,flat-ragged,140-byte batch 32,140,32,48658250,45230880,4197760,1.0757750015033978,0.07304133346431757
0,ba,5,deepseek-r1,ecb6f9fc369894346f0511f4074ca75cee5cd5f3b06d02f1ba35fcd39f8e121d,flat-ragged,140-byte batch 32,140,32,44592140,41095270,4197760,1.0850917879356918,0.08166458059003644
0,ba,0,deepseek-r1,ecb6f9fc369894346f0511f4074ca75cee5cd5f3b06d02f1ba35fcd39f8e121d,flat-ragged,140-byte batch 512,140,512,14258960,14420490,4229120,0.9887985775795414,-0.011264630811762637
0,ba,1,deepseek-r1,ecb6f9fc369894346f0511f4074ca75cee5cd5f3b06d02f1ba35fcd39f8e121d,flat-ragged,140-byte batch 512,140,512,14360260,14134200,4229120,1.0159938305669935,0.01586727686127265
0,ba,2,deepseek-r1,ecb6f9fc369894346f0511f4074ca75cee5cd5f3b06d02f1ba35fcd39f8e121d,flat-ragged,140-byte batch 512,140,512,14151120,13489320,4229120,1.0490610349520955,0.047895511660620914
0,ba,3,deepseek-r1,ecb6f9fc369894346f0511f4074ca75cee5cd5f3b06d02f1ba35fcd39f8e121d,flat-ragged,140-byte batch 512,140,512,12108750,11736789,4229120,1.0316918877897523,0.031200064138692682
0,ba,4,deepseek-r1,ecb6f9fc369894346f0511f4074ca75cee5cd5f3b06d02f1ba35fcd39f8e121d,flat-ragged,140-byte batch 512,140,512,11817640,11150890,4229120,1.059793433528624,0.05807401510396496
0,ba,5,deepseek-r1,ecb6f9fc369894346f0511f4074ca75cee5cd5f3b06d02f1ba35fcd39f8e121d,flat-ragged,140-byte batch 512,140,512,11412099,11067950,4229120,1.0310941954020392,0.030620564006022852
0,ba,0,deepseek-r1,ecb6f9fc369894346f0511f4074ca75cee5cd5f3b06d02f1ba35fcd39f8e121d,flat-ragged,4 KiB single,4096,1,36756459,35974719,4194304,1.0217302600751377,0.021497523554689372
0,ba,1,deepseek-r1,ecb6f9fc369894346f0511f4074ca75cee5cd5f3b06d02f1ba35fcd39f8e121d,flat-ragged,4 KiB single,4096,1,38604849,38682819,4194304,0.9979843764747341,-0.0020176576281470088
0,ba,2,deepseek-r1,ecb6f9fc369894346f0511f4074ca75cee5cd5f3b06d02f1ba35fcd39f8e121d,flat-ragged,4 KiB single,4096,1,36045020,33808169,4194304,1.0661630329640153,0.06406625304031112
0,ba,3,deepseek-r1,ecb6f9fc369894346f0511f4074ca75cee5cd5f3b06d02f1ba35fcd39f8e121d,flat-ragged,4 KiB single,4096,1,33802490,32230949,4194304,1.0487587566844525,0.04760732840394647
0,ba,4,deepseek-r1,ecb6f9fc369894346f0511f4074ca75cee5cd5f3b06d02f1ba35fcd39f8e121d,flat-ragged,4 KiB single,4096,1,35061140,33749700,4194304,1.038857826884387,0.038121866261714425
0,ba,5,deepseek-r1,ecb6f9fc369894346f0511f4074ca75cee5cd5f3b06d02f1ba35fcd39f8e121d,flat-ragged,4 KiB single,4096,1,40796780,37577209,4194304,1.0856788219689226,0.08220543372750048
0,ba,0,deepseek-r1,ecb6f9fc369894346f0511f4074ca75cee5cd5f3b06d02f1ba35fcd39f8e121d,flat-ragged,64 KiB single,65536,1,38446390,31849540,4194304,1.207125440430223,0.18824186416371477
0,ba,1,deepseek-r1,ecb6f9fc369894346f0511f4074ca75cee5cd5f3b06d02f1ba35fcd39f8e121d,flat-ragged,64 KiB single,65536,1,37755170,33610540,4194304,1.1233134010938235,0.11628271170534545
0,ba,2,deepseek-r1,ecb6f9fc369894346f0511f4074ca75cee5cd5f3b06d02f1ba35fcd39f8e121d,flat-ragged,64 KiB single,65536,1,33992939,32080290,4194304,1.0596206892144677,0.05791100372012525
0,ba,3,deepseek-r1,ecb6f9fc369894346f0511f4074ca75cee5cd5f3b06d02f1ba35fcd39f8e121d,flat-ragged,64 KiB single,65536,1,34016950,31039420,4194304,1.0959273723542515,0.0916009202299933
0,ba,4,deepseek-r1,ecb6f9fc369894346f0511f4074ca75cee5cd5f3b06d02f1ba35fcd39f8e121d,flat-ragged,64 KiB single,65536,1,32831100,29478620,4194304,1.1137258121309614,0.10771098206398871
0,ba,5,deepseek-r1,ecb6f9fc369894346f0511f4074ca75cee5cd5f3b06d02f1ba35fcd39f8e121d,flat-ragged,64 KiB single,65536,1,34608739,32140510,4194304,1.0767949544048927,0.07398899416637934
0,ba,0,deepseek-r1,ecb6f9fc369894346f0511f4074ca75cee5cd5f3b06d02f1ba35fcd39f8e121d,nested,140-byte batch 1,140,1,53755509,49214259,4194400,1.0922750863728334,0.08826275619639912
0,ba,1,deepseek-r1,ecb6f9fc369894346f0511f4074ca75cee5cd5f3b06d02f1ba35fcd39f8e121d,nested,140-byte batch 1,140,1,53810180,47567240,4194400,1.1312445287975506,0.12331837959824854
0,ba,2,deepseek-r1,ecb6f9fc369894346f0511f4074ca75cee5cd5f3b06d02f1ba35fcd39f8e121d,nested,140-byte batch 1,140,1,48772590,44310969,4194400,1.1006888610357404,0.09593622110478822
0,ba,3,deepseek-r1,ecb6f9fc369894346f0511f4074ca75cee5cd5f3b06d02f1ba35fcd39f8e121d,nested,140-byte batch 1,140,1,40774939,39112149,4194400,1.0425133888705527,0.04163451764964584
0,ba,4,deepseek-r1,ecb6f9fc369894346f0511f4074ca75cee5cd5f3b06d02f1ba35fcd39f8e121d,nested,140-byte batch 1,140,1,53353449,49366249,4194400,1.0807677326263943,0.07767165213527331
0,ba,5,deepseek-r1,ecb6f9fc369894346f0511f4074ca75cee5cd5f3b06d02f1ba35fcd39f8e121d,nested,140-byte batch 1,140,1,47432280,44120499,4194400,1.0750621836801981,0.07237850519055743
0,ba,0,deepseek-r1,ecb6f9fc369894346f0511f4074ca75cee5cd5f3b06d02f1ba35fcd39f8e121d,nested,140-byte batch 32,140,32,59818520,48811000,4197760,1.2255131015549774,0.20335961471221947
0,ba,1,deepseek-r1,ecb6f9fc369894346f0511f4074ca75cee5cd5f3b06d02f1ba35fcd39f8e121d,nested,140-byte batch 32,140,32,53715629,46567079,4197760,1.1535108096430098,0.1428101697563879
0,ba,2,deepseek-r1,ecb6f9fc369894346f0511f4074ca75cee5cd5f3b06d02f1ba35fcd39f8e121d,nested,140-byte batch 32,140,32,52308459,47418390,4197760,1.1031260023800893,0.09814796981228045
0,ba,3,deepseek-r1,ecb6f9fc369894346f0511f4074ca75cee5cd5f3b06d02f1ba35fcd39f8e121d,nested,140-byte batch 32,140,32,40950870,41891440,4197760,0.9775474416730482,-0.022708454619469486
0,ba,4,deepseek-r1,ecb6f9fc369894346f0511f4074ca75cee5cd5f3b06d02f1ba35fcd39f8e121d,nested,140-byte batch 32,140,32,54352949,49706530,4197760,1.09347703410397,0.08936255872297945
0,ba,5,deepseek-r1,ecb6f9fc369894346f0511f4074ca75cee5cd5f3b06d02f1ba35fcd39f8e121d,nested,140-byte batch 32,140,32,45432780,46523620,4197760,0.9765529853437888,-0.02372626967273976
0,ba,0,deepseek-r1,ecb6f9fc369894346f0511f4074ca75cee5cd5f3b06d02f1ba35fcd39f8e121d,nested,140-byte batch 512,140,512,17573619,16798740,4229120,1.0461272095407155,0.045094973487887165
0,ba,1,deepseek-r1,ecb6f9fc369894346f0511f4074ca75cee5cd5f3b06d02f1ba35fcd39f8e121d,nested,140-byte batch 512,140,512,16129350,15816129,4229120,1.0198038976540973,0.019610351610529347
0,ba,2,deepseek-r1,ecb6f9fc369894346f0511f4074ca75cee5cd5f3b06d02f1ba35fcd39f8e121d,nested,140-byte batch 512,140,512,15867209,15724230,4229120,1.0090929094779204,0.009051817883459734
0,ba,3,deepseek-r1,ecb6f9fc369894346f0511f4074ca75cee5cd5f3b06d02f1ba35fcd39f8e121d,nested,140-byte batch 512,140,512,15063400,14646100,4229120,1.0284922265995726,0.028093872084814335
0,ba,4,deepseek-r1,ecb6f9fc369894346f0511f4074ca75cee5cd5f3b06d02f1ba35fcd39f8e121d,nested,140-byte batch 512,140,512,14013620,13895460,4229120,1.008503496825582,0.008467545759198905
0,ba,5,deepseek-r1,ecb6f9fc369894346f0511f4074ca75cee5cd5f3b06d02f1ba35fcd39f8e121d,nested,140-byte batch 512,140,512,14308400,13964660,4229120,1.0246149924165715,0.024316924874013678
0,ba,0,deepseek-r1,ecb6f9fc369894346f0511f4074ca75cee5cd5f3b06d02f1ba35fcd39f8e121d,nested,4 KiB single,4096,1,39239089,35913870,4194304,1.0925887129401537,0.08854984646680682
0,ba,1,deepseek-r1,ecb6f9fc369894346f0511f4074ca75cee5cd5f3b06d02f1ba35fcd39f8e121d,nested,4 KiB single,4096,1,41126590,39119800,4194304,1.0512985751460897,0.05002613827302792
0,ba,2,deepseek-r1,ecb6f9fc369894346f0511f4074ca75cee5cd5f3b06d02f1ba35fcd39f8e121d,nested,4 KiB single,4096,1,36834959,36116570,4194304,1.0198908423474322,0.019695604262980188
0,ba,3,deepseek-r1,ecb6f9fc369894346f0511f4074ca75cee5cd5f3b06d02f1ba35fcd39f8e121d,nested,4 KiB single,4096,1,35278989,36080190,4194304,0.9777938807971909,-0.02245638699054401
0,ba,4,deepseek-r1,ecb6f9fc369894346f0511f4074ca75cee5cd5f3b06d02f1ba35fcd39f8e121d,nested,4 KiB single,4096,1,35269780,34691140,4194304,1.0166797631902555,0.016542183694721418
0,ba,5,deepseek-r1,ecb6f9fc369894346f0511f4074ca75cee5cd5f3b06d02f1ba35fcd39f8e121d,nested,4 KiB single,4096,1,41895950,41628400,4194304,1.0064271026510747,0.00640653689859789
0,ba,0,deepseek-r1,ecb6f9fc369894346f0511f4074ca75cee5cd5f3b06d02f1ba35fcd39f8e121d,nested,64 KiB single,65536,1,37020909,33196440,4194304,1.1152072029410383,0.10904021988152635
0,ba,1,deepseek-r1,ecb6f9fc369894346f0511f4074ca75cee5cd5f3b06d02f1ba35fcd39f8e121d,nested,64 KiB single,65536,1,36305989,34589360,4194304,1.0496288164915453,0.0484365935674226
0,ba,2,deepseek-r1,ecb6f9fc369894346f0511f4074ca75cee5cd5f3b06d02f1ba35fcd39f8e121d,nested,64 KiB single,65536,1,34397280,34919050,4194304,0.98505772636999,-0.015055034075514064
0,ba,3,deepseek-r1,ecb6f9fc369894346f0511f4074ca75cee5cd5f3b06d02f1ba35fcd39f8e121d,nested,64 KiB single,65536,1,34407349,33492610,4194304,1.0273116666631834,0.02694535780285417
0,ba,4,deepseek-r1,ecb6f9fc369894346f0511f4074ca75cee5cd5f3b06d02f1ba35fcd39f8e121d,nested,64 KiB single,65536,1,32677770,30972570,4194304,1.0550551665554393,0.053593056134801524
0,ba,5,deepseek-r1,ecb6f9fc369894346f0511f4074ca75cee5cd5f3b06d02f1ba35fcd39f8e121d,nested,64 KiB single,65536,1,35867410,31714560,4194304,1.1309445882269846,0.12305320232366411
0,ba,0,gemma-3,4667f2089529e8e7657cfb6d1c19910ae71ff5f28aa7ab2ff2763330affad795,flat-ragged,140-byte batch 1,140,1,278524208,263176688,4194400,1.058316411368472,0.05667935429057902
0,ba,1,gemma-3,4667f2089529e8e7657cfb6d1c19910ae71ff5f28aa7ab2ff2763330affad795,flat-ragged,140-byte batch 1,140,1,272653158,226275778,4194400,1.2049595427752766,0.18644599191863215
0,ba,2,gemma-3,4667f2089529e8e7657cfb6d1c19910ae71ff5f28aa7ab2ff2763330affad795,flat-ragged,140-byte batch 1,140,1,253548128,235831168,4194400,1.0751256085031136,0.07243749987294229
0,ba,3,gemma-3,4667f2089529e8e7657cfb6d1c19910ae71ff5f28aa7ab2ff2763330affad795,flat-ragged,140-byte batch 1,140,1,209639588,200722308,4194400,1.0444259538904863,0.04346740806115129
0,ba,4,gemma-3,4667f2089529e8e7657cfb6d1c19910ae71ff5f28aa7ab2ff2763330affad795,flat-ragged,140-byte batch 1,140,1,204635499,193028309,4194400,1.0601320607331228,0.05839348596112046
0,ba,5,gemma-3,4667f2089529e8e7657cfb6d1c19910ae71ff5f28aa7ab2ff2763330affad795,flat-ragged,140-byte batch 1,140,1,214833958,180251248,4194400,1.1918583664951934,0.17551374152912816
0,ba,0,gemma-3,4667f2089529e8e7657cfb6d1c19910ae71ff5f28aa7ab2ff2763330affad795,flat-ragged,140-byte batch 32,140,32,83826770,81321239,4197760,1.03081029053185,0.030345182800035685
0,ba,1,gemma-3,4667f2089529e8e7657cfb6d1c19910ae71ff5f28aa7ab2ff2763330affad795,flat-ragged,140-byte batch 32,140,32,74901289,74185020,4197760,1.0096551702756162,0.009608856988906966
0,ba,2,gemma-3,4667f2089529e8e7657cfb6d1c19910ae71ff5f28aa7ab2ff2763330affad795,flat-ragged,140-byte batch 32,140,32,72926080,68306740,4197760,1.0676264157826885,0.0654378813881431
0,ba,3,gemma-3,4667f2089529e8e7657cfb6d1c19910ae71ff5f28aa7ab2ff2763330affad795,flat-ragged,140-byte batch 32,140,32,59014990,59312099,4197760,0.9949907522240952,-0.005021836113876602
0,ba,4,gemma-3,4667f2089529e8e7657cfb6d1c19910ae71ff5f28aa7ab2ff2763330affad795,flat-ragged,140-byte batch 32,140,32,67106240,66975850,4197760,1.0019468211303029,0.0019449285300175586
0,ba,5,gemma-3,4667f2089529e8e7657cfb6d1c19910ae71ff5f28aa7ab2ff2763330affad795,flat-ragged,140-byte batch 32,140,32,71925880,67097399,4197760,1.0719622678667469,0.06949086414365281
0,ba,0,gemma-3,4667f2089529e8e7657cfb6d1c19910ae71ff5f28aa7ab2ff2763330affad795,flat-ragged,140-byte batch 512,140,512,67051080,63989240,4229120,1.0478492946626652,0.04673977275543563
0,ba,1,gemma-3,4667f2089529e8e7657cfb6d1c19910ae71ff5f28aa7ab2ff2763330affad795,flat-ragged,140-byte batch 512,140,512,61700550,56145110,4229120,1.0989478870020915,0.0943532557367625
0,ba,2,gemma-3,4667f2089529e8e7657cfb6d1c19910ae71ff5f28aa7ab2ff2763330affad795,flat-ragged,140-byte batch 512,140,512,58975290,55811660,4229120,1.0566840334080727,0.05513573448798137
0,ba,3,gemma-3,4667f2089529e8e7657cfb6d1c19910ae71ff5f28aa7ab2ff2763330affad795,flat-ragged,140-byte batch 512,140,512,47269520,45828979,4229120,1.0314329717011588,0.030949070032580583
0,ba,4,gemma-3,4667f2089529e8e7657cfb6d1c19910ae71ff5f28aa7ab2ff2763330affad795,flat-ragged,140-byte batch 512,140,512,48870110,44590770,4229120,1.0959691882423201,0.09163907521305721
0,ba,5,gemma-3,4667f2089529e8e7657cfb6d1c19910ae71ff5f28aa7ab2ff2763330affad795,flat-ragged,140-byte batch 512,140,512,50851880,48018090,4229120,1.0590150503695586,0.057339278387553295
0,ba,0,gemma-3,4667f2089529e8e7657cfb6d1c19910ae71ff5f28aa7ab2ff2763330affad795,flat-ragged,4 KiB single,4096,1,218992129,172168359,4194304,1.2719650130370355,0.2405629590656192
0,ba,1,gemma-3,4667f2089529e8e7657cfb6d1c19910ae71ff5f28aa7ab2ff2763330affad795,flat-ragged,4 KiB single,4096,1,205168668,181359308,4194304,1.1312828123495045,0.12335222100317772
0,ba,2,gemma-3,4667f2089529e8e7657cfb6d1c19910ae71ff5f28aa7ab2ff2763330affad795,flat-ragged,4 KiB single,4096,1,180184909,156785519,4194304,1.1492445868039638,0.13910484549425048
0,ba,3,gemma-3,4667f2089529e8e7657cfb6d1c19910ae71ff5f28aa7ab2ff2763330affad795,flat-ragged,4 KiB single,4096,1,189408209,150663389,4194304,1.2571614793558108,0.22885638544307466
0,ba,4,gemma-3,4667f2089529e8e7657cfb6d1c19910ae71ff5f28aa7ab2ff2763330affad795,flat-ragged,4 KiB single,4096,1,205508478,167333909,4194304,1.2281340896661896,0.20549601730301253
0,ba,5,gemma-3,4667f2089529e8e7657cfb6d1c19910ae71ff5f28aa7ab2ff2763330affad795,flat-ragged,4 KiB single,4096,1,185052759,149533938,4194304,1.2375301652257698,0.21311759110363587
0,ba,0,gemma-3,4667f2089529e8e7657cfb6d1c19910ae71ff5f28aa7ab2ff2763330affad795,flat-ragged,64 KiB single,65536,1,91766340,87893100,4194304,1.0440676230557349,0.04312426040465571
0,ba,1,gemma-3,4667f2089529e8e7657cfb6d1c19910ae71ff5f28aa7ab2ff2763330affad795,flat-ragged,64 KiB single,65536,1,92201939,88515109,4194304,1.0416519850865236,0.040807900103991934
0,ba,2,gemma-3,4667f2089529e8e7657cfb6d1c19910ae71ff5f28aa7ab2ff2763330affad795,flat-ragged,64 KiB single,65536,1,80992090,78861969,4194304,1.0270107508981927,0.026652399146929
0,ba,3,gemma-3,4667f2089529e8e7657cfb6d1c19910ae71ff5f28aa7ab2ff2763330affad795,flat-ragged,64 KiB single,65536,1,83071610,84490049,4194304,0.9832117626065053,-0.01693075720697557
0,ba,4,gemma-3,4667f2089529e8e7657cfb6d1c19910ae71ff5f28aa7ab2ff2763330affad795,flat-ragged,64 KiB single,65536,1,86428649,87554040,4194304,0.9871463269998735,-0.01293699623138949
0,ba,5,gemma-3,4667f2089529e8e7657cfb6d1c19910ae71ff5f28aa7ab2ff2763330affad795,flat-ragged,64 KiB single,65536,1,94855399,96448470,4194304,0.9834826721460693,-0.016655259868405485
0,ba,0,gemma-3,4667f2089529e8e7657cfb6d1c19910ae71ff5f28aa7ab2ff2763330affad795,nested,140-byte batch 1,140,1,221886308,243784588,4194400,0.910173648877262,-0.0941198747335769
0,ba,1,gemma-3,4667f2089529e8e7657cfb6d1c19910ae71ff5f28aa7ab2ff2763330affad795,nested,140-byte batch 1,140,1,243480808,221058749,4194400,1.1014303170601947,0.09660962339822307
0,ba,2,gemma-3,4667f2089529e8e7657cfb6d1c19910ae71ff5f28aa7ab2ff2763330affad795,nested,140-byte batch 1,140,1,236358258,209664649,4194400,1.1273157355201067,0.11983935156234736
0,ba,3,gemma-3,4667f2089529e8e7657cfb6d1c19910ae71ff5f28aa7ab2ff2763330affad795,nested,140-byte batch 1,140,1,177317139,159636839,4194400,1.1107532578993249,0.10503839589221714
0,ba,4,gemma-3,4667f2089529e8e7657cfb6d1c19910ae71ff5f28aa7ab2ff2763330affad795,nested,140-byte batch 1,140,1,162665249,168378069,4194400,0.9660714721701672,-0.034517459752781636
0,ba,5,gemma-3,4667f2089529e8e7657cfb6d1c19910ae71ff5f28aa7ab2ff2763330affad795,nested,140-byte batch 1,140,1,182630739,178432209,4194400,1.0235301127724088,0.02325754705661603
0,ba,0,gemma-3,4667f2089529e8e7657cfb6d1c19910ae71ff5f28aa7ab2ff2763330affad795,nested,140-byte batch 32,140,32,52855529,51665020,4197760,1.0230428440751596,0.022781366908895272
0,ba,1,gemma-3,4667f2089529e8e7657cfb6d1c19910ae71ff5f28aa7ab2ff2763330affad795,nested,140-byte batch 32,140,32,50356169,49015870,4197760,1.0273441846487679,0.02697701077828206
0,ba,2,gemma-3,4667f2089529e8e7657cfb6d1c19910ae71ff5f28aa7ab2ff2763330affad795,nested,140-byte batch 32,140,32,49977350,48893370,4197760,1.0221702860735515,0.021928098326090266
0,ba,3,gemma-3,4667f2089529e8e7657cfb6d1c19910ae71ff5f28aa7ab2ff2763330affad795,nested,140-byte batch 32,140,32,49936050,48443849,4197760,1.0308026928248415,0.030337812156690118
0,ba,4,gemma-3,4667f2089529e8e7657cfb6d1c19910ae71ff5f28aa7ab2ff2763330affad795,nested,140-byte batch 32,140,32,51296409,48470950,4197760,1.058291801584248,0.05665610030897342
0,ba,5,gemma-3,4667f2089529e8e7657cfb6d1c19910ae71ff5f28aa7ab2ff2763330affad795,nested,140-byte batch 32,140,32,50469930,48477629,4197760,1.0410973275941362,0.04027527958924953
0,ba,0,gemma-3,4667f2089529e8e7657cfb6d1c19910ae71ff5f28aa7ab2ff2763330affad795,nested,140-byte batch 512,140,512,40808240,39776280,4229120,1.0259441053813982,0.025613267078815838
0,ba,1,gemma-3,4667f2089529e8e7657cfb6d1c19910ae71ff5f28aa7ab2ff2763330affad795,nested,140-byte batch 512,140,512,39851000,39081310,4229120,1.0196945803505564,0.019503151428891995
0,ba,2,gemma-3,4667f2089529e8e7657cfb6d1c19910ae71ff5f28aa7ab2ff2763330affad795,nested,140-byte batch 512,140,512,40372100,38457839,4229120,1.0497755737133332,0.048576402003292975
0,ba,3,gemma-3,4667f2089529e8e7657cfb6d1c19910ae71ff5f28aa7ab2ff2763330affad795,nested,140-byte batch 512,140,512,38642989,37580880,4229120,1.028261951290124,0.027869951002862797
0,ba,4,gemma-3,4667f2089529e8e7657cfb6d1c19910ae71ff5f28aa7ab2ff2763330affad795,nested,140-byte batch 512,140,512,38620710,38691870,4229120,0.9981608539468368,-0.0018408393587416103
0,ba,5,gemma-3,4667f2089529e8e7657cfb6d1c19910ae71ff5f28aa7ab2ff2763330affad795,nested,140-byte batch 512,140,512,38646899,39508880,4229120,0.9781826009747682,-0.022058917812036605
0,ba,0,gemma-3,4667f2089529e8e7657cfb6d1c19910ae71ff5f28aa7ab2ff2763330affad795,nested,4 KiB single,4096,1,157689699,137552889,4194304,1.1463932175208622,0.13662068118569667
0,ba,1,gemma-3,4667f2089529e8e7657cfb6d1c19910ae71ff5f28aa7ab2ff2763330affad795,nested,4 KiB single,4096,1,155643439,146241669,4194304,1.064289269018121,0.06230722334760338
0,ba,2,gemma-3,4667f2089529e8e7657cfb6d1c19910ae71ff5f28aa7ab2ff2763330affad795,nested,4 KiB single,4096,1,147541559,164184918,4194304,0.8986304028242107,-0.10688344937266926
0,ba,3,gemma-3,4667f2089529e8e7657cfb6d1c19910ae71ff5f28aa7ab2ff2763330affad795,nested,4 KiB single,4096,1,163679589,157952638,4194304,1.0362573938144672,0.03561556260665774
0,ba,4,gemma-3,4667f2089529e8e7657cfb6d1c19910ae71ff5f28aa7ab2ff2763330affad795,nested,4 KiB single,4096,1,173278539,176139599,4194304,0.983756860943007,-0.016376504999868903
0,ba,5,gemma-3,4667f2089529e8e7657cfb6d1c19910ae71ff5f28aa7ab2ff2763330affad795,nested,4 KiB single,4096,1,158624449,144237849,4194304,1.0997421973479375,0.09507578628898149
0,ba,0,gemma-3,4667f2089529e8e7657cfb6d1c19910ae71ff5f28aa7ab2ff2763330affad795,nested,64 KiB single,65536,1,79290190,74265259,4194304,1.067661933287003,0.06547114856194965
0,ba,1,gemma-3,4667f2089529e8e7657cfb6d1c19910ae71ff5f28aa7ab2ff2763330affad795,nested,64 KiB single,65536,1,77398420,75464609,4194304,1.0256254027633007,0.02530257556249533
0,ba,2,gemma-3,4667f2089529e8e7657cfb6d1c19910ae71ff5f28aa7ab2ff2763330affad795,nested,64 KiB single,65536,1,78004730,78018779,4194304,0.9998199279688804,-0.00018008824603437588
0,ba,3,gemma-3,4667f2089529e8e7657cfb6d1c19910ae71ff5f28aa7ab2ff2763330affad795,nested,64 KiB single,65536,1,99256879,93878840,4194304,1.0572870201634361,0.05570621228208165
0,ba,4,gemma-3,4667f2089529e8e7657cfb6d1c19910ae71ff5f28aa7ab2ff2763330affad795,nested,64 KiB single,65536,1,102121710,100514599,4194304,1.0159888316323085,0.015862356607986943
0,ba,5,gemma-3,4667f2089529e8e7657cfb6d1c19910ae71ff5f28aa7ab2ff2763330affad795,nested,64 KiB single,65536,1,83001880,83297789,4194304,0.9964475767778181,-0.0035587480610022055
0,ba,0,glm-4-7,9340665016419c825c4bdabbcc9acc43b7ca2c68ce142724afa829abb1be5efd,flat-ragged,140-byte batch 1,140,1,60826040,71785429,4194400,0.8473312878021527,-0.16566352998461958
0,ba,1,glm-4-7,9340665016419c825c4bdabbcc9acc43b7ca2c68ce142724afa829abb1be5efd,flat-ragged,140-byte batch 1,140,1,54166209,67822090,4194400,0.7986514275806009,-0.22483068925562483
0,ba,2,glm-4-7,9340665016419c825c4bdabbcc9acc43b7ca2c68ce142724afa829abb1be5efd,flat-ragged,140-byte batch 1,140,1,52380280,58140890,4194400,0.900919817360897,-0.1043390182740867
0,ba,3,glm-4-7,9340665016419c825c4bdabbcc9acc43b7ca2c68ce142724afa829abb1be5efd,flat-ragged,140-byte batch 1,140,1,58646189,65828560,4194400,0.8908927827070803,-0.11553119241409096
0,ba,4,glm-4-7,9340665016419c825c4bdabbcc9acc43b7ca2c68ce142724afa829abb1be5efd,flat-ragged,140-byte batch 1,140,1,51992410,61166640,4194400,0.8500125231662227,-0.16250419646957395
0,ba,5,glm-4-7,9340665016419c825c4bdabbcc9acc43b7ca2c68ce142724afa829abb1be5efd,flat-ragged,140-byte batch 1,140,1,48973479,58597920,4194400,0.8357545626192875,-0.17942029438568838
0,ba,0,glm-4-7,9340665016419c825c4bdabbcc9acc43b7ca2c68ce142724afa829abb1be5efd,flat-ragged,140-byte batch 32,140,32,59439619,68522080,4197760,0.8674520534111049,-0.14219503853166363
0,ba,1,glm-4-7,9340665016419c825c4bdabbcc9acc43b7ca2c68ce142724afa829abb1be5efd,flat-ragged,140-byte batch 32,140,32,51589549,58122489,4197760,0.8876004776739689,-0.11923354976029087
0,ba,2,glm-4-7,9340665016419c825c4bdabbcc9acc43b7ca2c68ce142724afa829abb1be5efd,flat-ragged,140-byte batch 32,140,32,47995700,59688659,4197760,0.8041008259207164,-0.21803061229174187
0,ba,3,glm-4-7,9340665016419c825c4bdabbcc9acc43b7ca2c68ce142724afa829abb1be5efd,flat-ragged,140-byte batch 32,140,32,53989380,64241040,4197760,0.8404188350624461,-0.17385489824144004
0,ba,4,glm-4-7,9340665016419c825c4bdabbcc9acc43b7ca2c68ce142724afa829abb1be5efd,flat-ragged,140-byte batch 32,140,32,49017150,60515939,4197760,0.8099874315756713,-0.21073654800928115
0,ba,5,glm-4-7,9340665016419c825c4bdabbcc9acc43b7ca2c68ce142724afa829abb1be5efd,flat-ragged,140-byte batch 32,140,32,46521460,52736110,4197760,0.8821556993870044,-0.1253867086376795
0,ba,0,glm-4-7,9340665016419c825c4bdabbcc9acc43b7ca2c68ce142724afa829abb1be5efd,flat-ragged,140-byte batch 512,140,512,17657050,19127080,4229120,0.9231440449875256,-0.07996999491402051
0,ba,1,glm-4-7,9340665016419c825c4bdabbcc9acc43b7ca2c68ce142724afa829abb1be5efd,flat-ragged,140-byte batch 512,140,512,16732040,18247400,4229120,0.9169547442375352,-0.08669715992003665
0,ba,2,glm-4-7,9340665016419c825c4bdabbcc9acc43b7ca2c68ce142724afa829abb1be5efd,flat-ragged,140-byte batch 512,140,512,15779180,17485290,4229120,0.9024259820683558,-0.10266860646715167
0,ba,3,glm-4-7,9340665016419c825c4bdabbcc9acc43b7ca2c68ce142724afa829abb1be5efd,flat-ragged,140-byte batch 512,140,512,13010880,14804820,4229120,0.8788273008385107,-0.12916687291130985
0,ba,4,glm-4-7,9340665016419c825c4bdabbcc9acc43b7ca2c68ce142724afa829abb1be5efd,flat-ragged,140-byte batch 512,140,512,13149190,14701370,4229120,0.8944193636375385,-0.11158052695257753
0,ba,5,glm-4-7,9340665016419c825c4bdabbcc9acc43b7ca2c68ce142724afa829abb1be5efd,flat-ragged,140-byte batch 512,140,512,12708460,13805970,4229120,0.9205046802216722,-0.08283319388773987
0,ba,0,glm-4-7,9340665016419c825c4bdabbcc9acc43b7ca2c68ce142724afa829abb1be5efd,flat-ragged,4 KiB single,4096,1,44729670,49145260,4194304,0.9101522710430263,-0.09414336265296844
0,ba,1,glm-4-7,9340665016419c825c4bdabbcc9acc43b7ca2c68ce142724afa829abb1be5efd,flat-ragged,4 KiB single,4096,1,40659900,45622369,4194304,0.8912272837037463,-0.11515579570889825
0,ba,2,glm-4-7,9340665016419c825c4bdabbcc9acc43b7ca2c68ce142724afa829abb1be5efd,flat-ragged,4 KiB single,4096,1,38010640,41254870,4194304,0.921361284134455,-0.08190304588444411
0,ba,3,glm-4-7,9340665016419c825c4bdabbcc9acc43b7ca2c68ce142724afa829abb1be5efd,flat-ragged,4 KiB single,4096,1,38410700,43036589,4194304,0.8925126477844236,-0.11371459424172396
0,ba,4,glm-4-7,9340665016419c825c4bdabbcc9acc43b7ca2c68ce142724afa829abb1be5efd,flat-ragged,4 KiB single,4096,1,42718499,48283520,4194304,0.8847428480773564,-0.12245824334124952
0,ba,5,glm-4-7,9340665016419c825c4bdabbcc9acc43b7ca2c68ce142724afa829abb1be5efd,flat-ragged,4 KiB single,4096,1,43312580,49022930,4194304,0.8835167543025274,-0.12384502384528485
0,ba,0,glm-4-7,9340665016419c825c4bdabbcc9acc43b7ca2c68ce142724afa829abb1be5efd,flat-ragged,64 KiB single,65536,1,17342080,18684560,4194304,0.9281503016394285,-0.07456159633700078
0,ba,1,glm-4-7,9340665016419c825c4bdabbcc9acc43b7ca2c68ce142724afa829abb1be5efd,flat-ragged,64 KiB single,65536,1,16761870,18027620,4194304,0.9297882915215653,-0.0727983622747543
0,ba,2,glm-4-7,9340665016419c825c4bdabbcc9acc43b7ca2c68ce142724afa829abb1be5efd,flat-ragged,64 KiB single,65536,1,16178560,17257100,4194304,0.9375016659809585,-0.06453674409279436
0,ba,3,glm-4-7,9340665016419c825c4bdabbcc9acc43b7ca2c68ce142724afa829abb1be5efd,flat-ragged,64 KiB single,65536,1,17288350,17643810,4194304,0.9798535577066405,-0.020352149395021803
0,ba,4,glm-4-7,9340665016419c825c4bdabbcc9acc43b7ca2c68ce142724afa829abb1be5efd,flat-ragged,64 KiB single,65536,1,16255180,17218580,4194304,0.9440488123875488,-0.05757740613579325
0,ba,5,glm-4-7,9340665016419c825c4bdabbcc9acc43b7ca2c68ce142724afa829abb1be5efd,flat-ragged,64 KiB single,65536,1,16198000,17197340,4194304,0.9418898504070978,-0.05986694287009439
0,ba,0,glm-4-7,9340665016419c825c4bdabbcc9acc43b7ca2c68ce142724afa829abb1be5efd,nested,140-byte batch 1,140,1,69862159,74311339,4194400,0.9401278450923889,-0.06173940754855076
0,ba,1,glm-4-7,9340665016419c825c4bdabbcc9acc43b7ca2c68ce142724afa829abb1be5efd,nested,140-byte batch 1,140,1,60032109,64374109,4194400,0.9325505227575266,-0.06983194903101146
0,ba,2,glm-4-7,9340665016419c825c4bdabbcc9acc43b7ca2c68ce142724afa829abb1be5efd,nested,140-byte batch 1,140,1,58009589,64900750,4194400,0.8938200097841704,-0.11225085541611433
0,ba,3,glm-4-7,9340665016419c825c4bdabbcc9acc43b7ca2c68ce142724afa829abb1be5efd,nested,140-byte batch 1,140,1,66228799,75257749,4194400,0.8800263079885634,-0.12780347651519539
0,ba,4,glm-4-7,9340665016419c825c4bdabbcc9acc43b7ca2c68ce142724afa829abb1be5efd,nested,140-byte batch 1,140,1,59526039,64302810,4194400,0.9257144283430226,-0.07718948461688899
0,ba,5,glm-4-7,9340665016419c825c4bdabbcc9acc43b7ca2c68ce142724afa829abb1be5efd,nested,140-byte batch 1,140,1,54147670,65748740,4194400,0.8235544894092267,-0.19412556347910315
0,ba,0,glm-4-7,9340665016419c825c4bdabbcc9acc43b7ca2c68ce142724afa829abb1be5efd,nested,140-byte batch 32,140,32,61870629,74256269,4197760,0.8332041164093499,-0.18247662912582732
0,ba,1,glm-4-7,9340665016419c825c4bdabbcc9acc43b7ca2c68ce142724afa829abb1be5efd,nested,140-byte batch 32,140,32,54640009,68035489,4197760,0.8031104031603271,-0.21926308611700993
0,ba,2,glm-4-7,9340665016419c825c4bdabbcc9acc43b7ca2c68ce142724afa829abb1be5efd,nested,140-byte batch 32,140,32,53512450,64183240,4197760,0.8337449153392693,-0.1818277803145048
0,ba,3,glm-4-7,9340665016419c825c4bdabbcc9acc43b7ca2c68ce142724afa829abb1be5efd,nested,140-byte batch 32,140,32,60428460,77687159,4197760,0.7778436073328412,-0.2512297938631322
0,ba,4,glm-4-7,9340665016419c825c4bdabbcc9acc43b7ca2c68ce142724afa829abb1be5efd,nested,140-byte batch 32,140,32,52121429,63862919,4197760,0.8161454223537762,-0.20316272622735612
0,ba,5,glm-4-7,9340665016419c825c4bdabbcc9acc43b7ca2c68ce142724afa829abb1be5efd,nested,140-byte batch 32,140,32,52251250,60995950,4197760,0.8566347437821692,-0.15474365452281066
0,ba,0,glm-4-7,9340665016419c825c4bdabbcc9acc43b7ca2c68ce142724afa829abb1be5efd,nested,140-byte batch 512,140,512,19262160,20779670,4229120,0.9269714100368293,-0.07583255527610587
0,ba,1,glm-4-7,9340665016419c825c4bdabbcc9acc43b7ca2c68ce142724afa829abb1be5efd,nested,140-byte batch 512,140,512,18207330,19700270,4229120,0.924217282301207,-0.07880808097918705
0,ba,2,glm-4-7,9340665016419c825c4bdabbcc9acc43b7ca2c68ce142724afa829abb1be5efd,nested,140-byte batch 512,140,512,18136500,19269640,4229120,0.941195580197658,-0.06060431806254579
0,ba,3,glm-4-7,9340665016419c825c4bdabbcc9acc43b7ca2c68ce142724afa829abb1be5efd,nested,140-byte batch 512,140,512,15855830,16955890,4229120,0.9351222495545796,-0.06707801005353313
0,ba,4,glm-4-7,9340665016419c825c4bdabbcc9acc43b7ca2c68ce142724afa829abb1be5efd,nested,140-byte batch 512,140,512,15622929,16404750,4229120,0.9523417912494857,-0.048831284202889
0,ba,5,glm-4-7,9340665016419c825c4bdabbcc9acc43b7ca2c68ce142724afa829abb1be5efd,nested,140-byte batch 512,140,512,15527920,15853220,4229120,0.9794805093223964,-0.02073294039440202
0,ba,0,glm-4-7,9340665016419c825c4bdabbcc9acc43b7ca2c68ce142724afa829abb1be5efd,nested,4 KiB single,4096,1,49477210,59314070,4194304,0.8341563814454143,-0.1813343864724527
0,ba,1,glm-4-7,9340665016419c825c4bdabbcc9acc43b7ca2c68ce142724afa829abb1be5efd,nested,4 KiB single,4096,1,43413470,48549510,4194304,0.8942102608244655,-0.11181434038288843
0,ba,2,glm-4-7,9340665016419c825c4bdabbcc9acc43b7ca2c68ce142724afa829abb1be5efd,nested,4 KiB single,4096,1,41122870,45447140,4194304,0.9048505582529506,-0.09998547791977026
0,ba,3,glm-4-7,9340665016419c825c4bdabbcc9acc43b7ca2c68ce142724afa829abb1be5efd,nested,4 KiB single,4096,1,37952000,48501620,4194304,0.7824893271606186,-0.24527499607219644
0,ba,4,glm-4-7,9340665016419c825c4bdabbcc9acc43b7ca2c68ce142724afa829abb1be5efd,nested,4 KiB single,4096,1,43429520,49943119,4194304,0.8695796512028013,-0.1397453436296971
0,ba,5,glm-4-7,9340665016419c825c4bdabbcc9acc43b7ca2c68ce142724afa829abb1be5efd,nested,4 KiB single,4096,1,43016619,50639639,4194304,0.8494653565757054,-0.1631481196602737
0,ba,0,glm-4-7,9340665016419c825c4bdabbcc9acc43b7ca2c68ce142724afa829abb1be5efd,nested,64 KiB single,65536,1,42701719,48985540,4194304,0.8717208996777417,-0.13728597548313054
0,ba,1,glm-4-7,9340665016419c825c4bdabbcc9acc43b7ca2c68ce142724afa829abb1be5efd,nested,64 KiB single,65536,1,39712320,43810740,4194304,0.9064517056776489,-0.09821752579644374
0,ba,2,glm-4-7,9340665016419c825c4bdabbcc9acc43b7ca2c68ce142724afa829abb1be5efd,nested,64 KiB single,65536,1,40097410,41087630,4194304,0.9758998024466244,-0.02439535926672851
0,ba,3,glm-4-7,9340665016419c825c4bdabbcc9acc43b7ca2c68ce142724afa829abb1be5efd,nested,64 KiB single,65536,1,35311380,42704060,4194304,0.8268857808835974,-0.19008870609227668
0,ba,4,glm-4-7,9340665016419c825c4bdabbcc9acc43b7ca2c68ce142724afa829abb1be5efd,nested,64 KiB single,65536,1,36597369,43274770,4194304,0.8456975970062925,-0.16759343362368903
0,ba,5,glm-4-7,9340665016419c825c4bdabbcc9acc43b7ca2c68ce142724afa829abb1be5efd,nested,64 KiB single,65536,1,39061929,43292789,4194304,0.9022733324018464,-0.10283777555326978
0,ba,0,gpt-2,8414cab924d8b9b33013f0d221c5862f365ee9be39c5c2bfae8a5a9e970478a6,flat-ragged,140-byte batch 1,140,1,32148070,35300819,4194400,0.9106890692819336,-0.09355374702576301
0,ba,1,gpt-2,8414cab924d8b9b33013f0d221c5862f365ee9be39c5c2bfae8a5a9e970478a6,flat-ragged,140-byte batch 1,140,1,30739969,32577780,4194400,0.9435869786093466,-0.058066731237192575
0,ba,2,gpt-2,8414cab924d8b9b33013f0d221c5862f365ee9be39c5c2bfae8a5a9e970478a6,flat-ragged,140-byte batch 1,140,1,35488149,40872740,4194400,0.8682596028551058,-0.1412645274074758
0,ba,3,gpt-2,8414cab924d8b9b33013f0d221c5862f365ee9be39c5c2bfae8a5a9e970478a6,flat-ragged,140-byte batch 1,140,1,34197629,34708660,4194400,0.9852765563406942,-0.014832909359394415
0,ba,4,gpt-2,8414cab924d8b9b33013f0d221c5862f365ee9be39c5c2bfae8a5a9e970478a6,flat-ragged,140-byte batch 1,140,1,31891540,35058600,4194400,0.9096638200042215,-0.09468017629357472
0,ba,5,gpt-2,8414cab924d8b9b33013f0d221c5862f365ee9be39c5c2bfae8a5a9e970478a6,flat-ragged,140-byte batch 1,140,1,23682780,24707230,4194400,0.9585364284057744,-0.042347711578806714
0,ba,0,gpt-2,8414cab924d8b9b33013f0d221c5862f365ee9be39c5c2bfae8a5a9e970478a6,flat-ragged,140-byte batch 32,140,32,27377540,29702870,4197760,0.9217136256530093,-0.0815207049161248
0,ba,1,gpt-2,8414cab924d8b9b33013f0d221c5862f365ee9be39c5c2bfae8a5a9e970478a6,flat-ragged,140-byte batch 32,140,32,25398690,27046610,4197760,0.9390711072478214,-0.0628640760724861
0,ba,2,gpt-2,8414cab924d8b9b33013f0d221c5862f365ee9be39c5c2bfae8a5a9e970478a6,flat-ragged,140-byte batch 32,140,32,30611430,37484040,4197760,0.8166523672475006,-0.20254177375762347
0,ba,3,gpt-2,8414cab924d8b9b33013f0d221c5862f365ee9be39c5c2bfae8a5a9e970478a6,flat-ragged,140-byte batch 32,140,32,27325870,29781500,4197760,0.9175451202927992,-0.08605352283173809
0,ba,4,gpt-2,8414cab924d8b9b33013f0d221c5862f365ee9be39c5c2bfae8a5a9e970478a6,flat-ragged,140-byte batch 32,140,32,25725490,27576040,4197760,0.9328928301525528,-0.06946495059245343
0,ba,5,gpt-2,8414cab924d8b9b33013f0d221c5862f365ee9be39c5c2bfae8a5a9e970478a6,flat-ragged,140-byte batch 32,140,32,19872390,20999080,4197760,0.9463457446707189,-0.05514729607759496
0,ba,0,gpt-2,8414cab924d8b9b33013f0d221c5862f365ee9be39c5c2bfae8a5a9e970478a6,flat-ragged,140-byte batch 512,140,512,10417989,11307510,4229120,0.9213336092561493,-0.08193308328065879
0,ba,1,gpt-2,8414cab924d8b9b33013f0d221c5862f365ee9be39c5c2bfae8a5a9e970478a6,flat-ragged,140-byte batch 512,140,512,9928770,10876400,4229120,0.9128728255672833,-0.09115870100577546
0,ba,2,gpt-2,8414cab924d8b9b33013f0d221c5862f365ee9be39c5c2bfae8a5a9e970478a6,flat-ragged,140-byte batch 512,140,512,9485310,10480690,4229120,0.9050272453435795,-0.09979023038334642
0,ba,3,gpt-2,8414cab924d8b9b33013f0d221c5862f365ee9be39c5c2bfae8a5a9e970478a6,flat-ragged,140-byte batch 512,140,512,8168830,8973810,4229120,0.9102967412949461,-0.09398464329170764
0,ba,4,gpt-2,8414cab924d8b9b33013f0d221c5862f365ee9be39c5c2bfae8a5a9e970478a6,flat-ragged,140-byte batch 512,140,512,7817030,10388390,4229120,0.7524775253913263,-0.28438414939472134
0,ba,5,gpt-2,8414cab924d8b9b33013f0d221c5862f365ee9be39c5c2bfae8a5a9e970478a6,flat-ragged,140-byte batch 512,140,512,7959230,8584360,4229120,0.9271780307442838,-0.07560968143027086
0,ba,0,gpt-2,8414cab924d8b9b33013f0d221c5862f365ee9be39c5c2bfae8a5a9e970478a6,flat-ragged,4 KiB single,4096,1,21151620,22575940,4194304,0.9369098252387276,-0.06516823911368115
0,ba,1,gpt-2,8414cab924d8b9b33013f0d221c5862f365ee9be39c5c2bfae8a5a9e970478a6,flat-ragged,4 KiB single,4096,1,20761130,21780439,4194304,0.9532007137229879,-0.047929784992631126
0,ba,2,gpt-2,8414cab924d8b9b33013f0d221c5862f365ee9be39c5c2bfae8a5a9e970478a6,flat-ragged,4 KiB single,4096,1,20010490,21294300,4194304,0.9397110963966883,-0.062182795216856
0,ba,3,gpt-2,8414cab924d8b9b33013f0d221c5862f365ee9be39c5c2bfae8a5a9e970478a6,flat-ragged,4 KiB single,4096,1,23835049,26608360,4194304,0.8957729450443395,-0.11006830766955993
0,ba,4,gpt-2,8414cab924d8b9b33013f0d221c5862f365ee9be39c5c2bfae8a5a9e970478a6,flat-ragged,4 KiB single,4096,1,24199690,25656020,4194304,0.9432363242622979,-0.058438418772058194
0,ba,5,gpt-2,8414cab924d8b9b33013f0d221c5862f365ee9be39c5c2bfae8a5a9e970478a6,flat-ragged,4 KiB single,4096,1,22470340,23456650,4194304,0.9579517961857299,-0.04295781941111959
0,ba,0,gpt-2,8414cab924d8b9b33013f0d221c5862f365ee9be39c5c2bfae8a5a9e970478a6,flat-ragged,64 KiB single,65536,1,20357590,22887410,4194304,0.8894667417588972,-0.11713316239100616
0,ba,1,gpt-2,8414cab924d8b9b33013f0d221c5862f365ee9be39c5c2bfae8a5a9e970478a6,flat-ragged,64 KiB single,65536,1,18635869,20500190,4194304,0.9090583550689042,-0.09534598986970298
0,ba,2,gpt-2,8414cab924d8b9b33013f0d221c5862f365ee9be39c5c2bfae8a5a9e970478a6,flat-ragged,64 KiB single,65536,1,17603650,19264030,4194304,0.9138093119663954,-0.09013335952800482
0,ba,3,gpt-2,8414cab924d8b9b33013f0d221c5862f365ee9be39c5c2bfae8a5a9e970478a6,flat-ragged,64 KiB single,65536,1,20817230,22164730,4194304,0.9392052147713958,-0.06272127756916666
0,ba,4,gpt-2,8414cab924d8b9b33013f0d221c5862f365ee9be39c5c2bfae8a5a9e970478a6,flat-ragged,64 KiB single,65536,1,22678120,24707340,4194304,0.9178697504466284,-0.08569978247320696
0,ba,5,gpt-2,8414cab924d8b9b33013f0d221c5862f365ee9be39c5c2bfae8a5a9e970478a6,flat-ragged,64 KiB single,65536,1,21424080,23059609,4194304,0.9290738624405991,-0.07356703585780684
0,ba,0,gpt-2,8414cab924d8b9b33013f0d221c5862f365ee9be39c5c2bfae8a5a9e970478a6,nested,140-byte batch 1,140,1,33103069,34888820,4194400,0.9488159530760857,-0.052540436929685665
0,ba,1,gpt-2,8414cab924d8b9b33013f0d221c5862f365ee9be39c5c2bfae8a5a9e970478a6,nested,140-byte batch 1,140,1,29524390,32243769,4194400,0.9156618756324671,-0.08810811385937799
0,ba,2,gpt-2,8414cab924d8b9b33013f0d221c5862f365ee9be39c5c2bfae8a5a9e970478a6,nested,140-byte batch 1,140,1,34182809,40137760,4194400,0.8516371865295921,-0.1605946802539001
0,ba,3,gpt-2,8414cab924d8b9b33013f0d221c5862f365ee9be39c5c2bfae8a5a9e970478a6,nested,140-byte batch 1,140,1,33926970,35843879,4194400,0.9465206039781576,-0.054962539971532866
0,ba,4,gpt-2,8414cab924d8b9b33013f0d221c5862f365ee9be39c5c2bfae8a5a9e970478a6,nested,140-byte batch 1,140,1,31761270,31993400,4194400,0.9927444410409647,-0.007282008542268728
0,ba,5,gpt-2,8414cab924d8b9b33013f0d221c5862f365ee9be39c5c2bfae8a5a9e970478a6,nested,140-byte batch 1,140,1,25510099,26554850,4194400,0.9606568668247043,-0.04013799222743501
0,ba,0,gpt-2,8414cab924d8b9b33013f0d221c5862f365ee9be39c5c2bfae8a5a9e970478a6,nested,140-byte batch 32,140,32,33363539,35744900,4197760,0.9333789995216101,-0.06894394462502194
0,ba,1,gpt-2,8414cab924d8b9b33013f0d221c5862f365ee9be39c5c2bfae8a5a9e970478a6,nested,140-byte batch 32,140,32,30324450,32572340,4197760,0.9309877644651874,-0.07150914414891016
0,ba,2,gpt-2,8414cab924d8b9b33013f0d221c5862f365ee9be39c5c2bfae8a5a9e970478a6,nested,140-byte batch 32,140,32,35175750,40397670,4197760,0.8707370994416262,-0.13841518530184735
0,ba,3,gpt-2,8414cab924d8b9b33013f0d221c5862f365ee9be39c5c2bfae8a5a9e970478a6,nested,140-byte batch 32,140,32,33553590,36025580,4197760,0.9313823677509148,-0.07108537952252739
0,ba,4,gpt-2,8414cab924d8b9b33013f0d221c5862f365ee9be39c5c2bfae8a5a9e970478a6,nested,140-byte batch 32,140,32,29782599,33642000,4197760,0.8852802746566791,-0.12185098958401314
0,ba,5,gpt-2,8414cab924d8b9b33013f0d221c5862f365ee9be39c5c2bfae8a5a9e970478a6,nested,140-byte batch 32,140,32,23774690,26961729,4197760,0.8817939680352102,-0.12579684659517984
0,ba,0,gpt-2,8414cab924d8b9b33013f0d221c5862f365ee9be39c5c2bfae8a5a9e970478a6,nested,140-byte batch 512,140,512,13196130,13240169,4229120,0.996673833997134,-0.003331709989899625
0,ba,1,gpt-2,8414cab924d8b9b33013f0d221c5862f365ee9be39c5c2bfae8a5a9e970478a6,nested,140-byte batch 512,140,512,12032400,12597429,4229120,0.9551472764799865,-0.04588973418209402
0,ba,2,gpt-2,8414cab924d8b9b33013f0d221c5862f365ee9be39c5c2bfae8a5a9e970478a6,nested,140-byte batch 512,140,512,11622030,12295590,4229120,0.9452193835350723,-0.05633822654250884
0,ba,3,gpt-2,8414cab924d8b9b33013f0d221c5862f365ee9be39c5c2bfae8a5a9e970478a6,nested,140-byte batch 512,140,512,10606450,10927550,4229120,0.9706155542642221,-0.02982481672811204
0,ba,4,gpt-2,8414cab924d8b9b33013f0d221c5862f365ee9be39c5c2bfae8a5a9e970478a6,nested,140-byte batch 512,140,512,10262010,10460300,4229120,0.9810435647161171,-0.019138411925617622
0,ba,5,gpt-2,8414cab924d8b9b33013f0d221c5862f365ee9be39c5c2bfae8a5a9e970478a6,nested,140-byte batch 512,140,512,10242760,10510550,4229120,0.9745217900109889,-0.02580840008852042
0,ba,0,gpt-2,8414cab924d8b9b33013f0d221c5862f365ee9be39c5c2bfae8a5a9e970478a6,nested,4 KiB single,4096,1,21441660,24639980,4194304,0.8701979465892423,-0.13903456839813189
0,ba,1,gpt-2,8414cab924d8b9b33013f0d221c5862f365ee9be39c5c2bfae8a5a9e970478a6,nested,4 KiB single,4096,1,20864520,22333040,4194304,0.9342445094801245,-0.06801708756169685
0,ba,2,gpt-2,8414cab924d8b9b33013f0d221c5862f365ee9be39c5c2bfae8a5a9e970478a6,nested,4 KiB single,4096,1,22042150,24084000,4194304,0.9152196478990201,-0.08859119016591474
0,ba,3,gpt-2,8414cab924d8b9b33013f0d221c5862f365ee9be39c5c2bfae8a5a9e970478a6,nested,4 KiB single,4096,1,26253650,30873020,4194304,0.8503751819549885,-0.16207763634664138
0,ba,4,gpt-2,8414cab924d8b9b33013f0d221c5862f365ee9be39c5c2bfae8a5a9e970478a6,nested,4 KiB single,4096,1,26296500,27429100,4194304,0.9587080873962325,-0.04216864314021999
0,ba,5,gpt-2,8414cab924d8b9b33013f0d221c5862f365ee9be39c5c2bfae8a5a9e970478a6,nested,4 KiB single,4096,1,24204769,25641159,4194304,0.9439810813543958,-0.05764915397559864
0,ba,0,gpt-2,8414cab924d8b9b33013f0d221c5862f365ee9be39c5c2bfae8a5a9e970478a6,nested,64 KiB single,65536,1,21666320,23871940,4194304,0.9076061685811878,-0.09694472951383992
0,ba,1,gpt-2,8414cab924d8b9b33013f0d221c5862f365ee9be39c5c2bfae8a5a9e970478a6,nested,64 KiB single,65536,1,20671290,21764400,4194304,0.9497753211666758,-0.05152982639411823
0,ba,2,gpt-2,8414cab924d8b9b33013f0d221c5862f365ee9be39c5c2bfae8a5a9e970478a6,nested,64 KiB single,65536,1,19599689,22212760,4194304,0.8823617146180843,-0.12515319976961073
0,ba,3,gpt-2,8414cab924d8b9b33013f0d221c5862f365ee9be39c5c2bfae8a5a9e970478a6,nested,64 KiB single,65536,1,24759900,26378750,4194304,0.9386305264654314,-0.06333335274835936
0,ba,4,gpt-2,8414cab924d8b9b33013f0d221c5862f365ee9be39c5c2bfae8a5a9e970478a6,nested,64 KiB single,65536,1,23978859,25875020,4194304,0.926718472101664,-0.07610545738251781
0,ba,5,gpt-2,8414cab924d8b9b33013f0d221c5862f365ee9be39c5c2bfae8a5a9e970478a6,nested,64 KiB single,65536,1,21973540,22730450,4194304,0.9667006152539875,-0.03386643306408404
0,ba,0,gpt-oss,0614fe83cadab421296e664e1f48f4261fa8fef6e03e63bb75c20f38e37d07d3,flat-ragged,140-byte batch 1,140,1,57833359,63724580,4194400,0.9075518269402482,-0.09700460489778992
0,ba,1,gpt-oss,0614fe83cadab421296e664e1f48f4261fa8fef6e03e63bb75c20f38e37d07d3,flat-ragged,140-byte batch 1,140,1,54602720,62174410,4194400,0.8782185468265803,-0.1298598019399942
0,ba,2,gpt-oss,0614fe83cadab421296e664e1f48f4261fa8fef6e03e63bb75c20f38e37d07d3,flat-ragged,140-byte batch 1,140,1,54951500,58559899,4194400,0.9383810583416478,-0.06359916690451249
0,ba,3,gpt-oss,0614fe83cadab421296e664e1f48f4261fa8fef6e03e63bb75c20f38e37d07d3,flat-ragged,140-byte batch 1,140,1,54186539,61393659,4194400,0.8826080719508834,-0.12487403653829227
0,ba,4,gpt-oss,0614fe83cadab421296e664e1f48f4261fa8fef6e03e63bb75c20f38e37d07d3,flat-ragged,140-byte batch 1,140,1,47937440,54110199,4194400,0.885922448742057,-0.12112586184450286
0,ba,5,gpt-oss,0614fe83cadab421296e664e1f48f4261fa8fef6e03e63bb75c20f38e37d07d3,flat-ragged,140-byte batch 1,140,1,41060699,46945770,4194400,0.8746410805488971,-0.13394167043535793
0,ba,0,gpt-oss,0614fe83cadab421296e664e1f48f4261fa8fef6e03e63bb75c20f38e37d07d3,flat-ragged,140-byte batch 32,140,32,59566620,59763110,4197760,0.996712185828348,-0.0032932309087410115
0,ba,1,gpt-oss,0614fe83cadab421296e664e1f48f4261fa8fef6e03e63bb75c20f38e37d07d3,flat-ragged,140-byte batch 32,140,32,53524919,53050270,4197760,1.0089471552171176,0.00890736657785274
0,ba,2,gpt-oss,0614fe83cadab421296e664e1f48f4261fa8fef6e03e63bb75c20f38e37d07d3,flat-ragged,140-byte batch 32,140,32,49417809,52169300,4197760,0.9472584259324929,-0.05418333397124094
0,ba,3,gpt-oss,0614fe83cadab421296e664e1f48f4261fa8fef6e03e63bb75c20f38e37d07d3,flat-ragged,140-byte batch 32,140,32,56170689,57670759,4197760,0.97398907130735,-0.026355195826216656
0,ba,4,gpt-oss,0614fe83cadab421296e664e1f48f4261fa8fef6e03e63bb75c20f38e37d07d3,flat-ragged,140-byte batch 32,140,32,52219029,52283039,4197760,0.9987757023840944,-0.0012250476804957725
0,ba,5,gpt-oss,0614fe83cadab421296e664e1f48f4261fa8fef6e03e63bb75c20f38e37d07d3,flat-ragged,140-byte batch 32,140,32,43690170,44861170,4197760,0.973897247887204,-0.026449475886925748
0,ba,0,gpt-oss,0614fe83cadab421296e664e1f48f4261fa8fef6e03e63bb75c20f38e37d07d3,flat-ragged,140-byte batch 512,140,512,17088450,17649959,4229120,0.9681863850221974,-0.032330663729725685
0,ba,1,gpt-oss,0614fe83cadab421296e664e1f48f4261fa8fef6e03e63bb75c20f38e37d07d3,flat-ragged,140-byte batch 512,140,512,16104290,16316520,4229120,0.9869929372194561,-0.013092395380280524
0,ba,2,gpt-oss,0614fe83cadab421296e664e1f48f4261fa8fef6e03e63bb75c20f38e37d07d3,flat-ragged,140-byte batch 512,140,512,15695560,15614030,4229120,1.0052215859710785,0.00520800076142454
0,ba,3,gpt-oss,0614fe83cadab421296e664e1f48f4261fa8fef6e03e63bb75c20f38e37d07d3,flat-ragged,140-byte batch 512,140,512,13082110,13163690,4229120,0.9938026495610274,-0.00621663372668059
0,ba,4,gpt-oss,0614fe83cadab421296e664e1f48f4261fa8fef6e03e63bb75c20f38e37d07d3,flat-ragged,140-byte batch 512,140,512,12825920,12692610,4229120,1.0105029619597545,0.010448189039582704
0,ba,5,gpt-oss,0614fe83cadab421296e664e1f48f4261fa8fef6e03e63bb75c20f38e37d07d3,flat-ragged,140-byte batch 512,140,512,12400520,12067460,4229120,1.027599842883258,0.027225833356789197
0,ba,0,gpt-oss,0614fe83cadab421296e664e1f48f4261fa8fef6e03e63bb75c20f38e37d07d3,flat-ragged,4 KiB single,4096,1,40353050,47823720,4194304,0.843787350712157,-0.16985477026447016
0,ba,1,gpt-oss,0614fe83cadab421296e664e1f48f4261fa8fef6e03e63bb75c20f38e37d07d3,flat-ragged,4 KiB single,4096,1,37785580,44853359,4194304,0.8424247557468327,-0.17147093143030903
0,ba,2,gpt-oss,0614fe83cadab421296e664e1f48f4261fa8fef6e03e63bb75c20f38e37d07d3,flat-ragged,4 KiB single,4096,1,34932830,44119780,4194304,0.7917725337705673,-0.23348113325406067
0,ba,3,gpt-oss,0614fe83cadab421296e664e1f48f4261fa8fef6e03e63bb75c20f38e37d07d3,flat-ragged,4 KiB single,4096,1,34363420,40501850,4194304,0.8484407502373348,-0.1643550255764858
0,ba,4,gpt-oss,0614fe83cadab421296e664e1f48f4261fa8fef6e03e63bb75c20f38e37d07d3,flat-ragged,4 KiB single,4096,1,44390230,50214470,4194304,0.8840127158566047,-0.12328383199477616
0,ba,5,gpt-oss,0614fe83cadab421296e664e1f48f4261fa8fef6e03e63bb75c20f38e37d07d3,flat-ragged,4 KiB single,4096,1,39368650,44058140,4194304,0.893561326011493,-0.11254031102282004
0,ba,0,gpt-oss,0614fe83cadab421296e664e1f48f4261fa8fef6e03e63bb75c20f38e37d07d3,flat-ragged,64 KiB single,65536,1,18849190,20037499,4194304,0.9406957425175667,-0.061135525880778245
0,ba,1,gpt-oss,0614fe83cadab421296e664e1f48f4261fa8fef6e03e63bb75c20f38e37d07d3,flat-ragged,64 KiB single,65536,1,18289430,19377830,4194304,0.9438327201755821,-0.05780633174281168
0,ba,2,gpt-oss,0614fe83cadab421296e664e1f48f4261fa8fef6e03e63bb75c20f38e37d07d3,flat-ragged,64 KiB single,65536,1,17795660,18485910,4194304,0.9626607508096707,-0.03805421293722516
0,ba,3,gpt-oss,0614fe83cadab421296e664e1f48f4261fa8fef6e03e63bb75c20f38e37d07d3,flat-ragged,64 KiB single,65536,1,18196570,19036760,4194304,0.9558648635587148,-0.04513873203258326
0,ba,4,gpt-oss,0614fe83cadab421296e664e1f48f4261fa8fef6e03e63bb75c20f38e37d07d3,flat-ragged,64 KiB single,65536,1,17583440,18367249,4194304,0.957325726895737,-0.04361158295686877
0,ba,5,gpt-oss,0614fe83cadab421296e664e1f48f4261fa8fef6e03e63bb75c20f38e37d07d3,flat-ragged,64 KiB single,65536,1,17549050,17920790,4194304,0.9792564948308641,-0.020961674003900387
0,ba,0,gpt-oss,0614fe83cadab421296e664e1f48f4261fa8fef6e03e63bb75c20f38e37d07d3,nested,140-byte batch 1,140,1,65483840,61189939,4194400,1.0701733172180479,0.0678206140651362
0,ba,1,gpt-oss,0614fe83cadab421296e664e1f48f4261fa8fef6e03e63bb75c20f38e37d07d3,nested,140-byte batch 1,140,1,52177170,58049390,4194400,0.898840969732843,-0.10664915700750523
0,ba,2,gpt-oss,0614fe83cadab421296e664e1f48f4261fa8fef6e03e63bb75c20f38e37d07d3,nested,140-byte batch 1,140,1,53200560,60910169,4194400,0.8734265702004537,-0.1353312168220112
0,ba,3,gpt-oss,0614fe83cadab421296e664e1f48f4261fa8fef6e03e63bb75c20f38e37d07d3,nested,140-byte batch 1,140,1,53765370,65010930,4194400,0.8270204717883592,-0.18992582998627977
0,ba,4,gpt-oss,0614fe83cadab421296e664e1f48f4261fa8fef6e03e63bb75c20f38e37d07d3,nested,140-byte batch 1,140,1,48545220,49232050,4194400,0.9860491285656396,-0.014049099489301725
0,ba,5,gpt-oss,0614fe83cadab421296e664e1f48f4261fa8fef6e03e63bb75c20f38e37d07d3,nested,140-byte batch 1,140,1,44078250,42689860,4194400,1.0325227114823052,0.03200504220416097
0,ba,0,gpt-oss,0614fe83cadab421296e664e1f48f4261fa8fef6e03e63bb75c20f38e37d07d3,nested,140-byte batch 32,140,32,63517290,66082009,4197760,0.9611888464226322,-0.03958437899214969
0,ba,1,gpt-oss,0614fe83cadab421296e664e1f48f4261fa8fef6e03e63bb75c20f38e37d07d3,nested,140-byte batch 32,140,32,64558310,61751649,4197760,1.0454507862615945,0.04444816681458993
0,ba,2,gpt-oss,0614fe83cadab421296e664e1f48f4261fa8fef6e03e63bb75c20f38e37d07d3,nested,140-byte batch 32,140,32,58528910,63171450,4197760,0.9265088896962156,-0.07633163837969302
0,ba,3,gpt-oss,0614fe83cadab421296e664e1f48f4261fa8fef6e03e63bb75c20f38e37d07d3,nested,140-byte batch 32,140,32,58888260,64388080,4197760,0.9145832582676794,-0.08928677290311007
0,ba,4,gpt-oss,0614fe83cadab421296e664e1f48f4261fa8fef6e03e63bb75c20f38e37d07d3,nested,140-byte batch 32,140,32,48454019,58121440,4197760,0.8336685911429587,-0.18191932832712104
0,ba,5,gpt-oss,0614fe83cadab421296e664e1f48f4261fa8fef6e03e63bb75c20f38e37d07d3,nested,140-byte batch 32,140,32,45059779,51567420,4197760,0.873803246313273,-0.13490004730430405
0,ba,0,gpt-oss,0614fe83cadab421296e664e1f48f4261fa8fef6e03e63bb75c20f38e37d07d3,nested,140-byte batch 512,140,512,19258580,19284150,4229120,0.9986740405981078,-0.0013268392639201282
0,ba,1,gpt-oss,0614fe83cadab421296e664e1f48f4261fa8fef6e03e63bb75c20f38e37d07d3,nested,140-byte batch 512,140,512,18725370,18132620,4229120,1.0326897050729569,0.03216676270291154
0,ba,2,gpt-oss,0614fe83cadab421296e664e1f48f4261fa8fef6e03e63bb75c20f38e37d07d3,nested,140-byte batch 512,140,512,17194670,17573640,4229120,0.9784353156204406,-0.021800599982138093
0,ba,3,gpt-oss,0614fe83cadab421296e664e1f48f4261fa8fef6e03e63bb75c20f38e37d07d3,nested,140-byte batch 512,140,512,15663900,16062110,4229120,0.9752081140024567,-0.025104380502625333
0,ba,4,gpt-oss,0614fe83cadab421296e664e1f48f4261fa8fef6e03e63bb75c20f38e37d07d3,nested,140-byte batch 512,140,512,14286070,14989369,4229120,0.953080146335713,-0.04805627987590021
0,ba,5,gpt-oss,0614fe83cadab421296e664e1f48f4261fa8fef6e03e63bb75c20f38e37d07d3,nested,140-byte batch 512,140,512,14325520,14792210,4229120,0.9684502856571128,-0.032058128730730544
0,ba,0,gpt-oss,0614fe83cadab421296e664e1f48f4261fa8fef6e03e63bb75c20f38e37d07d3,nested,4 KiB single,4096,1,48837560,47956280,4194304,1.018376738145661,0.01820992643072616
0,ba,1,gpt-oss,0614fe83cadab421296e664e1f48f4261fa8fef6e03e63bb75c20f38e37d07d3,nested,4 KiB single,4096,1,42491190,43954330,4194304,0.9667122670280721,-0.0338543800006215
0,ba,2,gpt-oss,0614fe83cadab421296e664e1f48f4261fa8fef6e03e63bb75c20f38e37d07d3,nested,4 KiB single,4096,1,40115029,43869419,4194304,0.9144189714479692,-0.08946641928897317
0,ba,3,gpt-oss,0614fe83cadab421296e664e1f48f4261fa8fef6e03e63bb75c20f38e37d07d3,nested,4 KiB single,4096,1,37422550,40911740,4194304,0.9147142116174966,-0.08914359952404333
0,ba,4,gpt-oss,0614fe83cadab421296e664e1f48f4261fa8fef6e03e63bb75c20f38e37d07d3,nested,4 KiB single,4096,1,49480679,48208830,4194304,1.0263820756487971,0.02604007084723776
0,ba,5,gpt-oss,0614fe83cadab421296e664e1f48f4261fa8fef6e03e63bb75c20f38e37d07d3,nested,4 KiB single,4096,1,44239100,49700370,4194304,0.890116109799585,-0.11640336431620392
0,ba,0,gpt-oss,0614fe83cadab421296e664e1f48f4261fa8fef6e03e63bb75c20f38e37d07d3,nested,64 KiB single,65536,1,40830420,43314690,4194304,0.9426460168594073,-0.05906444660984838
0,ba,1,gpt-oss,0614fe83cadab421296e664e1f48f4261fa8fef6e03e63bb75c20f38e37d07d3,nested,64 KiB single,65536,1,37905530,41102229,4194304,0.9222256535040958,-0.08096534187349698
0,ba,2,gpt-oss,0614fe83cadab421296e664e1f48f4261fa8fef6e03e63bb75c20f38e37d07d3,nested,64 KiB single,65536,1,36141030,37785359,4194304,0.9564823772085902,-0.044492914517673836
0,ba,3,gpt-oss,0614fe83cadab421296e664e1f48f4261fa8fef6e03e63bb75c20f38e37d07d3,nested,64 KiB single,65536,1,32373449,36021060,4194304,0.8987367112461432,-0.10676515587411324
0,ba,4,gpt-oss,0614fe83cadab421296e664e1f48f4261fa8fef6e03e63bb75c20f38e37d07d3,nested,64 KiB single,65536,1,35499050,42422839,4194304,0.836791003072661,-0.17818093731548554
0,ba,5,gpt-oss,0614fe83cadab421296e664e1f48f4261fa8fef6e03e63bb75c20f38e37d07d3,nested,64 KiB single,65536,1,36386099,38900330,4194304,0.9353673606367864,-0.06681592778130416
0,ba,0,llama-3,e134af98b985517b4f068e3755ae90d4e9cd2d45d328325dc503f1c6b2d06cc7,flat-ragged,140-byte batch 1,140,1,52636320,58498109,4194400,0.8997952395350078,-0.10558805317029188
0,ba,1,llama-3,e134af98b985517b4f068e3755ae90d4e9cd2d45d328325dc503f1c6b2d06cc7,flat-ragged,140-byte batch 1,140,1,52293250,56263989,4194400,0.9294266355696892,-0.07318740385479731
0,ba,2,llama-3,e134af98b985517b4f068e3755ae90d4e9cd2d45d328325dc503f1c6b2d06cc7,flat-ragged,140-byte batch 1,140,1,44027550,46674689,4194400,0.9432853425118698,-0.058386451969400927
0,ba,3,llama-3,e134af98b985517b4f068e3755ae90d4e9cd2d45d328325dc503f1c6b2d06cc7,flat-ragged,140-byte batch 1,140,1,35315259,36331320,4194400,0.9720334686435835,-0.028365042353603473
0,ba,4,llama-3,e134af98b985517b4f068e3755ae90d4e9cd2d45d328325dc503f1c6b2d06cc7,flat-ragged,140-byte batch 1,140,1,51360649,53848450,4194400,0.9537999515306383,-0.047301323935126614
0,ba,5,llama-3,e134af98b985517b4f068e3755ae90d4e9cd2d45d328325dc503f1c6b2d06cc7,flat-ragged,140-byte batch 1,140,1,42720360,49638729,4194400,0.8606255812875466,-0.1500957340745551
0,ba,0,llama-3,e134af98b985517b4f068e3755ae90d4e9cd2d45d328325dc503f1c6b2d06cc7,flat-ragged,140-byte batch 32,140,32,49694450,55757330,4197760,0.8912630859476234,-0.1151156246712405
0,ba,1,llama-3,e134af98b985517b4f068e3755ae90d4e9cd2d45d328325dc503f1c6b2d06cc7,flat-ragged,140-byte batch 32,140,32,44058150,53976790,4197760,0.816242499785556,-0.20304378705783935
0,ba,2,llama-3,e134af98b985517b4f068e3755ae90d4e9cd2d45d328325dc503f1c6b2d06cc7,flat-ragged,140-byte batch 32,140,32,38889390,48994400,4197760,0.7937517348921509,-0.2309845430867255
0,ba,3,llama-3,e134af98b985517b4f068e3755ae90d4e9cd2d45d328325dc503f1c6b2d06cc7,flat-ragged,140-byte batch 32,140,32,32487159,35432980,4197760,0.9168621719087697,-0.08679812128431356
0,ba,4,llama-3,e134af98b985517b4f068e3755ae90d4e9cd2d45d328325dc503f1c6b2d06cc7,flat-ragged,140-byte batch 32,140,32,49246570,54906070,4197760,0.8969239648731006,-0.10878418654394229
0,ba,5,llama-3,e134af98b985517b4f068e3755ae90d4e9cd2d45d328325dc503f1c6b2d06cc7,flat-ragged,140-byte batch 32,140,32,40374490,46679619,4197760,0.8649275822067014,-0.1451094955472246
0,ba,0,llama-3,e134af98b985517b4f068e3755ae90d4e9cd2d45d328325dc503f1c6b2d06cc7,flat-ragged,140-byte batch 512,140,512,14718290,15835660,4229120,0.9294396318183139,-0.07317342087081086
0,ba,1,llama-3,e134af98b985517b4f068e3755ae90d4e9cd2d45d328325dc503f1c6b2d06cc7,flat-ragged,140-byte batch 512,140,512,14036399,14649460,4229120,0.958151290218206,-0.04274959049628461
0,ba,2,llama-3,e134af98b985517b4f068e3755ae90d4e9cd2d45d328325dc503f1c6b2d06cc7,flat-ragged,140-byte batch 512,140,512,13541950,14144900,4229120,0.9573733289029969,-0.04356186025279631
0,ba,3,llama-3,e134af98b985517b4f068e3755ae90d4e9cd2d45d328325dc503f1c6b2d06cc7,flat-ragged,140-byte batch 512,140,512,11121830,11913500,4229120,0.9335484954043732,-0.06876236726469111
0,ba,4,llama-3,e134af98b985517b4f068e3755ae90d4e9cd2d45d328325dc503f1c6b2d06cc7,flat-ragged,140-byte batch 512,140,512,10692270,11062380,4229120,0.9665433658941385,-0.03402911233450129
0,ba,5,llama-3,e134af98b985517b4f068e3755ae90d4e9cd2d45d328325dc503f1c6b2d06cc7,flat-ragged,140-byte batch 512,140,512,10543750,10931030,4229120,0.9645705848396721,-0.03607226648394385
0,ba,0,llama-3,e134af98b985517b4f068e3755ae90d4e9cd2d45d328325dc503f1c6b2d06cc7,flat-ragged,4 KiB single,4096,1,35616280,37429650,4194304,0.9515525793054437,-0.04966033438702889
0,ba,1,llama-3,e134af98b985517b4f068e3755ae90d4e9cd2d45d328325dc503f1c6b2d06cc7,flat-ragged,4 KiB single,4096,1,37822510,38990640,4194304,0.9700407584999887,-0.03041718929533171
0,ba,2,llama-3,e134af98b985517b4f068e3755ae90d4e9cd2d45d328325dc503f1c6b2d06cc7,flat-ragged,4 KiB single,4096,1,33854780,36089780,4194304,0.9380711104362509,-0.0639295221497704
0,ba,3,llama-3,e134af98b985517b4f068e3755ae90d4e9cd2d45d328325dc503f1c6b2d06cc7,flat-ragged,4 KiB single,4096,1,33026919,34342839,4194304,0.961682841654413,-0.039070569104873575
0,ba,4,llama-3,e134af98b985517b4f068e3755ae90d4e9cd2d45d328325dc503f1c6b2d06cc7,flat-ragged,4 KiB single,4096,1,33649139,34601390,4194304,0.9724794003940304,-0.02790638582798744
0,ba,5,llama-3,e134af98b985517b4f068e3755ae90d4e9cd2d45d328325dc503f1c6b2d06cc7,flat-ragged,4 KiB single,4096,1,40075800,40123360,4194304,0.998814655602123,-0.0011860474741944068
0,ba,0,llama-3,e134af98b985517b4f068e3755ae90d4e9cd2d45d328325dc503f1c6b2d06cc7,flat-ragged,64 KiB single,65536,1,17210900,17716040,4194304,0.9714868559791014,-0.02892753987109222
0,ba,1,llama-3,e134af98b985517b4f068e3755ae90d4e9cd2d45d328325dc503f1c6b2d06cc7,flat-ragged,64 KiB single,65536,1,16706050,17193180,4194304,0.9716672541088966,-0.02874186429407347
0,ba,2,llama-3,e134af98b985517b4f068e3755ae90d4e9cd2d45d328325dc503f1c6b2d06cc7,flat-ragged,64 KiB single,65536,1,16305030,16921960,4194304,0.9635426392687372,-0.03713853754673624
0,ba,3,llama-3,e134af98b985517b4f068e3755ae90d4e9cd2d45d328325dc503f1c6b2d06cc7,flat-ragged,64 KiB single,65536,1,16636670,17200420,4194304,0.9672246375379205,-0.03332450695189201
0,ba,4,llama-3,e134af98b985517b4f068e3755ae90d4e9cd2d45d328325dc503f1c6b2d06cc7,flat-ragged,64 KiB single,65536,1,16269380,16868830,4194304,0.9644640440386203,-0.036182726710593124
0,ba,5,llama-3,e134af98b985517b4f068e3755ae90d4e9cd2d45d328325dc503f1c6b2d06cc7,flat-ragged,64 KiB single,65536,1,15858389,16623359,4194304,0.9539822246514679,-0.04711024014824597
0,ba,0,llama-3,e134af98b985517b4f068e3755ae90d4e9cd2d45d328325dc503f1c6b2d06cc7,nested,140-byte batch 1,140,1,55235940,63302030,4194400,0.8725777040641509,-0.1363035697717676
0,ba,1,llama-3,e134af98b985517b4f068e3755ae90d4e9cd2d45d328325dc503f1c6b2d06cc7,nested,140-byte batch 1,140,1,49770599,58039029,4194400,0.8575367275699943,-0.1536912698738464
0,ba,2,llama-3,e134af98b985517b4f068e3755ae90d4e9cd2d45d328325dc503f1c6b2d06cc7,nested,140-byte batch 1,140,1,49063959,51629139,4194400,0.9503152667333848,-0.050961489721455096
0,ba,3,llama-3,e134af98b985517b4f068e3755ae90d4e9cd2d45d328325dc503f1c6b2d06cc7,nested,140-byte batch 1,140,1,35787260,43112429,4194400,0.8300914801158618,-0.18621936725787916
0,ba,4,llama-3,e134af98b985517b4f068e3755ae90d4e9cd2d45d328325dc503f1c6b2d06cc7,nested,140-byte batch 1,140,1,49920279,63844629,4194400,0.7819025622343267,-0.24602514692350833
0,ba,5,llama-3,e134af98b985517b4f068e3755ae90d4e9cd2d45d328325dc503f1c6b2d06cc7,nested,140-byte batch 1,140,1,48506510,56770950,4194400,0.854424842282893,-0.15732673549326368
0,ba,0,llama-3,e134af98b985517b4f068e3755ae90d4e9cd2d45d328325dc503f1c6b2d06cc7,nested,140-byte batch 32,140,32,56444160,62126329,4197760,0.9085384716679461,-0.09591804568261833
0,ba,1,llama-3,e134af98b985517b4f068e3755ae90d4e9cd2d45d328325dc503f1c6b2d06cc7,nested,140-byte batch 32,140,32,51397760,56501930,4197760,0.9096637937854513,-0.09468020511605844
0,ba,2,llama-3,e134af98b985517b4f068e3755ae90d4e9cd2d45d328325dc503f1c6b2d06cc7,nested,140-byte batch 32,140,32,47185990,53494820,4197760,0.8820665253196478,-0.1254878002872277
0,ba,3,llama-3,e134af98b985517b4f068e3755ae90d4e9cd2d45d328325dc503f1c6b2d06cc7,nested,140-byte batch 32,140,32,36797460,40561570,4197760,0.9072000911207333,-0.09739224556692906
0,ba,4,llama-3,e134af98b985517b4f068e3755ae90d4e9cd2d45d328325dc503f1c6b2d06cc7,nested,140-byte batch 32,140,32,52368339,58247859,4197760,0.8990603242601587,-0.10640514524875408
0,ba,5,llama-3,e134af98b985517b4f068e3755ae90d4e9cd2d45d328325dc503f1c6b2d06cc7,nested,140-byte batch 32,140,32,48005130,54548599,4197760,0.8800433169695155,-0.12778414889234288
0,ba,0,llama-3,e134af98b985517b4f068e3755ae90d4e9cd2d45d328325dc503f1c6b2d06cc7,nested,140-byte batch 512,140,512,17895200,17950940,4229120,0.9968948701293637,-0.003109960789405154
0,ba,1,llama-3,e134af98b985517b4f068e3755ae90d4e9cd2d45d328325dc503f1c6b2d06cc7,nested,140-byte batch 512,140,512,16039760,16466489,4229120,0.9740850037916401,-0.02625670626096463
0,ba,2,llama-3,e134af98b985517b4f068e3755ae90d4e9cd2d45d328325dc503f1c6b2d06cc7,nested,140-byte batch 512,140,512,15772250,16226990,4229120,0.9719763184669492,-0.028423838535628597
0,ba,3,llama-3,e134af98b985517b4f068e3755ae90d4e9cd2d45d328325dc503f1c6b2d06cc7,nested,140-byte batch 512,140,512,13512299,14258460,4229120,0.9476688927135188,-0.053750107025376706
0,ba,4,llama-3,e134af98b985517b4f068e3755ae90d4e9cd2d45d328325dc503f1c6b2d06cc7,nested,140-byte batch 512,140,512,13240710,13673140,4229120,0.9683737605261118,-0.0321371499832719
0,ba,5,llama-3,e134af98b985517b4f068e3755ae90d4e9cd2d45d328325dc503f1c6b2d06cc7,nested,140-byte batch 512,140,512,12518450,13955380,4229120,0.8970339754273979,-0.10866154090999074
0,ba,0,llama-3,e134af98b985517b4f068e3755ae90d4e9cd2d45d328325dc503f1c6b2d06cc7,nested,4 KiB single,4096,1,37017430,42115559,4194304,0.8789490363881909,-0.12902836205836837
0,ba,1,llama-3,e134af98b985517b4f068e3755ae90d4e9cd2d45d328325dc503f1c6b2d06cc7,nested,4 KiB single,4096,1,37084640,45395350,4194304,0.8169259626811998,-0.2022068091817047
0,ba,2,llama-3,e134af98b985517b4f068e3755ae90d4e9cd2d45d328325dc503f1c6b2d06cc7,nested,4 KiB single,4096,1,34770420,40606690,4194304,0.8562731904521151,-0.15516580603276334
0,ba,3,llama-3,e134af98b985517b4f068e3755ae90d4e9cd2d45d328325dc503f1c6b2d06cc7,nested,4 KiB single,4096,1,33064880,38444039,4194304,0.8600782035415165,-0.15073195951826043
0,ba,4,llama-3,e134af98b985517b4f068e3755ae90d4e9cd2d45d328325dc503f1c6b2d06cc7,nested,4 KiB single,4096,1,34270469,34819620,4194304,0.9842286906060433,-0.01589699978022391
0,ba,5,llama-3,e134af98b985517b4f068e3755ae90d4e9cd2d45d328325dc503f1c6b2d06cc7,nested,4 KiB single,4096,1,40662770,46183210,4194304,0.8804665158615003,-0.1273033803192351
0,ba,0,llama-3,e134af98b985517b4f068e3755ae90d4e9cd2d45d328325dc503f1c6b2d06cc7,nested,64 KiB single,65536,1,33646520,36258410,4194304,0.9279645742877307,-0.07476172118350291
0,ba,1,llama-3,e134af98b985517b4f068e3755ae90d4e9cd2d45d328325dc503f1c6b2d06cc7,nested,64 KiB single,65536,1,36094600,38541139,4194304,0.9365213622773317,-0.06558294659752344
0,ba,2,llama-3,e134af98b985517b4f068e3755ae90d4e9cd2d45d328325dc503f1c6b2d06cc7,nested,64 KiB single,65536,1,35494280,37014350,4194304,0.9589329543812062,-0.041934118553912686
0,ba,3,llama-3,e134af98b985517b4f068e3755ae90d4e9cd2d45d328325dc503f1c6b2d06cc7,nested,64 KiB single,65536,1,32363430,33308550,4194304,0.9716253034130876,-0.02878503915794373
0,ba,4,llama-3,e134af98b985517b4f068e3755ae90d4e9cd2d45d328325dc503f1c6b2d06cc7,nested,64 KiB single,65536,1,28367030,31299490,4194304,0.9063096555247386,-0.09837424819382183
0,ba,5,llama-3,e134af98b985517b4f068e3755ae90d4e9cd2d45d328325dc503f1c6b2d06cc7,nested,64 KiB single,65536,1,33682720,34237590,4194304,0.9837935438796948,-0.016339217074129234
0,ba,0,minimax-m2-1,757622126525aeeb131756849d93298070ff3f0319c455ec8c5bb0f6b1cebbe8,flat-ragged,140-byte batch 1,140,1,59688089,66053210,4194400,0.9036364621795064,-0.10132814307812614
0,ba,1,minimax-m2-1,757622126525aeeb131756849d93298070ff3f0319c455ec8c5bb0f6b1cebbe8,flat-ragged,140-byte batch 1,140,1,55514560,54860389,4194400,1.0119242865740525,0.011853752428156327
0,ba,2,minimax-m2-1,757622126525aeeb131756849d93298070ff3f0319c455ec8c5bb0f6b1cebbe8,flat-ragged,140-byte batch 1,140,1,54548260,58163029,4194400,0.9378510875009621,-0.06416409790833824
0,ba,3,minimax-m2-1,757622126525aeeb131756849d93298070ff3f0319c455ec8c5bb0f6b1cebbe8,flat-ragged,140-byte batch 1,140,1,60359479,59365190,4194400,1.0167486872357352,0.01660997466665515
0,ba,4,minimax-m2-1,757622126525aeeb131756849d93298070ff3f0319c455ec8c5bb0f6b1cebbe8,flat-ragged,140-byte batch 1,140,1,53860210,55715390,4194400,0.9667025574082853,-0.03386442401152306
0,ba,5,minimax-m2-1,757622126525aeeb131756849d93298070ff3f0319c455ec8c5bb0f6b1cebbe8,flat-ragged,140-byte batch 1,140,1,47669200,48211590,4194400,0.9887498006184819,-0.011313961550375225
0,ba,0,minimax-m2-1,757622126525aeeb131756849d93298070ff3f0319c455ec8c5bb0f6b1cebbe8,flat-ragged,140-byte batch 32,140,32,54061070,57165089,4197760,0.9457007930137221,-0.05582904641420803
0,ba,1,minimax-m2-1,757622126525aeeb131756849d93298070ff3f0319c455ec8c5bb0f6b1cebbe8,flat-ragged,140-byte batch 32,140,32,47409190,50018789,4197760,0.9478276253349517,-0.05358262307561212
0,ba,2,minimax-m2-1,757622126525aeeb131756849d93298070ff3f0319c455ec8c5bb0f6b1cebbe8,flat-ragged,140-byte batch 32,140,32,49008959,52290310,4197760,0.937247436475324,-0.06480795852555206
0,ba,3,minimax-m2-1,757622126525aeeb131756849d93298070ff3f0319c455ec8c5bb0f6b1cebbe8,flat-ragged,140-byte batch 32,140,32,58338590,50667170,4197760,1.1514081011432058,0.14098562914172127
0,ba,4,minimax-m2-1,757622126525aeeb131756849d93298070ff3f0319c455ec8c5bb0f6b1cebbe8,flat-ragged,140-byte batch 32,140,32,49725590,48907959,4197760,1.0167177493544557,0.01657954595563716
0,ba,5,minimax-m2-1,757622126525aeeb131756849d93298070ff3f0319c455ec8c5bb0f6b1cebbe8,flat-ragged,140-byte batch 32,140,32,46638499,41233750,4197760,1.131075854124352,0.12316926307630545
0,ba,0,minimax-m2-1,757622126525aeeb131756849d93298070ff3f0319c455ec8c5bb0f6b1cebbe8,flat-ragged,140-byte batch 512,140,512,16219910,15775150,4229120,1.0281937097270073,0.027803582868178
0,ba,1,minimax-m2-1,757622126525aeeb131756849d93298070ff3f0319c455ec8c5bb0f6b1cebbe8,flat-ragged,140-byte batch 512,140,512,15430580,15415540,4229120,1.0009756388683109,0.0009751632420446982
0,ba,2,minimax-m2-1,757622126525aeeb131756849d93298070ff3f0319c455ec8c5bb0f6b1cebbe8,flat-ragged,140-byte batch 512,140,512,14573530,14878450,4229120,0.9795059297171412,-0.02070698779540523
0,ba,3,minimax-m2-1,757622126525aeeb131756849d93298070ff3f0319c455ec8c5bb0f6b1cebbe8,flat-ragged,140-byte batch 512,140,512,12817360,13257020,4229120,0.9668356840375891,-0.033726721403257415
0,ba,4,minimax-m2-1,757622126525aeeb131756849d93298070ff3f0319c455ec8c5bb0f6b1cebbe8,flat-ragged,140-byte batch 512,140,512,12229250,12302540,4229120,0.9940426936226178,-0.005975121917343629
0,ba,5,minimax-m2-1,757622126525aeeb131756849d93298070ff3f0319c455ec8c5bb0f6b1cebbe8,flat-ragged,140-byte batch 512,140,512,12528720,12546669,4229120,0.9985694210949536,-0.0014316031600164153
0,ba,0,minimax-m2-1,757622126525aeeb131756849d93298070ff3f0319c455ec8c5bb0f6b1cebbe8,flat-ragged,4 KiB single,4096,1,37775320,42811329,4194304,0.8823673752337845,-0.12514678448951733
0,ba,1,minimax-m2-1,757622126525aeeb131756849d93298070ff3f0319c455ec8c5bb0f6b1cebbe8,flat-ragged,4 KiB single,4096,1,37460000,40741039,4194304,0.9194659959457587,-0.08396221664848362
0,ba,2,minimax-m2-1,757622126525aeeb131756849d93298070ff3f0319c455ec8c5bb0f6b1cebbe8,flat-ragged,4 KiB single,4096,1,34780370,36586230,4194304,0.9506409925264232,-0.05061879293962279
0,ba,3,minimax-m2-1,757622126525aeeb131756849d93298070ff3f0319c455ec8c5bb0f6b1cebbe8,flat-ragged,4 KiB single,4096,1,37478690,36013790,4194304,1.0406760854661505,0.03987058412038424
0,ba,4,minimax-m2-1,757622126525aeeb131756849d93298070ff3f0319c455ec8c5bb0f6b1cebbe8,flat-ragged,4 KiB single,4096,1,46321650,44457799,4194304,1.0419240502661862,0.04106905225451837
0,ba,5,minimax-m2-1,757622126525aeeb131756849d93298070ff3f0319c455ec8c5bb0f6b1cebbe8,flat-ragged,4 KiB single,4096,1,43696990,40229340,4194304,1.086197039275315,0.08268264085105119
0,ba,0,minimax-m2-1,757622126525aeeb131756849d93298070ff3f0319c455ec8c5bb0f6b1cebbe8,flat-ragged,64 KiB single,65536,1,45371609,40593920,4194304,1.1176946941808035,0.11126825531111066
0,ba,1,minimax-m2-1,757622126525aeeb131756849d93298070ff3f0319c455ec8c5bb0f6b1cebbe8,flat-ragged,64 KiB single,65536,1,39729980,37743269,4194304,1.0526374914690086,0.051298911267334046
0,ba,2,minimax-m2-1,757622126525aeeb131756849d93298070ff3f0319c455ec8c5bb0f6b1cebbe8,flat-ragged,64 KiB single,65536,1,34772990,34942150,4194304,0.9951588554224625,-0.004852900875921365
0,ba,3,minimax-m2-1,757622126525aeeb131756849d93298070ff3f0319c455ec8c5bb0f6b1cebbe8,flat-ragged,64 KiB single,65536,1,36152239,35676630,4194304,1.0133311077868061,0.013243030484588582
0,ba,4,minimax-m2-1,757622126525aeeb131756849d93298070ff3f0319c455ec8c5bb0f6b1cebbe8,flat-ragged,64 KiB single,65536,1,41891569,39915589,4194304,1.049503966983927,0.04831764015128018
0,ba,5,minimax-m2-1,757622126525aeeb131756849d93298070ff3f0319c455ec8c5bb0f6b1cebbe8,flat-ragged,64 KiB single,65536,1,39858290,39545309,4194304,1.007914491197932,0.007883335890113623
0,ba,0,minimax-m2-1,757622126525aeeb131756849d93298070ff3f0319c455ec8c5bb0f6b1cebbe8,nested,140-byte batch 1,140,1,57939350,64144159,4194400,0.903267747262849,-0.10173626091840614
0,ba,1,minimax-m2-1,757622126525aeeb131756849d93298070ff3f0319c455ec8c5bb0f6b1cebbe8,nested,140-byte batch 1,140,1,52295619,52953500,4194400,0.9875762508616049,-0.012501569125482058
0,ba,2,minimax-m2-1,757622126525aeeb131756849d93298070ff3f0319c455ec8c5bb0f6b1cebbe8,nested,140-byte batch 1,140,1,57103130,55197470,4194400,1.0345244084556775,0.033941812372363545
0,ba,3,minimax-m2-1,757622126525aeeb131756849d93298070ff3f0319c455ec8c5bb0f6b1cebbe8,nested,140-byte batch 1,140,1,56540540,61440500,4194400,0.9202486958927744,-0.08311132384677691
0,ba,4,minimax-m2-1,757622126525aeeb131756849d93298070ff3f0319c455ec8c5bb0f6b1cebbe8,nested,140-byte batch 1,140,1,51736900,57698349,4194400,0.8966790366913272,-0.10905729958298399
0,ba,5,minimax-m2-1,757622126525aeeb131756849d93298070ff3f0319c455ec8c5bb0f6b1cebbe8,nested,140-byte batch 1,140,1,49446290,50901020,4194400,0.9714204155437357,-0.028995932672298393
0,ba,0,minimax-m2-1,757622126525aeeb131756849d93298070ff3f0319c455ec8c5bb0f6b1cebbe8,nested,140-byte batch 32,140,32,61428320,64050429,4197760,0.9590618042542697,-0.04179975961192162
0,ba,1,minimax-m2-1,757622126525aeeb131756849d93298070ff3f0319c455ec8c5bb0f6b1cebbe8,nested,140-byte batch 32,140,32,55880369,54474329,4197760,1.025811056800718,0.025483574624941083
0,ba,2,minimax-m2-1,757622126525aeeb131756849d93298070ff3f0319c455ec8c5bb0f6b1cebbe8,nested,140-byte batch 32,140,32,57675809,62365180,4197760,0.9248078655429199,-0.07816927597160253
0,ba,3,minimax-m2-1,757622126525aeeb131756849d93298070ff3f0319c455ec8c5bb0f6b1cebbe8,nested,140-byte batch 32,140,32,57510980,64035560,4197760,0.8981100501034113,-0.10746266796208712
0,ba,4,minimax-m2-1,757622126525aeeb131756849d93298070ff3f0319c455ec8c5bb0f6b1cebbe8,nested,140-byte batch 32,140,32,53814279,57939779,4197760,0.9287967598219524,-0.07386533716832974
0,ba,5,minimax-m2-1,757622126525aeeb131756849d93298070ff3f0319c455ec8c5bb0f6b1cebbe8,nested,140-byte batch 32,140,32,44263540,53512560,4197760,0.8271616981134896,-0.18975507935428393
0,ba,0,minimax-m2-1,757622126525aeeb131756849d93298070ff3f0319c455ec8c5bb0f6b1cebbe8,nested,140-byte batch 512,140,512,18099700,17422040,4229120,1.0388967078482199,0.03815929220706778
0,ba,1,minimax-m2-1,757622126525aeeb131756849d93298070ff3f0319c455ec8c5bb0f6b1cebbe8,nested,140-byte batch 512,140,512,16965750,17526350,4229120,0.9680138762491906,-0.032508856840132654
0,ba,2,minimax-m2-1,757622126525aeeb131756849d93298070ff3f0319c455ec8c5bb0f6b1cebbe8,nested,140-byte batch 512,140,512,17117640,16754820,4229120,1.0216546641503759,0.021423532674263408
0,ba,3,minimax-m2-1,757622126525aeeb131756849d93298070ff3f0319c455ec8c5bb0f6b1cebbe8,nested,140-byte batch 512,140,512,15528530,15670180,4229120,0.9909605377857816,-0.009080566044625085
0,ba,4,minimax-m2-1,757622126525aeeb131756849d93298070ff3f0319c455ec8c5bb0f6b1cebbe8,nested,140-byte batch 512,140,512,14918550,15334590,4229120,0.9728691800693726,-0.027505655918219334
0,ba,5,minimax-m2-1,757622126525aeeb131756849d93298070ff3f0319c455ec8c5bb0f6b1cebbe8,nested,140-byte batch 512,140,512,15617790,15487530,4229120,1.008410637461235,0.008375465126876454
0,ba,0,minimax-m2-1,757622126525aeeb131756849d93298070ff3f0319c455ec8c5bb0f6b1cebbe8,nested,4 KiB single,4096,1,42236880,43184630,4194304,0.9780535343245965,-0.022190871872213674
0,ba,1,minimax-m2-1,757622126525aeeb131756849d93298070ff3f0319c455ec8c5bb0f6b1cebbe8,nested,4 KiB single,4096,1,40646649,45922290,4194304,0.885118076646439,-0.12203422293437693
0,ba,2,minimax-m2-1,757622126525aeeb131756849d93298070ff3f0319c455ec8c5bb0f6b1cebbe8,nested,4 KiB single,4096,1,39070309,42102400,4194304,0.9279829415900281,-0.07474192827218307
0,ba,3,minimax-m2-1,757622126525aeeb131756849d93298070ff3f0319c455ec8c5bb0f6b1cebbe8,nested,4 KiB single,4096,1,38922859,42898219,4194304,0.9073304185425507,-0.09724859692465222
0,ba,4,minimax-m2-1,757622126525aeeb131756849d93298070ff3f0319c455ec8c5bb0f6b1cebbe8,nested,4 KiB single,4096,1,46958270,47086030,4194304,0.9972866686785868,-0.0027170190770888733
0,ba,5,minimax-m2-1,757622126525aeeb131756849d93298070ff3f0319c455ec8c5bb0f6b1cebbe8,nested,4 KiB single,4096,1,39638670,45465820,4194304,0.8718344901730575,-0.13715567793578826
0,ba,0,minimax-m2-1,757622126525aeeb131756849d93298070ff3f0319c455ec8c5bb0f6b1cebbe8,nested,64 KiB single,65536,1,46164729,42137020,4194304,1.0955859954026175,0.09128937574259222
0,ba,1,minimax-m2-1,757622126525aeeb131756849d93298070ff3f0319c455ec8c5bb0f6b1cebbe8,nested,64 KiB single,65536,1,37583170,39738510,4194304,0.9457619321912171,-0.0557643989044247
0,ba,2,minimax-m2-1,757622126525aeeb131756849d93298070ff3f0319c455ec8c5bb0f6b1cebbe8,nested,64 KiB single,65536,1,38048610,39213389,4194304,0.9702963954479935,-0.030153691841846637
0,ba,3,minimax-m2-1,757622126525aeeb131756849d93298070ff3f0319c455ec8c5bb0f6b1cebbe8,nested,64 KiB single,65536,1,35157219,34862619,4194304,1.0084503117795023,0.008414807768011333
0,ba,4,minimax-m2-1,757622126525aeeb131756849d93298070ff3f0319c455ec8c5bb0f6b1cebbe8,nested,64 KiB single,65536,1,36972800,36510870,4194304,1.0126518486138512,0.012572482693196241
0,ba,5,minimax-m2-1,757622126525aeeb131756849d93298070ff3f0319c455ec8c5bb0f6b1cebbe8,nested,64 KiB single,65536,1,40240949,40088100,4194304,1.0038128272479863,0.003805576846017669
0,ba,0,mistral-nemo,e11c71726323d33da7b8d6f6f269f1988931c0a52b7122bcdd8c05042974e0db,flat-ragged,140-byte batch 1,140,1,65204610,77005589,4194400,0.8467516559090276,-0.16634783168058498
0,ba,1,mistral-nemo,e11c71726323d33da7b8d6f6f269f1988931c0a52b7122bcdd8c05042974e0db,flat-ragged,140-byte batch 1,140,1,60297790,62785140,4194400,0.9603831416159938,-0.04042296829181708
0,ba,2,mistral-nemo,e11c71726323d33da7b8d6f6f269f1988931c0a52b7122bcdd8c05042974e0db,flat-ragged,140-byte batch 1,140,1,53191540,60353220,4194400,0.8813372343679425,-0.12631494040108776
0,ba,3,mistral-nemo,e11c71726323d33da7b8d6f6f269f1988931c0a52b7122bcdd8c05042974e0db,flat-ragged,140-byte batch 1,140,1,42664610,44685520,4194400,0.9547748353381588,-0.04627974081560441
0,ba,4,mistral-nemo,e11c71726323d33da7b8d6f6f269f1988931c0a52b7122bcdd8c05042974e0db,flat-ragged,140-byte batch 1,140,1,57993169,65787219,4194400,0.8815263797668663,-0.12610035159440638
0,ba,5,mistral-nemo,e11c71726323d33da7b8d6f6f269f1988931c0a52b7122bcdd8c05042974e0db,flat-ragged,140-byte batch 1,140,1,51733380,59127309,4194400,0.8749490019916177,-0.13358967776121936
0,ba,0,mistral-nemo,e11c71726323d33da7b8d6f6f269f1988931c0a52b7122bcdd8c05042974e0db,flat-ragged,140-byte batch 32,140,32,61933250,64667289,4197760,0.9577214532682822,-0.04319830188235885
0,ba,1,mistral-nemo,e11c71726323d33da7b8d6f6f269f1988931c0a52b7122bcdd8c05042974e0db,flat-ragged,140-byte batch 32,140,32,53558450,59854419,4197760,0.894811960333288,-0.11114168296768809
0,ba,2,mistral-nemo,e11c71726323d33da7b8d6f6f269f1988931c0a52b7122bcdd8c05042974e0db,flat-ragged,140-byte batch 32,140,32,47617830,51887479,4197760,0.9177133080603126,-0.0858702377255254
0,ba,3,mistral-nemo,e11c71726323d33da7b8d6f6f269f1988931c0a52b7122bcdd8c05042974e0db,flat-ragged,140-byte batch 32,140,32,36342150,40652389,4197760,0.8939732914589595,-0.11207937958044795
0,ba,4,mistral-nemo,e11c71726323d33da7b8d6f6f269f1988931c0a52b7122bcdd8c05042974e0db,flat-ragged,140-byte batch 32,140,32,55189959,57970120,4197760,0.9520414827500788,-0.04914667082279503
0,ba,5,mistral-nemo,e11c71726323d33da7b8d6f6f269f1988931c0a52b7122bcdd8c05042974e0db,flat-ragged,140-byte batch 32,140,32,52260209,52854320,4197760,0.9887594618566656,-0.011304190432366228
0,ba,0,mistral-nemo,e11c71726323d33da7b8d6f6f269f1988931c0a52b7122bcdd8c05042974e0db,flat-ragged,140-byte batch 512,140,512,18588490,18898900,4229120,0.9835752345374599,-0.016561147345185535
0,ba,1,mistral-nemo,e11c71726323d33da7b8d6f6f269f1988931c0a52b7122bcdd8c05042974e0db,flat-ragged,140-byte batch 512,140,512,16893350,17465700,4229120,0.9672300566252713,-0.033318904249107495
0,ba,2,mistral-nemo,e11c71726323d33da7b8d6f6f269f1988931c0a52b7122bcdd8c05042974e0db,flat-ragged,140-byte batch 512,140,512,15844430,16858580,4229120,0.9398436879025398,-0.06204170701109676
0,ba,3,mistral-nemo,e11c71726323d33da7b8d6f6f269f1988931c0a52b7122bcdd8c05042974e0db,flat-ragged,140-byte batch 512,140,512,12979800,13974210,4229120,0.9288396267123509,-0.07381918508957333
0,ba,4,mistral-nemo,e11c71726323d33da7b8d6f6f269f1988931c0a52b7122bcdd8c05042974e0db,flat-ragged,140-byte batch 512,140,512,12687629,13224780,4229120,0.9593829916263257,-0.041464918207314516
0,ba,5,mistral-nemo,e11c71726323d33da7b8d6f6f269f1988931c0a52b7122bcdd8c05042974e0db,flat-ragged,140-byte batch 512,140,512,12614470,12929380,4229120,0.97564384371099,-0.024657673396987476
0,ba,0,mistral-nemo,e11c71726323d33da7b8d6f6f269f1988931c0a52b7122bcdd8c05042974e0db,flat-ragged,4 KiB single,4096,1,47943769,45863690,4194304,1.0453535029562602,0.0443551085537989
0,ba,1,mistral-nemo,e11c71726323d33da7b8d6f6f269f1988931c0a52b7122bcdd8c05042974e0db,flat-ragged,4 KiB single,4096,1,46756520,45648019,4194304,1.024283660589959,0.023993500551376248
0,ba,2,mistral-nemo,e11c71726323d33da7b8d6f6f269f1988931c0a52b7122bcdd8c05042974e0db,flat-ragged,4 KiB single,4096,1,41327759,41390549,4194304,0.998482987021989,-0.0015181648072393576
0,ba,3,mistral-nemo,e11c71726323d33da7b8d6f6f269f1988931c0a52b7122bcdd8c05042974e0db,flat-ragged,4 KiB single,4096,1,39767610,41843550,4194304,0.9503880526389372,-0.05088490132930982
0,ba,4,mistral-nemo,e11c71726323d33da7b8d6f6f269f1988931c0a52b7122bcdd8c05042974e0db,flat-ragged,4 KiB single,4096,1,40143730,41697740,4194304,0.9627315533167985,-0.037980666879096715
0,ba,5,mistral-nemo,e11c71726323d33da7b8d6f6f269f1988931c0a52b7122bcdd8c05042974e0db,flat-ragged,4 KiB single,4096,1,47887509,47404039,4194304,1.0101989199696675,0.010147261925988721
0,ba,0,mistral-nemo,e11c71726323d33da7b8d6f6f269f1988931c0a52b7122bcdd8c05042974e0db,flat-ragged,64 KiB single,65536,1,18429160,19067360,4194304,0.9665291891483666,-0.03404377991201682
0,ba,1,mistral-nemo,e11c71726323d33da7b8d6f6f269f1988931c0a52b7122bcdd8c05042974e0db,flat-ragged,64 KiB single,65536,1,18005960,18404280,4194304,0.9783572082146109,-0.021880432059294744
0,ba,2,mistral-nemo,e11c71726323d33da7b8d6f6f269f1988931c0a52b7122bcdd8c05042974e0db,flat-ragged,64 KiB single,65536,1,17560940,17608299,4194304,0.997310415957839,-0.0026932074717915654
0,ba,3,mistral-nemo,e11c71726323d33da7b8d6f6f269f1988931c0a52b7122bcdd8c05042974e0db,flat-ragged,64 KiB single,65536,1,18323079,18045120,4194304,1.015403555088578,0.015286124695579374
0,ba,4,mistral-nemo,e11c71726323d33da7b8d6f6f269f1988931c0a52b7122bcdd8c05042974e0db,flat-ragged,64 KiB single,65536,1,17449140,17383950,4194304,1.003750010785811,0.00374299702434969
0,ba,5,mistral-nemo,e11c71726323d33da7b8d6f6f269f1988931c0a52b7122bcdd8c05042974e0db,flat-ragged,64 KiB single,65536,1,17138710,17113590,4194304,1.0014678393019816,0.0014667630788930007
0,ba,0,mistral-nemo,e11c71726323d33da7b8d6f6f269f1988931c0a52b7122bcdd8c05042974e0db,nested,140-byte batch 1,140,1,68144179,72242799,4194400,0.9432660409517079,-0.05840691423757109
0,ba,1,mistral-nemo,e11c71726323d33da7b8d6f6f269f1988931c0a52b7122bcdd8c05042974e0db,nested,140-byte batch 1,140,1,63796120,65198820,4194400,0.9784858069517209,-0.021748997154912065
0,ba,2,mistral-nemo,e11c71726323d33da7b8d6f6f269f1988931c0a52b7122bcdd8c05042974e0db,nested,140-byte batch 1,140,1,56073280,58130699,4194400,0.9646070142731296,-0.03603449968271354
0,ba,3,mistral-nemo,e11c71726323d33da7b8d6f6f269f1988931c0a52b7122bcdd8c05042974e0db,nested,140-byte batch 1,140,1,44051670,47523390,4194400,0.9269471306655522,-0.07585874776595412
0,ba,4,mistral-nemo,e11c71726323d33da7b8d6f6f269f1988931c0a52b7122bcdd8c05042974e0db,nested,140-byte batch 1,140,1,62618930,69311029,4194400,0.9034482809366458,-0.1015364136025249
0,ba,5,mistral-nemo,e11c71726323d33da7b8d6f6f269f1988931c0a52b7122bcdd8c05042974e0db,nested,140-byte batch 1,140,1,60351040,62793509,4194400,0.9611031611563545,-0.03967352805586805
0,ba,0,mistral-nemo,e11c71726323d33da7b8d6f6f269f1988931c0a52b7122bcdd8c05042974e0db,nested,140-byte batch 32,140,32,66136639,73729600,4197760,0.8970161102189622,-0.10868145697429601
0,ba,1,mistral-nemo,e11c71726323d33da7b8d6f6f269f1988931c0a52b7122bcdd8c05042974e0db,nested,140-byte batch 32,140,32,58857020,65006419,4197760,0.9054032033359659,-0.0993749059525572
0,ba,2,mistral-nemo,e11c71726323d33da7b8d6f6f269f1988931c0a52b7122bcdd8c05042974e0db,nested,140-byte batch 32,140,32,54668200,58734880,4197760,0.9307620957087168,-0.0717515706557178
0,ba,3,mistral-nemo,e11c71726323d33da7b8d6f6f269f1988931c0a52b7122bcdd8c05042974e0db,nested,140-byte batch 32,140,32,43997910,46345889,4197760,0.9493379229385372,-0.05199046057402334
0,ba,4,mistral-nemo,e11c71726323d33da7b8d6f6f269f1988931c0a52b7122bcdd8c05042974e0db,nested,140-byte batch 32,140,32,59071330,68825330,4197760,0.8582789214377904,-0.15282614906146133
0,ba,5,mistral-nemo,e11c71726323d33da7b8d6f6f269f1988931c0a52b7122bcdd8c05042974e0db,nested,140-byte batch 32,140,32,56641800,63371950,4197760,0.8937992282074325,-0.11227410597898273
0,ba,0,mistral-nemo,e11c71726323d33da7b8d6f6f269f1988931c0a52b7122bcdd8c05042974e0db,nested,140-byte batch 512,140,512,20304350,20702370,4229120,0.9807741818931842,-0.019413037665028447
0,ba,1,mistral-nemo,e11c71726323d33da7b8d6f6f269f1988931c0a52b7122bcdd8c05042974e0db,nested,140-byte batch 512,140,512,18375670,19028639,4229120,0.9656849341668629,-0.03491765307653111
0,ba,2,mistral-nemo,e11c71726323d33da7b8d6f6f269f1988931c0a52b7122bcdd8c05042974e0db,nested,140-byte batch 512,140,512,18412470,18171300,4229120,1.0132720278681218,0.013184726105540029
0,ba,3,mistral-nemo,e11c71726323d33da7b8d6f6f269f1988931c0a52b7122bcdd8c05042974e0db,nested,140-byte batch 512,140,512,15562810,16588720,4229120,0.938156168770104,-0.06383885260791476
0,ba,4,mistral-nemo,e11c71726323d33da7b8d6f6f269f1988931c0a52b7122bcdd8c05042974e0db,nested,140-byte batch 512,140,512,14903140,16277040,4229120,0.9155927613374422,-0.08818359685738657
0,ba,5,mistral-nemo,e11c71726323d33da7b8d6f6f269f1988931c0a52b7122bcdd8c05042974e0db,nested,140-byte batch 512,140,512,14916160,15591570,4229120,0.9566810783006457,-0.04428519458428517
0,ba,0,mistral-nemo,e11c71726323d33da7b8d6f6f269f1988931c0a52b7122bcdd8c05042974e0db,nested,4 KiB single,4096,1,45015049,49140190,4194304,0.9160536212822946,-0.08768037750353007
0,ba,1,mistral-nemo,e11c71726323d33da7b8d6f6f269f1988931c0a52b7122bcdd8c05042974e0db,nested,4 KiB single,4096,1,43474959,51847770,4194304,0.8385116466918442,-0.1761268079025835
0,ba,2,mistral-nemo,e11c71726323d33da7b8d6f6f269f1988931c0a52b7122bcdd8c05042974e0db,nested,4 KiB single,4096,1,41805960,43159740,4194304,0.968633267948324,-0.031869203176729574
0,ba,3,mistral-nemo,e11c71726323d33da7b8d6f6f269f1988931c0a52b7122bcdd8c05042974e0db,nested,4 KiB single,4096,1,37748610,42693119,4194304,0.8841848729768373,-0.12308910588287117
0,ba,4,mistral-nemo,e11c71726323d33da7b8d6f6f269f1988931c0a52b7122bcdd8c05042974e0db,nested,4 KiB single,4096,1,40783780,43436740,4194304,0.9389235932530848,-0.0630211734221225
0,ba,5,mistral-nemo,e11c71726323d33da7b8d6f6f269f1988931c0a52b7122bcdd8c05042974e0db,nested,4 KiB single,4096,1,49338100,51861139,4194304,0.9513501043623435,-0.04987314079652332
0,ba,0,mistral-nemo,e11c71726323d33da7b8d6f6f269f1988931c0a52b7122bcdd8c05042974e0db,nested,64 KiB single,65536,1,45408129,40761480,4194304,1.113996081594682,0.10795362407941073
0,ba,1,mistral-nemo,e11c71726323d33da7b8d6f6f269f1988931c0a52b7122bcdd8c05042974e0db,nested,64 KiB single,65536,1,43762239,44143340,4194304,0.9913667384479743,-0.008670744041217397
0,ba,2,mistral-nemo,e11c71726323d33da7b8d6f6f269f1988931c0a52b7122bcdd8c05042974e0db,nested,64 KiB single,65536,1,42378010,42006550,4194304,1.0088429066419404,0.008804037121294787
0,ba,3,mistral-nemo,e11c71726323d33da7b8d6f6f269f1988931c0a52b7122bcdd8c05042974e0db,nested,64 KiB single,65536,1,38122540,40494649,4194304,0.9414216678356688,-0.06036413367101972
0,ba,4,mistral-nemo,e11c71726323d33da7b8d6f6f269f1988931c0a52b7122bcdd8c05042974e0db,nested,64 KiB single,65536,1,34179800,38766070,4194304,0.8816937079255132,-0.1259105532132319
0,ba,5,mistral-nemo,e11c71726323d33da7b8d6f6f269f1988931c0a52b7122bcdd8c05042974e0db,nested,64 KiB single,65536,1,38221849,41799940,4194304,0.9143996139707378,-0.08948758866835999
0,ba,0,nemotron-3,c6021eb6847e682f89aa52d5eb6e8c7d902a23acfc8137e25211cf84828f1592,flat-ragged,140-byte batch 1,140,1,68330929,72761439,4194400,0.9391090932107596,-0.06282362631911936
0,ba,1,nemotron-3,c6021eb6847e682f89aa52d5eb6e8c7d902a23acfc8137e25211cf84828f1592,flat-ragged,140-byte batch 1,140,1,62306230,63730350,4194400,0.9776539749114825,-0.022599480436414857
0,ba,2,nemotron-3,c6021eb6847e682f89aa52d5eb6e8c7d902a23acfc8137e25211cf84828f1592,flat-ragged,140-byte batch 1,140,1,57016150,59356340,4194400,0.9605738830931961,-0.0402243782396965
0,ba,3,nemotron-3,c6021eb6847e682f89aa52d5eb6e8c7d902a23acfc8137e25211cf84828f1592,flat-ragged,140-byte batch 1,140,1,42119160,44370680,4194400,0.9492565811477309,-0.052076146896912215
0,ba,4,nemotron-3,c6021eb6847e682f89aa52d5eb6e8c7d902a23acfc8137e25211cf84828f1592,flat-ragged,140-byte batch 1,140,1,70156259,65965389,4194400,1.0635313467188074,0.06159483027671941
0,ba,5,nemotron-3,c6021eb6847e682f89aa52d5eb6e8c7d902a23acfc8137e25211cf84828f1592,flat-ragged,140-byte batch 1,140,1,61808570,59129329,4194400,1.0453115407414821,0.04431496609777978
0,ba,0,nemotron-3,c6021eb6847e682f89aa52d5eb6e8c7d902a23acfc8137e25211cf84828f1592,flat-ragged,140-byte batch 32,140,32,66996779,64203149,4197760,1.0435123517072349,0.04259228427123059
0,ba,1,nemotron-3,c6021eb6847e682f89aa52d5eb6e8c7d902a23acfc8137e25211cf84828f1592,flat-ragged,140-byte batch 32,140,32,61429030,60983939,4197760,1.0072984954284439,0.007271990297601519
0,ba,2,nemotron-3,c6021eb6847e682f89aa52d5eb6e8c7d902a23acfc8137e25211cf84828f1592,flat-ragged,140-byte batch 32,140,32,53520520,55365169,4197760,0.9666821390900117,-0.033885545848590805
0,ba,3,nemotron-3,c6021eb6847e682f89aa52d5eb6e8c7d902a23acfc8137e25211cf84828f1592,flat-ragged,140-byte batch 32,140,32,40817390,40989570,4197760,0.9957994192181084,-0.004209428005688488
0,ba,4,nemotron-3,c6021eb6847e682f89aa52d5eb6e8c7d902a23acfc8137e25211cf84828f1592,flat-ragged,140-byte batch 32,140,32,61784549,62285159,4197760,0.991962611831817,-0.008069862093206656
0,ba,5,nemotron-3,c6021eb6847e682f89aa52d5eb6e8c7d902a23acfc8137e25211cf84828f1592,flat-ragged,140-byte batch 32,140,32,57898560,55874200,4197760,1.0362306753385284,0.035589778645497255
0,ba,0,nemotron-3,c6021eb6847e682f89aa52d5eb6e8c7d902a23acfc8137e25211cf84828f1592,flat-ragged,140-byte batch 512,140,512,19046220,18560130,4229120,1.0261900105225557,0.025852925043106413
0,ba,1,nemotron-3,c6021eb6847e682f89aa52d5eb6e8c7d902a23acfc8137e25211cf84828f1592,flat-ragged,140-byte batch 512,140,512,17482700,17015269,4229120,1.0274712671307165,0.027100703134206837
0,ba,2,nemotron-3,c6021eb6847e682f89aa52d5eb6e8c7d902a23acfc8137e25211cf84828f1592,flat-ragged,140-byte batch 512,140,512,16765700,16554850,4229120,1.0127364488352355,0.012656022448550904
0,ba,3,nemotron-3,c6021eb6847e682f89aa52d5eb6e8c7d902a23acfc8137e25211cf84828f1592,flat-ragged,140-byte batch 512,140,512,14035400,13607240,4229120,1.031465602135334,0.03098070555222434
0,ba,4,nemotron-3,c6021eb6847e682f89aa52d5eb6e8c7d902a23acfc8137e25211cf84828f1592,flat-ragged,140-byte batch 512,140,512,13865130,14200360,4229120,0.9763928520122025,-0.02389026124780765
0,ba,5,nemotron-3,c6021eb6847e682f89aa52d5eb6e8c7d902a23acfc8137e25211cf84828f1592,flat-ragged,140-byte batch 512,140,512,13316860,13348500,4229120,0.9976296962205491,-0.0023731173964182976
0,ba,0,nemotron-3,c6021eb6847e682f89aa52d5eb6e8c7d902a23acfc8137e25211cf84828f1592,flat-ragged,4 KiB single,4096,1,50411859,45156469,4194304,1.1163817746688742,0.11009289745619229
0,ba,1,nemotron-3,c6021eb6847e682f89aa52d5eb6e8c7d902a23acfc8137e25211cf84828f1592,flat-ragged,4 KiB single,4096,1,50718330,45790970,4194304,1.1076054951445666,0.10220047361020523
0,ba,2,nemotron-3,c6021eb6847e682f89aa52d5eb6e8c7d902a23acfc8137e25211cf84828f1592,flat-ragged,4 KiB single,4096,1,42816549,41219650,4194304,1.0387412071669702,0.038009602330486066
0,ba,3,nemotron-3,c6021eb6847e682f89aa52d5eb6e8c7d902a23acfc8137e25211cf84828f1592,flat-ragged,4 KiB single,4096,1,42092190,40551029,4194304,1.038005472068292,0.03730105647189387
0,ba,4,nemotron-3,c6021eb6847e682f89aa52d5eb6e8c7d902a23acfc8137e25211cf84828f1592,flat-ragged,4 KiB single,4096,1,41898480,40641259,4194304,1.0309345977692275,0.030465767299343558
0,ba,5,nemotron-3,c6021eb6847e682f89aa52d5eb6e8c7d902a23acfc8137e25211cf84828f1592,flat-ragged,4 KiB single,4096,1,49084680,46436510,4194304,1.0570277568232411,0.05546096654637908
0,ba,0,nemotron-3,c6021eb6847e682f89aa52d5eb6e8c7d902a23acfc8137e25211cf84828f1592,flat-ragged,64 KiB single,65536,1,19667759,19447570,4194304,1.0113221857537986,0.011258569541381968
0,ba,1,nemotron-3,c6021eb6847e682f89aa52d5eb6e8c7d902a23acfc8137e25211cf84828f1592,flat-ragged,64 KiB single,65536,1,18678940,18495300,4194304,1.0099290089914734,0.00988004025558787
0,ba,2,nemotron-3,c6021eb6847e682f89aa52d5eb6e8c7d902a23acfc8137e25211cf84828f1592,flat-ragged,64 KiB single,65536,1,17863630,17629650,4194304,1.0132719594546686,0.01318465858817692
0,ba,3,nemotron-3,c6021eb6847e682f89aa52d5eb6e8c7d902a23acfc8137e25211cf84828f1592,flat-ragged,64 KiB single,65536,1,18631540,18121180,4194304,1.0281637288520946,0.02777442366233923
0,ba,4,nemotron-3,c6021eb6847e682f89aa52d5eb6e8c7d902a23acfc8137e25211cf84828f1592,flat-ragged,64 KiB single,65536,1,17783570,17560530,4194304,1.0127012111821225,0.01262122734839835
0,ba,5,nemotron-3,c6021eb6847e682f89aa52d5eb6e8c7d902a23acfc8137e25211cf84828f1592,flat-ragged,64 KiB single,65536,1,17484000,17338250,4194304,1.0084062693755136,0.00837113346374278
0,ba,0,nemotron-3,c6021eb6847e682f89aa52d5eb6e8c7d902a23acfc8137e25211cf84828f1592,nested,140-byte batch 1,140,1,68290090,72788299,4194400,0.9382014820816187,-0.06379055338148217
0,ba,1,nemotron-3,c6021eb6847e682f89aa52d5eb6e8c7d902a23acfc8137e25211cf84828f1592,nested,140-byte batch 1,140,1,61716079,63783339,4194400,0.9675893417872025,-0.03294751540903731
0,ba,2,nemotron-3,c6021eb6847e682f89aa52d5eb6e8c7d902a23acfc8137e25211cf84828f1592,nested,140-byte batch 1,140,1,61374590,59020789,4194400,1.039880879938762,0.03910616807282288
0,ba,3,nemotron-3,c6021eb6847e682f89aa52d5eb6e8c7d902a23acfc8137e25211cf84828f1592,nested,140-byte batch 1,140,1,44550370,45362950,4194400,0.9820871438034784,-0.01807523342086188
0,ba,4,nemotron-3,c6021eb6847e682f89aa52d5eb6e8c7d902a23acfc8137e25211cf84828f1592,nested,140-byte batch 1,140,1,63500630,61960119,4194400,1.024862944501446,0.02455889096851794
0,ba,5,nemotron-3,c6021eb6847e682f89aa52d5eb6e8c7d902a23acfc8137e25211cf84828f1592,nested,140-byte batch 1,140,1,55672290,65047450,4194400,0.8558719826834104,-0.15563446696449215
0,ba,0,nemotron-3,c6021eb6847e682f89aa52d5eb6e8c7d902a23acfc8137e25211cf84828f1592,nested,140-byte batch 32,140,32,77644389,75001899,4197760,1.0352323079179635,0.03462585362638029
0,ba,1,nemotron-3,c6021eb6847e682f89aa52d5eb6e8c7d902a23acfc8137e25211cf84828f1592,nested,140-byte batch 32,140,32,64253229,64935109,4197760,0.9894990551259412,-0.010556468840486789
0,ba,2,nemotron-3,c6021eb6847e682f89aa52d5eb6e8c7d902a23acfc8137e25211cf84828f1592,nested,140-byte batch 32,140,32,63430610,59049590,4197760,1.0741922170839797,0.07156895314923378
0,ba,3,nemotron-3,c6021eb6847e682f89aa52d5eb6e8c7d902a23acfc8137e25211cf84828f1592,nested,140-byte batch 32,140,32,48850179,45593780,4197760,1.0714220009834674,0.0689867390527177
0,ba,4,nemotron-3,c6021eb6847e682f89aa52d5eb6e8c7d902a23acfc8137e25211cf84828f1592,nested,140-byte batch 32,140,32,69680339,66633399,4197760,1.0457269184181945,0.044712259299496404
0,ba,5,nemotron-3,c6021eb6847e682f89aa52d5eb6e8c7d902a23acfc8137e25211cf84828f1592,nested,140-byte batch 32,140,32,62633769,62316999,4197760,1.00508320370177,0.005070327837161654
0,ba,0,nemotron-3,c6021eb6847e682f89aa52d5eb6e8c7d902a23acfc8137e25211cf84828f1592,nested,140-byte batch 512,140,512,21323110,21208770,4229120,1.0053911660129278,0.005376685697978414
0,ba,1,nemotron-3,c6021eb6847e682f89aa52d5eb6e8c7d902a23acfc8137e25211cf84828f1592,nested,140-byte batch 512,140,512,19760040,19694810,4229120,1.0033120400755327,0.003306567351393475
0,ba,2,nemotron-3,c6021eb6847e682f89aa52d5eb6e8c7d902a23acfc8137e25211cf84828f1592,nested,140-byte batch 512,140,512,19203550,18778930,4229120,1.0226115119445038,0.0223596611248476
0,ba,3,nemotron-3,c6021eb6847e682f89aa52d5eb6e8c7d902a23acfc8137e25211cf84828f1592,nested,140-byte batch 512,140,512,16088850,16991310,4229120,0.9468869675145707,-0.054575551404991485
0,ba,4,nemotron-3,c6021eb6847e682f89aa52d5eb6e8c7d902a23acfc8137e25211cf84828f1592,nested,140-byte batch 512,140,512,15510010,15659630,4229120,0.9904454958386628,-0.009600441274616926
0,ba,5,nemotron-3,c6021eb6847e682f89aa52d5eb6e8c7d902a23acfc8137e25211cf84828f1592,nested,140-byte batch 512,140,512,15121950,16537140,4229120,0.9144235339363397,-0.0894614298069844
0,ba,0,nemotron-3,c6021eb6847e682f89aa52d5eb6e8c7d902a23acfc8137e25211cf84828f1592,nested,4 KiB single,4096,1,46536629,48853570,4194304,0.9525737627772136,-0.04858773374377892
0,ba,1,nemotron-3,c6021eb6847e682f89aa52d5eb6e8c7d902a23acfc8137e25211cf84828f1592,nested,4 KiB single,4096,1,46402219,50736199,4194304,0.9145781496166081,-0.0892923586879941
0,ba,2,nemotron-3,c6021eb6847e682f89aa52d5eb6e8c7d902a23acfc8137e25211cf84828f1592,nested,4 KiB single,4096,1,43179350,46069470,4194304,0.9372660462557959,-0.06478810294100289
0,ba,3,nemotron-3,c6021eb6847e682f89aa52d5eb6e8c7d902a23acfc8137e25211cf84828f1592,nested,4 KiB single,4096,1,42096509,43270179,4194304,0.9728757766405357,-0.02749887540863573
0,ba,4,nemotron-3,c6021eb6847e682f89aa52d5eb6e8c7d902a23acfc8137e25211cf84828f1592,nested,4 KiB single,4096,1,50295310,45484439,4194304,1.1057696017752356,0.10054156474029509
0,ba,5,nemotron-3,c6021eb6847e682f89aa52d5eb6e8c7d902a23acfc8137e25211cf84828f1592,nested,4 KiB single,4096,1,52313439,53206360,4194304,0.9832177769725273,-0.016924640164995723
0,ba,0,nemotron-3,c6021eb6847e682f89aa52d5eb6e8c7d902a23acfc8137e25211cf84828f1592,nested,64 KiB single,65536,1,44345879,43468260,4194304,1.0201898810764451,0.019988767889028078
0,ba,1,nemotron-3,c6021eb6847e682f89aa52d5eb6e8c7d902a23acfc8137e25211cf84828f1592,nested,64 KiB single,65536,1,42610289,44089359,4194304,0.9664529030689696,-0.034122710885815054
0,ba,2,nemotron-3,c6021eb6847e682f89aa52d5eb6e8c7d902a23acfc8137e25211cf84828f1592,nested,64 KiB single,65536,1,44231449,47838280,4194304,0.9246036646802519,-0.07839010390541909
0,ba,3,nemotron-3,c6021eb6847e682f89aa52d5eb6e8c7d902a23acfc8137e25211cf84828f1592,nested,64 KiB single,65536,1,39568749,40823649,4194304,0.9692604646880048,-0.031221905803279937
0,ba,4,nemotron-3,c6021eb6847e682f89aa52d5eb6e8c7d902a23acfc8137e25211cf84828f1592,nested,64 KiB single,65536,1,36788800,38131249,4194304,0.9647939935038582,-0.0358406786672167
0,ba,5,nemotron-3,c6021eb6847e682f89aa52d5eb6e8c7d902a23acfc8137e25211cf84828f1592,nested,64 KiB single,65536,1,44871050,41216889,4194304,1.08865688528797,0.08494472110737891
0,ba,0,phi-4-mini,382cc235b56c725945e149cc25f191da667c836655efd0857b004320e90e91ea,flat-ragged,140-byte batch 1,140,1,50766400,49289260,4194400,1.0299688005054246,0.029528511011337303
0,ba,1,phi-4-mini,382cc235b56c725945e149cc25f191da667c836655efd0857b004320e90e91ea,flat-ragged,140-byte batch 1,140,1,46926600,45725970,4194400,1.0262570701069873,0.025918271024582287
0,ba,2,phi-4-mini,382cc235b56c725945e149cc25f191da667c836655efd0857b004320e90e91ea,flat-ragged,140-byte batch 1,140,1,46950269,45582350,4194400,1.0300098393347425,0.02956835494809439
0,ba,3,phi-4-mini,382cc235b56c725945e149cc25f191da667c836655efd0857b004320e90e91ea,flat-ragged,140-byte batch 1,140,1,51152330,50169510,4194400,1.0195899860293633,0.019400572001764354
0,ba,4,phi-4-mini,382cc235b56c725945e149cc25f191da667c836655efd0857b004320e90e91ea,flat-ragged,140-byte batch 1,140,1,45135040,46222020,4194400,0.9764835028845559,-0.023797422935549744
0,ba,5,phi-4-mini,382cc235b56c725945e149cc25f191da667c836655efd0857b004320e90e91ea,flat-ragged,140-byte batch 1,140,1,41132240,38958729,4194400,1.0557900900719837,0.05428938718411226
0,ba,0,phi-4-mini,382cc235b56c725945e149cc25f191da667c836655efd0857b004320e90e91ea,flat-ragged,140-byte batch 32,140,32,44945579,45861700,4197760,0.9800242686162964,-0.02017794372995958
0,ba,1,phi-4-mini,382cc235b56c725945e149cc25f191da667c836655efd0857b004320e90e91ea,flat-ragged,140-byte batch 32,140,32,40211550,41710710,4197760,0.9640581519710405,-0.03660366256957661
0,ba,2,phi-4-mini,382cc235b56c725945e149cc25f191da667c836655efd0857b004320e90e91ea,flat-ragged,140-byte batch 32,140,32,40783899,43663300,4197760,0.9340544347312274,-0.06822056115476588
0,ba,3,phi-4-mini,382cc235b56c725945e149cc25f191da667c836655efd0857b004320e90e91ea,flat-ragged,140-byte batch 32,140,32,43421600,44225259,4197760,0.9818280544156903,-0.018339083295363677
0,ba,4,phi-4-mini,382cc235b56c725945e149cc25f191da667c836655efd0857b004320e90e91ea,flat-ragged,140-byte batch 32,140,32,37849960,39684800,4197760,0.9537646655646494,-0.047338319762871256
0,ba,5,phi-4-mini,382cc235b56c725945e149cc25f191da667c836655efd0857b004320e90e91ea,flat-ragged,140-byte batch 32,140,32,32521190,37337160,4197760,0.8710140246339036,-0.1380972004981828
0,ba,0,phi-4-mini,382cc235b56c725945e149cc25f191da667c836655efd0857b004320e90e91ea,flat-ragged,140-byte batch 512,140,512,12706570,13859600,4229120,0.916806401339144,-0.08685895078257355
0,ba,1,phi-4-mini,382cc235b56c725945e149cc25f191da667c836655efd0857b004320e90e91ea,flat-ragged,140-byte batch 512,140,512,12250440,13036460,4229120,0.9397060244882429,-0.06218819253753483
0,ba,2,phi-4-mini,382cc235b56c725945e149cc25f191da667c836655efd0857b004320e90e91ea,flat-ragged,140-byte batch 512,140,512,11646240,13555730,4229120,0.8591377963414734,-0.1518259550300509
0,ba,3,phi-4-mini,382cc235b56c725945e149cc25f191da667c836655efd0857b004320e90e91ea,flat-ragged,140-byte batch 512,140,512,10056800,11189269,4229120,0.8987897243331981,-0.10670617138740861
0,ba,4,phi-4-mini,382cc235b56c725945e149cc25f191da667c836655efd0857b004320e90e91ea,flat-ragged,140-byte batch 512,140,512,9737720,10799450,4229120,0.9016866599687947,-0.103488202897796
0,ba,5,phi-4-mini,382cc235b56c725945e149cc25f191da667c836655efd0857b004320e90e91ea,flat-ragged,140-byte batch 512,140,512,9765090,10451100,4229120,0.9343600195194764,-0.06789345515290576
0,ba,0,phi-4-mini,382cc235b56c725945e149cc25f191da667c836655efd0857b004320e90e91ea,flat-ragged,4 KiB single,4096,1,34185459,36502519,4194304,0.9365232848724769,-0.0655808936884824
0,ba,1,phi-4-mini,382cc235b56c725945e149cc25f191da667c836655efd0857b004320e90e91ea,flat-ragged,4 KiB single,4096,1,31578840,35523970,4194304,0.8889445633469457,-0.1177204038524819
0,ba,2,phi-4-mini,382cc235b56c725945e149cc25f191da667c836655efd0857b004320e90e91ea,flat-ragged,4 KiB single,4096,1,29086880,31056730,4194304,0.9365725238941769,-0.06552831867178453
0,ba,3,phi-4-mini,382cc235b56c725945e149cc25f191da667c836655efd0857b004320e90e91ea,flat-ragged,4 KiB single,4096,1,28527300,30473650,4194304,0.9361300664672594,-0.06600085225765956
0,ba,4,phi-4-mini,382cc235b56c725945e149cc25f191da667c836655efd0857b004320e90e91ea,flat-ragged,4 KiB single,4096,1,34581020,37165300,4194304,0.9304652458072449,-0.07207055361644221
0,ba,5,phi-4-mini,382cc235b56c725945e149cc25f191da667c836655efd0857b004320e90e91ea,flat-ragged,4 KiB single,4096,1,31655570,34604339,4194304,0.9147861486387588,-0.08906495835745805
0,ba,0,phi-4-mini,382cc235b56c725945e149cc25f191da667c836655efd0857b004320e90e91ea,flat-ragged,64 KiB single,65536,1,16249570,16378450,4194304,0.9921311235190143,-0.007899999465650185
0,ba,1,phi-4-mini,382cc235b56c725945e149cc25f191da667c836655efd0857b004320e90e91ea,flat-ragged,64 KiB single,65536,1,15980930,16152100,4194304,0.9894026163780562,-0.010653935783235955
0,ba,2,phi-4-mini,382cc235b56c725945e149cc25f191da667c836655efd0857b004320e90e91ea,flat-ragged,64 KiB single,65536,1,15485600,15436030,4194304,1.0032113179360238,0.0032061726670342956
0,ba,3,phi-4-mini,382cc235b56c725945e149cc25f191da667c836655efd0857b004320e90e91ea,flat-ragged,64 KiB single,65536,1,15835010,15997220,4194304,0.9898601131946676,-0.010191645640625196
0,ba,4,phi-4-mini,382cc235b56c725945e149cc25f191da667c836655efd0857b004320e90e91ea,flat-ragged,64 KiB single,65536,1,15148400,15552490,4194304,0.9740176653384763,-0.02632583860625385
0,ba,5,phi-4-mini,382cc235b56c725945e149cc25f191da667c836655efd0857b004320e90e91ea,flat-ragged,64 KiB single,65536,1,15159540,15294220,4194304,0.9911940589320671,-0.008844942498658925
0,ba,0,phi-4-mini,382cc235b56c725945e149cc25f191da667c836655efd0857b004320e90e91ea,nested,140-byte batch 1,140,1,49450760,48842569,4194400,1.0124520681948568,0.01237517882351897
0,ba,1,phi-4-mini,382cc235b56c725945e149cc25f191da667c836655efd0857b004320e90e91ea,nested,140-byte batch 1,140,1,42262830,44592990,4194400,0.947746047080494,-0.05366869544061185
0,ba,2,phi-4-mini,382cc235b56c725945e149cc25f191da667c836655efd0857b004320e90e91ea,nested,140-byte batch 1,140,1,44958320,45177899,4194400,0.9951396810196951,-0.004872168741939405
0,ba,3,phi-4-mini,382cc235b56c725945e149cc25f191da667c836655efd0857b004320e90e91ea,nested,140-byte batch 1,140,1,45695300,46981390,4194400,0.972625543858962,-0.027756117879064186
0,ba,4,phi-4-mini,382cc235b56c725945e149cc25f191da667c836655efd0857b004320e90e91ea,nested,140-byte batch 1,140,1,40313690,41042880,4194400,0.9822334592504229,-0.01792626033878183
0,ba,5,phi-4-mini,382cc235b56c725945e149cc25f191da667c836655efd0857b004320e90e91ea,nested,140-byte batch 1,140,1,35912650,36633600,4194400,0.9803199794723969,-0.01987625094448915
0,ba,0,phi-4-mini,382cc235b56c725945e149cc25f191da667c836655efd0857b004320e90e91ea,nested,140-byte batch 32,140,32,52304170,51064449,4197760,1.0242775751873872,0.023987559403544693
0,ba,1,phi-4-mini,382cc235b56c725945e149cc25f191da667c836655efd0857b004320e90e91ea,nested,140-byte batch 32,140,32,47590360,46461590,4197760,1.0242946915936368,0.024004269974636214
0,ba,2,phi-4-mini,382cc235b56c725945e149cc25f191da667c836655efd0857b004320e90e91ea,nested,140-byte batch 32,140,32,43850410,50581030,4197760,0.866933907830663,-0.14279253598313726
0,ba,3,phi-4-mini,382cc235b56c725945e149cc25f191da667c836655efd0857b004320e90e91ea,nested,140-byte batch 32,140,32,46914070,51727339,4197760,0.9069492246643501,-0.09766881206098707
0,ba,4,phi-4-mini,382cc235b56c725945e149cc25f191da667c836655efd0857b004320e90e91ea,nested,140-byte batch 32,140,32,43221780,43769690,4197760,0.9874819766829511,-0.012597033833722706
0,ba,5,phi-4-mini,382cc235b56c725945e149cc25f191da667c836655efd0857b004320e90e91ea,nested,140-byte batch 32,140,32,38625979,39836700,4197760,0.9696078992486827,-0.030863516785377416
0,ba,0,phi-4-mini,382cc235b56c725945e149cc25f191da667c836655efd0857b004320e90e91ea,nested,140-byte batch 512,140,512,15258450,15603140,4229120,0.9779089337146241,-0.022338728093995723
0,ba,1,phi-4-mini,382cc235b56c725945e149cc25f191da667c836655efd0857b004320e90e91ea,nested,140-byte batch 512,140,512,14613800,14857450,4229120,0.9836008197907448,-0.01653513518096664
0,ba,2,phi-4-mini,382cc235b56c725945e149cc25f191da667c836655efd0857b004320e90e91ea,nested,140-byte batch 512,140,512,14095149,14308199,4229120,0.9851099359185597,-0.015002033968384872
0,ba,3,phi-4-mini,382cc235b56c725945e149cc25f191da667c836655efd0857b004320e90e91ea,nested,140-byte batch 512,140,512,12106370,12523520,4229120,0.9666906748262469,-0.033876715956938364
0,ba,4,phi-4-mini,382cc235b56c725945e149cc25f191da667c836655efd0857b004320e90e91ea,nested,140-byte batch 512,140,512,11912220,12368140,4229120,0.9631375453382642,-0.03755904733313332
0,ba,5,phi-4-mini,382cc235b56c725945e149cc25f191da667c836655efd0857b004320e90e91ea,nested,140-byte batch 512,140,512,11783779,12119110,4229120,0.9723303938985619,-0.028059620860222786
0,ba,0,phi-4-mini,382cc235b56c725945e149cc25f191da667c836655efd0857b004320e90e91ea,nested,4 KiB single,4096,1,36586730,34747380,4194304,1.0529349263167467,0.051581432872579255
0,ba,1,phi-4-mini,382cc235b56c725945e149cc25f191da667c836655efd0857b004320e90e91ea,nested,4 KiB single,4096,1,34585170,33679680,4194304,1.0268853504546362,0.026530289324889135
0,ba,2,phi-4-mini,382cc235b56c725945e149cc25f191da667c836655efd0857b004320e90e91ea,nested,4 KiB single,4096,1,35536530,30738240,4194304,1.1561016505824666,0.1450536994141189
0,ba,3,phi-4-mini,382cc235b56c725945e149cc25f191da667c836655efd0857b004320e90e91ea,nested,4 KiB single,4096,1,31677440,34016060,4194304,0.9312495333086783,-0.07122801043353677
0,ba,4,phi-4-mini,382cc235b56c725945e149cc25f191da667c836655efd0857b004320e90e91ea,nested,4 KiB single,4096,1,36033659,36260180,4194304,0.9937528991858287,-0.006266695598149267
0,ba,5,phi-4-mini,382cc235b56c725945e149cc25f191da667c836655efd0857b004320e90e91ea,nested,4 KiB single,4096,1,34326619,36608630,4194304,0.9376646708713219,-0.0643628876326282
0,ba,0,phi-4-mini,382cc235b56c725945e149cc25f191da667c836655efd0857b004320e90e91ea,nested,64 KiB single,65536,1,34145819,33823210,4194304,1.009538095290187,0.009492894849415843
0,ba,1,phi-4-mini,382cc235b56c725945e149cc25f191da667c836655efd0857b004320e90e91ea,nested,64 KiB single,65536,1,30964359,31932919,4194304,0.969668917520506,-0.03080058789217789
0,ba,2,phi-4-mini,382cc235b56c725945e149cc25f191da667c836655efd0857b004320e90e91ea,nested,64 KiB single,65536,1,28439870,30084410,4194304,0.9453358068182158,-0.05621506348026684
0,ba,3,phi-4-mini,382cc235b56c725945e149cc25f191da667c836655efd0857b004320e90e91ea,nested,64 KiB single,65536,1,27958820,26396250,4194304,1.0591966661931145,0.057510758719364195
0,ba,4,phi-4-mini,382cc235b56c725945e149cc25f191da667c836655efd0857b004320e90e91ea,nested,64 KiB single,65536,1,30624330,29000430,4194304,1.0559957214427511,0.05448413361180027
0,ba,5,phi-4-mini,382cc235b56c725945e149cc25f191da667c836655efd0857b004320e90e91ea,nested,64 KiB single,65536,1,31265110,29732630,4194304,1.0515420263864985,0.05025768339472574
0,ba,0,qwen-2-5,c0382117ea329cdf097041132f6d735924b697924d6f6fc3945713e96ce87539,flat-ragged,140-byte batch 1,140,1,47248050,44602869,4194400,1.0593051760863186,0.05761319893549565
0,ba,1,qwen-2-5,c0382117ea329cdf097041132f6d735924b697924d6f6fc3945713e96ce87539,flat-ragged,140-byte batch 1,140,1,42570710,39992120,4194400,1.0644774520580553,0.06248402340611749
0,ba,2,qwen-2-5,c0382117ea329cdf097041132f6d735924b697924d6f6fc3945713e96ce87539,flat-ragged,140-byte batch 1,140,1,39544550,38353140,4194400,1.0310642101272542,0.030591482559411725
0,ba,3,qwen-2-5,c0382117ea329cdf097041132f6d735924b697924d6f6fc3945713e96ce87539,flat-ragged,140-byte batch 1,140,1,46822210,42264280,4194400,1.1078435501563022,0.10241537813545866
0,ba,4,qwen-2-5,c0382117ea329cdf097041132f6d735924b697924d6f6fc3945713e96ce87539,flat-ragged,140-byte batch 1,140,1,41616240,36224510,4194400,1.1488420409275377,0.1387545141571411
0,ba,5,qwen-2-5,c0382117ea329cdf097041132f6d735924b697924d6f6fc3945713e96ce87539,flat-ragged,140-byte batch 1,140,1,38691100,36561970,4194400,1.0582334595209175,0.05660097026690177
0,ba,0,qwen-2-5,c0382117ea329cdf097041132f6d735924b697924d6f6fc3945713e96ce87539,flat-ragged,140-byte batch 32,140,32,45609530,38150450,4197760,1.195517484066374,0.17857913270798134
0,ba,1,qwen-2-5,c0382117ea329cdf097041132f6d735924b697924d6f6fc3945713e96ce87539,flat-ragged,140-byte batch 32,140,32,40336690,35641680,4197760,1.1317280779132746,0.12374573706749005
0,ba,2,qwen-2-5,c0382117ea329cdf097041132f6d735924b697924d6f6fc3945713e96ce87539,flat-ragged,140-byte batch 32,140,32,38630720,33856030,4197760,1.1410292346740005,0.13193069252716197
0,ba,3,qwen-2-5,c0382117ea329cdf097041132f6d735924b697924d6f6fc3945713e96ce87539,flat-ragged,140-byte batch 32,140,32,43561600,38567990,4197760,1.1294755054645056,0.12175337051503587
0,ba,4,qwen-2-5,c0382117ea329cdf097041132f6d735924b697924d6f6fc3945713e96ce87539,flat-ragged,140-byte batch 32,140,32,39433269,35328600,4197760,1.1161854418233386,0.109917016663362
0,ba,5,qwen-2-5,c0382117ea329cdf097041132f6d735924b697924d6f6fc3945713e96ce87539,flat-ragged,140-byte batch 32,140,32,36007490,31607400,4197760,1.1392107544435797,0.13033570197825786
0,ba,0,qwen-2-5,c0382117ea329cdf097041132f6d735924b697924d6f6fc3945713e96ce87539,flat-ragged,140-byte batch 512,140,512,12516440,13103870,4229120,0.9551712585671256,-0.04586462623627208
0,ba,1,qwen-2-5,c0382117ea329cdf097041132f6d735924b697924d6f6fc3945713e96ce87539,flat-ragged,140-byte batch 512,140,512,12538930,12031670,4229120,1.0421603983486913,0.04129586464081632
0,ba,2,qwen-2-5,c0382117ea329cdf097041132f6d735924b697924d6f6fc3945713e96ce87539,flat-ragged,140-byte batch 512,140,512,11482869,11471380,4229120,1.001001535996541,0.0010010347939851272
0,ba,3,qwen-2-5,c0382117ea329cdf097041132f6d735924b697924d6f6fc3945713e96ce87539,flat-ragged,140-byte batch 512,140,512,9868850,9701859,4229120,1.0172122682879643,0.01706581533458681
0,ba,4,qwen-2-5,c0382117ea329cdf097041132f6d735924b697924d6f6fc3945713e96ce87539,flat-ragged,140-byte batch 512,140,512,9566890,9431120,4229120,1.0143959572139893,0.01429331929657883
0,ba,5,qwen-2-5,c0382117ea329cdf097041132f6d735924b697924d6f6fc3945713e96ce87539,flat-ragged,140-byte batch 512,140,512,9390019,9154530,4229120,1.0257237673588924,0.02539847790530436
0,ba,0,qwen-2-5,c0382117ea329cdf097041132f6d735924b697924d6f6fc3945713e96ce87539,flat-ragged,4 KiB single,4096,1,33714040,30817760,4194304,1.0939808733665264,0.08982322063537168
0,ba,1,qwen-2-5,c0382117ea329cdf097041132f6d735924b697924d6f6fc3945713e96ce87539,flat-ragged,4 KiB single,4096,1,31869260,29405890,4194304,1.0837713124819552,0.08044691441586505
0,ba,2,qwen-2-5,c0382117ea329cdf097041132f6d735924b697924d6f6fc3945713e96ce87539,flat-ragged,4 KiB single,4096,1,28887500,28214020,4194304,1.0238704020199887,0.023589958080501912
0,ba,3,qwen-2-5,c0382117ea329cdf097041132f6d735924b697924d6f6fc3945713e96ce87539,flat-ragged,4 KiB single,4096,1,27652380,25931040,4194304,1.066381448642245,0.06427109348408828
0,ba,4,qwen-2-5,c0382117ea329cdf097041132f6d735924b697924d6f6fc3945713e96ce87539,flat-ragged,4 KiB single,4096,1,32229940,28244079,4194304,1.141122002951486,0.1320119915015744
0,ba,5,qwen-2-5,c0382117ea329cdf097041132f6d735924b697924d6f6fc3945713e96ce87539,flat-ragged,4 KiB single,4096,1,31543170,30230880,4194304,1.043408924913863,0.04249316525355104
0,ba,0,qwen-2-5,c0382117ea329cdf097041132f6d735924b697924d6f6fc3945713e96ce87539,flat-ragged,64 KiB single,65536,1,31976699,27570240,4194304,1.1598266464129439,0.14827055120313107
0,ba,1,qwen-2-5,c0382117ea329cdf097041132f6d735924b697924d6f6fc3945713e96ce87539,flat-ragged,64 KiB single,65536,1,29593459,28523440,4194304,1.0375136729651122,0.03682715179743113
0,ba,2,qwen-2-5,c0382117ea329cdf097041132f6d735924b697924d6f6fc3945713e96ce87539,flat-ragged,64 KiB single,65536,1,28130540,25395810,4194304,1.1076842991028835,0.10227161911771826
0,ba,3,qwen-2-5,c0382117ea329cdf097041132f6d735924b697924d6f6fc3945713e96ce87539,flat-ragged,64 KiB single,65536,1,27654910,25840280,4194304,1.0702248582445701,0.06786877428796119
0,ba,4,qwen-2-5,c0382117ea329cdf097041132f6d735924b697924d6f6fc3945713e96ce87539,flat-ragged,64 KiB single,65536,1,27615970,25322950,4194304,1.0905510613889773,0.08668312939551152
0,ba,5,qwen-2-5,c0382117ea329cdf097041132f6d735924b697924d6f6fc3945713e96ce87539,flat-ragged,64 KiB single,65536,1,31309280,30249310,4194304,1.0350411298637887,0.034441164926588975
0,ba,0,qwen-2-5,c0382117ea329cdf097041132f6d735924b697924d6f6fc3945713e96ce87539,nested,140-byte batch 1,140,1,46445969,46307960,4194400,1.002980243569356,0.0029758114471752414
0,ba,1,qwen-2-5,c0382117ea329cdf097041132f6d735924b697924d6f6fc3945713e96ce87539,nested,140-byte batch 1,140,1,42416860,43958730,4194400,0.9649246008699524,-0.03570531450927742
0,ba,2,qwen-2-5,c0382117ea329cdf097041132f6d735924b697924d6f6fc3945713e96ce87539,nested,140-byte batch 1,140,1,41030790,40988110,4194400,1.0010412775802544,0.0010407358267993728
0,ba,3,qwen-2-5,c0382117ea329cdf097041132f6d735924b697924d6f6fc3945713e96ce87539,nested,140-byte batch 1,140,1,45049910,43174530,4194400,1.0434371839137566,0.042520248227974365
0,ba,4,qwen-2-5,c0382117ea329cdf097041132f6d735924b697924d6f6fc3945713e96ce87539,nested,140-byte batch 1,140,1,40646290,38733900,4194400,1.0493725134830214,0.048192379325023044
0,ba,5,qwen-2-5,c0382117ea329cdf097041132f6d735924b697924d6f6fc3945713e96ce87539,nested,140-byte batch 1,140,1,38890880,37305500,4194400,1.04249721890874,0.04161900697382229
0,ba,0,qwen-2-5,c0382117ea329cdf097041132f6d735924b697924d6f6fc3945713e96ce87539,nested,140-byte batch 32,140,32,47264820,44764649,4197760,1.0558514599321442,0.05434751244706491
0,ba,1,qwen-2-5,c0382117ea329cdf097041132f6d735924b697924d6f6fc3945713e96ce87539,nested,140-byte batch 32,140,32,43266139,41329809,4197760,1.046850688325223,0.04578631266930982
0,ba,2,qwen-2-5,c0382117ea329cdf097041132f6d735924b697924d6f6fc3945713e96ce87539,nested,140-byte batch 32,140,32,44844140,38987369,4197760,1.1502222681402277,0.13995520034331074
0,ba,3,qwen-2-5,c0382117ea329cdf097041132f6d735924b697924d6f6fc3945713e96ce87539,nested,140-byte batch 32,140,32,49240460,47299010,4197760,1.041046313654345,0.04022627822470319
0,ba,4,qwen-2-5,c0382117ea329cdf097041132f6d735924b697924d6f6fc3945713e96ce87539,nested,140-byte batch 32,140,32,43947780,40832809,4197760,1.076285983655937,0.07351621049212079
0,ba,5,qwen-2-5,c0382117ea329cdf097041132f6d735924b697924d6f6fc3945713e96ce87539,nested,140-byte batch 32,140,32,40856650,38544030,4197760,1.0599994344130597,0.0582683745512482
0,ba,0,qwen-2-5,c0382117ea329cdf097041132f6d735924b697924d6f6fc3945713e96ce87539,nested,140-byte batch 512,140,512,15340640,14997310,4229120,1.0228927721037973,0.02263466437295553
0,ba,1,qwen-2-5,c0382117ea329cdf097041132f6d735924b697924d6f6fc3945713e96ce87539,nested,140-byte batch 512,140,512,14249280,13964330,4229120,1.0204055618851746,0.020200157961740968
0,ba,2,qwen-2-5,c0382117ea329cdf097041132f6d735924b697924d6f6fc3945713e96ce87539,nested,140-byte batch 512,140,512,13753600,14019310,4229120,0.9810468560863552,-0.019135056962764494
0,ba,3,qwen-2-5,c0382117ea329cdf097041132f6d735924b697924d6f6fc3945713e96ce87539,nested,140-byte batch 512,140,512,12123500,12623209,4229120,0.9604134733093621,-0.04039138588154508
0,ba,4,qwen-2-5,c0382117ea329cdf097041132f6d735924b697924d6f6fc3945713e96ce87539,nested,140-byte batch 512,140,512,11557690,12044339,4229120,0.9595952090023371,-0.041243740731919526
0,ba,5,qwen-2-5,c0382117ea329cdf097041132f6d735924b697924d6f6fc3945713e96ce87539,nested,140-byte batch 512,140,512,11585270,12000090,4229120,0.9654319259272223,-0.03517968614797963
0,ba,0,qwen-2-5,c0382117ea329cdf097041132f6d735924b697924d6f6fc3945713e96ce87539,nested,4 KiB single,4096,1,34408080,33836270,4194304,1.0168993213495459,0.01675811644286247
0,ba,1,qwen-2-5,c0382117ea329cdf097041132f6d735924b697924d6f6fc3945713e96ce87539,nested,4 KiB single,4096,1,33668580,29937040,4194304,1.124646257612643,0.11746854853284087
0,ba,2,qwen-2-5,c0382117ea329cdf097041132f6d735924b697924d6f6fc3945713e96ce87539,nested,4 KiB single,4096,1,30579180,27357780,4194304,1.1177507824099762,0.11131843611826683
0,ba,3,qwen-2-5,c0382117ea329cdf097041132f6d735924b697924d6f6fc3945713e96ce87539,nested,4 KiB single,4096,1,28231820,27512399,4194304,1.0261489737772413,0.025812934821575078
0,ba,4,qwen-2-5,c0382117ea329cdf097041132f6d735924b697924d6f6fc3945713e96ce87539,nested,4 KiB single,4096,1,33540100,29848660,4194304,1.1236718834279327,0.11660179019653097
0,ba,5,qwen-2-5,c0382117ea329cdf097041132f6d735924b697924d6f6fc3945713e96ce87539,nested,4 KiB single,4096,1,31953660,31055070,4194304,1.028935371905457,0.028524648179253046
0,ba,0,qwen-2-5,c0382117ea329cdf097041132f6d735924b697924d6f6fc3945713e96ce87539,nested,64 KiB single,65536,1,32816240,33772700,4194304,0.9716794926079348,-0.02872926901321684
0,ba,1,qwen-2-5,c0382117ea329cdf097041132f6d735924b697924d6f6fc3945713e96ce87539,nested,64 KiB single,65536,1,30053920,29026870,4194304,1.0353827333088272,0.03477114899817403
0,ba,2,qwen-2-5,c0382117ea329cdf097041132f6d735924b697924d6f6fc3945713e96ce87539,nested,64 KiB single,65536,1,30941720,28435150,4194304,1.0881504053961382,0.08447937913325097
0,ba,3,qwen-2-5,c0382117ea329cdf097041132f6d735924b697924d6f6fc3945713e96ce87539,nested,64 KiB single,65536,1,27902930,25642880,4194304,1.0881355760351412,0.08446575099694563
0,ba,4,qwen-2-5,c0382117ea329cdf097041132f6d735924b697924d6f6fc3945713e96ce87539,nested,64 KiB single,65536,1,28064980,26285280,4194304,1.0677070968998619,0.0655134490844609
0,ba,5,qwen-2-5,c0382117ea329cdf097041132f6d735924b697924d6f6fc3945713e96ce87539,nested,64 KiB single,65536,1,30431520,28398649,4194304,1.0715833700398918,0.0691373397548077
0,ba,0,qwen-3,aeb13307a71acd8fe81861d94ad54ab689df773318809eed3cbe794b4492dae4,flat-ragged,140-byte batch 1,140,1,47192750,45420129,4194400,1.0390272119218331,0.03828490226674628
0,ba,1,qwen-3,aeb13307a71acd8fe81861d94ad54ab689df773318809eed3cbe794b4492dae4,flat-ragged,140-byte batch 1,140,1,42435829,42761929,4194400,0.9923740577746154,-0.007655168402365977
0,ba,2,qwen-3,aeb13307a71acd8fe81861d94ad54ab689df773318809eed3cbe794b4492dae4,flat-ragged,140-byte batch 1,140,1,38332550,38372259,4194400,0.9989651638700761,-0.0010353719425158895
0,ba,3,qwen-3,aeb13307a71acd8fe81861d94ad54ab689df773318809eed3cbe794b4492dae4,flat-ragged,140-byte batch 1,140,1,47489560,43276980,4194400,1.0973399715044811,0.09288904349458993
0,ba,4,qwen-3,aeb13307a71acd8fe81861d94ad54ab689df773318809eed3cbe794b4492dae4,flat-ragged,140-byte batch 1,140,1,39475729,38700370,4194400,1.0200349247306937,0.019836866642059248
0,ba,5,qwen-3,aeb13307a71acd8fe81861d94ad54ab689df773318809eed3cbe794b4492dae4,flat-ragged,140-byte batch 1,140,1,38016299,35950780,4194400,1.0574540802730845,0.0558642080858814
0,ba,0,qwen-3,aeb13307a71acd8fe81861d94ad54ab689df773318809eed3cbe794b4492dae4,flat-ragged,140-byte batch 32,140,32,42735570,38016580,4197760,1.124129787582155,0.11700921418456517
0,ba,1,qwen-3,aeb13307a71acd8fe81861d94ad54ab689df773318809eed3cbe794b4492dae4,flat-ragged,140-byte batch 32,140,32,38435520,34777030,4197760,1.105198460018006,0.10002492066948881
0,ba,2,qwen-3,aeb13307a71acd8fe81861d94ad54ab689df773318809eed3cbe794b4492dae4,flat-ragged,140-byte batch 32,140,32,35825019,32808460,4197760,1.0919445472295866,0.08796009510803143
0,ba,3,qwen-3,aeb13307a71acd8fe81861d94ad54ab689df773318809eed3cbe794b4492dae4,flat-ragged,140-byte batch 32,140,32,41791990,37744720,4197760,1.107227447971531,0.10185909601070535
0,ba,4,qwen-3,aeb13307a71acd8fe81861d94ad54ab689df773318809eed3cbe794b4492dae4,flat-ragged,140-byte batch 32,140,32,38364969,33782570,4197760,1.1356438838134577,0.1271997885944552
0,ba,5,qwen-3,aeb13307a71acd8fe81861d94ad54ab689df773318809eed3cbe794b4492dae4,flat-ragged,140-byte batch 32,140,32,34043590,31454139,4197760,1.082324650501481,0.07911118209348543
0,ba,0,qwen-3,aeb13307a71acd8fe81861d94ad54ab689df773318809eed3cbe794b4492dae4,flat-ragged,140-byte batch 512,140,512,12684560,12988380,4229120,0.9766083222080044,-0.023669605777119355
0,ba,1,qwen-3,aeb13307a71acd8fe81861d94ad54ab689df773318809eed3cbe794b4492dae4,flat-ragged,140-byte batch 512,140,512,12222240,12019690,4229120,1.0168515161372713,0.01671110457552633
0,ba,2,qwen-3,aeb13307a71acd8fe81861d94ad54ab689df773318809eed3cbe794b4492dae4,flat-ragged,140-byte batch 512,140,512,11565160,11475900,4229120,1.007778039195183,0.007747946190642975
0,ba,3,qwen-3,aeb13307a71acd8fe81861d94ad54ab689df773318809eed3cbe794b4492dae4,flat-ragged,140-byte batch 512,140,512,9880520,10021310,4229120,0.9859509385499501,-0.014148683680406064
0,ba,4,qwen-3,aeb13307a71acd8fe81861d94ad54ab689df773318809eed3cbe794b4492dae4,flat-ragged,140-byte batch 512,140,512,9856120,10394020,4229120,0.9482490893802398,-0.053138058729709246
0,ba,5,qwen-3,aeb13307a71acd8fe81861d94ad54ab689df773318809eed3cbe794b4492dae4,flat-ragged,140-byte batch 512,140,512,9618570,9390730,4229120,1.0242622245554924,0.023972572502243637
0,ba,0,qwen-3,aeb13307a71acd8fe81861d94ad54ab689df773318809eed3cbe794b4492dae4,flat-ragged,4 KiB single,4096,1,33567440,31314580,4194304,1.0719428457925988,0.06947274573531015
0,ba,1,qwen-3,aeb13307a71acd8fe81861d94ad54ab689df773318809eed3cbe794b4492dae4,flat-ragged,4 KiB single,4096,1,31614210,29222759,4194304,1.0818352230191544,0.07865887956569276
0,ba,2,qwen-3,aeb13307a71acd8fe81861d94ad54ab689df773318809eed3cbe794b4492dae4,flat-ragged,4 KiB single,4096,1,28606439,26788870,4194304,1.0678479159441963,0.06564532959673199
0,ba,3,qwen-3,aeb13307a71acd8fe81861d94ad54ab689df773318809eed3cbe794b4492dae4,flat-ragged,4 KiB single,4096,1,27421469,26347820,4194304,1.0407490638694208,0.039940707615647525
0,ba,4,qwen-3,aeb13307a71acd8fe81861d94ad54ab689df773318809eed3cbe794b4492dae4,flat-ragged,4 KiB single,4096,1,32050260,29009060,4194304,1.104836213238209,0.09969710066971715
0,ba,5,qwen-3,aeb13307a71acd8fe81861d94ad54ab689df773318809eed3cbe794b4492dae4,flat-ragged,4 KiB single,4096,1,32963350,30195190,4194304,1.0916755284533728,0.08771369805336918
0,ba,0,qwen-3,aeb13307a71acd8fe81861d94ad54ab689df773318809eed3cbe794b4492dae4,flat-ragged,64 KiB single,65536,1,30907099,30691880,4194304,1.0070122455841741,0.00698777412343493
0,ba,1,qwen-3,aeb13307a71acd8fe81861d94ad54ab689df773318809eed3cbe794b4492dae4,flat-ragged,64 KiB single,65536,1,28643559,28538699,4194304,1.0036743090496172,0.0036675752657491377
0,ba,2,qwen-3,aeb13307a71acd8fe81861d94ad54ab689df773318809eed3cbe794b4492dae4,flat-ragged,64 KiB single,65536,1,26560540,25818990,4194304,1.0287211079906688,0.028316388037041725
0,ba,3,qwen-3,aeb13307a71acd8fe81861d94ad54ab689df773318809eed3cbe794b4492dae4,flat-ragged,64 KiB single,65536,1,26718570,25943610,4194304,1.0298709393180054,0.02943349275763453
0,ba,4,qwen-3,aeb13307a71acd8fe81861d94ad54ab689df773318809eed3cbe794b4492dae4,flat-ragged,64 KiB single,65536,1,26296010,26479520,4194304,0.9930697384242615,-0.006954387368474859
0,ba,5,qwen-3,aeb13307a71acd8fe81861d94ad54ab689df773318809eed3cbe794b4492dae4,flat-ragged,64 KiB single,65536,1,30768120,30262140,4194304,1.016719901500687,0.01658166271218519
0,ba,0,qwen-3,aeb13307a71acd8fe81861d94ad54ab689df773318809eed3cbe794b4492dae4,nested,140-byte batch 1,140,1,51069350,45148370,4194400,1.1311449339145576,0.12323033562111838
0,ba,1,qwen-3,aeb13307a71acd8fe81861d94ad54ab689df773318809eed3cbe794b4492dae4,nested,140-byte batch 1,140,1,42153660,39549380,4194400,1.0658488198803622,0.0637714956865855
0,ba,2,qwen-3,aeb13307a71acd8fe81861d94ad54ab689df773318809eed3cbe794b4492dae4,nested,140-byte batch 1,140,1,40381229,38217850,4194400,1.0566065071687707,0.055062364321553016
0,ba,3,qwen-3,aeb13307a71acd8fe81861d94ad54ab689df773318809eed3cbe794b4492dae4,nested,140-byte batch 1,140,1,46775990,47084940,4194400,0.9934384539939947,-0.006583167581539546
0,ba,4,qwen-3,aeb13307a71acd8fe81861d94ad54ab689df773318809eed3cbe794b4492dae4,nested,140-byte batch 1,140,1,41469550,39641870,4194400,1.046104787690389,0.045073540061424944
0,ba,5,qwen-3,aeb13307a71acd8fe81861d94ad54ab689df773318809eed3cbe794b4492dae4,nested,140-byte batch 1,140,1,36612710,40812550,4194400,0.8970943986592359,-0.108594184267363
0,ba,0,qwen-3,aeb13307a71acd8fe81861d94ad54ab689df773318809eed3cbe794b4492dae4,nested,140-byte batch 32,140,32,47514539,50449900,4197760,0.9418163167815992,-0.05994501622019205
0,ba,1,qwen-3,aeb13307a71acd8fe81861d94ad54ab689df773318809eed3cbe794b4492dae4,nested,140-byte batch 32,140,32,42433509,43240730,4197760,0.9813319294100724,-0.018844518430826185
0,ba,2,qwen-3,aeb13307a71acd8fe81861d94ad54ab689df773318809eed3cbe794b4492dae4,nested,140-byte batch 32,140,32,40427700,40170100,4197760,1.0064127298662437,0.006392255797241472
0,ba,3,qwen-3,aeb13307a71acd8fe81861d94ad54ab689df773318809eed3cbe794b4492dae4,nested,140-byte batch 32,140,32,46560039,45547810,4197760,1.0222234395023602,0.02198009753559247
0,ba,4,qwen-3,aeb13307a71acd8fe81861d94ad54ab689df773318809eed3cbe794b4492dae4,nested,140-byte batch 32,140,32,43117299,40605819,4197760,1.0618502486059942,0.06001290403148529
0,ba,5,qwen-3,aeb13307a71acd8fe81861d94ad54ab689df773318809eed3cbe794b4492dae4,nested,140-byte batch 32,140,32,38779129,38523460,4197760,1.0066367091637147,0.006614783166964857
0,ba,0,qwen-3,aeb13307a71acd8fe81861d94ad54ab689df773318809eed3cbe794b4492dae4,nested,140-byte batch 512,140,512,15119710,15106270,4229120,1.0008896967947747,0.0008893012491744187
0,ba,1,qwen-3,aeb13307a71acd8fe81861d94ad54ab689df773318809eed3cbe794b4492dae4,nested,140-byte batch 512,140,512,14390750,14006410,4229120,1.027440293408518,0.02707055709503363
0,ba,2,qwen-3,aeb13307a71acd8fe81861d94ad54ab689df773318809eed3cbe794b4492dae4,nested,140-byte batch 512,140,512,14169860,13670860,4229120,1.0365009955481952,0.03585061338353523
0,ba,3,qwen-3,aeb13307a71acd8fe81861d94ad54ab689df773318809eed3cbe794b4492dae4,nested,140-byte batch 512,140,512,13505800,13363460,4229120,1.01065143308694,0.010595106195260117
0,ba,4,qwen-3,aeb13307a71acd8fe81861d94ad54ab689df773318809eed3cbe794b4492dae4,nested,140-byte batch 512,140,512,11889980,12038290,4229120,0.9876801439407091,-0.01239637460038306
0,ba,5,qwen-3,aeb13307a71acd8fe81861d94ad54ab689df773318809eed3cbe794b4492dae4,nested,140-byte batch 512,140,512,12006890,12041440,4229120,0.9971307418381855,-0.0028733823738559473
0,ba,0,qwen-3,aeb13307a71acd8fe81861d94ad54ab689df773318809eed3cbe794b4492dae4,nested,4 KiB single,4096,1,34668330,32212650,4194304,1.0762334051995102,0.07346735754639626
0,ba,1,qwen-3,aeb13307a71acd8fe81861d94ad54ab689df773318809eed3cbe794b4492dae4,nested,4 KiB single,4096,1,31899190,29758999,4194304,1.0719174391584878,0.06944904397238229
0,ba,2,qwen-3,aeb13307a71acd8fe81861d94ad54ab689df773318809eed3cbe794b4492dae4,nested,4 KiB single,4096,1,29427439,27466819,4194304,1.0713814002269428,0.06894884406290529
0,ba,3,qwen-3,aeb13307a71acd8fe81861d94ad54ab689df773318809eed3cbe794b4492dae4,nested,4 KiB single,4096,1,29842890,29761040,4194304,1.002750239910971,0.002746464921021656
0,ba,4,qwen-3,aeb13307a71acd8fe81861d94ad54ab689df773318809eed3cbe794b4492dae4,nested,4 KiB single,4096,1,32134470,30913149,4194304,1.0395081394004861,0.03874765839637318
0,ba,5,qwen-3,aeb13307a71acd8fe81861d94ad54ab689df773318809eed3cbe794b4492dae4,nested,4 KiB single,4096,1,31896690,31383240,4194304,1.0163606434517278,0.016228250198755442
0,ba,0,qwen-3,aeb13307a71acd8fe81861d94ad54ab689df773318809eed3cbe794b4492dae4,nested,64 KiB single,65536,1,31254800,29164630,4194304,1.0716679759009458,0.06921629070123603
0,ba,1,qwen-3,aeb13307a71acd8fe81861d94ad54ab689df773318809eed3cbe794b4492dae4,nested,64 KiB single,65536,1,33422880,28554270,4194304,1.1705037460246752,0.15743420830652247
0,ba,2,qwen-3,aeb13307a71acd8fe81861d94ad54ab689df773318809eed3cbe794b4492dae4,nested,64 KiB single,65536,1,30301789,27597520,4194304,1.0979895657290946,0.09348084006321859
0,ba,3,qwen-3,aeb13307a71acd8fe81861d94ad54ab689df773318809eed3cbe794b4492dae4,nested,64 KiB single,65536,1,28566459,26315370,4194304,1.085542745551364,0.08208008823556877
0,ba,4,qwen-3,aeb13307a71acd8fe81861d94ad54ab689df773318809eed3cbe794b4492dae4,nested,64 KiB single,65536,1,27871710,26875070,4194304,1.0370841824784085,0.03641310481313239
0,ba,5,qwen-3,aeb13307a71acd8fe81861d94ad54ab689df773318809eed3cbe794b4492dae4,nested,64 KiB single,65536,1,31079010,29078650,4194304,1.0687913641107822,0.06652844378143165
1,ab,0,deepseek-r1,ecb6f9fc369894346f0511f4074ca75cee5cd5f3b06d02f1ba35fcd39f8e121d,flat-ragged,140-byte batch 1,140,1,53694950,53344770,4194400,1.0065644673320364,0.0065430150470643265
1,ab,1,deepseek-r1,ecb6f9fc369894346f0511f4074ca75cee5cd5f3b06d02f1ba35fcd39f8e121d,flat-ragged,140-byte batch 1,140,1,50653110,46402520,4194400,1.0916025681363857,0.08764686248429694
1,ab,2,deepseek-r1,ecb6f9fc369894346f0511f4074ca75cee5cd5f3b06d02f1ba35fcd39f8e121d,flat-ragged,140-byte batch 1,140,1,46448690,42330910,4194400,1.0972759621751575,0.09283071043652776
1,ab,3,deepseek-r1,ecb6f9fc369894346f0511f4074ca75cee5cd5f3b06d02f1ba35fcd39f8e121d,flat-ragged,140-byte batch 1,140,1,39176090,37582929,4194400,1.0423905491772607,0.041516680380319054
1,ab,4,deepseek-r1,ecb6f9fc369894346f0511f4074ca75cee5cd5f3b06d02f1ba35fcd39f8e121d,flat-ragged,140-byte batch 1,140,1,50214470,50815400,4194400,0.9881742542615034,-0.011896226075730702
1,ab,5,deepseek-r1,ecb6f9fc369894346f0511f4074ca75cee5cd5f3b06d02f1ba35fcd39f8e121d,flat-ragged,140-byte batch 1,140,1,45916010,48525709,4194400,0.9462202808824494,-0.05527988198134605
1,ab,0,deepseek-r1,ecb6f9fc369894346f0511f4074ca75cee5cd5f3b06d02f1ba35fcd39f8e121d,flat-ragged,140-byte batch 32,140,32,48996969,53400359,4197760,0.9175400674740782,-0.08605902973545534
1,ab,1,deepseek-r1,ecb6f9fc369894346f0511f4074ca75cee5cd5f3b06d02f1ba35fcd39f8e121d,flat-ragged,140-byte batch 32,140,32,46477430,45911219,4197760,1.0123327372335724,0.012257308557896083
1,ab,2,deepseek-r1,ecb6f9fc369894346f0511f4074ca75cee5cd5f3b06d02f1ba35fcd39f8e121d,flat-ragged,140-byte batch 32,140,32,42335089,44226770,4197760,0.9572276926395484,-0.043713992485142024
1,ab,3,deepseek-r1,ecb6f9fc369894346f0511f4074ca75cee5cd5f3b06d02f1ba35fcd39f8e121d,flat-ragged,140-byte batch 32,140,32,35522250,37805060,4197760,0.9396162841693678,-0.06228369538824851
1,ab,4,deepseek-r1,ecb6f9fc369894346f0511f4074ca75cee5cd5f3b06d02f1ba35fcd39f8e121d,flat-ragged,140-byte batch 32,140,32,47746089,45487170,4197760,1.0496605746191727,0.04846684964146781
1,ab,5,deepseek-r1,ecb6f9fc369894346f0511f4074ca75cee5cd5f3b06d02f1ba35fcd39f8e121d,flat-ragged,140-byte batch 32,140,32,42409199,45887260,4197760,0.924204212672537,-0.07882222237356679
1,ab,0,deepseek-r1,ecb6f9fc369894346f0511f4074ca75cee5cd5f3b06d02f1ba35fcd39f8e121d,flat-ragged,140-byte batch 512,140,512,14831940,14883040,4229120,0.9965665616701964,-0.0034393461057182473
1,ab,1,deepseek-r1,ecb6f9fc369894346f0511f4074ca75cee5cd5f3b06d02f1ba35fcd39f8e121d,flat-ragged,140-byte batch 512,140,512,14196730,14767750,4229120,0.9613333107616259,-0.03943409272499206
1,ab,2,deepseek-r1,ecb6f9fc369894346f0511f4074ca75cee5cd5f3b06d02f1ba35fcd39f8e121d,flat-ragged,140-byte batch 512,140,512,13828689,14210520,4229120,0.9731303991690663,-0.027237188130199718
1,ab,3,deepseek-r1,ecb6f9fc369894346f0511f4074ca75cee5cd5f3b06d02f1ba35fcd39f8e121d,flat-ragged,140-byte batch 512,140,512,12066700,12415690,4229120,0.9718912118456566,-0.028511402754918036
1,ab,4,deepseek-r1,ecb6f9fc369894346f0511f4074ca75cee5cd5f3b06d02f1ba35fcd39f8e121d,flat-ragged,140-byte batch 512,140,512,11591920,12197960,4229120,0.9503162823947611,-0.05096042095946733
1,ab,5,deepseek-r1,ecb6f9fc369894346f0511f4074ca75cee5cd5f3b06d02f1ba35fcd39f8e121d,flat-ragged,140-byte batch 512,140,512,11364820,12303480,4229120,0.9237077639822229,-0.07935953011173795
1,ab,0,deepseek-r1,ecb6f9fc369894346f0511f4074ca75cee5cd5f3b06d02f1ba35fcd39f8e121d,flat-ragged,4 KiB single,4096,1,36200429,42621879,4194304,0.8493391152464207,-0.16329674339138706
1,ab,1,deepseek-r1,ecb6f9fc369894346f0511f4074ca75cee5cd5f3b06d02f1ba35fcd39f8e121d,flat-ragged,4 KiB single,4096,1,38627880,40831160,4194304,0.946039250415614,-0.05547121986538724
1,ab,2,deepseek-r1,ecb6f9fc369894346f0511f4074ca75cee5cd5f3b06d02f1ba35fcd39f8e121d,flat-ragged,4 KiB single,4096,1,36173230,37530840,4194304,0.9638268154936047,-0.03684365248852944
1,ab,3,deepseek-r1,ecb6f9fc369894346f0511f4074ca75cee5cd5f3b06d02f1ba35fcd39f8e121d,flat-ragged,4 KiB single,4096,1,35424940,35066239,4194304,1.0102292407235347,0.01017727611254519
1,ab,4,deepseek-r1,ecb6f9fc369894346f0511f4074ca75cee5cd5f3b06d02f1ba35fcd39f8e121d,flat-ragged,4 KiB single,4096,1,36104780,36348799,4194304,0.9932867383046136,-0.00673589699803271
1,ab,5,deepseek-r1,ecb6f9fc369894346f0511f4074ca75cee5cd5f3b06d02f1ba35fcd39f8e121d,flat-ragged,4 KiB single,4096,1,40383200,40343400,4194304,1.0009865306345027,0.000986044332964271
1,ab,0,deepseek-r1,ecb6f9fc369894346f0511f4074ca75cee5cd5f3b06d02f1ba35fcd39f8e121d,flat-ragged,64 KiB single,65536,1,35373320,35703900,4194304,0.9907410675024297,-0.00930206284683135
1,ab,1,deepseek-r1,ecb6f9fc369894346f0511f4074ca75cee5cd5f3b06d02f1ba35fcd39f8e121d,flat-ragged,64 KiB single,65536,1,36444610,37182990,4194304,0.9801419950359022,-0.02005782491970322
1,ab,2,deepseek-r1,ecb6f9fc369894346f0511f4074ca75cee5cd5f3b06d02f1ba35fcd39f8e121d,flat-ragged,64 KiB single,65536,1,32634710,32742890,4194304,0.9966960766138847,-0.00330939339263067
1,ab,3,deepseek-r1,ecb6f9fc369894346f0511f4074ca75cee5cd5f3b06d02f1ba35fcd39f8e121d,flat-ragged,64 KiB single,65536,1,32777529,32357030,4194304,1.0129955994106998,0.012911881141315794
1,ab,4,deepseek-r1,ecb6f9fc369894346f0511f4074ca75cee5cd5f3b06d02f1ba35fcd39f8e121d,flat-ragged,64 KiB single,65536,1,31602809,30357440,4194304,1.0410235184521488,0.04020438155068613
1,ab,5,deepseek-r1,ecb6f9fc369894346f0511f4074ca75cee5cd5f3b06d02f1ba35fcd39f8e121d,flat-ragged,64 KiB single,65536,1,34246190,33202070,4194304,1.0314474368616173,0.03096309426820641
1,ab,0,deepseek-r1,ecb6f9fc369894346f0511f4074ca75cee5cd5f3b06d02f1ba35fcd39f8e121d,nested,140-byte batch 1,140,1,56311180,53722159,4194400,1.0481927950810763,0.047067533751426166
1,ab,1,deepseek-r1,ecb6f9fc369894346f0511f4074ca75cee5cd5f3b06d02f1ba35fcd39f8e121d,nested,140-byte batch 1,140,1,49632000,51507390,4194400,0.9635898848689479,-0.037089505526749604
1,ab,2,deepseek-r1,ecb6f9fc369894346f0511f4074ca75cee5cd5f3b06d02f1ba35fcd39f8e121d,nested,140-byte batch 1,140,1,44826079,46262339,4194400,0.9689540124635722,-0.03153812697549677
1,ab,3,deepseek-r1,ecb6f9fc369894346f0511f4074ca75cee5cd5f3b06d02f1ba35fcd39f8e121d,nested,140-byte batch 1,140,1,38718040,41711760,4194400,0.9282283941027663,-0.07447746214222364
1,ab,4,deepseek-r1,ecb6f9fc369894346f0511f4074ca75cee5cd5f3b06d02f1ba35fcd39f8e121d,nested,140-byte batch 1,140,1,50555760,54140909,4194400,0.9337811450487468,-0.06851318828682104
1,ab,5,deepseek-r1,ecb6f9fc369894346f0511f4074ca75cee5cd5f3b06d02f1ba35fcd39f8e121d,nested,140-byte batch 1,140,1,45275280,44241940,4194400,1.0233565707109589,0.02308798020832288
1,ab,0,deepseek-r1,ecb6f9fc369894346f0511f4074ca75cee5cd5f3b06d02f1ba35fcd39f8e121d,nested,140-byte batch 32,140,32,56405120,53566959,4197760,1.0529834258465185,0.051627493091134805
1,ab,1,deepseek-r1,ecb6f9fc369894346f0511f4074ca75cee5cd5f3b06d02f1ba35fcd39f8e121d,nested,140-byte batch 32,140,32,53792250,55237919,4197760,0.9738283225332945,-0.026520251108019494
1,ab,2,deepseek-r1,ecb6f9fc369894346f0511f4074ca75cee5cd5f3b06d02f1ba35fcd39f8e121d,nested,140-byte batch 32,140,32,50277160,50799370,4197760,0.989720148104199,-0.010333054497278525
1,ab,3,deepseek-r1,ecb6f9fc369894346f0511f4074ca75cee5cd5f3b06d02f1ba35fcd39f8e121d,nested,140-byte batch 32,140,32,41656320,39234160,4197760,1.0617359974063418,0.059905301903267386
1,ab,4,deepseek-r1,ecb6f9fc369894346f0511f4074ca75cee5cd5f3b06d02f1ba35fcd39f8e121d,nested,140-byte batch 32,140,32,51020390,47985950,4197760,1.063236009707008,0.0613170970184901
1,ab,5,deepseek-r1,ecb6f9fc369894346f0511f4074ca75cee5cd5f3b06d02f1ba35fcd39f8e121d,nested,140-byte batch 32,140,32,48999480,44721569,4197760,1.0956565499748008,0.0913537726048716
1,ab,0,deepseek-r1,ecb6f9fc369894346f0511f4074ca75cee5cd5f3b06d02f1ba35fcd39f8e121d,nested,140-byte batch 512,140,512,17120600,17328300,4229120,0.988013827092098,-0.012058586299710985
1,ab,1,deepseek-r1,ecb6f9fc369894346f0511f4074ca75cee5cd5f3b06d02f1ba35fcd39f8e121d,nested,140-byte batch 512,140,512,16341870,16786730,4229120,0.9734993057015869,-0.026858167368301423
1,ab,2,deepseek-r1,ecb6f9fc369894346f0511f4074ca75cee5cd5f3b06d02f1ba35fcd39f8e121d,nested,140-byte batch 512,140,512,16112380,16228070,4229120,0.9928709945175243,-0.007154538263316843
1,ab,3,deepseek-r1,ecb6f9fc369894346f0511f4074ca75cee5cd5f3b06d02f1ba35fcd39f8e121d,nested,140-byte batch 512,140,512,14554890,15313840,4229120,0.9504402553507154,-0.050829975051568804
1,ab,4,deepseek-r1,ecb6f9fc369894346f0511f4074ca75cee5cd5f3b06d02f1ba35fcd39f8e121d,nested,140-byte batch 512,140,512,14071510,13790699,4229120,1.020362347115255,0.020157806482441917
1,ab,5,deepseek-r1,ecb6f9fc369894346f0511f4074ca75cee5cd5f3b06d02f1ba35fcd39f8e121d,nested,140-byte batch 512,140,512,15119070,14299500,4229120,1.0573145914192803,0.05573228930358275
1,ab,0,deepseek-r1,ecb6f9fc369894346f0511f4074ca75cee5cd5f3b06d02f1ba35fcd39f8e121d,nested,4 KiB single,4096,1,38904810,38820329,4194304,1.0021762051527179,0.0021738406480945635
1,ab,1,deepseek-r1,ecb6f9fc369894346f0511f4074ca75cee5cd5f3b06d02f1ba35fcd39f8e121d,nested,4 KiB single,4096,1,40796179,40551529,4194304,1.0060330647458446,0.0060149386780227205
1,ab,2,deepseek-r1,ecb6f9fc369894346f0511f4074ca75cee5cd5f3b06d02f1ba35fcd39f8e121d,nested,4 KiB single,4096,1,37618140,40225090,4194304,0.9351909467449296,-0.06700454942617201
1,ab,3,deepseek-r1,ecb6f9fc369894346f0511f4074ca75cee5cd5f3b06d02f1ba35fcd39f8e121d,nested,4 KiB single,4096,1,35083540,39831629,4194304,0.8807960126360888,-0.12692922056383105
1,ab,4,deepseek-r1,ecb6f9fc369894346f0511f4074ca75cee5cd5f3b06d02f1ba35fcd39f8e121d,nested,4 KiB single,4096,1,35491760,36329860,4194304,0.976930822194195,-0.023339435798141028
1,ab,5,deepseek-r1,ecb6f9fc369894346f0511f4074ca75cee5cd5f3b06d02f1ba35fcd39f8e121d,nested,4 KiB single,4096,1,39507230,43961330,4194304,0.8986814093204186,-0.10682669072247071
1,ab,0,deepseek-r1,ecb6f9fc369894346f0511f4074ca75cee5cd5f3b06d02f1ba35fcd39f8e121d,nested,64 KiB single,65536,1,35832820,39021630,4194304,0.9182809636604109,-0.08525187455639166
1,ab,1,deepseek-r1,ecb6f9fc369894346f0511f4074ca75cee5cd5f3b06d02f1ba35fcd39f8e121d,nested,64 KiB single,65536,1,37516710,38129290,4194304,0.9839341356736514,-0.016196319461154865
1,ab,2,deepseek-r1,ecb6f9fc369894346f0511f4074ca75cee5cd5f3b06d02f1ba35fcd39f8e121d,nested,64 KiB single,65536,1,38817630,38721689,4194304,1.0024777070029152,0.002474642547756578
1,ab,3,deepseek-r1,ecb6f9fc369894346f0511f4074ca75cee5cd5f3b06d02f1ba35fcd39f8e121d,nested,64 KiB single,65536,1,35355619,34646359,4194304,1.0204714151925747,0.020264692285134826
1,ab,4,deepseek-r1,ecb6f9fc369894346f0511f4074ca75cee5cd5f3b06d02f1ba35fcd39f8e121d,nested,64 KiB single,65536,1,32064849,33266189,4194304,0.9638870566147508,-0.03678115242351737
1,ab,5,deepseek-r1,ecb6f9fc369894346f0511f4074ca75cee5cd5f3b06d02f1ba35fcd39f8e121d,nested,64 KiB single,65536,1,32987699,33195059,4194304,0.9937532871985557,-0.00626630514630593
1,ab,0,gemma-3,4667f2089529e8e7657cfb6d1c19910ae71ff5f28aa7ab2ff2763330affad795,flat-ragged,140-byte batch 1,140,1,268904498,272390738,4194400,0.9872013269408595,-0.012881281685989687
1,ab,1,gemma-3,4667f2089529e8e7657cfb6d1c19910ae71ff5f28aa7ab2ff2763330affad795,flat-ragged,140-byte batch 1,140,1,244590958,253457898,4194400,0.9650161227171544,-0.035610470303802995
1,ab,2,gemma-3,4667f2089529e8e7657cfb6d1c19910ae71ff5f28aa7ab2ff2763330affad795,flat-ragged,140-byte batch 1,140,1,234858418,248714238,4194400,0.9442902018339617,-0.057321742882627556
1,ab,3,gemma-3,4667f2089529e8e7657cfb6d1c19910ae71ff5f28aa7ab2ff2763330affad795,flat-ragged,140-byte batch 1,140,1,197205798,220246708,4194400,0.89538590515505,-0.1105004746940204
1,ab,4,gemma-3,4667f2089529e8e7657cfb6d1c19910ae71ff5f28aa7ab2ff2763330affad795,flat-ragged,140-byte batch 1,140,1,180146579,205071398,4194400,0.8784578481295573,-0.12958735414580244
1,ab,5,gemma-3,4667f2089529e8e7657cfb6d1c19910ae71ff5f28aa7ab2ff2763330affad795,flat-ragged,140-byte batch 1,140,1,197490199,200725979,4194400,0.9838796153038067,-0.016251731585225575
1,ab,0,gemma-3,4667f2089529e8e7657cfb6d1c19910ae71ff5f28aa7ab2ff2763330affad795,flat-ragged,140-byte batch 32,140,32,83148749,85890280,4197760,0.9680810098651442,-0.03243950732997996
1,ab,1,gemma-3,4667f2089529e8e7657cfb6d1c19910ae71ff5f28aa7ab2ff2763330affad795,flat-ragged,140-byte batch 32,140,32,74940380,74831620,4197760,1.001453396304931,0.0014523411467730085
1,ab,2,gemma-3,4667f2089529e8e7657cfb6d1c19910ae71ff5f28aa7ab2ff2763330affad795,flat-ragged,140-byte batch 32,140,32,72773500,72689809,4197760,1.0011513443376912,0.0011506820490985884
1,ab,3,gemma-3,4667f2089529e8e7657cfb6d1c19910ae71ff5f28aa7ab2ff2763330affad795,flat-ragged,140-byte batch 32,140,32,62071889,62363889,4197760,0.9953178032242345,-0.004693192595576227
1,ab,4,gemma-3,4667f2089529e8e7657cfb6d1c19910ae71ff5f28aa7ab2ff2763330affad795,flat-ragged,140-byte batch 32,140,32,64990069,68877089,4197760,0.9435658495962278,-0.05808912371415987
1,ab,5,gemma-3,4667f2089529e8e7657cfb6d1c19910ae71ff5f28aa7ab2ff2763330affad795,flat-ragged,140-byte batch 32,140,32,70278249,70448939,4197760,0.997577110423196,-0.0024258295234922383
1,ab,0,gemma-3,4667f2089529e8e7657cfb6d1c19910ae71ff5f28aa7ab2ff2763330affad795,flat-ragged,140-byte batch 512,140,512,66101700,69363780,4229120,0.9529714211076732,-0.04817036412211355
1,ab,1,gemma-3,4667f2089529e8e7657cfb6d1c19910ae71ff5f28aa7ab2ff2763330affad795,flat-ragged,140-byte batch 512,140,512,61584550,63534289,4229120,0.9693120198449061,-0.03116871701892975
1,ab,2,gemma-3,4667f2089529e8e7657cfb6d1c19910ae71ff5f28aa7ab2ff2763330affad795,flat-ragged,140-byte batch 512,140,512,60001090,61634760,4229120,0.9734943398822353,-0.026863268380688272
1,ab,3,gemma-3,4667f2089529e8e7657cfb6d1c19910ae71ff5f28aa7ab2ff2763330affad795,flat-ragged,140-byte batch 512,140,512,47636960,48791200,4229120,0.9763432750168063,-0.023941038200945997
1,ab,4,gemma-3,4667f2089529e8e7657cfb6d1c19910ae71ff5f28aa7ab2ff2763330affad795,flat-ragged,140-byte batch 512,140,512,50283480,48580660,4229120,1.0350513969962531,0.034451084417946296
1,ab,5,gemma-3,4667f2089529e8e7657cfb6d1c19910ae71ff5f28aa7ab2ff2763330affad795,flat-ragged,140-byte batch 512,140,512,51313230,51292240,4229120,1.0004092236954363,0.00040913998625623303
1,ab,0,gemma-3,4667f2089529e8e7657cfb6d1c19910ae71ff5f28aa7ab2ff2763330affad795,flat-ragged,4 KiB single,4096,1,174954478,189791479,4194304,0.9218247253344815,-0.08140017617144515
1,ab,1,gemma-3,4667f2089529e8e7657cfb6d1c19910ae71ff5f28aa7ab2ff2763330affad795,flat-ragged,4 KiB single,4096,1,167622539,203595419,4194304,0.8233119380745988,-0.19442012451008156
1,ab,2,gemma-3,4667f2089529e8e7657cfb6d1c19910ae71ff5f28aa7ab2ff2763330affad795,flat-ragged,4 KiB single,4096,1,151918579,188445009,4194304,0.806169289418538,-0.21546152203065932
1,ab,3,gemma-3,4667f2089529e8e7657cfb6d1c19910ae71ff5f28aa7ab2ff2763330affad795,flat-ragged,4 KiB single,4096,1,160688438,201209599,4194304,0.7986121874831628,-0.22487982340865503
1,ab,4,gemma-3,4667f2089529e8e7657cfb6d1c19910ae71ff5f28aa7ab2ff2763330affad795,flat-ragged,4 KiB single,4096,1,176141179,219420468,4194304,0.8027563727555261,-0.21970400738874454
1,ab,5,gemma-3,4667f2089529e8e7657cfb6d1c19910ae71ff5f28aa7ab2ff2763330affad795,flat-ragged,4 KiB single,4096,1,175791589,203362679,4194304,0.8644240421321358,-0.145691841071072
1,ab,0,gemma-3,4667f2089529e8e7657cfb6d1c19910ae71ff5f28aa7ab2ff2763330affad795,flat-ragged,64 KiB single,65536,1,86216360,93369680,4194304,0.923387120958324,-0.07970671642006887
1,ab,1,gemma-3,4667f2089529e8e7657cfb6d1c19910ae71ff5f28aa7ab2ff2763330affad795,flat-ragged,64 KiB single,65536,1,86495999,91733230,4194304,0.9429080279850606,-0.058786532404147336
1,ab,2,gemma-3,4667f2089529e8e7657cfb6d1c19910ae71ff5f28aa7ab2ff2763330affad795,flat-ragged,64 KiB single,65536,1,77536559,82848510,4194304,0.9358835662826043,-0.06626420523946203
1,ab,3,gemma-3,4667f2089529e8e7657cfb6d1c19910ae71ff5f28aa7ab2ff2763330affad795,flat-ragged,64 KiB single,65536,1,79844119,85110010,4194304,0.9381284175621646,-0.06386843363005136
1,ab,4,gemma-3,4667f2089529e8e7657cfb6d1c19910ae71ff5f28aa7ab2ff2763330affad795,flat-ragged,64 KiB single,65536,1,83514790,89321970,4194304,0.9349859838514534,-0.06722374033901417
1,ab,5,gemma-3,4667f2089529e8e7657cfb6d1c19910ae71ff5f28aa7ab2ff2763330affad795,flat-ragged,64 KiB single,65536,1,93042740,97474409,4194304,0.9545350513487083,-0.04653091428135037
1,ab,0,gemma-3,4667f2089529e8e7657cfb6d1c19910ae71ff5f28aa7ab2ff2763330affad795,nested,140-byte batch 1,140,1,248161258,255498818,4194400,0.9712814326992307,-0.02913901468446386
1,ab,1,gemma-3,4667f2089529e8e7657cfb6d1c19910ae71ff5f28aa7ab2ff2763330affad795,nested,140-byte batch 1,140,1,230204199,234315968,4194400,0.9824520324624227,-0.017703758351747766
1,ab,2,gemma-3,4667f2089529e8e7657cfb6d1c19910ae71ff5f28aa7ab2ff2763330affad795,nested,140-byte batch 1,140,1,227621038,223216438,4194400,1.0197324177352924,0.019540257326554344
1,ab,3,gemma-3,4667f2089529e8e7657cfb6d1c19910ae71ff5f28aa7ab2ff2763330affad795,nested,140-byte batch 1,140,1,182468929,181020938,4194400,1.007999024952572,0.007967202339752778
1,ab,4,gemma-3,4667f2089529e8e7657cfb6d1c19910ae71ff5f28aa7ab2ff2763330affad795,nested,140-byte batch 1,140,1,183541409,184011328,4194400,0.997446249613502,-0.002557016769218728
1,ab,5,gemma-3,4667f2089529e8e7657cfb6d1c19910ae71ff5f28aa7ab2ff2763330affad795,nested,140-byte batch 1,140,1,192102738,167521028,4194400,1.1467380560725786,0.13692143898206602
1,ab,0,gemma-3,4667f2089529e8e7657cfb6d1c19910ae71ff5f28aa7ab2ff2763330affad795,nested,140-byte batch 32,140,32,52202910,54080199,4197760,0.9652869435632069,-0.035329871000449806
1,ab,1,gemma-3,4667f2089529e8e7657cfb6d1c19910ae71ff5f28aa7ab2ff2763330affad795,nested,140-byte batch 32,140,32,51640929,52842870,4197760,0.9772544337580453,-0.023008237345156328
1,ab,2,gemma-3,4667f2089529e8e7657cfb6d1c19910ae71ff5f28aa7ab2ff2763330affad795,nested,140-byte batch 32,140,32,51846569,53755929,4197760,0.9644809412558009,-0.0361652070640404
1,ab,3,gemma-3,4667f2089529e8e7657cfb6d1c19910ae71ff5f28aa7ab2ff2763330affad795,nested,140-byte batch 32,140,32,51951560,52680599,4197760,0.9861611482435877,-0.013935501381244254
1,ab,4,gemma-3,4667f2089529e8e7657cfb6d1c19910ae71ff5f28aa7ab2ff2763330affad795,nested,140-byte batch 32,140,32,52294229,52288030,4197760,1.0001185548585403,0.00011854783146843578
1,ab,5,gemma-3,4667f2089529e8e7657cfb6d1c19910ae71ff5f28aa7ab2ff2763330affad795,nested,140-byte batch 32,140,32,52048270,52014809,4197760,1.0006432975655069,0.0006430907383241525
1,ab,0,gemma-3,4667f2089529e8e7657cfb6d1c19910ae71ff5f28aa7ab2ff2763330affad795,nested,140-byte batch 512,140,512,41246480,41755950,4229120,0.9877988645929502,-0.01227618030637018
1,ab,1,gemma-3,4667f2089529e8e7657cfb6d1c19910ae71ff5f28aa7ab2ff2763330affad795,nested,140-byte batch 512,140,512,40978020,41854939,4229120,0.9790486135937266,-0.02117398130680634
1,ab,2,gemma-3,4667f2089529e8e7657cfb6d1c19910ae71ff5f28aa7ab2ff2763330affad795,nested,140-byte batch 512,140,512,40666389,41749950,4229120,0.9740464120316312,-0.026296325518372483
1,ab,3,gemma-3,4667f2089529e8e7657cfb6d1c19910ae71ff5f28aa7ab2ff2763330affad795,nested,140-byte batch 512,140,512,39536350,40300200,4229120,0.9810459997717133,-0.01913592982119157
1,ab,4,gemma-3,4667f2089529e8e7657cfb6d1c19910ae71ff5f28aa7ab2ff2763330affad795,nested,140-byte batch 512,140,512,39376760,40494210,4229120,0.9724046968690092,-0.027983206369800718
1,ab,5,gemma-3,4667f2089529e8e7657cfb6d1c19910ae71ff5f28aa7ab2ff2763330affad795,nested,140-byte batch 512,140,512,40945339,40780060,4229120,1.0040529366558069,0.004044745632379484
1,ab,0,gemma-3,4667f2089529e8e7657cfb6d1c19910ae71ff5f28aa7ab2ff2763330affad795,nested,4 KiB single,4096,1,170742658,163019279,4194304,1.0473770896753873,0.046289029104246024
1,ab,1,gemma-3,4667f2089529e8e7657cfb6d1c19910ae71ff5f28aa7ab2ff2763330affad795,nested,4 KiB single,4096,1,178146609,171010309,4194304,1.0417302327662596,0.04088301611400907
1,ab,2,gemma-3,4667f2089529e8e7657cfb6d1c19910ae71ff5f28aa7ab2ff2763330affad795,nested,4 KiB single,4096,1,179337249,166294189,4194304,1.0784336486947237,0.07550966311375251
1,ab,3,gemma-3,4667f2089529e8e7657cfb6d1c19910ae71ff5f28aa7ab2ff2763330affad795,nested,4 KiB single,4096,1,165574989,158213419,4194304,1.0465293655021766,0.04547932319075568
1,ab,4,gemma-3,4667f2089529e8e7657cfb6d1c19910ae71ff5f28aa7ab2ff2763330affad795,nested,4 KiB single,4096,1,159211369,155113059,4194304,1.0264214375399558,0.026078420246886246
1,ab,5,gemma-3,4667f2089529e8e7657cfb6d1c19910ae71ff5f28aa7ab2ff2763330affad795,nested,4 KiB single,4096,1,153451818,158329889,4194304,0.9691904603053186,-0.03129413294281074
1,ab,0,gemma-3,4667f2089529e8e7657cfb6d1c19910ae71ff5f28aa7ab2ff2763330affad795,nested,64 KiB single,65536,1,75343700,84258540,4194304,0.8941966001309778,-0.11182961732437892
1,ab,1,gemma-3,4667f2089529e8e7657cfb6d1c19910ae71ff5f28aa7ab2ff2763330affad795,nested,64 KiB single,65536,1,74775040,80746629,4194304,0.926045346115935,-0.07683207564732465
1,ab,2,gemma-3,4667f2089529e8e7657cfb6d1c19910ae71ff5f28aa7ab2ff2763330affad795,nested,64 KiB single,65536,1,76786680,82529150,4194304,0.9304188883564171,-0.07212037665484243
1,ab,3,gemma-3,4667f2089529e8e7657cfb6d1c19910ae71ff5f28aa7ab2ff2763330affad795,nested,64 KiB single,65536,1,95817060,101353829,4194304,0.9453718813129398,-0.05617690370024922
1,ab,4,gemma-3,4667f2089529e8e7657cfb6d1c19910ae71ff5f28aa7ab2ff2763330affad795,nested,64 KiB single,65536,1,99220529,106846389,4194304,0.9286278172676476,-0.07404724770925235
1,ab,5,gemma-3,4667f2089529e8e7657cfb6d1c19910ae71ff5f28aa7ab2ff2763330affad795,nested,64 KiB single,65536,1,79655330,84683029,4194304,0.9406292021037651,-0.061206263702035114
1,ab,0,glm-4-7,9340665016419c825c4bdabbcc9acc43b7ca2c68ce142724afa829abb1be5efd,flat-ragged,140-byte batch 1,140,1,72744810,70886720,4194400,1.0262121029157507,0.025874453371352874
1,ab,1,glm-4-7,9340665016419c825c4bdabbcc9acc43b7ca2c68ce142724afa829abb1be5efd,flat-ragged,140-byte batch 1,140,1,64708120,65873019,4194400,0.982315991923795,-0.017842238352599366
1,ab,2,glm-4-7,9340665016419c825c4bdabbcc9acc43b7ca2c68ce142724afa829abb1be5efd,flat-ragged,140-byte batch 1,140,1,58062279,59098310,4194400,0.9824693633371242,-0.01768611807897252
1,ab,3,glm-4-7,9340665016419c825c4bdabbcc9acc43b7ca2c68ce142724afa829abb1be5efd,flat-ragged,140-byte batch 1,140,1,68708689,65744869,4194400,1.045080628269257,0.04409403867890837
1,ab,4,glm-4-7,9340665016419c825c4bdabbcc9acc43b7ca2c68ce142724afa829abb1be5efd,flat-ragged,140-byte batch 1,140,1,56765779,62904010,4194400,0.9024190826626156,-0.10267625189431329
1,ab,5,glm-4-7,9340665016419c825c4bdabbcc9acc43b7ca2c68ce142724afa829abb1be5efd,flat-ragged,140-byte batch 1,140,1,54730269,56646930,4194400,0.9661647859822236,-0.03442087341481682
1,ab,0,glm-4-7,9340665016419c825c4bdabbcc9acc43b7ca2c68ce142724afa829abb1be5efd,flat-ragged,140-byte batch 32,140,32,63742360,73293680,4197760,0.8696842619991246,-0.13962505044629303
1,ab,1,glm-4-7,9340665016419c825c4bdabbcc9acc43b7ca2c68ce142724afa829abb1be5efd,flat-ragged,140-byte batch 32,140,32,57803329,64501740,4197760,0.8961514681619441,-0.10964583100654324
1,ab,2,glm-4-7,9340665016419c825c4bdabbcc9acc43b7ca2c68ce142724afa829abb1be5efd,flat-ragged,140-byte batch 32,140,32,55125530,63162289,4197760,0.8727601686506327,-0.13609448178943592
1,ab,3,glm-4-7,9340665016419c825c4bdabbcc9acc43b7ca2c68ce142724afa829abb1be5efd,flat-ragged,140-byte batch 32,140,32,60913899,62997020,4197760,0.9669330231810965,-0.033626048408367956
1,ab,4,glm-4-7,9340665016419c825c4bdabbcc9acc43b7ca2c68ce142724afa829abb1be5efd,flat-ragged,140-byte batch 32,140,32,49990969,62594959,4197760,0.7986420919294795,-0.2248423785926283
1,ab,5,glm-4-7,9340665016419c825c4bdabbcc9acc43b7ca2c68ce142724afa829abb1be5efd,flat-ragged,140-byte batch 32,140,32,46853280,54898089,4197760,0.853459216039378,-0.1584575222603201
1,ab,0,glm-4-7,9340665016419c825c4bdabbcc9acc43b7ca2c68ce142724afa829abb1be5efd,flat-ragged,140-byte batch 512,140,512,18307370,19047200,4229120,0.9611580704775505,-0.03961639812960484
1,ab,1,glm-4-7,9340665016419c825c4bdabbcc9acc43b7ca2c68ce142724afa829abb1be5efd,flat-ragged,140-byte batch 512,140,512,17353060,17918850,4229120,0.9684248710157181,-0.03208437166260834
1,ab,2,glm-4-7,9340665016419c825c4bdabbcc9acc43b7ca2c68ce142724afa829abb1be5efd,flat-ragged,140-byte batch 512,140,512,16853510,16668610,4229120,1.0110927065904116,0.011031633747702309
1,ab,3,glm-4-7,9340665016419c825c4bdabbcc9acc43b7ca2c68ce142724afa829abb1be5efd,flat-ragged,140-byte batch 512,140,512,13804300,13801460,4229120,1.0002057753310156,0.0002057541621761625
1,ab,4,glm-4-7,9340665016419c825c4bdabbcc9acc43b7ca2c68ce142724afa829abb1be5efd,flat-ragged,140-byte batch 512,140,512,13773780,13917630,4229120,0.9896641885148549,-0.010389596916376885
1,ab,5,glm-4-7,9340665016419c825c4bdabbcc9acc43b7ca2c68ce142724afa829abb1be5efd,flat-ragged,140-byte batch 512,140,512,13644770,13473450,4229120,1.0127153772790192,0.012635215677493289
1,ab,0,glm-4-7,9340665016419c825c4bdabbcc9acc43b7ca2c68ce142724afa829abb1be5efd,flat-ragged,4 KiB single,4096,1,47975440,49659820,4194304,0.966081632998267,-0.0345069421306815
1,ab,1,glm-4-7,9340665016419c825c4bdabbcc9acc43b7ca2c68ce142724afa829abb1be5efd,flat-ragged,4 KiB single,4096,1,42915459,45970929,4194304,0.9335347345275533,-0.06877710777180891
1,ab,2,glm-4-7,9340665016419c825c4bdabbcc9acc43b7ca2c68ce142724afa829abb1be5efd,flat-ragged,4 KiB single,4096,1,41258720,44729320,4194304,0.9224088360833566,-0.0807667306246052
1,ab,3,glm-4-7,9340665016419c825c4bdabbcc9acc43b7ca2c68ce142724afa829abb1be5efd,flat-ragged,4 KiB single,4096,1,40542570,41038390,4194304,0.9879181420128811,-0.012155436880386597
1,ab,4,glm-4-7,9340665016419c825c4bdabbcc9acc43b7ca2c68ce142724afa829abb1be5efd,flat-ragged,4 KiB single,4096,1,43488690,47783379,4194304,0.9101216973374779,-0.09417695507485914
1,ab,5,glm-4-7,9340665016419c825c4bdabbcc9acc43b7ca2c68ce142724afa829abb1be5efd,flat-ragged,4 KiB single,4096,1,46324580,47818820,4194304,0.96875205201634,-0.03174658010640826
1,ab,0,glm-4-7,9340665016419c825c4bdabbcc9acc43b7ca2c68ce142724afa829abb1be5efd,flat-ragged,64 KiB single,65536,1,18140900,18495210,4194304,0.9808431480367079,-0.019342722071360056
1,ab,1,glm-4-7,9340665016419c825c4bdabbcc9acc43b7ca2c68ce142724afa829abb1be5efd,flat-ragged,64 KiB single,65536,1,17506390,17602940,4194304,0.9945151207695987,-0.0054999764099313885
1,ab,2,glm-4-7,9340665016419c825c4bdabbcc9acc43b7ca2c68ce142724afa829abb1be5efd,flat-ragged,64 KiB single,65536,1,16700960,17230010,4194304,0.9692948524115772,-0.03118642812227416
1,ab,3,glm-4-7,9340665016419c825c4bdabbcc9acc43b7ca2c68ce142724afa829abb1be5efd,flat-ragged,64 KiB single,65536,1,18023200,17556879,4194304,1.0265605863092182,0.026213977955486675
1,ab,4,glm-4-7,9340665016419c825c4bdabbcc9acc43b7ca2c68ce142724afa829abb1be5efd,flat-ragged,64 KiB single,65536,1,16797390,17070520,4194304,0.9839999015847203,-0.016129481945416798
1,ab,5,glm-4-7,9340665016419c825c4bdabbcc9acc43b7ca2c68ce142724afa829abb1be5efd,flat-ragged,64 KiB single,65536,1,16923170,16738380,4194304,1.0110398975289125,0.01097940269084333
1,ab,0,glm-4-7,9340665016419c825c4bdabbcc9acc43b7ca2c68ce142724afa829abb1be5efd,nested,140-byte batch 1,140,1,65600579,74661300,4194400,0.8786423354535751,-0.1293773634731938
1,ab,1,glm-4-7,9340665016419c825c4bdabbcc9acc43b7ca2c68ce142724afa829abb1be5efd,nested,140-byte batch 1,140,1,65010249,65862360,4194400,0.9870622461752054,-0.013022175503591367
1,ab,2,glm-4-7,9340665016419c825c4bdabbcc9acc43b7ca2c68ce142724afa829abb1be5efd,nested,140-byte batch 1,140,1,53973130,62480199,4194400,0.8638437595245175,-0.14636336041415984
1,ab,3,glm-4-7,9340665016419c825c4bdabbcc9acc43b7ca2c68ce142724afa829abb1be5efd,nested,140-byte batch 1,140,1,64844860,68428580,4194400,0.947628315537163,-0.05379292582570566
1,ab,4,glm-4-7,9340665016419c825c4bdabbcc9acc43b7ca2c68ce142724afa829abb1be5efd,nested,140-byte batch 1,140,1,52553689,58155429,4194400,0.9036764048288596,-0.10128394193278072
1,ab,5,glm-4-7,9340665016419c825c4bdabbcc9acc43b7ca2c68ce142724afa829abb1be5efd,nested,140-byte batch 1,140,1,50846600,55972120,4194400,0.908427267003644,-0.09604045268465933
1,ab,0,glm-4-7,9340665016419c825c4bdabbcc9acc43b7ca2c68ce142724afa829abb1be5efd,nested,140-byte batch 32,140,32,69553740,74575740,4197760,0.9326590658034368,-0.06971556206120555
1,ab,1,glm-4-7,9340665016419c825c4bdabbcc9acc43b7ca2c68ce142724afa829abb1be5efd,nested,140-byte batch 32,140,32,61200920,66916629,4197760,0.9145846243988173,-0.0892852791844079
1,ab,2,glm-4-7,9340665016419c825c4bdabbcc9acc43b7ca2c68ce142724afa829abb1be5efd,nested,140-byte batch 32,140,32,61241899,62441519,4197760,0.9807881035052975,-0.01939884325252654
1,ab,3,glm-4-7,9340665016419c825c4bdabbcc9acc43b7ca2c68ce142724afa829abb1be5efd,nested,140-byte batch 32,140,32,69264209,72772920,4197760,0.9517854855899694,-0.04941559984408676
1,ab,4,glm-4-7,9340665016419c825c4bdabbcc9acc43b7ca2c68ce142724afa829abb1be5efd,nested,140-byte batch 32,140,32,58054389,62789709,4197760,0.9245844569848222,-0.0784108780983802
1,ab,5,glm-4-7,9340665016419c825c4bdabbcc9acc43b7ca2c68ce142724afa829abb1be5efd,nested,140-byte batch 32,140,32,56744260,60779889,4197760,0.9336025605443274,-0.06870445535681728
1,ab,0,glm-4-7,9340665016419c825c4bdabbcc9acc43b7ca2c68ce142724afa829abb1be5efd,nested,140-byte batch 512,140,512,19495860,21409280,4229120,0.9106266067798637,-0.09362233755393484
1,ab,1,glm-4-7,9340665016419c825c4bdabbcc9acc43b7ca2c68ce142724afa829abb1be5efd,nested,140-byte batch 512,140,512,18311939,19656930,4229120,0.9315767518122108,-0.07087669640118542
1,ab,2,glm-4-7,9340665016419c825c4bdabbcc9acc43b7ca2c68ce142724afa829abb1be5efd,nested,140-byte batch 512,140,512,18514090,19488139,4229120,0.9500183675824562,-0.051273960277133365
1,ab,3,glm-4-7,9340665016419c825c4bdabbcc9acc43b7ca2c68ce142724afa829abb1be5efd,nested,140-byte batch 512,140,512,16306330,16889670,4229120,0.9654617289739823,-0.03514881645540308
1,ab,4,glm-4-7,9340665016419c825c4bdabbcc9acc43b7ca2c68ce142724afa829abb1be5efd,nested,140-byte batch 512,140,512,15602240,15961820,4229120,0.9774724937381828,-0.022785126916814984
1,ab,5,glm-4-7,9340665016419c825c4bdabbcc9acc43b7ca2c68ce142724afa829abb1be5efd,nested,140-byte batch 512,140,512,16125259,16200140,4229120,0.9953777559947012,-0.004632959607958146
1,ab,0,glm-4-7,9340665016419c825c4bdabbcc9acc43b7ca2c68ce142724afa829abb1be5efd,nested,4 KiB single,4096,1,53898240,57707180,4194304,0.9339953884421315,-0.06828377819360833
1,ab,1,glm-4-7,9340665016419c825c4bdabbcc9acc43b7ca2c68ce142724afa829abb1be5efd,nested,4 KiB single,4096,1,45686930,51079350,4194304,0.8944305281880055,-0.11156804457435432
1,ab,2,glm-4-7,9340665016419c825c4bdabbcc9acc43b7ca2c68ce142724afa829abb1be5efd,nested,4 KiB single,4096,1,42389440,48299509,4194304,0.8776370790850069,-0.13052212036099461
1,ab,3,glm-4-7,9340665016419c825c4bdabbcc9acc43b7ca2c68ce142724afa829abb1be5efd,nested,4 KiB single,4096,1,43592640,46493230,4194304,0.9376126373667736,-0.0644183818300283
1,ab,4,glm-4-7,9340665016419c825c4bdabbcc9acc43b7ca2c68ce142724afa829abb1be5efd,nested,4 KiB single,4096,1,44701239,52234380,4194304,0.8557819390217707,-0.15573967942663872
1,ab,5,glm-4-7,9340665016419c825c4bdabbcc9acc43b7ca2c68ce142724afa829abb1be5efd,nested,4 KiB single,4096,1,46903280,52281860,4194304,0.8971233999708503,-0.1085618567409734
1,ab,0,glm-4-7,9340665016419c825c4bdabbcc9acc43b7ca2c68ce142724afa829abb1be5efd,nested,64 KiB single,65536,1,47144500,51705330,4194304,0.9117918790964104,-0.0923435176951782
1,ab,1,glm-4-7,9340665016419c825c4bdabbcc9acc43b7ca2c68ce142724afa829abb1be5efd,nested,64 KiB single,65536,1,41289179,43788270,4194304,0.942927843461274,-0.0587655173449747
1,ab,2,glm-4-7,9340665016419c825c4bdabbcc9acc43b7ca2c68ce142724afa829abb1be5efd,nested,64 KiB single,65536,1,39558729,47787799,4194304,0.8277997695604269,-0.1889839780434475
1,ab,3,glm-4-7,9340665016419c825c4bdabbcc9acc43b7ca2c68ce142724afa829abb1be5efd,nested,64 KiB single,65536,1,40998620,40746719,4194304,1.0061821173871692,0.0061630864933465285
1,ab,4,glm-4-7,9340665016419c825c4bdabbcc9acc43b7ca2c68ce142724afa829abb1be5efd,nested,64 KiB single,65536,1,40373949,40283989,4194304,1.0022331452826085,0.0022306555196612014
1,ab,5,glm-4-7,9340665016419c825c4bdabbcc9acc43b7ca2c68ce142724afa829abb1be5efd,nested,64 KiB single,65536,1,43773430,44890960,4194304,0.9751056782924669,-0.025209425865570196
1,ab,0,gpt-2,8414cab924d8b9b33013f0d221c5862f365ee9be39c5c2bfae8a5a9e970478a6,flat-ragged,140-byte batch 1,140,1,35519089,35269970,4194400,1.0070632041932557,0.007038376606175145
1,ab,1,gpt-2,8414cab924d8b9b33013f0d221c5862f365ee9be39c5c2bfae8a5a9e970478a6,flat-ragged,140-byte batch 1,140,1,34102809,33296009,4194400,1.024231132325799,0.023942216309394613
1,ab,2,gpt-2,8414cab924d8b9b33013f0d221c5862f365ee9be39c5c2bfae8a5a9e970478a6,flat-ragged,140-byte batch 1,140,1,39062810,43280030,4194400,0.9025596793717564,-0.10252046423366881
1,ab,3,gpt-2,8414cab924d8b9b33013f0d221c5862f365ee9be39c5c2bfae8a5a9e970478a6,flat-ragged,140-byte batch 1,140,1,36301060,36142500,4194400,1.0043870789237048,0.00437748374592919
1,ab,4,gpt-2,8414cab924d8b9b33013f0d221c5862f365ee9be39c5c2bfae8a5a9e970478a6,flat-ragged,140-byte batch 1,140,1,31709000,35840170,4194400,0.8847335266545889,-0.12246877913918458
1,ab,5,gpt-2,8414cab924d8b9b33013f0d221c5862f365ee9be39c5c2bfae8a5a9e970478a6,flat-ragged,140-byte batch 1,140,1,26103220,25831960,4194400,1.0105009453405782,0.010446193378744018
1,ab,0,gpt-2,8414cab924d8b9b33013f0d221c5862f365ee9be39c5c2bfae8a5a9e970478a6,flat-ragged,140-byte batch 32,140,32,32301290,29953509,4197760,1.0783808334442553,0.07546068787650671
1,ab,1,gpt-2,8414cab924d8b9b33013f0d221c5862f365ee9be39c5c2bfae8a5a9e970478a6,flat-ragged,140-byte batch 32,140,32,28652190,30279350,4197760,0.9462617262259593,-0.05523608199449189
1,ab,2,gpt-2,8414cab924d8b9b33013f0d221c5862f365ee9be39c5c2bfae8a5a9e970478a6,flat-ragged,140-byte batch 32,140,32,34733279,37116439,4197760,0.9357923318020891,-0.06636169485364234
1,ab,3,gpt-2,8414cab924d8b9b33013f0d221c5862f365ee9be39c5c2bfae8a5a9e970478a6,flat-ragged,140-byte batch 32,140,32,30541050,30638370,4197760,0.9968235908111299,-0.003181464684925641
1,ab,4,gpt-2,8414cab924d8b9b33013f0d221c5862f365ee9be39c5c2bfae8a5a9e970478a6,flat-ragged,140-byte batch 32,140,32,27948099,29719739,4197760,0.9403884401542019,-0.06146225486923015
1,ab,5,gpt-2,8414cab924d8b9b33013f0d221c5862f365ee9be39c5c2bfae8a5a9e970478a6,flat-ragged,140-byte batch 32,140,32,22749470,22528520,4197760,1.009807568362236,0.009759786326689066
1,ab,0,gpt-2,8414cab924d8b9b33013f0d221c5862f365ee9be39c5c2bfae8a5a9e970478a6,flat-ragged,140-byte batch 512,140,512,11227480,11669880,4229120,0.9620904413755754,-0.03864681883153611
1,ab,1,gpt-2,8414cab924d8b9b33013f0d221c5862f365ee9be39c5c2bfae8a5a9e970478a6,flat-ragged,140-byte batch 512,140,512,10880460,11030210,4229120,0.9864236492324262,-0.013669352122947304
1,ab,2,gpt-2,8414cab924d8b9b33013f0d221c5862f365ee9be39c5c2bfae8a5a9e970478a6,flat-ragged,140-byte batch 512,140,512,10698070,10562640,4229120,1.0128216052047594,0.012740104333445993
1,ab,3,gpt-2,8414cab924d8b9b33013f0d221c5862f365ee9be39c5c2bfae8a5a9e970478a6,flat-ragged,140-byte batch 512,140,512,8805540,8986960,4229120,0.9798129734637742,-0.02039356893475126
1,ab,4,gpt-2,8414cab924d8b9b33013f0d221c5862f365ee9be39c5c2bfae8a5a9e970478a6,flat-ragged,140-byte batch 512,140,512,8240980,9081380,4229120,0.907458998522251,-0.09710689455554386
1,ab,5,gpt-2,8414cab924d8b9b33013f0d221c5862f365ee9be39c5c2bfae8a5a9e970478a6,flat-ragged,140-byte batch 512,140,512,8290980,8584260,4229120,0.9658351447882519,-0.03476211690237632
1,ab,0,gpt-2,8414cab924d8b9b33013f0d221c5862f365ee9be39c5c2bfae8a5a9e970478a6,flat-ragged,4 KiB single,4096,1,22873880,24773930,4194304,0.9233044575487216,-0.07979624237082283
1,ab,1,gpt-2,8414cab924d8b9b33013f0d221c5862f365ee9be39c5c2bfae8a5a9e970478a6,flat-ragged,4 KiB single,4096,1,22968580,23489350,4194304,0.9778295269984056,-0.02241993191327645
1,ab,2,gpt-2,8414cab924d8b9b33013f0d221c5862f365ee9be39c5c2bfae8a5a9e970478a6,flat-ragged,4 KiB single,4096,1,19776260,24617800,4194304,0.8033317355734468,-0.21898753008024574
1,ab,3,gpt-2,8414cab924d8b9b33013f0d221c5862f365ee9be39c5c2bfae8a5a9e970478a6,flat-ragged,4 KiB single,4096,1,24163040,28656820,4194304,0.8431863688992708,-0.17056726724213359
1,ab,4,gpt-2,8414cab924d8b9b33013f0d221c5862f365ee9be39c5c2bfae8a5a9e970478a6,flat-ragged,4 KiB single,4096,1,24549890,27613890,4194304,0.88904134839387,-0.11761153342062897
1,ab,5,gpt-2,8414cab924d8b9b33013f0d221c5862f365ee9be39c5c2bfae8a5a9e970478a6,flat-ragged,4 KiB single,4096,1,22598430,25727030,4194304,0.8783924922542555,-0.1296617553327785
1,ab,0,gpt-2,8414cab924d8b9b33013f0d221c5862f365ee9be39c5c2bfae8a5a9e970478a6,flat-ragged,64 KiB single,65536,1,22930589,24248710,4194304,0.9456416032028095,-0.05589163667924973
1,ab,1,gpt-2,8414cab924d8b9b33013f0d221c5862f365ee9be39c5c2bfae8a5a9e970478a6,flat-ragged,64 KiB single,65536,1,20604029,20841430,4194304,0.9886091789287011,-0.01145619337724367
1,ab,2,gpt-2,8414cab924d8b9b33013f0d221c5862f365ee9be39c5c2bfae8a5a9e970478a6,flat-ragged,64 KiB single,65536,1,18447270,18735239,4194304,0.9846295528976171,-0.015489796977853064
1,ab,3,gpt-2,8414cab924d8b9b33013f0d221c5862f365ee9be39c5c2bfae8a5a9e970478a6,flat-ragged,64 KiB single,65536,1,21366520,22452050,4194304,0.9516511855264886,-0.04955671309018693
1,ab,4,gpt-2,8414cab924d8b9b33013f0d221c5862f365ee9be39c5c2bfae8a5a9e970478a6,flat-ragged,64 KiB single,65536,1,24017170,24967090,4194304,0.9619531150806923,-0.03878956642647027
1,ab,5,gpt-2,8414cab924d8b9b33013f0d221c5862f365ee9be39c5c2bfae8a5a9e970478a6,flat-ragged,64 KiB single,65536,1,21372620,23662900,4194304,0.9032122013785293,-0.10179775718287223
1,ab,0,gpt-2,8414cab924d8b9b33013f0d221c5862f365ee9be39c5c2bfae8a5a9e970478a6,nested,140-byte batch 1,140,1,35450570,35733100,4194400,0.9920933252362656,-0.00793809826316982
1,ab,1,gpt-2,8414cab924d8b9b33013f0d221c5862f365ee9be39c5c2bfae8a5a9e970478a6,nested,140-byte batch 1,140,1,31688610,31962639,4194400,0.9914265840189228,-0.008610379130473972
1,ab,2,gpt-2,8414cab924d8b9b33013f0d221c5862f365ee9be39c5c2bfae8a5a9e970478a6,nested,140-byte batch 1,140,1,40774420,41146399,4194400,0.9909596220072624,-0.00908149017722923
1,ab,3,gpt-2,8414cab924d8b9b33013f0d221c5862f365ee9be39c5c2bfae8a5a9e970478a6,nested,140-byte batch 1,140,1,35156280,36682900,4194400,0.9583833339239809,-0.04250744125046797
1,ab,4,gpt-2,8414cab924d8b9b33013f0d221c5862f365ee9be39c5c2bfae8a5a9e970478a6,nested,140-byte batch 1,140,1,32109600,33505060,4194400,0.9583507685107862,-0.04254142135564428
1,ab,5,gpt-2,8414cab924d8b9b33013f0d221c5862f365ee9be39c5c2bfae8a5a9e970478a6,nested,140-byte batch 1,140,1,23881380,26999909,4194400,0.8844985366432161,-0.12273441982887077
1,ab,0,gpt-2,8414cab924d8b9b33013f0d221c5862f365ee9be39c5c2bfae8a5a9e970478a6,nested,140-byte batch 32,140,32,37577810,41101150,4197760,0.9142763645299462,-0.08962238503734739
1,ab,1,gpt-2,8414cab924d8b9b33013f0d221c5862f365ee9be39c5c2bfae8a5a9e970478a6,nested,140-byte batch 32,140,32,34244380,38895550,4197760,0.8804189682367263,-0.1273573845406509
1,ab,2,gpt-2,8414cab924d8b9b33013f0d221c5862f365ee9be39c5c2bfae8a5a9e970478a6,nested,140-byte batch 32,140,32,42151060,43007820,4197760,0.9800789716846843,-0.02012212721246467
1,ab,3,gpt-2,8414cab924d8b9b33013f0d221c5862f365ee9be39c5c2bfae8a5a9e970478a6,nested,140-byte batch 32,140,32,37911290,42325420,4197760,0.8957097177062862,-0.11013889427292954
1,ab,4,gpt-2,8414cab924d8b9b33013f0d221c5862f365ee9be39c5c2bfae8a5a9e970478a6,nested,140-byte batch 32,140,32,33754539,34664899,4197760,0.9737382762892227,-0.026612721623985862
1,ab,5,gpt-2,8414cab924d8b9b33013f0d221c5862f365ee9be39c5c2bfae8a5a9e970478a6,nested,140-byte batch 32,140,32,29363220,28241080,4197760,1.0397343161097239,0.038965215237356736
1,ab,0,gpt-2,8414cab924d8b9b33013f0d221c5862f365ee9be39c5c2bfae8a5a9e970478a6,nested,140-byte batch 512,140,512,13864530,13614850,4229120,1.0183387991788377,0.01817267138343814
1,ab,1,gpt-2,8414cab924d8b9b33013f0d221c5862f365ee9be39c5c2bfae8a5a9e970478a6,nested,140-byte batch 512,140,512,13040270,12830730,4229120,1.0163311050891102,0.016199186901144344
1,ab,2,gpt-2,8414cab924d8b9b33013f0d221c5862f365ee9be39c5c2bfae8a5a9e970478a6,nested,140-byte batch 512,140,512,12727370,13213790,4229120,0.9631884569075185,-0.037506188607033177
1,ab,3,gpt-2,8414cab924d8b9b33013f0d221c5862f365ee9be39c5c2bfae8a5a9e970478a6,nested,140-byte batch 512,140,512,10846070,11249280,4229120,0.9641568171474085,-0.03650132421204457
1,ab,4,gpt-2,8414cab924d8b9b33013f0d221c5862f365ee9be39c5c2bfae8a5a9e970478a6,nested,140-byte batch 512,140,512,10701169,10799630,4229120,0.990882928396621,-0.009158886447345742
1,ab,5,gpt-2,8414cab924d8b9b33013f0d221c5862f365ee9be39c5c2bfae8a5a9e970478a6,nested,140-byte batch 512,140,512,10362600,10914920,4229120,0.9493977051595431,-0.05192749001599412
1,ab,0,gpt-2,8414cab924d8b9b33013f0d221c5862f365ee9be39c5c2bfae8a5a9e970478a6,nested,4 KiB single,4096,1,22495960,25770570,4194304,0.8729321858228204,-0.13589740562959174
1,ab,1,gpt-2,8414cab924d8b9b33013f0d221c5862f365ee9be39c5c2bfae8a5a9e970478a6,nested,4 KiB single,4096,1,20777550,24979069,4194304,0.8317984149048949,-0.1841651572956092
1,ab,2,gpt-2,8414cab924d8b9b33013f0d221c5862f365ee9be39c5c2bfae8a5a9e970478a6,nested,4 KiB single,4096,1,20132180,22137320,4194304,0.9094226401389147,-0.0949453422128472
1,ab,3,gpt-2,8414cab924d8b9b33013f0d221c5862f365ee9be39c5c2bfae8a5a9e970478a6,nested,4 KiB single,4096,1,28841239,29262090,4194304,0.9856178762350878,-0.014486548953515437
1,ab,4,gpt-2,8414cab924d8b9b33013f0d221c5862f365ee9be39c5c2bfae8a5a9e970478a6,nested,4 KiB single,4096,1,24948460,26927000,4194304,0.9265220782114606,-0.07631740384667804
1,ab,5,gpt-2,8414cab924d8b9b33013f0d221c5862f365ee9be39c5c2bfae8a5a9e970478a6,nested,4 KiB single,4096,1,25540040,26711259,4194304,0.9561526096542285,-0.04483774514128406
1,ab,0,gpt-2,8414cab924d8b9b33013f0d221c5862f365ee9be39c5c2bfae8a5a9e970478a6,nested,64 KiB single,65536,1,21173289,24278889,4194304,0.872086403953657,-0.13686677287914248
1,ab,1,gpt-2,8414cab924d8b9b33013f0d221c5862f365ee9be39c5c2bfae8a5a9e970478a6,nested,64 KiB single,65536,1,19300060,21959680,4194304,0.8788862132781534,-0.12909983987186213
1,ab,2,gpt-2,8414cab924d8b9b33013f0d221c5862f365ee9be39c5c2bfae8a5a9e970478a6,nested,64 KiB single,65536,1,19476600,22254310,4194304,0.8751832791041376,-0.13332195272528943
1,ab,3,gpt-2,8414cab924d8b9b33013f0d221c5862f365ee9be39c5c2bfae8a5a9e970478a6,nested,64 KiB single,65536,1,21414770,25151269,4194304,0.851438947275384,-0.1608274816550453
1,ab,4,gpt-2,8414cab924d8b9b33013f0d221c5862f365ee9be39c5c2bfae8a5a9e970478a6,nested,64 KiB single,65536,1,22645290,25334799,4194304,0.8938413128914108,-0.11222702192263193
1,ab,5,gpt-2,8414cab924d8b9b33013f0d221c5862f365ee9be39c5c2bfae8a5a9e970478a6,nested,64 KiB single,65536,1,21003859,22582309,4194304,0.9301023646430486,-0.07246062938338489
1,ab,0,gpt-oss,0614fe83cadab421296e664e1f48f4261fa8fef6e03e63bb75c20f38e37d07d3,flat-ragged,140-byte batch 1,140,1,65639370,66956630,4194400,0.9803266681731144,-0.019869427990719717
1,ab,1,gpt-oss,0614fe83cadab421296e664e1f48f4261fa8fef6e03e63bb75c20f38e37d07d3,flat-ragged,140-byte batch 1,140,1,59950140,59143419,4194400,1.013640080564162,0.013547892025319556
1,ab,2,gpt-oss,0614fe83cadab421296e664e1f48f4261fa8fef6e03e63bb75c20f38e37d07d3,flat-ragged,140-byte batch 1,140,1,61057299,62278699,4194400,0.9803881580763272,-0.019806706066644166
1,ab,3,gpt-oss,0614fe83cadab421296e664e1f48f4261fa8fef6e03e63bb75c20f38e37d07d3,flat-ragged,140-byte batch 1,140,1,63634699,63068300,4194400,1.0089807240721567,0.008940637197072237
1,ab,4,gpt-oss,0614fe83cadab421296e664e1f48f4261fa8fef6e03e63bb75c20f38e37d07d3,flat-ragged,140-byte batch 1,140,1,55685070,54046750,4194400,1.0303130160462932,0.02986265514764524
1,ab,5,gpt-oss,0614fe83cadab421296e664e1f48f4261fa8fef6e03e63bb75c20f38e37d07d3,flat-ragged,140-byte batch 1,140,1,49107830,48324590,4194400,1.0162078974700044,0.01607795171785727
1,ab,0,gpt-oss,0614fe83cadab421296e664e1f48f4261fa8fef6e03e63bb75c20f38e37d07d3,flat-ragged,140-byte batch 32,140,32,58512059,62620880,4197760,0.9343857671754213,-0.06786589907103542
1,ab,1,gpt-oss,0614fe83cadab421296e664e1f48f4261fa8fef6e03e63bb75c20f38e37d07d3,flat-ragged,140-byte batch 32,140,32,52013920,54499319,4197760,0.9543957787802816,-0.046676831112359304
1,ab,2,gpt-oss,0614fe83cadab421296e664e1f48f4261fa8fef6e03e63bb75c20f38e37d07d3,flat-ragged,140-byte batch 32,140,32,53201369,56097000,4197760,0.9483817138171382,-0.05299820606371751
1,ab,3,gpt-oss,0614fe83cadab421296e664e1f48f4261fa8fef6e03e63bb75c20f38e37d07d3,flat-ragged,140-byte batch 32,140,32,55295510,60059759,4197760,0.9206748565208195,-0.08264833815125588
1,ab,4,gpt-oss,0614fe83cadab421296e664e1f48f4261fa8fef6e03e63bb75c20f38e37d07d3,flat-ragged,140-byte batch 32,140,32,50987310,53047200,4197760,0.9611687327512103,-0.03960530503800152
1,ab,5,gpt-oss,0614fe83cadab421296e664e1f48f4261fa8fef6e03e63bb75c20f38e37d07d3,flat-ragged,140-byte batch 32,140,32,42242310,43439320,4197760,0.9724440898246105,-0.027942696325136886
1,ab,0,gpt-oss,0614fe83cadab421296e664e1f48f4261fa8fef6e03e63bb75c20f38e37d07d3,flat-ragged,140-byte batch 512,140,512,17084860,17155240,4229120,0.9958974633989381,-0.00411097509172894
1,ab,1,gpt-oss,0614fe83cadab421296e664e1f48f4261fa8fef6e03e63bb75c20f38e37d07d3,flat-ragged,140-byte batch 512,140,512,16590580,16175550,4229120,1.0256578601654966,0.025334221510946442
1,ab,2,gpt-oss,0614fe83cadab421296e664e1f48f4261fa8fef6e03e63bb75c20f38e37d07d3,flat-ragged,140-byte batch 512,140,512,15412670,16307619,4229120,0.9451208051892799,-0.05644252347961019
1,ab,3,gpt-oss,0614fe83cadab421296e664e1f48f4261fa8fef6e03e63bb75c20f38e37d07d3,flat-ragged,140-byte batch 512,140,512,12459110,12772650,4229120,0.9754522358320318,-0.02485408389832893
1,ab,4,gpt-oss,0614fe83cadab421296e664e1f48f4261fa8fef6e03e63bb75c20f38e37d07d3,flat-ragged,140-byte batch 512,140,512,12259430,12771849,4229120,0.9598790276959899,-0.04094801527721439
1,ab,5,gpt-oss,0614fe83cadab421296e664e1f48f4261fa8fef6e03e63bb75c20f38e37d07d3,flat-ragged,140-byte batch 512,140,512,11898140,12309270,4229120,0.9665999689664782,-0.03397055167701136
1,ab,0,gpt-oss,0614fe83cadab421296e664e1f48f4261fa8fef6e03e63bb75c20f38e37d07d3,flat-ragged,4 KiB single,4096,1,48456650,47428009,4194304,1.0216884710467184,0.021456622463015315
1,ab,1,gpt-oss,0614fe83cadab421296e664e1f48f4261fa8fef6e03e63bb75c20f38e37d07d3,flat-ragged,4 KiB single,4096,1,45384750,47406029,4194304,0.9573624063724047,-0.04357326916985061
1,ab,2,gpt-oss,0614fe83cadab421296e664e1f48f4261fa8fef6e03e63bb75c20f38e37d07d3,flat-ragged,4 KiB single,4096,1,42400379,40305310,4194304,1.0519799748469867,0.0506740788177916
1,ab,3,gpt-oss,0614fe83cadab421296e664e1f48f4261fa8fef6e03e63bb75c20f38e37d07d3,flat-ragged,4 KiB single,4096,1,40648940,38770060,4194304,1.0484621380518886,0.04732446012308374
1,ab,4,gpt-oss,0614fe83cadab421296e664e1f48f4261fa8fef6e03e63bb75c20f38e37d07d3,flat-ragged,4 KiB single,4096,1,50861979,46754980,4194304,1.0878408888208273,0.08419489584674068
1,ab,5,gpt-oss,0614fe83cadab421296e664e1f48f4261fa8fef6e03e63bb75c20f38e37d07d3,flat-ragged,4 KiB single,4096,1,45148470,42335110,4194304,1.0664545338372806,0.0643396268318606
1,ab,0,gpt-oss,0614fe83cadab421296e664e1f48f4261fa8fef6e03e63bb75c20f38e37d07d3,flat-ragged,64 KiB single,65536,1,20399049,19872020,4194304,1.026521158895774,0.02617556992469002
1,ab,1,gpt-oss,0614fe83cadab421296e664e1f48f4261fa8fef6e03e63bb75c20f38e37d07d3,flat-ragged,64 KiB single,65536,1,19708960,18839870,4194304,1.0461303607721284,0.04509798576654505
1,ab,2,gpt-oss,0614fe83cadab421296e664e1f48f4261fa8fef6e03e63bb75c20f38e37d07d3,flat-ragged,64 KiB single,65536,1,18736210,18311570,4194304,1.0231897101122405,0.022924914656713636
1,ab,3,gpt-oss,0614fe83cadab421296e664e1f48f4261fa8fef6e03e63bb75c20f38e37d07d3,flat-ragged,64 KiB single,65536,1,19213250,18840950,4194304,1.0197601500985884,0.01956745268262977
1,ab,4,gpt-oss,0614fe83cadab421296e664e1f48f4261fa8fef6e03e63bb75c20f38e37d07d3,flat-ragged,64 KiB single,65536,1,18569610,18089950,4194304,1.0265152750560393,0.02616983808317228
1,ab,5,gpt-oss,0614fe83cadab421296e664e1f48f4261fa8fef6e03e63bb75c20f38e37d07d3,flat-ragged,64 KiB single,65536,1,18755650,17881260,4194304,1.0488997978889631,0.04774180329683662
1,ab,0,gpt-oss,0614fe83cadab421296e664e1f48f4261fa8fef6e03e63bb75c20f38e37d07d3,nested,140-byte batch 1,140,1,68231640,67545150,4194400,1.0101634240208217,0.010112123725205074
1,ab,1,gpt-oss,0614fe83cadab421296e664e1f48f4261fa8fef6e03e63bb75c20f38e37d07d3,nested,140-byte batch 1,140,1,59046579,55028739,4194400,1.0730134848265376,0.07047103097549864
1,ab,2,gpt-oss,0614fe83cadab421296e664e1f48f4261fa8fef6e03e63bb75c20f38e37d07d3,nested,140-byte batch 1,140,1,58870709,57455069,4194400,1.024639079277757,0.02434043280455232
1,ab,3,gpt-oss,0614fe83cadab421296e664e1f48f4261fa8fef6e03e63bb75c20f38e37d07d3,nested,140-byte batch 1,140,1,63983179,58755989,4194400,1.0889643777419864,0.08522713243507887
1,ab,4,gpt-oss,0614fe83cadab421296e664e1f48f4261fa8fef6e03e63bb75c20f38e37d07d3,nested,140-byte batch 1,140,1,53860440,54087890,4194400,0.9957948073034463,-0.004214059385515523
1,ab,5,gpt-oss,0614fe83cadab421296e664e1f48f4261fa8fef6e03e63bb75c20f38e37d07d3,nested,140-byte batch 1,140,1,48373940,47374690,4194400,1.021092486304396,0.020873119119607243
1,ab,0,gpt-oss,0614fe83cadab421296e664e1f48f4261fa8fef6e03e63bb75c20f38e37d07d3,nested,140-byte batch 32,140,32,64734570,74896649,4197760,0.8643186426137703,-0.1458137788463419
1,ab,1,gpt-oss,0614fe83cadab421296e664e1f48f4261fa8fef6e03e63bb75c20f38e37d07d3,nested,140-byte batch 32,140,32,58820779,64371650,4197760,0.913768390277397,-0.09017814196210322
1,ab,2,gpt-oss,0614fe83cadab421296e664e1f48f4261fa8fef6e03e63bb75c20f38e37d07d3,nested,140-byte batch 32,140,32,65744070,63264720,4197760,1.0391900888836623,0.0384416490728666
1,ab,3,gpt-oss,0614fe83cadab421296e664e1f48f4261fa8fef6e03e63bb75c20f38e37d07d3,nested,140-byte batch 32,140,32,68431960,65426399,4197760,1.0459380471176474,0.04491413551165142
1,ab,4,gpt-oss,0614fe83cadab421296e664e1f48f4261fa8fef6e03e63bb75c20f38e37d07d3,nested,140-byte batch 32,140,32,59557060,59544020,4197760,1.0002189976424165,0.00021897366593328044
1,ab,5,gpt-oss,0614fe83cadab421296e664e1f48f4261fa8fef6e03e63bb75c20f38e37d07d3,nested,140-byte batch 32,140,32,47661480,53823110,4197760,0.8855207363528418,-0.12157940435659838
1,ab,0,gpt-oss,0614fe83cadab421296e664e1f48f4261fa8fef6e03e63bb75c20f38e37d07d3,nested,140-byte batch 512,140,512,18534220,20288870,4229120,0.9135166226606016,-0.09045370665683437
1,ab,1,gpt-oss,0614fe83cadab421296e664e1f48f4261fa8fef6e03e63bb75c20f38e37d07d3,nested,140-byte batch 512,140,512,17427520,18428570,4229120,0.9456794531534459,-0.055851611797684296
1,ab,2,gpt-oss,0614fe83cadab421296e664e1f48f4261fa8fef6e03e63bb75c20f38e37d07d3,nested,140-byte batch 512,140,512,16824830,18251870,4229120,0.9218140387806838,-0.08141176906480992
1,ab,3,gpt-oss,0614fe83cadab421296e664e1f48f4261fa8fef6e03e63bb75c20f38e37d07d3,nested,140-byte batch 512,140,512,15467930,15153590,4229120,1.0207435993715022,0.020531380682583075
1,ab,4,gpt-oss,0614fe83cadab421296e664e1f48f4261fa8fef6e03e63bb75c20f38e37d07d3,nested,140-byte batch 512,140,512,14587480,14367130,4229120,1.0153370923768352,0.015220668073287891
1,ab,5,gpt-oss,0614fe83cadab421296e664e1f48f4261fa8fef6e03e63bb75c20f38e37d07d3,nested,140-byte batch 512,140,512,14868450,14615020,4229120,1.0173403799652687,0.01719175130147735
1,ab,0,gpt-oss,0614fe83cadab421296e664e1f48f4261fa8fef6e03e63bb75c20f38e37d07d3,nested,4 KiB single,4096,1,48912829,45232080,4194304,1.0813747455345852,0.07823314420184166
1,ab,1,gpt-oss,0614fe83cadab421296e664e1f48f4261fa8fef6e03e63bb75c20f38e37d07d3,nested,4 KiB single,4096,1,45843930,45425549,4194304,1.0092102574258377,0.009168101650907359
1,ab,2,gpt-oss,0614fe83cadab421296e664e1f48f4261fa8fef6e03e63bb75c20f38e37d07d3,nested,4 KiB single,4096,1,43625499,40175140,4194304,1.0858829365622622,0.08239342248088391
1,ab,3,gpt-oss,0614fe83cadab421296e664e1f48f4261fa8fef6e03e63bb75c20f38e37d07d3,nested,4 KiB single,4096,1,43001480,42838989,4194304,1.0037930633703798,0.0037858878446060972
1,ab,4,gpt-oss,0614fe83cadab421296e664e1f48f4261fa8fef6e03e63bb75c20f38e37d07d3,nested,4 KiB single,4096,1,51050540,53724360,4194304,0.9502307705480344,-0.051050407520601894
1,ab,5,gpt-oss,0614fe83cadab421296e664e1f48f4261fa8fef6e03e63bb75c20f38e37d07d3,nested,4 KiB single,4096,1,49015180,47388660,4194304,1.0343229793794548,0.033747086480020234
1,ab,0,gpt-oss,0614fe83cadab421296e664e1f48f4261fa8fef6e03e63bb75c20f38e37d07d3,nested,64 KiB single,65536,1,46375659,43990420,4194304,1.054221782833626,0.052802848129712004
1,ab,1,gpt-oss,0614fe83cadab421296e664e1f48f4261fa8fef6e03e63bb75c20f38e37d07d3,nested,64 KiB single,65536,1,41061779,39967979,4194304,1.0273669078939418,0.026999128968286813
1,ab,2,gpt-oss,0614fe83cadab421296e664e1f48f4261fa8fef6e03e63bb75c20f38e37d07d3,nested,64 KiB single,65536,1,40918890,38984720,4194304,1.0496135408949967,0.048422040129611967
1,ab,3,gpt-oss,0614fe83cadab421296e664e1f48f4261fa8fef6e03e63bb75c20f38e37d07d3,nested,64 KiB single,65536,1,38448120,36979020,4194304,1.0397279322167001,0.03895907529129239
1,ab,4,gpt-oss,0614fe83cadab421296e664e1f48f4261fa8fef6e03e63bb75c20f38e37d07d3,nested,64 KiB single,65536,1,46984819,41410579,4194304,1.134609081413713,0.12628816994467593
1,ab,5,gpt-oss,0614fe83cadab421296e664e1f48f4261fa8fef6e03e63bb75c20f38e37d07d3,nested,64 KiB single,65536,1,44991809,40238260,4194304,1.1181350535535086,0.11166216668011848
1,ab,0,llama-3,e134af98b985517b4f068e3755ae90d4e9cd2d45d328325dc503f1c6b2d06cc7,flat-ragged,140-byte batch 1,140,1,62018580,59333950,4194400,1.0452461027792688,0.044252362741744565
1,ab,1,llama-3,e134af98b985517b4f068e3755ae90d4e9cd2d45d328325dc503f1c6b2d06cc7,flat-ragged,140-byte batch 1,140,1,54644220,53632030,4194400,1.018872863846474,0.01869698084971875
1,ab,2,llama-3,e134af98b985517b4f068e3755ae90d4e9cd2d45d328325dc503f1c6b2d06cc7,flat-ragged,140-byte batch 1,140,1,48345319,51143130,4194400,0.9452944901886138,-0.056258770205663174
1,ab,3,llama-3,e134af98b985517b4f068e3755ae90d4e9cd2d45d328325dc503f1c6b2d06cc7,flat-ragged,140-byte batch 1,140,1,39538290,38029520,4194400,1.0396736535196869,0.03890686921681606
1,ab,4,llama-3,e134af98b985517b4f068e3755ae90d4e9cd2d45d328325dc503f1c6b2d06cc7,flat-ragged,140-byte batch 1,140,1,55668829,57894910,4194400,0.9615496250015761,-0.03920910321903765
1,ab,5,llama-3,e134af98b985517b4f068e3755ae90d4e9cd2d45d328325dc503f1c6b2d06cc7,flat-ragged,140-byte batch 1,140,1,48709620,50742550,4194400,0.9599363847500766,-0.0408882626012728
1,ab,0,llama-3,e134af98b985517b4f068e3755ae90d4e9cd2d45d328325dc503f1c6b2d06cc7,flat-ragged,140-byte batch 32,140,32,59236519,56641560,4197760,1.0458136922782495,0.044795235321727064
1,ab,1,llama-3,e134af98b985517b4f068e3755ae90d4e9cd2d45d328325dc503f1c6b2d06cc7,flat-ragged,140-byte batch 32,140,32,49731040,48816749,4197760,1.0187290431814704,0.018555814251134114
1,ab,2,llama-3,e134af98b985517b4f068e3755ae90d4e9cd2d45d328325dc503f1c6b2d06cc7,flat-ragged,140-byte batch 32,140,32,45103760,48675829,4197760,0.9266151378746934,-0.07621696912171194
1,ab,3,llama-3,e134af98b985517b4f068e3755ae90d4e9cd2d45d328325dc503f1c6b2d06cc7,flat-ragged,140-byte batch 32,140,32,34471170,34369080,4197760,1.002970402466403,0.002965999537821921
1,ab,4,llama-3,e134af98b985517b4f068e3755ae90d4e9cd2d45d328325dc503f1c6b2d06cc7,flat-ragged,140-byte batch 32,140,32,54330399,54271900,4197760,1.0010778874518858,0.0010773069483138468
1,ab,5,llama-3,e134af98b985517b4f068e3755ae90d4e9cd2d45d328325dc503f1c6b2d06cc7,flat-ragged,140-byte batch 32,140,32,47253240,44926639,4197760,1.0517866693744884,0.05049030798600921
1,ab,0,llama-3,e134af98b985517b4f068e3755ae90d4e9cd2d45d328325dc503f1c6b2d06cc7,flat-ragged,140-byte batch 512,140,512,15389950,15628520,4229120,0.9847349589084571,-0.015382751268124136
1,ab,1,llama-3,e134af98b985517b4f068e3755ae90d4e9cd2d45d328325dc503f1c6b2d06cc7,flat-ragged,140-byte batch 512,140,512,14514939,14465199,4229120,1.003438597699209,0.003432699239892128
1,ab,2,llama-3,e134af98b985517b4f068e3755ae90d4e9cd2d45d328325dc503f1c6b2d06cc7,flat-ragged,140-byte batch 512,140,512,14198690,13729200,4229120,1.0341964571861435,0.033624755317709115
1,ab,3,llama-3,e134af98b985517b4f068e3755ae90d4e9cd2d45d328325dc503f1c6b2d06cc7,flat-ragged,140-byte batch 512,140,512,11188600,11402120,4229120,0.9812736578811659,-0.018903900233569366
1,ab,4,llama-3,e134af98b985517b4f068e3755ae90d4e9cd2d45d328325dc503f1c6b2d06cc7,flat-ragged,140-byte batch 512,140,512,10908930,11218230,4229120,0.9724288056137198,-0.027958413764489206
1,ab,5,llama-3,e134af98b985517b4f068e3755ae90d4e9cd2d45d328325dc503f1c6b2d06cc7,flat-ragged,140-byte batch 512,140,512,10775600,10910580,4229120,0.9876285220400749,-0.01244864177415193
1,ab,0,llama-3,e134af98b985517b4f068e3755ae90d4e9cd2d45d328325dc503f1c6b2d06cc7,flat-ragged,4 KiB single,4096,1,42900629,41791670,4194304,1.0265354076542048,0.026189450456442612
1,ab,1,llama-3,e134af98b985517b4f068e3755ae90d4e9cd2d45d328325dc503f1c6b2d06cc7,flat-ragged,4 KiB single,4096,1,43710330,41029210,4194304,1.0653466152528894,0.06330020654201496
1,ab,2,llama-3,e134af98b985517b4f068e3755ae90d4e9cd2d45d328325dc503f1c6b2d06cc7,flat-ragged,4 KiB single,4096,1,37532349,36971880,4194304,1.0151593319030572,0.01504557741850359
1,ab,3,llama-3,e134af98b985517b4f068e3755ae90d4e9cd2d45d328325dc503f1c6b2d06cc7,flat-ragged,4 KiB single,4096,1,36946350,35693290,4194304,1.0351063183024036,0.034504144439178
1,ab,4,llama-3,e134af98b985517b4f068e3755ae90d4e9cd2d45d328325dc503f1c6b2d06cc7,flat-ragged,4 KiB single,4096,1,40256959,35889590,4194304,1.1216890190163777,0.1148356020306594
1,ab,5,llama-3,e134af98b985517b4f068e3755ae90d4e9cd2d45d328325dc503f1c6b2d06cc7,flat-ragged,4 KiB single,4096,1,44765869,40990640,4194304,1.092099781803846,0.08810224842649414
1,ab,0,llama-3,e134af98b985517b4f068e3755ae90d4e9cd2d45d328325dc503f1c6b2d06cc7,flat-ragged,64 KiB single,65536,1,18263940,18125980,4194304,1.0076111746785552,0.0075823558263993455
1,ab,1,llama-3,e134af98b985517b4f068e3755ae90d4e9cd2d45d328325dc503f1c6b2d06cc7,flat-ragged,64 KiB single,65536,1,17190750,17154450,4194304,1.002116069008333,0.002113833287712912
1,ab,2,llama-3,e134af98b985517b4f068e3755ae90d4e9cd2d45d328325dc503f1c6b2d06cc7,flat-ragged,64 KiB single,65536,1,17150000,16884130,4194304,1.0157467396898745,0.015624046124086561
1,ab,3,llama-3,e134af98b985517b4f068e3755ae90d4e9cd2d45d328325dc503f1c6b2d06cc7,flat-ragged,64 KiB single,65536,1,17263580,17186330,4194304,1.004494851431341,0.0044847797558251095
1,ab,4,llama-3,e134af98b985517b4f068e3755ae90d4e9cd2d45d328325dc503f1c6b2d06cc7,flat-ragged,64 KiB single,65536,1,16871760,16826539,4194304,1.002687480770704,0.0026838759514015652
1,ab,5,llama-3,e134af98b985517b4f068e3755ae90d4e9cd2d45d328325dc503f1c6b2d06cc7,flat-ragged,64 KiB single,65536,1,16588810,16439570,4194304,1.009078096324904,0.00903713810362531
1,ab,0,llama-3,e134af98b985517b4f068e3755ae90d4e9cd2d45d328325dc503f1c6b2d06cc7,nested,140-byte batch 1,140,1,66373559,63338880,4194400,1.0479117881465538,0.04679941074033742
1,ab,1,llama-3,e134af98b985517b4f068e3755ae90d4e9cd2d45d328325dc503f1c6b2d06cc7,nested,140-byte batch 1,140,1,60533769,54221049,4194400,1.116425633889894,0.11013218362199163
1,ab,2,llama-3,e134af98b985517b4f068e3755ae90d4e9cd2d45d328325dc503f1c6b2d06cc7,nested,140-byte batch 1,140,1,51740530,49149460,4194400,1.0527181783889386,0.051375560473094946
1,ab,3,llama-3,e134af98b985517b4f068e3755ae90d4e9cd2d45d328325dc503f1c6b2d06cc7,nested,140-byte batch 1,140,1,39785389,39189770,4194400,1.0151983285433928,0.015083990985827288
1,ab,4,llama-3,e134af98b985517b4f068e3755ae90d4e9cd2d45d328325dc503f1c6b2d06cc7,nested,140-byte batch 1,140,1,56933680,55802550,4194400,1.0202702206261183,0.02006751439296374
1,ab,5,llama-3,e134af98b985517b4f068e3755ae90d4e9cd2d45d328325dc503f1c6b2d06cc7,nested,140-byte batch 1,140,1,52302770,49938759,4194400,1.0473382007750733,0.04625189861639809
1,ab,0,llama-3,e134af98b985517b4f068e3755ae90d4e9cd2d45d328325dc503f1c6b2d06cc7,nested,140-byte batch 32,140,32,68157490,67949600,4197760,1.0030594734921177,0.0030548028271853195
1,ab,1,llama-3,e134af98b985517b4f068e3755ae90d4e9cd2d45d328325dc503f1c6b2d06cc7,nested,140-byte batch 32,140,32,59758230,62628600,4197760,0.9541683831348617,-0.04691512087073731
1,ab,2,llama-3,e134af98b985517b4f068e3755ae90d4e9cd2d45d328325dc503f1c6b2d06cc7,nested,140-byte batch 32,140,32,52185130,53325500,4197760,0.9786149215666051,-0.02161705237231597
1,ab,3,llama-3,e134af98b985517b4f068e3755ae90d4e9cd2d45d328325dc503f1c6b2d06cc7,nested,140-byte batch 32,140,32,42900780,42588940,4197760,1.0073220887864314,0.007295412432939017
1,ab,4,llama-3,e134af98b985517b4f068e3755ae90d4e9cd2d45d328325dc503f1c6b2d06cc7,nested,140-byte batch 32,140,32,57385039,56881040,4197760,1.0088605799050088,0.008821555317785628
1,ab,5,llama-3,e134af98b985517b4f068e3755ae90d4e9cd2d45d328325dc503f1c6b2d06cc7,nested,140-byte batch 32,140,32,59744799,52172870,4197760,1.145131540588049,0.13551951301735102
1,ab,0,llama-3,e134af98b985517b4f068e3755ae90d4e9cd2d45d328325dc503f1c6b2d06cc7,nested,140-byte batch 512,140,512,17870920,17838990,4229120,1.0017898995402768,0.0017882995789900926
1,ab,1,llama-3,e134af98b985517b4f068e3755ae90d4e9cd2d45d328325dc503f1c6b2d06cc7,nested,140-byte batch 512,140,512,16852970,16858360,4229120,0.9996802773223493,-0.0003197737998428886
1,ab,2,llama-3,e134af98b985517b4f068e3755ae90d4e9cd2d45d328325dc503f1c6b2d06cc7,nested,140-byte batch 512,140,512,16178980,16516270,4229120,0.9795783188334897,-0.020633086822095952
1,ab,3,llama-3,e134af98b985517b4f068e3755ae90d4e9cd2d45d328325dc503f1c6b2d06cc7,nested,140-byte batch 512,140,512,14274290,14637840,4229120,0.9751636853524837,-0.02514993966216136
1,ab,4,llama-3,e134af98b985517b4f068e3755ae90d4e9cd2d45d328325dc503f1c6b2d06cc7,nested,140-byte batch 512,140,512,13746870,13217340,4229120,1.0400632805087862,0.039281557945263015
1,ab,5,llama-3,e134af98b985517b4f068e3755ae90d4e9cd2d45d328325dc503f1c6b2d06cc7,nested,140-byte batch 512,140,512,13404679,13502390,4229120,0.9927634292891852,-0.007262881699706412
1,ab,0,llama-3,e134af98b985517b4f068e3755ae90d4e9cd2d45d328325dc503f1c6b2d06cc7,nested,4 KiB single,4096,1,43293229,42385030,4194304,1.0214273530064741,0.021201014789096972
1,ab,1,llama-3,e134af98b985517b4f068e3755ae90d4e9cd2d45d328325dc503f1c6b2d06cc7,nested,4 KiB single,4096,1,44507569,43159260,4194304,1.0312403178367748,0.03076226985833941
1,ab,2,llama-3,e134af98b985517b4f068e3755ae90d4e9cd2d45d328325dc503f1c6b2d06cc7,nested,4 KiB single,4096,1,38999550,46995280,4194304,0.8298609988066886,-0.186497063533623
1,ab,3,llama-3,e134af98b985517b4f068e3755ae90d4e9cd2d45d328325dc503f1c6b2d06cc7,nested,4 KiB single,4096,1,38019169,36003210,4194304,1.055993868324519,0.05448237875633964
1,ab,4,llama-3,e134af98b985517b4f068e3755ae90d4e9cd2d45d328325dc503f1c6b2d06cc7,nested,4 KiB single,4096,1,37425390,37210150,4194304,1.0057844432231529,0.005767777568257414
1,ab,5,llama-3,e134af98b985517b4f068e3755ae90d4e9cd2d45d328325dc503f1c6b2d06cc7,nested,4 KiB single,4096,1,48393990,45505219,4194304,1.0634821909108931,0.06154860978300516
1,ab,0,llama-3,e134af98b985517b4f068e3755ae90d4e9cd2d45d328325dc503f1c6b2d06cc7,nested,64 KiB single,65536,1,37441180,37387810,4194304,1.0014274706114106,0.001426452743772975
1,ab,1,llama-3,e134af98b985517b4f068e3755ae90d4e9cd2d45d328325dc503f1c6b2d06cc7,nested,64 KiB single,65536,1,39300109,38750090,4194304,1.0141940057429544,0.014094214030960974
1,ab,2,llama-3,e134af98b985517b4f068e3755ae90d4e9cd2d45d328325dc503f1c6b2d06cc7,nested,64 KiB single,65536,1,38323560,38058090,4194304,1.0069753894638434,0.006951173977839686
1,ab,3,llama-3,e134af98b985517b4f068e3755ae90d4e9cd2d45d328325dc503f1c6b2d06cc7,nested,64 KiB single,65536,1,35104570,35715899,4194304,0.9828835611837742,-0.017264618359899706
1,ab,4,llama-3,e134af98b985517b4f068e3755ae90d4e9cd2d45d328325dc503f1c6b2d06cc7,nested,64 KiB single,65536,1,32777859,32818670,4194304,0.9987564700214847,-0.0012443038035019251
1,ab,5,llama-3,e134af98b985517b4f068e3755ae90d4e9cd2d45d328325dc503f1c6b2d06cc7,nested,64 KiB single,65536,1,36234070,34823680,4194304,1.0405008890502094,0.039702221296366684
1,ab,0,minimax-m2-1,757622126525aeeb131756849d93298070ff3f0319c455ec8c5bb0f6b1cebbe8,flat-ragged,140-byte batch 1,140,1,60423719,66256810,4194400,0.9119623929977915,-0.09215652550605816
1,ab,1,minimax-m2-1,757622126525aeeb131756849d93298070ff3f0319c455ec8c5bb0f6b1cebbe8,flat-ragged,140-byte batch 1,140,1,55527509,54695290,4194400,1.0152155514670458,0.0151009559246735
1,ab,2,minimax-m2-1,757622126525aeeb131756849d93298070ff3f0319c455ec8c5bb0f6b1cebbe8,flat-ragged,140-byte batch 1,140,1,56995859,55362320,4194400,1.0295063321045794,0.029079398126898144
1,ab,3,minimax-m2-1,757622126525aeeb131756849d93298070ff3f0319c455ec8c5bb0f6b1cebbe8,flat-ragged,140-byte batch 1,140,1,58776500,58478469,4194400,1.0050964227534753,0.005083479947084049
1,ab,4,minimax-m2-1,757622126525aeeb131756849d93298070ff3f0319c455ec8c5bb0f6b1cebbe8,flat-ragged,140-byte batch 1,140,1,54050490,52211899,4194400,1.0352140227651938,0.03460819062058373
1,ab,5,minimax-m2-1,757622126525aeeb131756849d93298070ff3f0319c455ec8c5bb0f6b1cebbe8,flat-ragged,140-byte batch 1,140,1,50062109,46706010,4194400,1.0718558275476753,0.06939156437620825
1,ab,0,minimax-m2-1,757622126525aeeb131756849d93298070ff3f0319c455ec8c5bb0f6b1cebbe8,flat-ragged,140-byte batch 32,140,32,61102279,62874470,4197760,0.9718138220489174,-0.028591033969974408
1,ab,1,minimax-m2-1,757622126525aeeb131756849d93298070ff3f0319c455ec8c5bb0f6b1cebbe8,flat-ragged,140-byte batch 32,140,32,57613270,55637360,4197760,1.0355140862183252,0.03489800506211264
1,ab,2,minimax-m2-1,757622126525aeeb131756849d93298070ff3f0319c455ec8c5bb0f6b1cebbe8,flat-ragged,140-byte batch 32,140,32,59011550,56544890,4197760,1.043623040030673,0.04269835149042492
1,ab,3,minimax-m2-1,757622126525aeeb131756849d93298070ff3f0319c455ec8c5bb0f6b1cebbe8,flat-ragged,140-byte batch 32,140,32,61488099,59281379,4197760,1.037224505185684,0.03654840069105465
1,ab,4,minimax-m2-1,757622126525aeeb131756849d93298070ff3f0319c455ec8c5bb0f6b1cebbe8,flat-ragged,140-byte batch 32,140,32,55178340,53711029,4197760,1.0273186164428165,0.026952122795748792
1,ab,5,minimax-m2-1,757622126525aeeb131756849d93298070ff3f0319c455ec8c5bb0f6b1cebbe8,flat-ragged,140-byte batch 32,140,32,49372800,46271109,4197760,1.0670329946057702,0.06488189462105795
1,ab,0,minimax-m2-1,757622126525aeeb131756849d93298070ff3f0319c455ec8c5bb0f6b1cebbe8,flat-ragged,140-byte batch 512,140,512,16437850,16642709,4229120,0.987690765968449,-0.012385620136310874
1,ab,1,minimax-m2-1,757622126525aeeb131756849d93298070ff3f0319c455ec8c5bb0f6b1cebbe8,flat-ragged,140-byte batch 512,140,512,16918540,15438959,4229120,1.0958342463374635,0.0915159419950887
1,ab,2,minimax-m2-1,757622126525aeeb131756849d93298070ff3f0319c455ec8c5bb0f6b1cebbe8,flat-ragged,140-byte batch 512,140,512,15199670,15299320,4229120,0.9934866386218473,-0.006534665876023694
1,ab,3,minimax-m2-1,757622126525aeeb131756849d93298070ff3f0319c455ec8c5bb0f6b1cebbe8,flat-ragged,140-byte batch 512,140,512,13404920,13215610,4229120,1.0143247265922648,0.014223097089724638
1,ab,4,minimax-m2-1,757622126525aeeb131756849d93298070ff3f0319c455ec8c5bb0f6b1cebbe8,flat-ragged,140-byte batch 512,140,512,12912160,13531020,4229120,0.9542636105777688,-0.04681532434322176
1,ab,5,minimax-m2-1,757622126525aeeb131756849d93298070ff3f0319c455ec8c5bb0f6b1cebbe8,flat-ragged,140-byte batch 512,140,512,12773120,12870340,4229120,0.9924461980025392,-0.007582476451802112
1,ab,0,minimax-m2-1,757622126525aeeb131756849d93298070ff3f0319c455ec8c5bb0f6b1cebbe8,flat-ragged,4 KiB single,4096,1,46869100,44526609,4194304,1.0526087894993306,0.051271644177550466
1,ab,1,minimax-m2-1,757622126525aeeb131756849d93298070ff3f0319c455ec8c5bb0f6b1cebbe8,flat-ragged,4 KiB single,4096,1,43615010,42465000,4194304,1.027081361120923,0.02672114993210072
1,ab,2,minimax-m2-1,757622126525aeeb131756849d93298070ff3f0319c455ec8c5bb0f6b1cebbe8,flat-ragged,4 KiB single,4096,1,40920660,38830430,4194304,1.053829689756204,0.05243085239142792
1,ab,3,minimax-m2-1,757622126525aeeb131756849d93298070ff3f0319c455ec8c5bb0f6b1cebbe8,flat-ragged,4 KiB single,4096,1,39968039,38289560,4194304,1.0438364661281039,0.042902835551116784
1,ab,4,minimax-m2-1,757622126525aeeb131756849d93298070ff3f0319c455ec8c5bb0f6b1cebbe8,flat-ragged,4 KiB single,4096,1,47238940,45753230,4194304,1.032472242943285,0.0319561621437792
1,ab,5,minimax-m2-1,757622126525aeeb131756849d93298070ff3f0319c455ec8c5bb0f6b1cebbe8,flat-ragged,4 KiB single,4096,1,43656430,41480649,4194304,1.0524529160573162,0.05112355023627756
1,ab,0,minimax-m2-1,757622126525aeeb131756849d93298070ff3f0319c455ec8c5bb0f6b1cebbe8,flat-ragged,64 KiB single,65536,1,44867700,43587039,4194304,1.0293816930303525,0.02895832396175896
1,ab,1,minimax-m2-1,757622126525aeeb131756849d93298070ff3f0319c455ec8c5bb0f6b1cebbe8,flat-ragged,64 KiB single,65536,1,40089309,39101919,4194304,1.0252517018410272,0.02493814521650292
1,ab,2,minimax-m2-1,757622126525aeeb131756849d93298070ff3f0319c455ec8c5bb0f6b1cebbe8,flat-ragged,64 KiB single,65536,1,36799489,35358049,4194304,1.0407669552129417,0.03995789830104927
1,ab,3,minimax-m2-1,757622126525aeeb131756849d93298070ff3f0319c455ec8c5bb0f6b1cebbe8,flat-ragged,64 KiB single,65536,1,37998070,36762940,4194304,1.0335971497382963,0.033045096436260676
1,ab,4,minimax-m2-1,757622126525aeeb131756849d93298070ff3f0319c455ec8c5bb0f6b1cebbe8,flat-ragged,64 KiB single,65536,1,40993110,39395790,4194304,1.0405454491457082,0.0397450459991979
1,ab,5,minimax-m2-1,757622126525aeeb131756849d93298070ff3f0319c455ec8c5bb0f6b1cebbe8,flat-ragged,64 KiB single,65536,1,41438200,39401230,4194304,1.0516981322664292,0.050406126623688506
1,ab,0,minimax-m2-1,757622126525aeeb131756849d93298070ff3f0319c455ec8c5bb0f6b1cebbe8,nested,140-byte batch 1,140,1,60405169,63041359,4194400,0.9581831667048929,-0.04271632230912168
1,ab,1,minimax-m2-1,757622126525aeeb131756849d93298070ff3f0319c455ec8c5bb0f6b1cebbe8,nested,140-byte batch 1,140,1,58606000,60261979,4194400,0.9725203349196349,-0.027864293765076247
1,ab,2,minimax-m2-1,757622126525aeeb131756849d93298070ff3f0319c455ec8c5bb0f6b1cebbe8,nested,140-byte batch 1,140,1,58933929,60006850,4194400,0.9821200246305214,-0.018041753421832764
1,ab,3,minimax-m2-1,757622126525aeeb131756849d93298070ff3f0319c455ec8c5bb0f6b1cebbe8,nested,140-byte batch 1,140,1,63471510,62058389,4194400,1.0227708295811546,0.022515443868971755
1,ab,4,minimax-m2-1,757622126525aeeb131756849d93298070ff3f0319c455ec8c5bb0f6b1cebbe8,nested,140-byte batch 1,140,1,55768890,51379860,4194400,1.0854231599696846,0.0819699201472573
1,ab,5,minimax-m2-1,757622126525aeeb131756849d93298070ff3f0319c455ec8c5bb0f6b1cebbe8,nested,140-byte batch 1,140,1,49613679,51915650,4194400,0.9556594013558531,-0.04535370414402763
1,ab,0,minimax-m2-1,757622126525aeeb131756849d93298070ff3f0319c455ec8c5bb0f6b1cebbe8,nested,140-byte batch 32,140,32,66206880,64613290,4197760,1.0246635018894719,0.02436426785159745
1,ab,1,minimax-m2-1,757622126525aeeb131756849d93298070ff3f0319c455ec8c5bb0f6b1cebbe8,nested,140-byte batch 32,140,32,59367650,58691079,4197760,1.011527663343862,0.011461726083981171
1,ab,2,minimax-m2-1,757622126525aeeb131756849d93298070ff3f0319c455ec8c5bb0f6b1cebbe8,nested,140-byte batch 32,140,32,60951070,60451010,4197760,1.0082721529383876,0.008238126202059623
1,ab,3,minimax-m2-1,757622126525aeeb131756849d93298070ff3f0319c455ec8c5bb0f6b1cebbe8,nested,140-byte batch 32,140,32,61297199,63697229,4197760,0.9623212808833489,-0.0384069122603896
1,ab,4,minimax-m2-1,757622126525aeeb131756849d93298070ff3f0319c455ec8c5bb0f6b1cebbe8,nested,140-byte batch 32,140,32,53257479,57639869,4197760,0.9239694663428191,-0.07907625296998284
1,ab,5,minimax-m2-1,757622126525aeeb131756849d93298070ff3f0319c455ec8c5bb0f6b1cebbe8,nested,140-byte batch 32,140,32,49680320,54912710,4197760,0.9047144094691375,-0.1001359547321517
1,ab,0,minimax-m2-1,757622126525aeeb131756849d93298070ff3f0319c455ec8c5bb0f6b1cebbe8,nested,140-byte batch 512,140,512,18567899,18095070,4229120,1.0261302664206329,0.0257947040114177
1,ab,1,minimax-m2-1,757622126525aeeb131756849d93298070ff3f0319c455ec8c5bb0f6b1cebbe8,nested,140-byte batch 512,140,512,17818730,17708290,4229120,1.0062366270260992,0.006217259750373279
1,ab,2,minimax-m2-1,757622126525aeeb131756849d93298070ff3f0319c455ec8c5bb0f6b1cebbe8,nested,140-byte batch 512,140,512,17625660,17058480,4229120,1.0332491523277572,0.0327083540152304
1,ab,3,minimax-m2-1,757622126525aeeb131756849d93298070ff3f0319c455ec8c5bb0f6b1cebbe8,nested,140-byte batch 512,140,512,15880090,16022360,4229120,0.99112053405366,-0.008919123336252563
1,ab,4,minimax-m2-1,757622126525aeeb131756849d93298070ff3f0319c455ec8c5bb0f6b1cebbe8,nested,140-byte batch 512,140,512,15347450,15495120,4229120,0.9904699027822953,-0.009575799188790637
1,ab,5,minimax-m2-1,757622126525aeeb131756849d93298070ff3f0319c455ec8c5bb0f6b1cebbe8,nested,140-byte batch 512,140,512,14719570,14808690,4229120,0.993981911971957,-0.006036269702445185
1,ab,0,minimax-m2-1,757622126525aeeb131756849d93298070ff3f0319c455ec8c5bb0f6b1cebbe8,nested,4 KiB single,4096,1,44957179,47542479,4194304,0.9456212621979598,-0.05591314717916237
1,ab,1,minimax-m2-1,757622126525aeeb131756849d93298070ff3f0319c455ec8c5bb0f6b1cebbe8,nested,4 KiB single,4096,1,44164939,43498790,4194304,1.0153141960960292,0.015198117396136253
1,ab,2,minimax-m2-1,757622126525aeeb131756849d93298070ff3f0319c455ec8c5bb0f6b1cebbe8,nested,4 KiB single,4096,1,42366820,43122410,4194304,0.9824780201292089,-0.01767730685872548
1,ab,3,minimax-m2-1,757622126525aeeb131756849d93298070ff3f0319c455ec8c5bb0f6b1cebbe8,nested,4 KiB single,4096,1,43603689,43353149,4194304,1.0057790496372017,0.005762414987388997
1,ab,4,minimax-m2-1,757622126525aeeb131756849d93298070ff3f0319c455ec8c5bb0f6b1cebbe8,nested,4 KiB single,4096,1,47990379,49354860,4194304,0.9723536648670466,-0.028035687956180236
1,ab,5,minimax-m2-1,757622126525aeeb131756849d93298070ff3f0319c455ec8c5bb0f6b1cebbe8,nested,4 KiB single,4096,1,46029860,42898660,4194304,1.0729906248819894,0.07044972631494777
1,ab,0,minimax-m2-1,757622126525aeeb131756849d93298070ff3f0319c455ec8c5bb0f6b1cebbe8,nested,64 KiB single,65536,1,44904820,49478750,4194304,0.907557688906854,-0.09699814582019198
1,ab,1,minimax-m2-1,757622126525aeeb131756849d93298070ff3f0319c455ec8c5bb0f6b1cebbe8,nested,64 KiB single,65536,1,42396780,39095019,4194304,1.0844547741491057,0.08107734838582903
1,ab,2,minimax-m2-1,757622126525aeeb131756849d93298070ff3f0319c455ec8c5bb0f6b1cebbe8,nested,64 KiB single,65536,1,42973350,43108550,4194304,0.9968637312087741,-0.003141197189409872
1,ab,3,minimax-m2-1,757622126525aeeb131756849d93298070ff3f0319c455ec8c5bb0f6b1cebbe8,nested,64 KiB single,65536,1,39556039,37768560,4194304,1.047327168417329,0.04624136485009193
1,ab,4,minimax-m2-1,757622126525aeeb131756849d93298070ff3f0319c455ec8c5bb0f6b1cebbe8,nested,64 KiB single,65536,1,44503350,41289789,4194304,1.0778294362318006,0.07494923754883795
1,ab,5,minimax-m2-1,757622126525aeeb131756849d93298070ff3f0319c455ec8c5bb0f6b1cebbe8,nested,64 KiB single,65536,1,41624590,45280739,4194304,0.9192559776906468,-0.08419065603087689
1,ab,0,mistral-nemo,e11c71726323d33da7b8d6f6f269f1988931c0a52b7122bcdd8c05042974e0db,flat-ragged,140-byte batch 1,140,1,73386910,67207410,4194400,1.0919467064718011,0.0879620725345273
1,ab,1,mistral-nemo,e11c71726323d33da7b8d6f6f269f1988931c0a52b7122bcdd8c05042974e0db,flat-ragged,140-byte batch 1,140,1,64086000,62385409,4194400,1.027259434974611,0.026894513430963506
1,ab,2,mistral-nemo,e11c71726323d33da7b8d6f6f269f1988931c0a52b7122bcdd8c05042974e0db,flat-ragged,140-byte batch 1,140,1,58976530,54899219,4194400,1.0742690164681579,0.07164044560440264
1,ab,3,mistral-nemo,e11c71726323d33da7b8d6f6f269f1988931c0a52b7122bcdd8c05042974e0db,flat-ragged,140-byte batch 1,140,1,46625869,42825950,4194400,1.0887293568502274,0.08501128859171546
1,ab,4,mistral-nemo,e11c71726323d33da7b8d6f6f269f1988931c0a52b7122bcdd8c05042974e0db,flat-ragged,140-byte batch 1,140,1,65195329,64242460,4194400,1.0148323865555584,0.014723462458769706
1,ab,5,mistral-nemo,e11c71726323d33da7b8d6f6f269f1988931c0a52b7122bcdd8c05042974e0db,flat-ragged,140-byte batch 1,140,1,58628440,55191240,4194400,1.0622779991897264,0.06041565804594583
1,ab,0,mistral-nemo,e11c71726323d33da7b8d6f6f269f1988931c0a52b7122bcdd8c05042974e0db,flat-ragged,140-byte batch 32,140,32,69110719,73011289,4197760,0.9465757959704012,-0.05490423127445784
1,ab,1,mistral-nemo,e11c71726323d33da7b8d6f6f269f1988931c0a52b7122bcdd8c05042974e0db,flat-ragged,140-byte batch 32,140,32,60805970,63950169,4197760,0.9508336092121977,-0.05041619576976604
1,ab,2,mistral-nemo,e11c71726323d33da7b8d6f6f269f1988931c0a52b7122bcdd8c05042974e0db,flat-ragged,140-byte batch 32,140,32,56143329,56587999,4197760,0.9921419734244358,-0.007889063566314292
1,ab,3,mistral-nemo,e11c71726323d33da7b8d6f6f269f1988931c0a52b7122bcdd8c05042974e0db,flat-ragged,140-byte batch 32,140,32,42306010,41662780,4197760,1.0154389601462024,0.015320992054680167
1,ab,4,mistral-nemo,e11c71726323d33da7b8d6f6f269f1988931c0a52b7122bcdd8c05042974e0db,flat-ragged,140-byte batch 32,140,32,63268100,62408259,4197760,1.01377767964974,0.013683630291491812
1,ab,5,mistral-nemo,e11c71726323d33da7b8d6f6f269f1988931c0a52b7122bcdd8c05042974e0db,flat-ragged,140-byte batch 32,140,32,56472839,54535710,4197760,1.035520377382086,0.034904080445088075
1,ab,0,mistral-nemo,e11c71726323d33da7b8d6f6f269f1988931c0a52b7122bcdd8c05042974e0db,flat-ragged,140-byte batch 512,140,512,19187680,18967720,4229120,1.0115965440232142,0.01152981946067854
1,ab,1,mistral-nemo,e11c71726323d33da7b8d6f6f269f1988931c0a52b7122bcdd8c05042974e0db,flat-ragged,140-byte batch 512,140,512,20173810,17699379,4229120,1.1398032665439843,0.13085567430690354
1,ab,2,mistral-nemo,e11c71726323d33da7b8d6f6f269f1988931c0a52b7122bcdd8c05042974e0db,flat-ragged,140-byte batch 512,140,512,16524250,16751660,4229120,0.9864246289621447,-0.013668358909501249
1,ab,3,mistral-nemo,e11c71726323d33da7b8d6f6f269f1988931c0a52b7122bcdd8c05042974e0db,flat-ragged,140-byte batch 512,140,512,13908520,13558630,4229120,1.0258057045586464,0.02547835704028067
1,ab,4,mistral-nemo,e11c71726323d33da7b8d6f6f269f1988931c0a52b7122bcdd8c05042974e0db,flat-ragged,140-byte batch 512,140,512,13129760,13477830,4229120,0.974174626034013,-0.026164703900433153
1,ab,5,mistral-nemo,e11c71726323d33da7b8d6f6f269f1988931c0a52b7122bcdd8c05042974e0db,flat-ragged,140-byte batch 512,140,512,13112500,13106450,4229120,1.0004616047823782,0.00046149827566540973
1,ab,0,mistral-nemo,e11c71726323d33da7b8d6f6f269f1988931c0a52b7122bcdd8c05042974e0db,flat-ragged,4 KiB single,4096,1,47544159,51315630,4194304,0.926504439290719,-0.07633644180493229
1,ab,1,mistral-nemo,e11c71726323d33da7b8d6f6f269f1988931c0a52b7122bcdd8c05042974e0db,flat-ragged,4 KiB single,4096,1,47379720,49933750,4194304,0.9488516284076401,-0.052502837792822325
1,ab,2,mistral-nemo,e11c71726323d33da7b8d6f6f269f1988931c0a52b7122bcdd8c05042974e0db,flat-ragged,4 KiB single,4096,1,42570479,45858719,4194304,0.9282962962833742,-0.07440431236835872
1,ab,3,mistral-nemo,e11c71726323d33da7b8d6f6f269f1988931c0a52b7122bcdd8c05042974e0db,flat-ragged,4 KiB single,4096,1,41988670,43609930,4194304,0.9628236046239927,-0.037885056730631465
1,ab,4,mistral-nemo,e11c71726323d33da7b8d6f6f269f1988931c0a52b7122bcdd8c05042974e0db,flat-ragged,4 KiB single,4096,1,43536640,44204920,4194304,0.9848822257793929,-0.015233212695496816
1,ab,5,mistral-nemo,e11c71726323d33da7b8d6f6f269f1988931c0a52b7122bcdd8c05042974e0db,flat-ragged,4 KiB single,4096,1,50266179,51458479,4194304,0.9768298631601606,-0.023442784212182786
1,ab,0,mistral-nemo,e11c71726323d33da7b8d6f6f269f1988931c0a52b7122bcdd8c05042974e0db,flat-ragged,64 KiB single,65536,1,19745010,19836730,4194304,0.9953762540499367,-0.004634468528454582
1,ab,1,mistral-nemo,e11c71726323d33da7b8d6f6f269f1988931c0a52b7122bcdd8c05042974e0db,flat-ragged,64 KiB single,65536,1,18660909,18541000,4194304,1.0064672347769807,0.0064464119433681275
1,ab,2,mistral-nemo,e11c71726323d33da7b8d6f6f269f1988931c0a52b7122bcdd8c05042974e0db,flat-ragged,64 KiB single,65536,1,17989740,17888779,4194304,1.005643817277859,0.005627950612174037
1,ab,3,mistral-nemo,e11c71726323d33da7b8d6f6f269f1988931c0a52b7122bcdd8c05042974e0db,flat-ragged,64 KiB single,65536,1,18384620,18257100,4194304,1.0069846799327384,0.006960400048441904
1,ab,4,mistral-nemo,e11c71726323d33da7b8d6f6f269f1988931c0a52b7122bcdd8c05042974e0db,flat-ragged,64 KiB single,65536,1,17883420,17696010,4194304,1.0105905229483934,0.01053483618316853
1,ab,5,mistral-nemo,e11c71726323d33da7b8d6f6f269f1988931c0a52b7122bcdd8c05042974e0db,flat-ragged,64 KiB single,65536,1,17756520,17299030,4194304,1.0264459914804471,0.02610234185053716
1,ab,0,mistral-nemo,e11c71726323d33da7b8d6f6f269f1988931c0a52b7122bcdd8c05042974e0db,nested,140-byte batch 1,140,1,76722329,74432269,4194400,1.0307670319710394,0.030303216330629254
1,ab,1,mistral-nemo,e11c71726323d33da7b8d6f6f269f1988931c0a52b7122bcdd8c05042974e0db,nested,140-byte batch 1,140,1,64329439,63863329,4194400,1.007298554699521,0.007272049139221637
1,ab,2,mistral-nemo,e11c71726323d33da7b8d6f6f269f1988931c0a52b7122bcdd8c05042974e0db,nested,140-byte batch 1,140,1,61535030,59601549,4194400,1.0324401132594725,0.03192504248514702
1,ab,3,mistral-nemo,e11c71726323d33da7b8d6f6f269f1988931c0a52b7122bcdd8c05042974e0db,nested,140-byte batch 1,140,1,48665559,42063370,4194400,1.1569581562295175,0.14579428180950288
1,ab,4,mistral-nemo,e11c71726323d33da7b8d6f6f269f1988931c0a52b7122bcdd8c05042974e0db,nested,140-byte batch 1,140,1,64730130,64281349,4194400,1.0069815118534615,0.006957253938750649
1,ab,5,mistral-nemo,e11c71726323d33da7b8d6f6f269f1988931c0a52b7122bcdd8c05042974e0db,nested,140-byte batch 1,140,1,63458899,61300960,4194400,1.0352023687720389,0.034596932988348296
1,ab,0,mistral-nemo,e11c71726323d33da7b8d6f6f269f1988931c0a52b7122bcdd8c05042974e0db,nested,140-byte batch 32,140,32,76764670,72976049,4197760,1.0519159512184608,0.05061321684477057
1,ab,1,mistral-nemo,e11c71726323d33da7b8d6f6f269f1988931c0a52b7122bcdd8c05042974e0db,nested,140-byte batch 32,140,32,68030550,66858910,4197760,1.0175240667249885,0.017372290855861432
1,ab,2,mistral-nemo,e11c71726323d33da7b8d6f6f269f1988931c0a52b7122bcdd8c05042974e0db,nested,140-byte batch 32,140,32,60328910,62935430,4197760,0.9585842187778808,-0.04229785517338272
1,ab,3,mistral-nemo,e11c71726323d33da7b8d6f6f269f1988931c0a52b7122bcdd8c05042974e0db,nested,140-byte batch 32,140,32,48535749,41789170,4197760,1.161443239959061,0.14966340415570042
1,ab,4,mistral-nemo,e11c71726323d33da7b8d6f6f269f1988931c0a52b7122bcdd8c05042974e0db,nested,140-byte batch 32,140,32,68224150,60779379,4197760,1.122488434769957,0.11554803748093405
1,ab,5,mistral-nemo,e11c71726323d33da7b8d6f6f269f1988931c0a52b7122bcdd8c05042974e0db,nested,140-byte batch 32,140,32,65150489,63038090,4197760,1.0335098826756965,0.03296066243136089
1,ab,0,mistral-nemo,e11c71726323d33da7b8d6f6f269f1988931c0a52b7122bcdd8c05042974e0db,nested,140-byte batch 512,140,512,20951110,20948000,4229120,1.0001484628604163,0.00014845184089643876
1,ab,1,mistral-nemo,e11c71726323d33da7b8d6f6f269f1988931c0a52b7122bcdd8c05042974e0db,nested,140-byte batch 512,140,512,19094649,20037060,4229120,0.9529666028848544,-0.048175420134175
1,ab,2,mistral-nemo,e11c71726323d33da7b8d6f6f269f1988931c0a52b7122bcdd8c05042974e0db,nested,140-byte batch 512,140,512,18931070,18976780,4229120,0.9975912668007955,-0.0024116388639355457
1,ab,3,mistral-nemo,e11c71726323d33da7b8d6f6f269f1988931c0a52b7122bcdd8c05042974e0db,nested,140-byte batch 512,140,512,16340160,16346670,4229120,0.9996017537516816,-0.00039832556941581424
1,ab,4,mistral-nemo,e11c71726323d33da7b8d6f6f269f1988931c0a52b7122bcdd8c05042974e0db,nested,140-byte batch 512,140,512,15408860,15298260,4229120,1.0072295803575047,0.007203572218157084
1,ab,5,mistral-nemo,e11c71726323d33da7b8d6f6f269f1988931c0a52b7122bcdd8c05042974e0db,nested,140-byte batch 512,140,512,15905840,15812950,4229120,1.005874299229429,0.005857112806326968
1,ab,0,mistral-nemo,e11c71726323d33da7b8d6f6f269f1988931c0a52b7122bcdd8c05042974e0db,nested,4 KiB single,4096,1,51514580,47907689,4194304,1.0752883529823365,0.07258886094336729
1,ab,1,mistral-nemo,e11c71726323d33da7b8d6f6f269f1988931c0a52b7122bcdd8c05042974e0db,nested,4 KiB single,4096,1,49504640,51746780,4194304,0.9566709271572067,-0.04429580543206455
1,ab,2,mistral-nemo,e11c71726323d33da7b8d6f6f269f1988931c0a52b7122bcdd8c05042974e0db,nested,4 KiB single,4096,1,45250990,48699179,4194304,0.9291941040730892,-0.07343762327057536
1,ab,3,mistral-nemo,e11c71726323d33da7b8d6f6f269f1988931c0a52b7122bcdd8c05042974e0db,nested,4 KiB single,4096,1,42034830,43904130,4194304,0.9574231399187275,-0.04350983277462519
1,ab,4,mistral-nemo,e11c71726323d33da7b8d6f6f269f1988931c0a52b7122bcdd8c05042974e0db,nested,4 KiB single,4096,1,43131320,46931429,4194304,0.9190284830236045,-0.08443816360988919
1,ab,5,mistral-nemo,e11c71726323d33da7b8d6f6f269f1988931c0a52b7122bcdd8c05042974e0db,nested,4 KiB single,4096,1,49379229,53492429,4194304,0.9231068755542957,-0.08001025968282448
1,ab,0,mistral-nemo,e11c71726323d33da7b8d6f6f269f1988931c0a52b7122bcdd8c05042974e0db,nested,64 KiB single,65536,1,44538500,48748110,4194304,0.9136456777503784,-0.0903124437925969
1,ab,1,mistral-nemo,e11c71726323d33da7b8d6f6f269f1988931c0a52b7122bcdd8c05042974e0db,nested,64 KiB single,65536,1,47059510,48651380,4194304,0.9672800648203607,-0.03326720310312109
1,ab,2,mistral-nemo,e11c71726323d33da7b8d6f6f269f1988931c0a52b7122bcdd8c05042974e0db,nested,64 KiB single,65536,1,46030209,44894340,4194304,1.0253009399403132,0.02498616944011195
1,ab,3,mistral-nemo,e11c71726323d33da7b8d6f6f269f1988931c0a52b7122bcdd8c05042974e0db,nested,64 KiB single,65536,1,42336049,39361209,4194304,1.0755779630651081,0.07285815716355641
1,ab,4,mistral-nemo,e11c71726323d33da7b8d6f6f269f1988931c0a52b7122bcdd8c05042974e0db,nested,64 KiB single,65536,1,39406750,37362350,4194304,1.0547181855531036,0.05327360854592705
1,ab,5,mistral-nemo,e11c71726323d33da7b8d6f6f269f1988931c0a52b7122bcdd8c05042974e0db,nested,64 KiB single,65536,1,42700190,39513710,4194304,1.080642389692084,0.0775556695800364
1,ab,0,nemotron-3,c6021eb6847e682f89aa52d5eb6e8c7d902a23acfc8137e25211cf84828f1592,flat-ragged,140-byte batch 1,140,1,68849310,72381989,4194400,0.9511939496440198,-0.05003729438691768
1,ab,1,nemotron-3,c6021eb6847e682f89aa52d5eb6e8c7d902a23acfc8137e25211cf84828f1592,flat-ragged,140-byte batch 1,140,1,62643469,64209519,4194400,0.975610314103116,-0.024692040634841116
1,ab,2,nemotron-3,c6021eb6847e682f89aa52d5eb6e8c7d902a23acfc8137e25211cf84828f1592,flat-ragged,140-byte batch 1,140,1,55940840,60769939,4194400,0.9205347400463904,-0.0828005386122581
1,ab,3,nemotron-3,c6021eb6847e682f89aa52d5eb6e8c7d902a23acfc8137e25211cf84828f1592,flat-ragged,140-byte batch 1,140,1,46441949,44629010,4194400,1.0406224337039967,0.03981902807335725
1,ab,4,nemotron-3,c6021eb6847e682f89aa52d5eb6e8c7d902a23acfc8137e25211cf84828f1592,flat-ragged,140-byte batch 1,140,1,65493230,65105659,4194400,1.0059529541049572,0.005935305280793139
1,ab,5,nemotron-3,c6021eb6847e682f89aa52d5eb6e8c7d902a23acfc8137e25211cf84828f1592,flat-ragged,140-byte batch 1,140,1,58959949,61321820,4194400,0.9614840035732795,-0.039277351040965545
1,ab,0,nemotron-3,c6021eb6847e682f89aa52d5eb6e8c7d902a23acfc8137e25211cf84828f1592,flat-ragged,140-byte batch 32,140,32,65573659,69729419,4197760,0.9404016258905011,-0.06144823338268836
1,ab,1,nemotron-3,c6021eb6847e682f89aa52d5eb6e8c7d902a23acfc8137e25211cf84828f1592,flat-ragged,140-byte batch 32,140,32,59787530,61339729,4197760,0.9746950463377495,-0.025630629894885737
1,ab,2,nemotron-3,c6021eb6847e682f89aa52d5eb6e8c7d902a23acfc8137e25211cf84828f1592,flat-ragged,140-byte batch 32,140,32,55577940,53240930,4197760,1.043894988310685,0.04295889849203954
1,ab,3,nemotron-3,c6021eb6847e682f89aa52d5eb6e8c7d902a23acfc8137e25211cf84828f1592,flat-ragged,140-byte batch 32,140,32,42215180,39244720,4197760,1.0756906916395377,0.07296295911312808
1,ab,4,nemotron-3,c6021eb6847e682f89aa52d5eb6e8c7d902a23acfc8137e25211cf84828f1592,flat-ragged,140-byte batch 32,140,32,62707320,58112040,4197760,1.0790762120896118,0.07610531593144401
1,ab,5,nemotron-3,c6021eb6847e682f89aa52d5eb6e8c7d902a23acfc8137e25211cf84828f1592,flat-ragged,140-byte batch 32,140,32,55782609,54174790,4197760,1.0296783614666527,0.029246483054258542
1,ab,0,nemotron-3,c6021eb6847e682f89aa52d5eb6e8c7d902a23acfc8137e25211cf84828f1592,flat-ragged,140-byte batch 512,140,512,18778390,19313470,4229120,0.972294983760039,-0.028096039328205015
1,ab,1,nemotron-3,c6021eb6847e682f89aa52d5eb6e8c7d902a23acfc8137e25211cf84828f1592,flat-ragged,140-byte batch 512,140,512,17500010,18137320,4229120,0.9648619531441249,-0.03577024161297095
1,ab,2,nemotron-3,c6021eb6847e682f89aa52d5eb6e8c7d902a23acfc8137e25211cf84828f1592,flat-ragged,140-byte batch 512,140,512,17014290,17968070,4229120,0.9469180607600037,-0.05454271460820236
1,ab,3,nemotron-3,c6021eb6847e682f89aa52d5eb6e8c7d902a23acfc8137e25211cf84828f1592,flat-ragged,140-byte batch 512,140,512,14299130,14508850,4229120,0.9855453740303333,-0.014560111815219006
1,ab,4,nemotron-3,c6021eb6847e682f89aa52d5eb6e8c7d902a23acfc8137e25211cf84828f1592,flat-ragged,140-byte batch 512,140,512,13723940,14278140,4229120,0.9611854205099544,-0.03958794324364516
1,ab,5,nemotron-3,c6021eb6847e682f89aa52d5eb6e8c7d902a23acfc8137e25211cf84828f1592,flat-ragged,140-byte batch 512,140,512,13116110,13723560,4229120,0.9557367038873296,-0.04527281820802879
1,ab,0,nemotron-3,c6021eb6847e682f89aa52d5eb6e8c7d902a23acfc8137e25211cf84828f1592,flat-ragged,4 KiB single,4096,1,46901050,45071150,4194304,1.0406002509365748,0.03979771102008239
1,ab,1,nemotron-3,c6021eb6847e682f89aa52d5eb6e8c7d902a23acfc8137e25211cf84828f1592,flat-ragged,4 KiB single,4096,1,47136810,45122050,4194304,1.0446513400876067,0.043683183895434304
1,ab,2,nemotron-3,c6021eb6847e682f89aa52d5eb6e8c7d902a23acfc8137e25211cf84828f1592,flat-ragged,4 KiB single,4096,1,42143570,41243140,4194304,1.0218322368277488,0.021597326475177824
1,ab,3,nemotron-3,c6021eb6847e682f89aa52d5eb6e8c7d902a23acfc8137e25211cf84828f1592,flat-ragged,4 KiB single,4096,1,39645440,37933970,4194304,1.0451170810753527,0.044128918447397615
1,ab,4,nemotron-3,c6021eb6847e682f89aa52d5eb6e8c7d902a23acfc8137e25211cf84828f1592,flat-ragged,4 KiB single,4096,1,41474380,39811080,4194304,1.041779826118759,0.04093062169411865
1,ab,5,nemotron-3,c6021eb6847e682f89aa52d5eb6e8c7d902a23acfc8137e25211cf84828f1592,flat-ragged,4 KiB single,4096,1,46124290,44906550,4194304,1.0271172022789548,0.026756045446754372
1,ab,0,nemotron-3,c6021eb6847e682f89aa52d5eb6e8c7d902a23acfc8137e25211cf84828f1592,flat-ragged,64 KiB single,65536,1,19769700,19822460,4194304,0.9973383727347666,-0.002665175692876012
1,ab,1,nemotron-3,c6021eb6847e682f89aa52d5eb6e8c7d902a23acfc8137e25211cf84828f1592,flat-ragged,64 KiB single,65536,1,18577350,18874160,4194304,0.9842742670402286,-0.015850694100045637
1,ab,2,nemotron-3,c6021eb6847e682f89aa52d5eb6e8c7d902a23acfc8137e25211cf84828f1592,flat-ragged,64 KiB single,65536,1,17803300,18170090,4194304,0.9798135287166987,-0.020393002242145387
1,ab,3,nemotron-3,c6021eb6847e682f89aa52d5eb6e8c7d902a23acfc8137e25211cf84828f1592,flat-ragged,64 KiB single,65536,1,18353300,18721960,4194304,0.9803086856290687,-0.01988777157920123
1,ab,4,nemotron-3,c6021eb6847e682f89aa52d5eb6e8c7d902a23acfc8137e25211cf84828f1592,flat-ragged,64 KiB single,65536,1,17685800,17927390,4194304,0.9865239725358794,-0.01356765322082463
1,ab,5,nemotron-3,c6021eb6847e682f89aa52d5eb6e8c7d902a23acfc8137e25211cf84828f1592,flat-ragged,64 KiB single,65536,1,17328680,17555780,4194304,0.9870640894337933,-0.013020308086542491
1,ab,0,nemotron-3,c6021eb6847e682f89aa52d5eb6e8c7d902a23acfc8137e25211cf84828f1592,nested,140-byte batch 1,140,1,78243640,75884570,4194400,1.0310876110914249,0.030614178234803672
1,ab,1,nemotron-3,c6021eb6847e682f89aa52d5eb6e8c7d902a23acfc8137e25211cf84828f1592,nested,140-byte batch 1,140,1,66931050,63200670,4194400,1.0590243742669183,0.05734808265932591
1,ab,2,nemotron-3,c6021eb6847e682f89aa52d5eb6e8c7d902a23acfc8137e25211cf84828f1592,nested,140-byte batch 1,140,1,62838109,62122830,4194400,1.0115139474489492,0.011448166407462644
1,ab,3,nemotron-3,c6021eb6847e682f89aa52d5eb6e8c7d902a23acfc8137e25211cf84828f1592,nested,140-byte batch 1,140,1,47353510,45433450,4194400,1.0422609332991442,0.04139232781647505
1,ab,4,nemotron-3,c6021eb6847e682f89aa52d5eb6e8c7d902a23acfc8137e25211cf84828f1592,nested,140-byte batch 1,140,1,67039979,64809410,4194400,1.0344173631576032,0.033838334063173325
1,ab,5,nemotron-3,c6021eb6847e682f89aa52d5eb6e8c7d902a23acfc8137e25211cf84828f1592,nested,140-byte batch 1,140,1,61885980,61023890,4194400,1.014127090226467,0.014028232844210358
1,ab,0,nemotron-3,c6021eb6847e682f89aa52d5eb6e8c7d902a23acfc8137e25211cf84828f1592,nested,140-byte batch 32,140,32,72738839,77998620,4197760,0.9325657171883297,-0.06981565575075575
1,ab,1,nemotron-3,c6021eb6847e682f89aa52d5eb6e8c7d902a23acfc8137e25211cf84828f1592,nested,140-byte batch 32,140,32,69092459,71818610,4197760,0.9620411617545925,-0.03869804154511089
1,ab,2,nemotron-3,c6021eb6847e682f89aa52d5eb6e8c7d902a23acfc8137e25211cf84828f1592,nested,140-byte batch 32,140,32,62357330,67739450,4197760,0.920546741964985,-0.08278750071175009
1,ab,3,nemotron-3,c6021eb6847e682f89aa52d5eb6e8c7d902a23acfc8137e25211cf84828f1592,nested,140-byte batch 32,140,32,49722099,51030759,4197760,0.9743554666706016,-0.0259790864057022
1,ab,4,nemotron-3,c6021eb6847e682f89aa52d5eb6e8c7d902a23acfc8137e25211cf84828f1592,nested,140-byte batch 32,140,32,67126930,68167209,4197760,0.984739304788025,-0.01537833802988285
1,ab,5,nemotron-3,c6021eb6847e682f89aa52d5eb6e8c7d902a23acfc8137e25211cf84828f1592,nested,140-byte batch 32,140,32,62622540,66336429,4197760,0.9440143363761713,-0.05761392611279076
1,ab,0,nemotron-3,c6021eb6847e682f89aa52d5eb6e8c7d902a23acfc8137e25211cf84828f1592,nested,140-byte batch 512,140,512,21623920,21974990,4229120,0.9840241110462394,-0.016104879134307793
1,ab,1,nemotron-3,c6021eb6847e682f89aa52d5eb6e8c7d902a23acfc8137e25211cf84828f1592,nested,140-byte batch 512,140,512,19473630,19678350,4229120,0.98959668874677,-0.010457803961629568
1,ab,2,nemotron-3,c6021eb6847e682f89aa52d5eb6e8c7d902a23acfc8137e25211cf84828f1592,nested,140-byte batch 512,140,512,18420670,19529560,4229120,0.9432199189331455,-0.058455811520193184
1,ab,3,nemotron-3,c6021eb6847e682f89aa52d5eb6e8c7d902a23acfc8137e25211cf84828f1592,nested,140-byte batch 512,140,512,16632600,16545560,4229120,1.0052606258113959,0.00524683705661134
1,ab,4,nemotron-3,c6021eb6847e682f89aa52d5eb6e8c7d902a23acfc8137e25211cf84828f1592,nested,140-byte batch 512,140,512,15286270,16045930,4229120,0.952657153558566,-0.04850019497806756
1,ab,5,nemotron-3,c6021eb6847e682f89aa52d5eb6e8c7d902a23acfc8137e25211cf84828f1592,nested,140-byte batch 512,140,512,15314140,15656100,4229120,0.9781580342486316,-0.022084032790170342
1,ab,0,nemotron-3,c6021eb6847e682f89aa52d5eb6e8c7d902a23acfc8137e25211cf84828f1592,nested,4 KiB single,4096,1,52705369,50757460,4194304,1.0383768021488862,0.037658726722852566
1,ab,1,nemotron-3,c6021eb6847e682f89aa52d5eb6e8c7d902a23acfc8137e25211cf84828f1592,nested,4 KiB single,4096,1,49635070,46748030,4194304,1.0617574687104463,0.05992552452645677
1,ab,2,nemotron-3,c6021eb6847e682f89aa52d5eb6e8c7d902a23acfc8137e25211cf84828f1592,nested,4 KiB single,4096,1,45183170,45174410,4194304,1.0001939150948513,0.0001938962957495795
1,ab,3,nemotron-3,c6021eb6847e682f89aa52d5eb6e8c7d902a23acfc8137e25211cf84828f1592,nested,4 KiB single,4096,1,43230500,40659820,4194304,1.0632240870717087,0.061305883419591686
1,ab,4,nemotron-3,c6021eb6847e682f89aa52d5eb6e8c7d902a23acfc8137e25211cf84828f1592,nested,4 KiB single,4096,1,42221580,44540200,4194304,0.9479432063618933,-0.05346068742268153
1,ab,5,nemotron-3,c6021eb6847e682f89aa52d5eb6e8c7d902a23acfc8137e25211cf84828f1592,nested,4 KiB single,4096,1,47909499,47701270,4194304,1.004365271616458,0.004355771455470017
1,ab,0,nemotron-3,c6021eb6847e682f89aa52d5eb6e8c7d902a23acfc8137e25211cf84828f1592,nested,64 KiB single,65536,1,45559199,43298849,4194304,1.052203466193755,0.05088650454384724
1,ab,1,nemotron-3,c6021eb6847e682f89aa52d5eb6e8c7d902a23acfc8137e25211cf84828f1592,nested,64 KiB single,65536,1,44423749,44687750,4194304,0.9940923183646525,-0.005925201019873552
1,ab,2,nemotron-3,c6021eb6847e682f89aa52d5eb6e8c7d902a23acfc8137e25211cf84828f1592,nested,64 KiB single,65536,1,43955649,42589239,4194304,1.0320834565745587,0.03157953256346516
1,ab,3,nemotron-3,c6021eb6847e682f89aa52d5eb6e8c7d902a23acfc8137e25211cf84828f1592,nested,64 KiB single,65536,1,40307210,40126859,4194304,1.0044945207398366,0.004484450544024407
1,ab,4,nemotron-3,c6021eb6847e682f89aa52d5eb6e8c7d902a23acfc8137e25211cf84828f1592,nested,64 KiB single,65536,1,37691489,38735930,4194304,0.9730368936540312,-0.027333280090486828
1,ab,5,nemotron-3,c6021eb6847e682f89aa52d5eb6e8c7d902a23acfc8137e25211cf84828f1592,nested,64 KiB single,65536,1,41623969,40169789,4194304,1.0362008374004652,0.035560983543818994
1,ab,0,phi-4-mini,382cc235b56c725945e149cc25f191da667c836655efd0857b004320e90e91ea,flat-ragged,140-byte batch 1,140,1,50629780,53144560,4194400,0.9526803872306027,-0.04847580699269438
1,ab,1,phi-4-mini,382cc235b56c725945e149cc25f191da667c836655efd0857b004320e90e91ea,flat-ragged,140-byte batch 1,140,1,45451999,45242599,4194400,1.004628381318235,0.004617703296715078
1,ab,2,phi-4-mini,382cc235b56c725945e149cc25f191da667c836655efd0857b004320e90e91ea,flat-ragged,140-byte batch 1,140,1,48893970,45494630,4194400,1.0747195877843165,0.072059778979991
1,ab,3,phi-4-mini,382cc235b56c725945e149cc25f191da667c836655efd0857b004320e90e91ea,flat-ragged,140-byte batch 1,140,1,48194749,48999860,4194400,0.9835691163199242,-0.016567367750447672
1,ab,4,phi-4-mini,382cc235b56c725945e149cc25f191da667c836655efd0857b004320e90e91ea,flat-ragged,140-byte batch 1,140,1,44247790,42903150,4194400,1.0313412884601714,0.03086017689209646
1,ab,5,phi-4-mini,382cc235b56c725945e149cc25f191da667c836655efd0857b004320e90e91ea,flat-ragged,140-byte batch 1,140,1,42126050,39410979,4194400,1.068891234597344,0.0666218818687275
1,ab,0,phi-4-mini,382cc235b56c725945e149cc25f191da667c836655efd0857b004320e90e91ea,flat-ragged,140-byte batch 32,140,32,48101920,49952660,4197760,0.9629501211747282,-0.03775366377493515
1,ab,1,phi-4-mini,382cc235b56c725945e149cc25f191da667c836655efd0857b004320e90e91ea,flat-ragged,140-byte batch 32,140,32,41097540,38554480,4197760,1.0659601685718494,0.06387595972833748
1,ab,2,phi-4-mini,382cc235b56c725945e149cc25f191da667c836655efd0857b004320e90e91ea,flat-ragged,140-byte batch 32,140,32,45558460,44244829,4197760,1.0296900458130374,0.029257830559001722
1,ab,3,phi-4-mini,382cc235b56c725945e149cc25f191da667c836655efd0857b004320e90e91ea,flat-ragged,140-byte batch 32,140,32,43607999,43642470,4197760,0.9992101501129519,-0.0007901619828201741
1,ab,4,phi-4-mini,382cc235b56c725945e149cc25f191da667c836655efd0857b004320e90e91ea,flat-ragged,140-byte batch 32,140,32,40660730,40936269,4197760,0.9932690739353897,-0.006753680912399002
1,ab,5,phi-4-mini,382cc235b56c725945e149cc25f191da667c836655efd0857b004320e90e91ea,flat-ragged,140-byte batch 32,140,32,33771450,35850949,4197760,0.9419959845414413,-0.05975426710971993
1,ab,0,phi-4-mini,382cc235b56c725945e149cc25f191da667c836655efd0857b004320e90e91ea,flat-ragged,140-byte batch 512,140,512,13312030,13381820,4229120,0.9947847153825115,-0.005228931683878707
1,ab,1,phi-4-mini,382cc235b56c725945e149cc25f191da667c836655efd0857b004320e90e91ea,flat-ragged,140-byte batch 512,140,512,12837890,12825710,4229120,1.0009496550288444,0.000949204391784727
1,ab,2,phi-4-mini,382cc235b56c725945e149cc25f191da667c836655efd0857b004320e90e91ea,flat-ragged,140-byte batch 512,140,512,11964200,12459149,4229120,0.960274253081009,-0.04053635502638215
1,ab,3,phi-4-mini,382cc235b56c725945e149cc25f191da667c836655efd0857b004320e90e91ea,flat-ragged,140-byte batch 512,140,512,10072640,10300260,4229120,0.9779015286992756,-0.022346300418094406
1,ab,4,phi-4-mini,382cc235b56c725945e149cc25f191da667c836655efd0857b004320e90e91ea,flat-ragged,140-byte batch 512,140,512,9691010,10125590,4229120,0.9570810194763959,-0.04386723126268217
1,ab,5,phi-4-mini,382cc235b56c725945e149cc25f191da667c836655efd0857b004320e90e91ea,flat-ragged,140-byte batch 512,140,512,9901070,10093920,4229120,0.9808944394249212,-0.019290430278051142
1,ab,0,phi-4-mini,382cc235b56c725945e149cc25f191da667c836655efd0857b004320e90e91ea,flat-ragged,4 KiB single,4096,1,31988090,33312570,4194304,0.9602408340155083,-0.04057115721640773
1,ab,1,phi-4-mini,382cc235b56c725945e149cc25f191da667c836655efd0857b004320e90e91ea,flat-ragged,4 KiB single,4096,1,29566280,31421450,4194304,0.9409584853658886,-0.060856257940754
1,ab,2,phi-4-mini,382cc235b56c725945e149cc25f191da667c836655efd0857b004320e90e91ea,flat-ragged,4 KiB single,4096,1,27020680,30065669,4194304,0.8987220606998634,-0.10678145727307581
1,ab,3,phi-4-mini,382cc235b56c725945e149cc25f191da667c836655efd0857b004320e90e91ea,flat-ragged,4 KiB single,4096,1,26668919,29121999,4194304,0.9157653978354988,-0.08799506301139547
1,ab,4,phi-4-mini,382cc235b56c725945e149cc25f191da667c836655efd0857b004320e90e91ea,flat-ragged,4 KiB single,4096,1,33330680,37128390,4194304,0.8977141211886646,-0.10790361193365303
1,ab,5,phi-4-mini,382cc235b56c725945e149cc25f191da667c836655efd0857b004320e90e91ea,flat-ragged,4 KiB single,4096,1,30025700,34245850,4194304,0.8767690099676311,-0.1315117078842402
1,ab,0,phi-4-mini,382cc235b56c725945e149cc25f191da667c836655efd0857b004320e90e91ea,flat-ragged,64 KiB single,65536,1,15720050,16368900,4194304,0.9603608061629065,-0.040446225377295975
1,ab,1,phi-4-mini,382cc235b56c725945e149cc25f191da667c836655efd0857b004320e90e91ea,flat-ragged,64 KiB single,65536,1,15515260,15736179,4194304,0.9859610773364995,-0.014138400476624315
1,ab,2,phi-4-mini,382cc235b56c725945e149cc25f191da667c836655efd0857b004320e90e91ea,flat-ragged,64 KiB single,65536,1,15166790,15536220,4194304,0.976221371736497,-0.02406590298395878
1,ab,3,phi-4-mini,382cc235b56c725945e149cc25f191da667c836655efd0857b004320e90e91ea,flat-ragged,64 KiB single,65536,1,15320540,15901950,4194304,0.9634378173745987,-0.037247331482741695
1,ab,4,phi-4-mini,382cc235b56c725945e149cc25f191da667c836655efd0857b004320e90e91ea,flat-ragged,64 KiB single,65536,1,15013680,15518430,4194304,0.9674741581461527,-0.033066564361373806
1,ab,5,phi-4-mini,382cc235b56c725945e149cc25f191da667c836655efd0857b004320e90e91ea,flat-ragged,64 KiB single,65536,1,14809610,15276410,4194304,0.9694430825043319,-0.03103351411530712
1,ab,0,phi-4-mini,382cc235b56c725945e149cc25f191da667c836655efd0857b004320e90e91ea,nested,140-byte batch 1,140,1,54639040,53927890,4194400,1.0131870540456895,0.013100861769723512
1,ab,1,phi-4-mini,382cc235b56c725945e149cc25f191da667c836655efd0857b004320e90e91ea,nested,140-byte batch 1,140,1,47389610,44931019,4194400,1.0547192352793067,0.05327460381243053
1,ab,2,phi-4-mini,382cc235b56c725945e149cc25f191da667c836655efd0857b004320e90e91ea,nested,140-byte batch 1,140,1,49651349,47871539,4194400,1.0371788757407612,0.03650440785402997
1,ab,3,phi-4-mini,382cc235b56c725945e149cc25f191da667c836655efd0857b004320e90e91ea,nested,140-byte batch 1,140,1,48220940,51702020,4194400,0.9326703289349236,-0.06970348576892312
1,ab,4,phi-4-mini,382cc235b56c725945e149cc25f191da667c836655efd0857b004320e90e91ea,nested,140-byte batch 1,140,1,46615330,45661370,4194400,1.0208920582102552,0.020676811958201112
1,ab,5,phi-4-mini,382cc235b56c725945e149cc25f191da667c836655efd0857b004320e90e91ea,nested,140-byte batch 1,140,1,35796800,38910330,4194400,0.9199819173982847,-0.08340126413407757
1,ab,0,phi-4-mini,382cc235b56c725945e149cc25f191da667c836655efd0857b004320e90e91ea,nested,140-byte batch 32,140,32,52015249,54663590,4197760,0.9515520111284312,-0.0496609314924274
1,ab,1,phi-4-mini,382cc235b56c725945e149cc25f191da667c836655efd0857b004320e90e91ea,nested,140-byte batch 32,140,32,44393620,43929369,4197760,1.0105681235712718,0.010512671295557108
1,ab,2,phi-4-mini,382cc235b56c725945e149cc25f191da667c836655efd0857b004320e90e91ea,nested,140-byte batch 32,140,32,45428820,45937219,4197760,0.9889327431858685,-0.01112895453953668
1,ab,3,phi-4-mini,382cc235b56c725945e149cc25f191da667c836655efd0857b004320e90e91ea,nested,140-byte batch 32,140,32,48447699,48516480,4197760,0.9985823167715383,-0.001418689092106237
1,ab,4,phi-4-mini,382cc235b56c725945e149cc25f191da667c836655efd0857b004320e90e91ea,nested,140-byte batch 32,140,32,39348630,42253260,4197760,0.9312566651661908,-0.07122035208854084
1,ab,5,phi-4-mini,382cc235b56c725945e149cc25f191da667c836655efd0857b004320e90e91ea,nested,140-byte batch 32,140,32,40056680,40794970,4197760,0.9819024257157194,-0.018263338379432385
1,ab,0,phi-4-mini,382cc235b56c725945e149cc25f191da667c836655efd0857b004320e90e91ea,nested,140-byte batch 512,140,512,15586270,15625430,4229120,0.9974938289698267,-0.0025093167336692683
1,ab,1,phi-4-mini,382cc235b56c725945e149cc25f191da667c836655efd0857b004320e90e91ea,nested,140-byte batch 512,140,512,14617900,14791100,4229120,0.9882902556266945,-0.011778843380778255
1,ab,2,phi-4-mini,382cc235b56c725945e149cc25f191da667c836655efd0857b004320e90e91ea,nested,140-byte batch 512,140,512,14200980,14642410,4229120,0.9698526403781891,-0.030611136161173003
1,ab,3,phi-4-mini,382cc235b56c725945e149cc25f191da667c836655efd0857b004320e90e91ea,nested,140-byte batch 512,140,512,12663450,12942250,4229120,0.9784581506306863,-0.021777261961299917
1,ab,4,phi-4-mini,382cc235b56c725945e149cc25f191da667c836655efd0857b004320e90e91ea,nested,140-byte batch 512,140,512,11866329,12198050,4229120,0.9728054074216781,-0.027571209169649318
1,ab,5,phi-4-mini,382cc235b56c725945e149cc25f191da667c836655efd0857b004320e90e91ea,nested,140-byte batch 512,140,512,12187070,12075240,4229120,1.009261099572348,0.00921847853274409
1,ab,0,phi-4-mini,382cc235b56c725945e149cc25f191da667c836655efd0857b004320e90e91ea,nested,4 KiB single,4096,1,34222200,40131320,4194304,0.8527554040086396,-0.1592825205487978
1,ab,1,phi-4-mini,382cc235b56c725945e149cc25f191da667c836655efd0857b004320e90e91ea,nested,4 KiB single,4096,1,30960130,35343740,4194304,0.8759720957657565,-0.13242104270177954
1,ab,2,phi-4-mini,382cc235b56c725945e149cc25f191da667c836655efd0857b004320e90e91ea,nested,4 KiB single,4096,1,29165560,32320229,4194304,0.9023933586609179,-0.10270475790536521
1,ab,3,phi-4-mini,382cc235b56c725945e149cc25f191da667c836655efd0857b004320e90e91ea,nested,4 KiB single,4096,1,28892090,33793100,4194304,0.8549700974459283,-0.15668878440442485
1,ab,4,phi-4-mini,382cc235b56c725945e149cc25f191da667c836655efd0857b004320e90e91ea,nested,4 KiB single,4096,1,32557540,38284010,4194304,0.8504213639062366,-0.1620233300848233
1,ab,5,phi-4-mini,382cc235b56c725945e149cc25f191da667c836655efd0857b004320e90e91ea,nested,4 KiB single,4096,1,32424410,36342490,4194304,0.8921901058513052,-0.11407604595795284
1,ab,0,phi-4-mini,382cc235b56c725945e149cc25f191da667c836655efd0857b004320e90e91ea,nested,64 KiB single,65536,1,32249650,34637820,4194304,0.9310531090005086,-0.07143895821875229
1,ab,1,phi-4-mini,382cc235b56c725945e149cc25f191da667c836655efd0857b004320e90e91ea,nested,64 KiB single,65536,1,30549650,30293960,4194304,1.0084402963495034,0.008404876213014134
1,ab,2,phi-4-mini,382cc235b56c725945e149cc25f191da667c836655efd0857b004320e90e91ea,nested,64 KiB single,65536,1,27406380,30622280,4194304,0.8949816930679231,-0.110952015589193
1,ab,3,phi-4-mini,382cc235b56c725945e149cc25f191da667c836655efd0857b004320e90e91ea,nested,64 KiB single,65536,1,26838230,28449750,4194304,0.9433555655146355,-0.05831200960731772
1,ab,4,phi-4-mini,382cc235b56c725945e149cc25f191da667c836655efd0857b004320e90e91ea,nested,64 KiB single,65536,1,27197230,31814500,4194304,0.8548690062707256,-0.15680703082316774
1,ab,5,phi-4-mini,382cc235b56c725945e149cc25f191da667c836655efd0857b004320e90e91ea,nested,64 KiB single,65536,1,30351700,29733520,4194304,1.0207906766504604,0.02057750019134619
1,ab,0,qwen-2-5,c0382117ea329cdf097041132f6d735924b697924d6f6fc3945713e96ce87539,flat-ragged,140-byte batch 1,140,1,42056700,49918850,4194400,0.8425013797393169,-0.1713799790841815
1,ab,1,qwen-2-5,c0382117ea329cdf097041132f6d735924b697924d6f6fc3945713e96ce87539,flat-ragged,140-byte batch 1,140,1,38399989,45616809,4194400,0.84179472088896,-0.17221909388300735
1,ab,2,qwen-2-5,c0382117ea329cdf097041132f6d735924b697924d6f6fc3945713e96ce87539,flat-ragged,140-byte batch 1,140,1,37001080,40946129,4194400,0.9036526993797143,-0.10131017450889701
1,ab,3,qwen-2-5,c0382117ea329cdf097041132f6d735924b697924d6f6fc3945713e96ce87539,flat-ragged,140-byte batch 1,140,1,41795290,45030730,4194400,0.9281503986277815,-0.07456149184061936
1,ab,4,qwen-2-5,c0382117ea329cdf097041132f6d735924b697924d6f6fc3945713e96ce87539,flat-ragged,140-byte batch 1,140,1,37285280,44370030,4194400,0.8403257784590183,-0.1739656308331428
1,ab,5,qwen-2-5,c0382117ea329cdf097041132f6d735924b697924d6f6fc3945713e96ce87539,flat-ragged,140-byte batch 1,140,1,35634400,37235730,4194400,0.9569948004242163,-0.04395732074747848
1,ab,0,qwen-2-5,c0382117ea329cdf097041132f6d735924b697924d6f6fc3945713e96ce87539,flat-ragged,140-byte batch 32,140,32,40734860,43114250,4197760,0.9448119821172815,-0.056769332006158024
1,ab,1,qwen-2-5,c0382117ea329cdf097041132f6d735924b697924d6f6fc3945713e96ce87539,flat-ragged,140-byte batch 32,140,32,35190320,38662300,4197760,0.9101972722781625,-0.09409392024196506
1,ab,2,qwen-2-5,c0382117ea329cdf097041132f6d735924b697924d6f6fc3945713e96ce87539,flat-ragged,140-byte batch 32,140,32,33454370,37707320,4197760,0.8872115546795688,-0.11967181927112994
1,ab,3,qwen-2-5,c0382117ea329cdf097041132f6d735924b697924d6f6fc3945713e96ce87539,flat-ragged,140-byte batch 32,140,32,39027480,41684620,4197760,0.9362561059690601,-0.06586622244267107
1,ab,4,qwen-2-5,c0382117ea329cdf097041132f6d735924b697924d6f6fc3945713e96ce87539,flat-ragged,140-byte batch 32,140,32,36394599,39146110,4197760,0.9297117644639531,-0.07288067155719723
1,ab,5,qwen-2-5,c0382117ea329cdf097041132f6d735924b697924d6f6fc3945713e96ce87539,flat-ragged,140-byte batch 32,140,32,32463780,35850830,4197760,0.9055238051671328,-0.0992417124767529
1,ab,0,qwen-2-5,c0382117ea329cdf097041132f6d735924b697924d6f6fc3945713e96ce87539,flat-ragged,140-byte batch 512,140,512,11995480,13239000,4229120,0.9060714555480022,-0.09863710679089362
1,ab,1,qwen-2-5,c0382117ea329cdf097041132f6d735924b697924d6f6fc3945713e96ce87539,flat-ragged,140-byte batch 512,140,512,12005059,12342630,4229120,0.9726499943691094,-0.027730979527536996
1,ab,2,qwen-2-5,c0382117ea329cdf097041132f6d735924b697924d6f6fc3945713e96ce87539,flat-ragged,140-byte batch 512,140,512,11486700,11881610,4229120,0.9667629218599163,-0.03380198229503221
1,ab,3,qwen-2-5,c0382117ea329cdf097041132f6d735924b697924d6f6fc3945713e96ce87539,flat-ragged,140-byte batch 512,140,512,9611029,10082790,4229120,0.9532112639457928,-0.047918716846890724
1,ab,4,qwen-2-5,c0382117ea329cdf097041132f6d735924b697924d6f6fc3945713e96ce87539,flat-ragged,140-byte batch 512,140,512,9280920,9837360,4229120,0.9434360438166337,-0.05822670256901101
1,ab,5,qwen-2-5,c0382117ea329cdf097041132f6d735924b697924d6f6fc3945713e96ce87539,flat-ragged,140-byte batch 512,140,512,9375330,9703620,4229120,0.96616829595553,-0.0344172405283965
1,ab,0,qwen-2-5,c0382117ea329cdf097041132f6d735924b697924d6f6fc3945713e96ce87539,flat-ragged,4 KiB single,4096,1,33160400,36580760,4194304,0.9064983887704903,-0.09816602620691321
1,ab,1,qwen-2-5,c0382117ea329cdf097041132f6d735924b697924d6f6fc3945713e96ce87539,flat-ragged,4 KiB single,4096,1,32064390,32967240,4194304,0.972613721985826,-0.02776827255159605
1,ab,2,qwen-2-5,c0382117ea329cdf097041132f6d735924b697924d6f6fc3945713e96ce87539,flat-ragged,4 KiB single,4096,1,28857800,29171120,4194304,0.9892592399606186,-0.010798858390632653
1,ab,3,qwen-2-5,c0382117ea329cdf097041132f6d735924b697924d6f6fc3945713e96ce87539,flat-ragged,4 KiB single,4096,1,28741980,26975560,4194304,1.0654822365133476,0.0634275009143705
1,ab,4,qwen-2-5,c0382117ea329cdf097041132f6d735924b697924d6f6fc3945713e96ce87539,flat-ragged,4 KiB single,4096,1,31141850,30531970,4194304,1.0199751277103968,0.01977824240122036
1,ab,5,qwen-2-5,c0382117ea329cdf097041132f6d735924b697924d6f6fc3945713e96ce87539,flat-ragged,4 KiB single,4096,1,32176880,31057770,4194304,1.0360331730191832,0.03539916361343967
1,ab,0,qwen-2-5,c0382117ea329cdf097041132f6d735924b697924d6f6fc3945713e96ce87539,flat-ragged,64 KiB single,65536,1,27905460,36774420,4194304,0.7588280114275086,-0.2759801261736575
1,ab,1,qwen-2-5,c0382117ea329cdf097041132f6d735924b697924d6f6fc3945713e96ce87539,flat-ragged,64 KiB single,65536,1,27382760,29664700,4194304,0.9230755746729278,-0.08004416844559827
1,ab,2,qwen-2-5,c0382117ea329cdf097041132f6d735924b697924d6f6fc3945713e96ce87539,flat-ragged,64 KiB single,65536,1,24882960,26198180,4194304,0.9497972759939812,-0.05150671084976981
1,ab,3,qwen-2-5,c0382117ea329cdf097041132f6d735924b697924d6f6fc3945713e96ce87539,flat-ragged,64 KiB single,65536,1,24817970,27124730,4194304,0.9149573101741474,-0.08887787034239955
1,ab,4,qwen-2-5,c0382117ea329cdf097041132f6d735924b697924d6f6fc3945713e96ce87539,flat-ragged,64 KiB single,65536,1,24802940,26765320,4194304,0.9266819899780762,-0.07614482515471707
1,ab,5,qwen-2-5,c0382117ea329cdf097041132f6d735924b697924d6f6fc3945713e96ce87539,flat-ragged,64 KiB single,65536,1,28856740,30931580,4194304,0.932921628963021,-0.06943408063072724
1,ab,0,qwen-2-5,c0382117ea329cdf097041132f6d735924b697924d6f6fc3945713e96ce87539,nested,140-byte batch 1,140,1,43193519,48805350,4194400,0.8850160689350656,-0.12214947715026901
1,ab,1,qwen-2-5,c0382117ea329cdf097041132f6d735924b697924d6f6fc3945713e96ce87539,nested,140-byte batch 1,140,1,40011119,42661670,4194400,0.9378704349829718,-0.06414346853262497
1,ab,2,qwen-2-5,c0382117ea329cdf097041132f6d735924b697924d6f6fc3945713e96ce87539,nested,140-byte batch 1,140,1,38931450,41272200,4194400,0.9432850683995523,-0.05838674256265514
1,ab,3,qwen-2-5,c0382117ea329cdf097041132f6d735924b697924d6f6fc3945713e96ce87539,nested,140-byte batch 1,140,1,43531959,46727619,4194400,0.9316108959029135,-0.07084004513769258
1,ab,4,qwen-2-5,c0382117ea329cdf097041132f6d735924b697924d6f6fc3945713e96ce87539,nested,140-byte batch 1,140,1,36563690,42049350,4194400,0.869542335374982,-0.1397882570401571
1,ab,5,qwen-2-5,c0382117ea329cdf097041132f6d735924b697924d6f6fc3945713e96ce87539,nested,140-byte batch 1,140,1,36336679,40046170,4194400,0.9073696435888875,-0.09720536658905965
1,ab,0,qwen-2-5,c0382117ea329cdf097041132f6d735924b697924d6f6fc3945713e96ce87539,nested,140-byte batch 32,140,32,45714360,55839009,4197760,0.8186814346937998,-0.20006023942482565
1,ab,1,qwen-2-5,c0382117ea329cdf097041132f6d735924b697924d6f6fc3945713e96ce87539,nested,140-byte batch 32,140,32,40769020,45777150,4197760,0.8905976016418672,-0.11586257906709531
1,ab,2,qwen-2-5,c0382117ea329cdf097041132f6d735924b697924d6f6fc3945713e96ce87539,nested,140-byte batch 32,140,32,38946210,44185359,4197760,0.88142794087064,-0.12621202652004257
1,ab,3,qwen-2-5,c0382117ea329cdf097041132f6d735924b697924d6f6fc3945713e96ce87539,nested,140-byte batch 32,140,32,44894700,52499799,4197760,0.8551404168233101,-0.15648959332697837
1,ab,4,qwen-2-5,c0382117ea329cdf097041132f6d735924b697924d6f6fc3945713e96ce87539,nested,140-byte batch 32,140,32,37753790,43861040,4197760,0.8607591156069259,-0.1499405865123768
1,ab,5,qwen-2-5,c0382117ea329cdf097041132f6d735924b697924d6f6fc3945713e96ce87539,nested,140-byte batch 32,140,32,39239860,41298150,4197760,0.9501602372019086,-0.05112463787200914
1,ab,0,qwen-2-5,c0382117ea329cdf097041132f6d735924b697924d6f6fc3945713e96ce87539,nested,140-byte batch 512,140,512,14830990,15437950,4229120,0.9606838990928199,-0.04010985326468886
1,ab,1,qwen-2-5,c0382117ea329cdf097041132f6d735924b697924d6f6fc3945713e96ce87539,nested,140-byte batch 512,140,512,14253420,15065800,4229120,0.9460778717359848,-0.05543039647245451
1,ab,2,qwen-2-5,c0382117ea329cdf097041132f6d735924b697924d6f6fc3945713e96ce87539,nested,140-byte batch 512,140,512,13982310,14242220,4229120,0.9817507382978216,-0.018417833502073617
1,ab,3,qwen-2-5,c0382117ea329cdf097041132f6d735924b697924d6f6fc3945713e96ce87539,nested,140-byte batch 512,140,512,12522610,12772610,4229120,0.9804268665527249,-0.019767224039102988
1,ab,4,qwen-2-5,c0382117ea329cdf097041132f6d735924b697924d6f6fc3945713e96ce87539,nested,140-byte batch 512,140,512,11923320,12240500,4229120,0.9740876598178179,-0.026253979576387452
1,ab,5,qwen-2-5,c0382117ea329cdf097041132f6d735924b697924d6f6fc3945713e96ce87539,nested,140-byte batch 512,140,512,11900170,12364650,4229120,0.9624348444962049,-0.038288909141459035
1,ab,0,qwen-2-5,c0382117ea329cdf097041132f6d735924b697924d6f6fc3945713e96ce87539,nested,4 KiB single,4096,1,33285990,36604850,4194304,0.909332779672639,-0.09504415755147927
1,ab,1,qwen-2-5,c0382117ea329cdf097041132f6d735924b697924d6f6fc3945713e96ce87539,nested,4 KiB single,4096,1,33032040,33686000,4194304,0.9805865938372024,-0.019604321246177836
1,ab,2,qwen-2-5,c0382117ea329cdf097041132f6d735924b697924d6f6fc3945713e96ce87539,nested,4 KiB single,4096,1,31545509,31416640,4194304,1.004101934516231,0.004093544518498504
1,ab,3,qwen-2-5,c0382117ea329cdf097041132f6d735924b697924d6f6fc3945713e96ce87539,nested,4 KiB single,4096,1,29361910,28664890,4194304,1.024316158199107,0.0240252272057014
1,ab,4,qwen-2-5,c0382117ea329cdf097041132f6d735924b697924d6f6fc3945713e96ce87539,nested,4 KiB single,4096,1,32718649,31935529,4194304,1.024521904741268,0.024226069377246497
1,ab,5,qwen-2-5,c0382117ea329cdf097041132f6d735924b697924d6f6fc3945713e96ce87539,nested,4 KiB single,4096,1,33087400,33546649,4194304,0.9863101378620559,-0.013784432395042972
1,ab,0,qwen-2-5,c0382117ea329cdf097041132f6d735924b697924d6f6fc3945713e96ce87539,nested,64 KiB single,65536,1,32907639,32989900,4194304,0.9975064792557722,-0.0024966347447057096
1,ab,1,qwen-2-5,c0382117ea329cdf097041132f6d735924b697924d6f6fc3945713e96ce87539,nested,64 KiB single,65536,1,32338060,31072960,4194304,1.0407138553906676,0.039906877103049174
1,ab,2,qwen-2-5,c0382117ea329cdf097041132f6d735924b697924d6f6fc3945713e96ce87539,nested,64 KiB single,65536,1,32267170,30418430,4194304,1.0607769697515619,0.059001629949425066
1,ab,3,qwen-2-5,c0382117ea329cdf097041132f6d735924b697924d6f6fc3945713e96ce87539,nested,64 KiB single,65536,1,29002710,28557290,4194304,1.0155974183824865,0.015477028882263162
1,ab,4,qwen-2-5,c0382117ea329cdf097041132f6d735924b697924d6f6fc3945713e96ce87539,nested,64 KiB single,65536,1,27542779,29128860,4194304,0.94554949970579,-0.05598903931291341
1,ab,5,qwen-2-5,c0382117ea329cdf097041132f6d735924b697924d6f6fc3945713e96ce87539,nested,64 KiB single,65536,1,31656859,30337699,4194304,1.0434825330688395,0.042563708601385974
1,ab,0,qwen-3,aeb13307a71acd8fe81861d94ad54ab689df773318809eed3cbe794b4492dae4,flat-ragged,140-byte batch 1,140,1,46335789,48222009,4194400,0.9608846657550083,-0.039900892037292
1,ab,1,qwen-3,aeb13307a71acd8fe81861d94ad54ab689df773318809eed3cbe794b4492dae4,flat-ragged,140-byte batch 1,140,1,44065210,45955080,4194400,0.9588757108028101,-0.041993815414660365
1,ab,2,qwen-3,aeb13307a71acd8fe81861d94ad54ab689df773318809eed3cbe794b4492dae4,flat-ragged,140-byte batch 1,140,1,42495940,42607520,4194400,0.997381213457155,-0.0026222215626898796
1,ab,3,qwen-3,aeb13307a71acd8fe81861d94ad54ab689df773318809eed3cbe794b4492dae4,flat-ragged,140-byte batch 1,140,1,46638269,48269739,4194400,0.9662009773866811,-0.0343834152843243
1,ab,4,qwen-3,aeb13307a71acd8fe81861d94ad54ab689df773318809eed3cbe794b4492dae4,flat-ragged,140-byte batch 1,140,1,41422789,42613210,4194400,0.9720645076960877,-0.028333110781342697
1,ab,5,qwen-3,aeb13307a71acd8fe81861d94ad54ab689df773318809eed3cbe794b4492dae4,flat-ragged,140-byte batch 1,140,1,36708549,41197809,4194400,0.891031583742718,-0.11537540461688502
1,ab,0,qwen-3,aeb13307a71acd8fe81861d94ad54ab689df773318809eed3cbe794b4492dae4,flat-ragged,140-byte batch 32,140,32,44995800,43740510,4197760,1.0286985679865186,0.02829447709255691
1,ab,1,qwen-3,aeb13307a71acd8fe81861d94ad54ab689df773318809eed3cbe794b4492dae4,flat-ragged,140-byte batch 32,140,32,42839910,39129870,4197760,1.0948135018082095,0.09058403077933898
1,ab,2,qwen-3,aeb13307a71acd8fe81861d94ad54ab689df773318809eed3cbe794b4492dae4,flat-ragged,140-byte batch 32,140,32,38450590,36441690,4197760,1.055126422512238,0.05366059151393197
1,ab,3,qwen-3,aeb13307a71acd8fe81861d94ad54ab689df773318809eed3cbe794b4492dae4,flat-ragged,140-byte batch 32,140,32,44758280,41916430,4197760,1.0677979971099638,0.06559858136572945
1,ab,4,qwen-3,aeb13307a71acd8fe81861d94ad54ab689df773318809eed3cbe794b4492dae4,flat-ragged,140-byte batch 32,140,32,40942280,38155379,4197760,1.0730408417644075,0.07049652607833219
1,ab,5,qwen-3,aeb13307a71acd8fe81861d94ad54ab689df773318809eed3cbe794b4492dae4,flat-ragged,140-byte batch 32,140,32,35864220,34026430,4197760,1.0540106617120868,0.05260256554437268
1,ab,0,qwen-3,aeb13307a71acd8fe81861d94ad54ab689df773318809eed3cbe794b4492dae4,flat-ragged,140-byte batch 512,140,512,12643210,12760710,4229120,0.9907920484048302,-0.009250606828254222
1,ab,1,qwen-3,aeb13307a71acd8fe81861d94ad54ab689df773318809eed3cbe794b4492dae4,flat-ragged,140-byte batch 512,140,512,11871320,12430710,4229120,0.9549993524102807,-0.04604461660605487
1,ab,2,qwen-3,aeb13307a71acd8fe81861d94ad54ab689df773318809eed3cbe794b4492dae4,flat-ragged,140-byte batch 512,140,512,11883639,11587220,4229120,1.0255815458755422,0.02525981353129772
1,ab,3,qwen-3,aeb13307a71acd8fe81861d94ad54ab689df773318809eed3cbe794b4492dae4,flat-ragged,140-byte batch 512,140,512,10190710,10079820,4229120,1.011001188513287,0.010941115619529639
1,ab,4,qwen-3,aeb13307a71acd8fe81861d94ad54ab689df773318809eed3cbe794b4492dae4,flat-ragged,140-byte batch 512,140,512,9716010,9773310,4229120,0.9941370937788733,-0.005880160529118451
1,ab,5,qwen-3,aeb13307a71acd8fe81861d94ad54ab689df773318809eed3cbe794b4492dae4,flat-ragged,140-byte batch 512,140,512,9325680,9708390,4229120,0.9605794575619645,-0.04021857498739965
1,ab,0,qwen-3,aeb13307a71acd8fe81861d94ad54ab689df773318809eed3cbe794b4492dae4,flat-ragged,4 KiB single,4096,1,36435250,34037970,4194304,1.0704295820226646,0.06806004642873048
1,ab,1,qwen-3,aeb13307a71acd8fe81861d94ad54ab689df773318809eed3cbe794b4492dae4,flat-ragged,4 KiB single,4096,1,34848430,32866080,4194304,1.0603159853563309,0.05856696309394482
1,ab,2,qwen-3,aeb13307a71acd8fe81861d94ad54ab689df773318809eed3cbe794b4492dae4,flat-ragged,4 KiB single,4096,1,31276960,30485260,4194304,1.0259699277618102,0.025638436145351964
1,ab,3,qwen-3,aeb13307a71acd8fe81861d94ad54ab689df773318809eed3cbe794b4492dae4,flat-ragged,4 KiB single,4096,1,28609300,27938580,4194304,1.0240069466665807,0.023723310448388477
1,ab,4,qwen-3,aeb13307a71acd8fe81861d94ad54ab689df773318809eed3cbe794b4492dae4,flat-ragged,4 KiB single,4096,1,32204920,33847930,4194304,0.9514590700228935,-0.04975860943716682
1,ab,5,qwen-3,aeb13307a71acd8fe81861d94ad54ab689df773318809eed3cbe794b4492dae4,flat-ragged,4 KiB single,4096,1,33151780,32119200,4194304,1.0321483723131335,0.031642428346475335
1,ab,0,qwen-3,aeb13307a71acd8fe81861d94ad54ab689df773318809eed3cbe794b4492dae4,flat-ragged,64 KiB single,65536,1,33132850,33386120,4194304,0.9924139133268556,-0.007615007384840851
1,ab,1,qwen-3,aeb13307a71acd8fe81861d94ad54ab689df773318809eed3cbe794b4492dae4,flat-ragged,64 KiB single,65536,1,28716680,28786130,4194304,0.9975873797554586,-0.0024155353023257013
1,ab,2,qwen-3,aeb13307a71acd8fe81861d94ad54ab689df773318809eed3cbe794b4492dae4,flat-ragged,64 KiB single,65536,1,25351470,26120519,4194304,0.9705576677094356,-0.029884457520750574
1,ab,3,qwen-3,aeb13307a71acd8fe81861d94ad54ab689df773318809eed3cbe794b4492dae4,flat-ragged,64 KiB single,65536,1,27556000,26621570,4194304,1.0351004843065228,0.034498508291259354
1,ab,4,qwen-3,aeb13307a71acd8fe81861d94ad54ab689df773318809eed3cbe794b4492dae4,flat-ragged,64 KiB single,65536,1,27892410,27778289,4194304,1.0041082803912076,0.004099864449479358
1,ab,5,qwen-3,aeb13307a71acd8fe81861d94ad54ab689df773318809eed3cbe794b4492dae4,flat-ragged,64 KiB single,65536,1,31573780,32341070,4194304,0.976275058308213,-0.024010910236311803
1,ab,0,qwen-3,aeb13307a71acd8fe81861d94ad54ab689df773318809eed3cbe794b4492dae4,nested,140-byte batch 1,140,1,47161859,48469329,4194400,0.973024796774059,-0.027345712255440215
1,ab,1,qwen-3,aeb13307a71acd8fe81861d94ad54ab689df773318809eed3cbe794b4492dae4,nested,140-byte batch 1,140,1,44835330,46631460,4194400,0.9614824412531797,-0.039278975947218006
1,ab,2,qwen-3,aeb13307a71acd8fe81861d94ad54ab689df773318809eed3cbe794b4492dae4,nested,140-byte batch 1,140,1,39722150,45887839,4194400,0.865635664385939,-0.14429116981408993
1,ab,3,qwen-3,aeb13307a71acd8fe81861d94ad54ab689df773318809eed3cbe794b4492dae4,nested,140-byte batch 1,140,1,44336060,46555030,4194400,0.9523366218430103,-0.04883671231761946
1,ab,4,qwen-3,aeb13307a71acd8fe81861d94ad54ab689df773318809eed3cbe794b4492dae4,nested,140-byte batch 1,140,1,36924109,42659279,4194400,0.8655586748196096,-0.1443801136890052
1,ab,5,qwen-3,aeb13307a71acd8fe81861d94ad54ab689df773318809eed3cbe794b4492dae4,nested,140-byte batch 1,140,1,42379740,39817970,4194400,1.0643370317472236,0.0623520999227857
1,ab,0,qwen-3,aeb13307a71acd8fe81861d94ad54ab689df773318809eed3cbe794b4492dae4,nested,140-byte batch 32,140,32,54076790,52720170,4197760,1.0257324663406813,0.02540695869241164
1,ab,1,qwen-3,aeb13307a71acd8fe81861d94ad54ab689df773318809eed3cbe794b4492dae4,nested,140-byte batch 32,140,32,47708150,46860070,4197760,1.0180981377108484,0.017936315948364156
1,ab,2,qwen-3,aeb13307a71acd8fe81861d94ad54ab689df773318809eed3cbe794b4492dae4,nested,140-byte batch 32,140,32,41550810,44935250,4197760,0.9246818477698466,-0.07830554899043712
1,ab,3,qwen-3,aeb13307a71acd8fe81861d94ad54ab689df773318809eed3cbe794b4492dae4,nested,140-byte batch 32,140,32,49520809,48386670,4197760,1.0234390793993469,0.02316860251023977
1,ab,4,qwen-3,aeb13307a71acd8fe81861d94ad54ab689df773318809eed3cbe794b4492dae4,nested,140-byte batch 32,140,32,44623890,43502669,4197760,1.0257736140281415,0.025447073306606047
1,ab,5,qwen-3,aeb13307a71acd8fe81861d94ad54ab689df773318809eed3cbe794b4492dae4,nested,140-byte batch 32,140,32,43586159,42594799,4197760,1.0232742030312199,0.02300748920736634
1,ab,0,qwen-3,aeb13307a71acd8fe81861d94ad54ab689df773318809eed3cbe794b4492dae4,nested,140-byte batch 512,140,512,15448260,15565620,4229120,0.9924603067529594,-0.007568260416551465
1,ab,1,qwen-3,aeb13307a71acd8fe81861d94ad54ab689df773318809eed3cbe794b4492dae4,nested,140-byte batch 512,140,512,14362940,14997620,4229120,0.9576812854306217,-0.04324024380596041
1,ab,2,qwen-3,aeb13307a71acd8fe81861d94ad54ab689df773318809eed3cbe794b4492dae4,nested,140-byte batch 512,140,512,14038880,14617330,4229120,0.9604271094652717,-0.040377187768456405
1,ab,3,qwen-3,aeb13307a71acd8fe81861d94ad54ab689df773318809eed3cbe794b4492dae4,nested,140-byte batch 512,140,512,12755310,12453290,4229120,1.0242522257170594,0.023962810463775467
1,ab,4,qwen-3,aeb13307a71acd8fe81861d94ad54ab689df773318809eed3cbe794b4492dae4,nested,140-byte batch 512,140,512,12129520,11874360,4229120,1.0214883160018728,0.02126069713070473
1,ab,5,qwen-3,aeb13307a71acd8fe81861d94ad54ab689df773318809eed3cbe794b4492dae4,nested,140-byte batch 512,140,512,12692200,12852690,4229120,0.9875131198216093,-0.012565496399816311
1,ab,0,qwen-3,aeb13307a71acd8fe81861d94ad54ab689df773318809eed3cbe794b4492dae4,nested,4 KiB single,4096,1,33382430,35110900,4194304,0.950771128054251,-0.050481909907667294
1,ab,1,qwen-3,aeb13307a71acd8fe81861d94ad54ab689df773318809eed3cbe794b4492dae4,nested,4 KiB single,4096,1,34701499,32683490,4194304,1.061743987560692,0.059912827431557514
1,ab,2,qwen-3,aeb13307a71acd8fe81861d94ad54ab689df773318809eed3cbe794b4492dae4,nested,4 KiB single,4096,1,35324620,30777840,4194304,1.147729015421485,0.13778522074893665
1,ab,3,qwen-3,aeb13307a71acd8fe81861d94ad54ab689df773318809eed3cbe794b4492dae4,nested,4 KiB single,4096,1,31991390,28450039,4194304,1.1244761386794584,0.11731727269850699
1,ab,4,qwen-3,aeb13307a71acd8fe81861d94ad54ab689df773318809eed3cbe794b4492dae4,nested,4 KiB single,4096,1,35725159,31912500,4194304,1.119472275754015,0.11285739190322536
1,ab,5,qwen-3,aeb13307a71acd8fe81861d94ad54ab689df773318809eed3cbe794b4492dae4,nested,4 KiB single,4096,1,33588419,34495579,4194304,0.9737021373086678,-0.02664983596166386
1,ab,0,qwen-3,aeb13307a71acd8fe81861d94ad54ab689df773318809eed3cbe794b4492dae4,nested,64 KiB single,65536,1,30416909,36516260,4194304,0.8329689020726657,-0.1827589699579469
1,ab,1,qwen-3,aeb13307a71acd8fe81861d94ad54ab689df773318809eed3cbe794b4492dae4,nested,64 KiB single,65536,1,29775800,31330670,4194304,0.9503722710047375,-0.050901506930767025
1,ab,2,qwen-3,aeb13307a71acd8fe81861d94ad54ab689df773318809eed3cbe794b4492dae4,nested,64 KiB single,65536,1,29505800,30230190,4194304,0.9760375306936543,-0.024254239728800683
1,ab,3,qwen-3,aeb13307a71acd8fe81861d94ad54ab689df773318809eed3cbe794b4492dae4,nested,64 KiB single,65536,1,25732370,28456360,4194304,0.9042748264359883,-0.10062195324787143
1,ab,4,qwen-3,aeb13307a71acd8fe81861d94ad54ab689df773318809eed3cbe794b4492dae4,nested,64 KiB single,65536,1,26516460,29118600,4194304,0.9106365003811997,-0.09361147300471385
1,ab,5,qwen-3,aeb13307a71acd8fe81861d94ad54ab689df773318809eed3cbe794b4492dae4,nested,64 KiB single,65536,1,30253560,31677640,4194304,0.9550446308500254,-0.04599720571902809
1,ba,0,deepseek-r1,ecb6f9fc369894346f0511f4074ca75cee5cd5f3b06d02f1ba35fcd39f8e121d,flat-ragged,140-byte batch 1,140,1,54390040,48535350,4194400,1.1206273365701493,0.11388865043489634
1,ba,1,deepseek-r1,ecb6f9fc369894346f0511f4074ca75cee5cd5f3b06d02f1ba35fcd39f8e121d,flat-ragged,140-byte batch 1,140,1,50295280,47686559,4194400,1.0547055827618008,0.053261659508950954
1,ba,2,deepseek-r1,ecb6f9fc369894346f0511f4074ca75cee5cd5f3b06d02f1ba35fcd39f8e121d,flat-ragged,140-byte batch 1,140,1,44653800,42471080,4194400,1.0513930891326522,0.050116036367200974
1,ba,3,deepseek-r1,ecb6f9fc369894346f0511f4074ca75cee5cd5f3b06d02f1ba35fcd39f8e121d,flat-ragged,140-byte batch 1,140,1,39464340,36809699,4194400,1.072117976297497,0.06963610910959822
1,ba,4,deepseek-r1,ecb6f9fc369894346f0511f4074ca75cee5cd5f3b06d02f1ba35fcd39f8e121d,flat-ragged,140-byte batch 1,140,1,48933079,46908990,4194400,1.0431492769296462,0.042244288433026654
1,ba,5,deepseek-r1,ecb6f9fc369894346f0511f4074ca75cee5cd5f3b06d02f1ba35fcd39f8e121d,flat-ragged,140-byte batch 1,140,1,48713169,43910720,4194400,1.1093684867840927,0.1037909225965487
1,ba,0,deepseek-r1,ecb6f9fc369894346f0511f4074ca75cee5cd5f3b06d02f1ba35fcd39f8e121d,flat-ragged,140-byte batch 32,140,32,52063960,47876050,4197760,1.0874740084029488,0.08385758337595742
1,ba,1,deepseek-r1,ecb6f9fc369894346f0511f4074ca75cee5cd5f3b06d02f1ba35fcd39f8e121d,flat-ragged,140-byte batch 32,140,32,47079680,44682830,4197760,1.0536414099106972,0.05225217393074818
1,ba,2,deepseek-r1,ecb6f9fc369894346f0511f4074ca75cee5cd5f3b06d02f1ba35fcd39f8e121d,flat-ragged,140-byte batch 32,140,32,43153620,42433920,4197760,1.016960488213203,0.016818264997239766
1,ba,3,deepseek-r1,ecb6f9fc369894346f0511f4074ca75cee5cd5f3b06d02f1ba35fcd39f8e121d,flat-ragged,140-byte batch 32,140,32,36090680,36242899,4197760,0.9958000324422172,-0.004208812195006071
1,ba,4,deepseek-r1,ecb6f9fc369894346f0511f4074ca75cee5cd5f3b06d02f1ba35fcd39f8e121d,flat-ragged,140-byte batch 32,140,32,51962340,45581210,4197760,1.139994747835786,0.1310236552341998
1,ba,5,deepseek-r1,ecb6f9fc369894346f0511f4074ca75cee5cd5f3b06d02f1ba35fcd39f8e121d,flat-ragged,140-byte batch 32,140,32,45396850,44692500,4197760,1.0157599149745482,0.015637017073153982
1,ba,0,deepseek-r1,ecb6f9fc369894346f0511f4074ca75cee5cd5f3b06d02f1ba35fcd39f8e121d,flat-ragged,140-byte batch 512,140,512,14885600,13871480,4229120,1.0731082768385205,0.07055936893817885
1,ba,1,deepseek-r1,ecb6f9fc369894346f0511f4074ca75cee5cd5f3b06d02f1ba35fcd39f8e121d,flat-ragged,140-byte batch 512,140,512,14391100,13442020,4229120,1.0706054595961023,0.06822433853083484
1,ba,2,deepseek-r1,ecb6f9fc369894346f0511f4074ca75cee5cd5f3b06d02f1ba35fcd39f8e121d,flat-ragged,140-byte batch 512,140,512,14914310,13118320,4229120,1.1369070124833058,0.12831142820787958
1,ba,3,deepseek-r1,ecb6f9fc369894346f0511f4074ca75cee5cd5f3b06d02f1ba35fcd39f8e121d,flat-ragged,140-byte batch 512,140,512,12189910,11460510,4229120,1.0636446371060275,0.06170134745084008
1,ba,4,deepseek-r1,ecb6f9fc369894346f0511f4074ca75cee5cd5f3b06d02f1ba35fcd39f8e121d,flat-ragged,140-byte batch 512,140,512,11870950,12751340,4229120,0.9309570601991634,-0.07154212500378844
1,ba,5,deepseek-r1,ecb6f9fc369894346f0511f4074ca75cee5cd5f3b06d02f1ba35fcd39f8e121d,flat-ragged,140-byte batch 512,140,512,11480990,10877030,4229120,1.0555261868359285,0.05403939788566754
1,ba,0,deepseek-r1,ecb6f9fc369894346f0511f4074ca75cee5cd5f3b06d02f1ba35fcd39f8e121d,flat-ragged,4 KiB single,4096,1,39112110,34645840,4194304,1.1289121579964578,0.12125447700012094
1,ba,1,deepseek-r1,ecb6f9fc369894346f0511f4074ca75cee5cd5f3b06d02f1ba35fcd39f8e121d,flat-ragged,4 KiB single,4096,1,39888999,37736810,4194304,1.0570315561914216,0.05546456092819905
1,ba,2,deepseek-r1,ecb6f9fc369894346f0511f4074ca75cee5cd5f3b06d02f1ba35fcd39f8e121d,flat-ragged,4 KiB single,4096,1,37153809,33596200,4194304,1.1058931962543384,0.10065333085522137
1,ba,3,deepseek-r1,ecb6f9fc369894346f0511f4074ca75cee5cd5f3b06d02f1ba35fcd39f8e121d,flat-ragged,4 KiB single,4096,1,36405400,32358700,4194304,1.1250575579365054,0.11783419695784879
1,ba,4,deepseek-r1,ecb6f9fc369894346f0511f4074ca75cee5cd5f3b06d02f1ba35fcd39f8e121d,flat-ragged,4 KiB single,4096,1,35545420,32865030,4194304,1.081557509608237,0.07840214077919837
1,ba,5,deepseek-r1,ecb6f9fc369894346f0511f4074ca75cee5cd5f3b06d02f1ba35fcd39f8e121d,flat-ragged,4 KiB single,4096,1,40440390,38927480,4194304,1.0388648327608156,0.038128610064980036
1,ba,0,deepseek-r1,ecb6f9fc369894346f0511f4074ca75cee5cd5f3b06d02f1ba35fcd39f8e121d,flat-ragged,64 KiB single,65536,1,38028399,32266880,4194304,1.178558292589801,0.1642919055477818
1,ba,1,deepseek-r1,ecb6f9fc369894346f0511f4074ca75cee5cd5f3b06d02f1ba35fcd39f8e121d,flat-ragged,64 KiB single,65536,1,38224880,34004620,4194304,1.1241084299721626,0.1169902147655301
1,ba,2,deepseek-r1,ecb6f9fc369894346f0511f4074ca75cee5cd5f3b06d02f1ba35fcd39f8e121d,flat-ragged,64 KiB single,65536,1,34581450,31298330,4194304,1.1048976095529697,0.09975266963838045
1,ba,3,deepseek-r1,ecb6f9fc369894346f0511f4074ca75cee5cd5f3b06d02f1ba35fcd39f8e121d,flat-ragged,64 KiB single,65536,1,36855389,31219620,4194304,1.1805201024227714,0.1659551061343784
1,ba,4,deepseek-r1,ecb6f9fc369894346f0511f4074ca75cee5cd5f3b06d02f1ba35fcd39f8e121d,flat-ragged,64 KiB single,65536,1,33266960,31371270,4194304,1.0604275823069962,0.05867220632322527
1,ba,5,deepseek-r1,ecb6f9fc369894346f0511f4074ca75cee5cd5f3b06d02f1ba35fcd39f8e121d,flat-ragged,64 KiB single,65536,1,37180440,32338079,4194304,1.1497417641907548,0.13953736428178184
1,ba,0,deepseek-r1,ecb6f9fc369894346f0511f4074ca75cee5cd5f3b06d02f1ba35fcd39f8e121d,nested,140-byte batch 1,140,1,54113140,53876630,4194400,1.0043898439824466,0.004380236723335711
1,ba,1,deepseek-r1,ecb6f9fc369894346f0511f4074ca75cee5cd5f3b06d02f1ba35fcd39f8e121d,nested,140-byte batch 1,140,1,50622440,48228650,4194400,1.0496341904656257,0.04844171343478806
1,ba,2,deepseek-r1,ecb6f9fc369894346f0511f4074ca75cee5cd5f3b06d02f1ba35fcd39f8e121d,nested,140-byte batch 1,140,1,46952540,47533450,4194400,0.9877789220012433,-0.01229636942961595
1,ba,3,deepseek-r1,ecb6f9fc369894346f0511f4074ca75cee5cd5f3b06d02f1ba35fcd39f8e121d,nested,140-byte batch 1,140,1,39455059,40832349,4194400,0.9662696358713039,-0.034312357557308285
1,ba,4,deepseek-r1,ecb6f9fc369894346f0511f4074ca75cee5cd5f3b06d02f1ba35fcd39f8e121d,nested,140-byte batch 1,140,1,51330480,54351780,4194400,0.9444121241291453,-0.05719263593583457
1,ba,5,deepseek-r1,ecb6f9fc369894346f0511f4074ca75cee5cd5f3b06d02f1ba35fcd39f8e121d,nested,140-byte batch 1,140,1,48648299,44129079,4194400,1.1024091166733845,0.09749789108466633
1,ba,0,deepseek-r1,ecb6f9fc369894346f0511f4074ca75cee5cd5f3b06d02f1ba35fcd39f8e121d,nested,140-byte batch 32,140,32,54007139,52572879,4197760,1.0272813668812013,0.026915863122896042
1,ba,1,deepseek-r1,ecb6f9fc369894346f0511f4074ca75cee5cd5f3b06d02f1ba35fcd39f8e121d,nested,140-byte batch 32,140,32,49790330,48906130,4197760,1.018079533179174,0.01791804197164705
1,ba,2,deepseek-r1,ecb6f9fc369894346f0511f4074ca75cee5cd5f3b06d02f1ba35fcd39f8e121d,nested,140-byte batch 32,140,32,50674090,47139970,4197760,1.0749707732100806,0.07229347349848067
1,ba,3,deepseek-r1,ecb6f9fc369894346f0511f4074ca75cee5cd5f3b06d02f1ba35fcd39f8e121d,nested,140-byte batch 32,140,32,40204179,39520990,4197760,1.0172867380093464,0.017139022272692848
1,ba,4,deepseek-r1,ecb6f9fc369894346f0511f4074ca75cee5cd5f3b06d02f1ba35fcd39f8e121d,nested,140-byte batch 32,140,32,52941250,54074849,4197760,0.9790364833011369,-0.02118637126126656
1,ba,5,deepseek-r1,ecb6f9fc369894346f0511f4074ca75cee5cd5f3b06d02f1ba35fcd39f8e121d,nested,140-byte batch 32,140,32,49300600,46860660,4197760,1.0520679819703778,0.050757733872475355
1,ba,0,deepseek-r1,ecb6f9fc369894346f0511f4074ca75cee5cd5f3b06d02f1ba35fcd39f8e121d,nested,140-byte batch 512,140,512,17432630,16077550,4229120,1.0842839860550892,0.08091984846236802
1,ba,1,deepseek-r1,ecb6f9fc369894346f0511f4074ca75cee5cd5f3b06d02f1ba35fcd39f8e121d,nested,140-byte batch 512,140,512,16364000,15337300,4229120,1.0669413782086807,0.06479603004994326
1,ba,2,deepseek-r1,ecb6f9fc369894346f0511f4074ca75cee5cd5f3b06d02f1ba35fcd39f8e121d,nested,140-byte batch 512,140,512,16022240,15221450,4229120,1.0526093112022836,0.051272139805963395
1,ba,3,deepseek-r1,ecb6f9fc369894346f0511f4074ca75cee5cd5f3b06d02f1ba35fcd39f8e121d,nested,140-byte batch 512,140,512,15915570,14607290,4229120,1.0895634987735576,0.08577715619482405
1,ba,4,deepseek-r1,ecb6f9fc369894346f0511f4074ca75cee5cd5f3b06d02f1ba35fcd39f8e121d,nested,140-byte batch 512,140,512,14035720,12830440,4229120,1.0939391010752555,0.08978503615717875
1,ba,5,deepseek-r1,ecb6f9fc369894346f0511f4074ca75cee5cd5f3b06d02f1ba35fcd39f8e121d,nested,140-byte batch 512,140,512,14480520,13048460,4229120,1.1097493497316924,0.10413417877255891
1,ba,0,deepseek-r1,ecb6f9fc369894346f0511f4074ca75cee5cd5f3b06d02f1ba35fcd39f8e121d,nested,4 KiB single,4096,1,39828170,36521570,4194304,1.0905382764213039,0.08667140592554452
1,ba,1,deepseek-r1,ecb6f9fc369894346f0511f4074ca75cee5cd5f3b06d02f1ba35fcd39f8e121d,nested,4 KiB single,4096,1,42265839,38123120,4194304,1.1086668404894457,0.10315824888804306
1,ba,2,deepseek-r1,ecb6f9fc369894346f0511f4074ca75cee5cd5f3b06d02f1ba35fcd39f8e121d,nested,4 KiB single,4096,1,40770270,35208430,4194304,1.1579689864046763,0.1466675967582001
1,ba,3,deepseek-r1,ecb6f9fc369894346f0511f4074ca75cee5cd5f3b06d02f1ba35fcd39f8e121d,nested,4 KiB single,4096,1,37237000,33452270,4194304,1.1131382115473778,0.10718324387164893
1,ba,4,deepseek-r1,ecb6f9fc369894346f0511f4074ca75cee5cd5f3b06d02f1ba35fcd39f8e121d,nested,4 KiB single,4096,1,35748130,33882930,4194304,1.0550483680130378,0.05358661233496883
1,ba,5,deepseek-r1,ecb6f9fc369894346f0511f4074ca75cee5cd5f3b06d02f1ba35fcd39f8e121d,nested,4 KiB single,4096,1,39505480,38638090,4194304,1.022449091039438,0.02220081898083444
1,ba,0,deepseek-r1,ecb6f9fc369894346f0511f4074ca75cee5cd5f3b06d02f1ba35fcd39f8e121d,nested,64 KiB single,65536,1,35078260,33803050,4194304,1.03772470235674,0.03703053025733691
1,ba,1,deepseek-r1,ecb6f9fc369894346f0511f4074ca75cee5cd5f3b06d02f1ba35fcd39f8e121d,nested,64 KiB single,65536,1,36980049,35811130,4194304,1.032641220760138,0.032119812054740585
1,ba,2,deepseek-r1,ecb6f9fc369894346f0511f4074ca75cee5cd5f3b06d02f1ba35fcd39f8e121d,nested,64 KiB single,65536,1,35878720,36327000,4194304,0.9876598673163212,-0.012416904356549725
1,ba,3,deepseek-r1,ecb6f9fc369894346f0511f4074ca75cee5cd5f3b06d02f1ba35fcd39f8e121d,nested,64 KiB single,65536,1,34574690,32239530,4194304,1.0724315770112034,0.0699285721263262
1,ba,4,deepseek-r1,ecb6f9fc369894346f0511f4074ca75cee5cd5f3b06d02f1ba35fcd39f8e121d,nested,64 KiB single,65536,1,32845670,30505370,4194304,1.0767176402056424,0.07391719129002099
1,ba,5,deepseek-r1,ecb6f9fc369894346f0511f4074ca75cee5cd5f3b06d02f1ba35fcd39f8e121d,nested,64 KiB single,65536,1,36051929,31532380,4194304,1.1433304114690994,0.13394541694008805
1,ba,0,gemma-3,4667f2089529e8e7657cfb6d1c19910ae71ff5f28aa7ab2ff2763330affad795,flat-ragged,140-byte batch 1,140,1,263573138,267756778,4194400,0.9843752228001489,-0.015748130631505597
1,ba,1,gemma-3,4667f2089529e8e7657cfb6d1c19910ae71ff5f28aa7ab2ff2763330affad795,flat-ragged,140-byte batch 1,140,1,275876268,249238808,4194400,1.106875250342234,0.10154095572522026
1,ba,2,gemma-3,4667f2089529e8e7657cfb6d1c19910ae71ff5f28aa7ab2ff2763330affad795,flat-ragged,140-byte batch 1,140,1,257326298,247791128,4194400,1.0384806755470277,0.03775875611759312
1,ba,3,gemma-3,4667f2089529e8e7657cfb6d1c19910ae71ff5f28aa7ab2ff2763330affad795,flat-ragged,140-byte batch 1,140,1,195095848,172138189,4194400,1.133367610832713,0.1251933873490336
1,ba,4,gemma-3,4667f2089529e8e7657cfb6d1c19910ae71ff5f28aa7ab2ff2763330affad795,flat-ragged,140-byte batch 1,140,1,186456618,180508089,4194400,1.032954362505051,0.03242300959238909
1,ba,5,gemma-3,4667f2089529e8e7657cfb6d1c19910ae71ff5f28aa7ab2ff2763330affad795,flat-ragged,140-byte batch 1,140,1,198032048,210349828,4194400,0.9414414543757079,-0.0603431161686783
1,ba,0,gemma-3,4667f2089529e8e7657cfb6d1c19910ae71ff5f28aa7ab2ff2763330affad795,flat-ragged,140-byte batch 32,140,32,84151249,82735830,4197760,1.0171076908275412,0.016963002146281145
1,ba,1,gemma-3,4667f2089529e8e7657cfb6d1c19910ae71ff5f28aa7ab2ff2763330affad795,flat-ragged,140-byte batch 32,140,32,75000400,74779359,4197760,1.002955909263678,0.0029515491538366634
1,ba,2,gemma-3,4667f2089529e8e7657cfb6d1c19910ae71ff5f28aa7ab2ff2763330affad795,flat-ragged,140-byte batch 32,140,32,71595160,67730980,4197760,1.0570518837908442,0.055483791578265926
1,ba,3,gemma-3,4667f2089529e8e7657cfb6d1c19910ae71ff5f28aa7ab2ff2763330affad795,flat-ragged,140-byte batch 32,140,32,59798429,60847680,4197760,0.9827561050807525,-0.01739430245753752
1,ba,4,gemma-3,4667f2089529e8e7657cfb6d1c19910ae71ff5f28aa7ab2ff2763330affad795,flat-ragged,140-byte batch 32,140,32,66432739,65575180,4197760,1.013077493649274,0.012992721500826213
1,ba,5,gemma-3,4667f2089529e8e7657cfb6d1c19910ae71ff5f28aa7ab2ff2763330affad795,flat-ragged,140-byte batch 32,140,32,67200809,67794309,4197760,0.9912455778552149,-0.008792967223141433
1,ba,0,gemma-3,4667f2089529e8e7657cfb6d1c19910ae71ff5f28aa7ab2ff2763330affad795,flat-ragged,140-byte batch 512,140,512,64517439,69511730,4229120,0.9281518241597497,-0.07455995595712932
1,ba,1,gemma-3,4667f2089529e8e7657cfb6d1c19910ae71ff5f28aa7ab2ff2763330affad795,flat-ragged,140-byte batch 512,140,512,58710649,59591259,4229120,0.985222497145093,-0.014887777891829516
1,ba,2,gemma-3,4667f2089529e8e7657cfb6d1c19910ae71ff5f28aa7ab2ff2763330affad795,flat-ragged,140-byte batch 512,140,512,58094769,59559119,4229120,0.9754135046893491,-0.024893790518711174
1,ba,3,gemma-3,4667f2089529e8e7657cfb6d1c19910ae71ff5f28aa7ab2ff2763330affad795,flat-ragged,140-byte batch 512,140,512,47976819,48497060,4229120,0.9892727311717453,-0.010785220793339554
1,ba,4,gemma-3,4667f2089529e8e7657cfb6d1c19910ae71ff5f28aa7ab2ff2763330affad795,flat-ragged,140-byte batch 512,140,512,48419189,48058940,4229120,1.0074959830574708,0.007468027791021505
1,ba,5,gemma-3,4667f2089529e8e7657cfb6d1c19910ae71ff5f28aa7ab2ff2763330affad795,flat-ragged,140-byte batch 512,140,512,49600609,52380269,4229120,0.9469330713059149,-0.05452686273298652
1,ba,0,gemma-3,4667f2089529e8e7657cfb6d1c19910ae71ff5f28aa7ab2ff2763330affad795,flat-ragged,4 KiB single,4096,1,196336988,193380989,4194304,1.015285882109125,0.015170230086163299
1,ba,1,gemma-3,4667f2089529e8e7657cfb6d1c19910ae71ff5f28aa7ab2ff2763330affad795,flat-ragged,4 KiB single,4096,1,199231838,201847059,4194304,0.9870435516229147,-0.013041115270965704
1,ba,2,gemma-3,4667f2089529e8e7657cfb6d1c19910ae71ff5f28aa7ab2ff2763330affad795,flat-ragged,4 KiB single,4096,1,179815759,177216529,4194304,1.0146669727404491,0.01456045298087273
1,ba,3,gemma-3,4667f2089529e8e7657cfb6d1c19910ae71ff5f28aa7ab2ff2763330affad795,flat-ragged,4 KiB single,4096,1,204228338,169309109,4194304,1.2062454241608465,0.1875125802220782
1,ba,4,gemma-3,4667f2089529e8e7657cfb6d1c19910ae71ff5f28aa7ab2ff2763330affad795,flat-ragged,4 KiB single,4096,1,201721898,178754218,4194304,1.1284874855372644,0.12087822774765053
1,ba,5,gemma-3,4667f2089529e8e7657cfb6d1c19910ae71ff5f28aa7ab2ff2763330affad795,flat-ragged,4 KiB single,4096,1,189738989,174728669,4194304,1.085906451905726,0.08241507775150045
1,ba,0,gemma-3,4667f2089529e8e7657cfb6d1c19910ae71ff5f28aa7ab2ff2763330affad795,flat-ragged,64 KiB single,65536,1,93254509,90341460,4194304,1.0322448740589316,0.031735919977527706
1,ba,1,gemma-3,4667f2089529e8e7657cfb6d1c19910ae71ff5f28aa7ab2ff2763330affad795,flat-ragged,64 KiB single,65536,1,92162949,90106089,4194304,1.0228270921846359,0.022570452336566266
1,ba,2,gemma-3,4667f2089529e8e7657cfb6d1c19910ae71ff5f28aa7ab2ff2763330affad795,flat-ragged,64 KiB single,65536,1,82220270,82326899,4194304,0.9987048097123153,-0.0012960297715645139
1,ba,3,gemma-3,4667f2089529e8e7657cfb6d1c19910ae71ff5f28aa7ab2ff2763330affad795,flat-ragged,64 KiB single,65536,1,85585710,84771679,4194304,1.009602629198839,0.009556816999953742
1,ba,4,gemma-3,4667f2089529e8e7657cfb6d1c19910ae71ff5f28aa7ab2ff2763330affad795,flat-ragged,64 KiB single,65536,1,92619269,86648139,4194304,1.0689123859890401,0.06664166983380823
1,ba,5,gemma-3,4667f2089529e8e7657cfb6d1c19910ae71ff5f28aa7ab2ff2763330affad795,flat-ragged,64 KiB single,65536,1,98393369,97428390,4194304,1.0099044949834437,0.009855766959811083
1,ba,0,gemma-3,4667f2089529e8e7657cfb6d1c19910ae71ff5f28aa7ab2ff2763330affad795,nested,140-byte batch 1,140,1,254596738,240673228,4194400,1.0578523424300437,0.05624076077573338
1,ba,1,gemma-3,4667f2089529e8e7657cfb6d1c19910ae71ff5f28aa7ab2ff2763330affad795,nested,140-byte batch 1,140,1,235913478,204781948,4194400,1.152022823808669,0.14151937441135182
1,ba,2,gemma-3,4667f2089529e8e7657cfb6d1c19910ae71ff5f28aa7ab2ff2763330affad795,nested,140-byte batch 1,140,1,234519938,211595958,4194400,1.108338458903832,0.10286201000390055
1,ba,3,gemma-3,4667f2089529e8e7657cfb6d1c19910ae71ff5f28aa7ab2ff2763330affad795,nested,140-byte batch 1,140,1,179013549,194614479,4194400,0.9198367455486187,-0.08355907517588401
1,ba,4,gemma-3,4667f2089529e8e7657cfb6d1c19910ae71ff5f28aa7ab2ff2763330affad795,nested,140-byte batch 1,140,1,186678699,174972499,4194400,1.0669030851528274,0.06476013890931427
1,ba,5,gemma-3,4667f2089529e8e7657cfb6d1c19910ae71ff5f28aa7ab2ff2763330affad795,nested,140-byte batch 1,140,1,184812459,183310348,4194400,1.0081943600914445,0.008160968613298283
1,ba,0,gemma-3,4667f2089529e8e7657cfb6d1c19910ae71ff5f28aa7ab2ff2763330affad795,nested,140-byte batch 32,140,32,52158130,53151220,4197760,0.9813157628366762,-0.018860992679832194
1,ba,1,gemma-3,4667f2089529e8e7657cfb6d1c19910ae71ff5f28aa7ab2ff2763330affad795,nested,140-byte batch 32,140,32,51381020,51944899,4197760,0.9891446703939111,-0.010914678589163361
1,ba,2,gemma-3,4667f2089529e8e7657cfb6d1c19910ae71ff5f28aa7ab2ff2763330affad795,nested,140-byte batch 32,140,32,51309610,52327540,4197760,0.9805469548157624,-0.01964474584803386
1,ba,3,gemma-3,4667f2089529e8e7657cfb6d1c19910ae71ff5f28aa7ab2ff2763330affad795,nested,140-byte batch 32,140,32,50636060,51823810,4197760,0.9770809980972067,-0.023185725465636506
1,ba,4,gemma-3,4667f2089529e8e7657cfb6d1c19910ae71ff5f28aa7ab2ff2763330affad795,nested,140-byte batch 32,140,32,51355020,51156040,4197760,1.0038896677694364,0.003882122570972835
1,ba,5,gemma-3,4667f2089529e8e7657cfb6d1c19910ae71ff5f28aa7ab2ff2763330affad795,nested,140-byte batch 32,140,32,51242390,51553419,4197760,0.9939668598895448,-0.00605141303272159
1,ba,0,gemma-3,4667f2089529e8e7657cfb6d1c19910ae71ff5f28aa7ab2ff2763330affad795,nested,140-byte batch 512,140,512,40313200,41237169,4229120,0.9775937819591834,-0.022661051101417886
1,ba,1,gemma-3,4667f2089529e8e7657cfb6d1c19910ae71ff5f28aa7ab2ff2763330affad795,nested,140-byte batch 512,140,512,39911249,40957380,4229120,0.9744580585965216,-0.025873799856030184
1,ba,2,gemma-3,4667f2089529e8e7657cfb6d1c19910ae71ff5f28aa7ab2ff2763330affad795,nested,140-byte batch 512,140,512,39756109,39997780,4229120,0.9939578896628762,-0.006060437747234199
1,ba,3,gemma-3,4667f2089529e8e7657cfb6d1c19910ae71ff5f28aa7ab2ff2763330affad795,nested,140-byte batch 512,140,512,38841999,38967269,4229120,0.9967852507190073,-0.0032199276886289837
1,ba,4,gemma-3,4667f2089529e8e7657cfb6d1c19910ae71ff5f28aa7ab2ff2763330affad795,nested,140-byte batch 512,140,512,39117860,39414350,4229120,0.9924776128491273,-0.007550822998486713
1,ba,5,gemma-3,4667f2089529e8e7657cfb6d1c19910ae71ff5f28aa7ab2ff2763330affad795,nested,140-byte batch 512,140,512,39472929,40862769,4229120,0.9659876206627114,-0.034604259900685524
1,ba,0,gemma-3,4667f2089529e8e7657cfb6d1c19910ae71ff5f28aa7ab2ff2763330affad795,nested,4 KiB single,4096,1,161505519,163136409,4194304,0.9900029060955976,-0.01004740040771128
1,ba,1,gemma-3,4667f2089529e8e7657cfb6d1c19910ae71ff5f28aa7ab2ff2763330affad795,nested,4 KiB single,4096,1,160889039,170975229,4194304,0.9410078871717728,-0.06080375774030788
1,ba,2,gemma-3,4667f2089529e8e7657cfb6d1c19910ae71ff5f28aa7ab2ff2763330affad795,nested,4 KiB single,4096,1,163610919,162382028,4194304,1.007567900309756,0.007539407416163244
1,ba,3,gemma-3,4667f2089529e8e7657cfb6d1c19910ae71ff5f28aa7ab2ff2763330affad795,nested,4 KiB single,4096,1,157924839,147136969,4194304,1.0733185553115479,0.07075530245014433
1,ba,4,gemma-3,4667f2089529e8e7657cfb6d1c19910ae71ff5f28aa7ab2ff2763330affad795,nested,4 KiB single,4096,1,158088019,165185508,4194304,0.957033222309066,-0.043917173075241164
1,ba,5,gemma-3,4667f2089529e8e7657cfb6d1c19910ae71ff5f28aa7ab2ff2763330affad795,nested,4 KiB single,4096,1,153194399,140257639,4194304,1.0922356892090561,0.08822668664323237
1,ba,0,gemma-3,4667f2089529e8e7657cfb6d1c19910ae71ff5f28aa7ab2ff2763330affad795,nested,64 KiB single,65536,1,79500500,77025880,4194304,1.0321271240263663,0.03162184166915865
1,ba,1,gemma-3,4667f2089529e8e7657cfb6d1c19910ae71ff5f28aa7ab2ff2763330affad795,nested,64 KiB single,65536,1,78762499,78009929,4194304,1.0096471053063,0.009600869111694402
1,ba,2,gemma-3,4667f2089529e8e7657cfb6d1c19910ae71ff5f28aa7ab2ff2763330affad795,nested,64 KiB single,65536,1,83073950,80850630,4194304,1.0274991054491474,0.027127796778771307
1,ba,3,gemma-3,4667f2089529e8e7657cfb6d1c19910ae71ff5f28aa7ab2ff2763330affad795,nested,64 KiB single,65536,1,101637569,98977539,4194304,1.0268750872862176,0.02652029481118621
1,ba,4,gemma-3,4667f2089529e8e7657cfb6d1c19910ae71ff5f28aa7ab2ff2763330affad795,nested,64 KiB single,65536,1,104519309,104179149,4194304,1.0032651447364003,0.0032598257264055347
1,ba,5,gemma-3,4667f2089529e8e7657cfb6d1c19910ae71ff5f28aa7ab2ff2763330affad795,nested,64 KiB single,65536,1,83485889,87736479,4194304,0.9515527629049257,-0.04966014143976739
1,ba,0,glm-4-7,9340665016419c825c4bdabbcc9acc43b7ca2c68ce142724afa829abb1be5efd,flat-ragged,140-byte batch 1,140,1,73006349,75350489,4194400,0.968890181986742,-0.03160400479687788
1,ba,1,glm-4-7,9340665016419c825c4bdabbcc9acc43b7ca2c68ce142724afa829abb1be5efd,flat-ragged,140-byte batch 1,140,1,65623660,68962110,4194400,0.9515900833080658,-0.04962092167944395
1,ba,2,glm-4-7,9340665016419c825c4bdabbcc9acc43b7ca2c68ce142724afa829abb1be5efd,flat-ragged,140-byte batch 1,140,1,63489769,65135490,4194400,0.9747338816365702,-0.02559078715092262
1,ba,3,glm-4-7,9340665016419c825c4bdabbcc9acc43b7ca2c68ce142724afa829abb1be5efd,flat-ragged,140-byte batch 1,140,1,70235930,71355979,4194400,0.9843033616005745,-0.01582113513328226
1,ba,4,glm-4-7,9340665016419c825c4bdabbcc9acc43b7ca2c68ce142724afa829abb1be5efd,flat-ragged,140-byte batch 1,140,1,60189049,66300610,4194400,0.9078204408677386,-0.09670867228472303
1,ba,5,glm-4-7,9340665016419c825c4bdabbcc9acc43b7ca2c68ce142724afa829abb1be5efd,flat-ragged,140-byte batch 1,140,1,56706259,60637069,4194400,0.9351748020670326,-0.06702181308479885
1,ba,0,glm-4-7,9340665016419c825c4bdabbcc9acc43b7ca2c68ce142724afa829abb1be5efd,flat-ragged,140-byte batch 32,140,32,63211810,65147119,4197760,0.9702932527223499,-0.030156930780739853
1,ba,1,glm-4-7,9340665016419c825c4bdabbcc9acc43b7ca2c68ce142724afa829abb1be5efd,flat-ragged,140-byte batch 32,140,32,59888640,58556150,4197760,1.022755765192896,0.02250071476371606
1,ba,2,glm-4-7,9340665016419c825c4bdabbcc9acc43b7ca2c68ce142724afa829abb1be5efd,flat-ragged,140-byte batch 32,140,32,54807199,60024600,4197760,0.9130789542954055,-0.0909329242560594
1,ba,3,glm-4-7,9340665016419c825c4bdabbcc9acc43b7ca2c68ce142724afa829abb1be5efd,flat-ragged,140-byte batch 32,140,32,69913590,68288060,4197760,1.0238040149332108,0.023525116632807406
1,ba,4,glm-4-7,9340665016419c825c4bdabbcc9acc43b7ca2c68ce142724afa829abb1be5efd,flat-ragged,140-byte batch 32,140,32,62737640,61020679,4197760,1.0281373630732624,0.027748779772991342
1,ba,5,glm-4-7,9340665016419c825c4bdabbcc9acc43b7ca2c68ce142724afa829abb1be5efd,flat-ragged,140-byte batch 32,140,32,53162849,54521099,4197760,0.9750876261683573,-0.025227939029438384
1,ba,0,glm-4-7,9340665016419c825c4bdabbcc9acc43b7ca2c68ce142724afa829abb1be5efd,flat-ragged,140-byte batch 512,140,512,18336800,17887520,4229120,1.0251169530488295,0.024806706616843983
1,ba,1,glm-4-7,9340665016419c825c4bdabbcc9acc43b7ca2c68ce142724afa829abb1be5efd,flat-ragged,140-byte batch 512,140,512,17136970,17483420,4229120,0.9801840829769004,-0.020014885184853212
1,ba,2,glm-4-7,9340665016419c825c4bdabbcc9acc43b7ca2c68ce142724afa829abb1be5efd,flat-ragged,140-byte batch 512,140,512,16777400,17210380,4229120,0.9748419267906926,-0.025479947496710648
1,ba,3,glm-4-7,9340665016419c825c4bdabbcc9acc43b7ca2c68ce142724afa829abb1be5efd,flat-ragged,140-byte batch 512,140,512,14433430,14257720,4229120,1.0123238498160996,0.012248529372794026
1,ba,4,glm-4-7,9340665016419c825c4bdabbcc9acc43b7ca2c68ce142724afa829abb1be5efd,flat-ragged,140-byte batch 512,140,512,13838720,14206440,4229120,0.9741159643091443,-0.026224922561014042
1,ba,5,glm-4-7,9340665016419c825c4bdabbcc9acc43b7ca2c68ce142724afa829abb1be5efd,flat-ragged,140-byte batch 512,140,512,13462050,13474950,4229120,0.999042668061848,-0.0009577904730419421
1,ba,0,glm-4-7,9340665016419c825c4bdabbcc9acc43b7ca2c68ce142724afa829abb1be5efd,flat-ragged,4 KiB single,4096,1,48886280,49754139,4194304,0.9825570491733361,-0.017596871608073376
1,ba,1,glm-4-7,9340665016419c825c4bdabbcc9acc43b7ca2c68ce142724afa829abb1be5efd,flat-ragged,4 KiB single,4096,1,47364330,44788919,4194304,1.057501075210143,0.05590864868495926
1,ba,2,glm-4-7,9340665016419c825c4bdabbcc9acc43b7ca2c68ce142724afa829abb1be5efd,flat-ragged,4 KiB single,4096,1,43879799,41695510,4194304,1.0523866718502783,0.051060605575372967
1,ba,3,glm-4-7,9340665016419c825c4bdabbcc9acc43b7ca2c68ce142724afa829abb1be5efd,flat-ragged,4 KiB single,4096,1,39968910,39079910,4194304,1.0227482611909802,0.02249337769488697
1,ba,4,glm-4-7,9340665016419c825c4bdabbcc9acc43b7ca2c68ce142724afa829abb1be5efd,flat-ragged,4 KiB single,4096,1,47955999,45575239,4194304,1.0522380145938455,0.050919338338855605
1,ba,5,glm-4-7,9340665016419c825c4bdabbcc9acc43b7ca2c68ce142724afa829abb1be5efd,flat-ragged,4 KiB single,4096,1,45318349,44495729,4194304,1.018487617092418,0.01831879862595248
1,ba,0,glm-4-7,9340665016419c825c4bdabbcc9acc43b7ca2c68ce142724afa829abb1be5efd,flat-ragged,64 KiB single,65536,1,18581790,18134370,4194304,1.0246724865545371,0.024373036218635354
1,ba,1,glm-4-7,9340665016419c825c4bdabbcc9acc43b7ca2c68ce142724afa829abb1be5efd,flat-ragged,64 KiB single,65536,1,17478370,17158800,4194304,1.0186242627689581,0.018452954906808684
1,ba,2,glm-4-7,9340665016419c825c4bdabbcc9acc43b7ca2c68ce142724afa829abb1be5efd,flat-ragged,64 KiB single,65536,1,16844830,16876130,4194304,0.9981453093807644,-0.0018564126874807735
1,ba,3,glm-4-7,9340665016419c825c4bdabbcc9acc43b7ca2c68ce142724afa829abb1be5efd,flat-ragged,64 KiB single,65536,1,17502920,16995340,4194304,1.0298658338109152,0.029428535321172917
1,ba,4,glm-4-7,9340665016419c825c4bdabbcc9acc43b7ca2c68ce142724afa829abb1be5efd,flat-ragged,64 KiB single,65536,1,16893250,16411559,4194304,1.0293507155535924,0.02892823022385174
1,ba,5,glm-4-7,9340665016419c825c4bdabbcc9acc43b7ca2c68ce142724afa829abb1be5efd,flat-ragged,64 KiB single,65536,1,16574009,16386520,4194304,1.0114416605844316,0.011376699822371748
1,ba,0,glm-4-7,9340665016419c825c4bdabbcc9acc43b7ca2c68ce142724afa829abb1be5efd,nested,140-byte batch 1,140,1,71709289,74043829,4194400,0.9684708363744938,-0.03203690874696552
1,ba,1,glm-4-7,9340665016419c825c4bdabbcc9acc43b7ca2c68ce142724afa829abb1be5efd,nested,140-byte batch 1,140,1,61100200,57109849,4194400,1.069871503249816,0.06753855084165022
1,ba,2,glm-4-7,9340665016419c825c4bdabbcc9acc43b7ca2c68ce142724afa829abb1be5efd,nested,140-byte batch 1,140,1,63447710,62798359,4194400,1.0103402542732047,0.01028715953903125
1,ba,3,glm-4-7,9340665016419c825c4bdabbcc9acc43b7ca2c68ce142724afa829abb1be5efd,nested,140-byte batch 1,140,1,67795380,72644480,4194400,0.9332488855312888,-0.06908335536839923
1,ba,4,glm-4-7,9340665016419c825c4bdabbcc9acc43b7ca2c68ce142724afa829abb1be5efd,nested,140-byte batch 1,140,1,59795270,63755410,4194400,0.9378854280758292,-0.06412748234470687
1,ba,5,glm-4-7,9340665016419c825c4bdabbcc9acc43b7ca2c68ce142724afa829abb1be5efd,nested,140-byte batch 1,140,1,59446839,58915479,4194400,1.0090190219789268,0.008978593501922785
1,ba,0,glm-4-7,9340665016419c825c4bdabbcc9acc43b7ca2c68ce142724afa829abb1be5efd,nested,140-byte batch 32,140,32,68419759,79231979,4197760,0.8635371710203023,-0.14671833539624204
1,ba,1,glm-4-7,9340665016419c825c4bdabbcc9acc43b7ca2c68ce142724afa829abb1be5efd,nested,140-byte batch 32,140,32,64172680,65622289,4197760,0.9779098074436263,-0.022337834627761996
1,ba,2,glm-4-7,9340665016419c825c4bdabbcc9acc43b7ca2c68ce142724afa829abb1be5efd,nested,140-byte batch 32,140,32,61572350,69098900,4197760,0.8910756900616363,-0.11532590555521155
1,ba,3,glm-4-7,9340665016419c825c4bdabbcc9acc43b7ca2c68ce142724afa829abb1be5efd,nested,140-byte batch 32,140,32,64388860,69299109,4197760,0.9291441250709298,-0.07349141218950052
1,ba,4,glm-4-7,9340665016419c825c4bdabbcc9acc43b7ca2c68ce142724afa829abb1be5efd,nested,140-byte batch 32,140,32,57728909,65558329,4197760,0.8805732220539056,-0.12718219487379787
1,ba,5,glm-4-7,9340665016419c825c4bdabbcc9acc43b7ca2c68ce142724afa829abb1be5efd,nested,140-byte batch 32,140,32,52970220,62496489,4197760,0.8475711331559762,-0.16538051032229725
1,ba,0,glm-4-7,9340665016419c825c4bdabbcc9acc43b7ca2c68ce142724afa829abb1be5efd,nested,140-byte batch 512,140,512,19890830,21281020,4229120,0.9346746537524987,-0.06755677414800655
1,ba,1,glm-4-7,9340665016419c825c4bdabbcc9acc43b7ca2c68ce142724afa829abb1be5efd,nested,140-byte batch 512,140,512,18640129,19241600,4229120,0.9687411130051555,-0.031757872028756205
1,ba,2,glm-4-7,9340665016419c825c4bdabbcc9acc43b7ca2c68ce142724afa829abb1be5efd,nested,140-byte batch 512,140,512,18841710,18676060,4229120,1.008869643811382,0.008830539577689905
1,ba,3,glm-4-7,9340665016419c825c4bdabbcc9acc43b7ca2c68ce142724afa829abb1be5efd,nested,140-byte batch 512,140,512,15614169,17643280,4229120,0.8849924163760934,-0.12217620307748335
1,ba,4,glm-4-7,9340665016419c825c4bdabbcc9acc43b7ca2c68ce142724afa829abb1be5efd,nested,140-byte batch 512,140,512,15379339,15941500,4229120,0.9647360035128438,-0.035900786559938225
1,ba,5,glm-4-7,9340665016419c825c4bdabbcc9acc43b7ca2c68ce142724afa829abb1be5efd,nested,140-byte batch 512,140,512,16173970,15781970,4229120,1.0248384707359095,0.024535010645895503
1,ba,0,glm-4-7,9340665016419c825c4bdabbcc9acc43b7ca2c68ce142724afa829abb1be5efd,nested,4 KiB single,4096,1,50889580,53344570,4194304,0.9539786336266278,-0.047114004402449054
1,ba,1,glm-4-7,9340665016419c825c4bdabbcc9acc43b7ca2c68ce142724afa829abb1be5efd,nested,4 KiB single,4096,1,47538679,46305050,4194304,1.026641349053721,0.026292648000700837
1,ba,2,glm-4-7,9340665016419c825c4bdabbcc9acc43b7ca2c68ce142724afa829abb1be5efd,nested,4 KiB single,4096,1,44569010,51793500,4194304,0.8605135779586242,-0.1502258843049753
1,ba,3,glm-4-7,9340665016419c825c4bdabbcc9acc43b7ca2c68ce142724afa829abb1be5efd,nested,4 KiB single,4096,1,42890240,42180520,4194304,1.016825776448465,0.016685791130859776
1,ba,4,glm-4-7,9340665016419c825c4bdabbcc9acc43b7ca2c68ce142724afa829abb1be5efd,nested,4 KiB single,4096,1,47627140,52578959,4194304,0.9058212810945915,-0.09891325388276181
1,ba,5,glm-4-7,9340665016419c825c4bdabbcc9acc43b7ca2c68ce142724afa829abb1be5efd,nested,4 KiB single,4096,1,44985529,49860540,4194304,0.902227071748521,-0.10288904808635328
1,ba,0,glm-4-7,9340665016419c825c4bdabbcc9acc43b7ca2c68ce142724afa829abb1be5efd,nested,64 KiB single,65536,1,47403269,45287200,4194304,1.0467255427582187,0.045666760712905846
1,ba,1,glm-4-7,9340665016419c825c4bdabbcc9acc43b7ca2c68ce142724afa829abb1be5efd,nested,64 KiB single,65536,1,44613180,43200929,4194304,1.0326902923777403,0.03216733141645016
1,ba,2,glm-4-7,9340665016419c825c4bdabbcc9acc43b7ca2c68ce142724afa829abb1be5efd,nested,64 KiB single,65536,1,41323579,44189500,4194304,0.935144751581258,-0.06705394715057239
1,ba,3,glm-4-7,9340665016419c825c4bdabbcc9acc43b7ca2c68ce142724afa829abb1be5efd,nested,64 KiB single,65536,1,39368860,39028160,4194304,1.0087295942211982,0.008691711620414043
1,ba,4,glm-4-7,9340665016419c825c4bdabbcc9acc43b7ca2c68ce142724afa829abb1be5efd,nested,64 KiB single,65536,1,40815229,39073170,4194304,1.0445845320459026,0.0436192293725219
1,ba,5,glm-4-7,9340665016419c825c4bdabbcc9acc43b7ca2c68ce142724afa829abb1be5efd,nested,64 KiB single,65536,1,42791210,42843840,4194304,0.9987715853667645,-0.0012291697529545251
1,ba,0,gpt-2,8414cab924d8b9b33013f0d221c5862f365ee9be39c5c2bfae8a5a9e970478a6,flat-ragged,140-byte batch 1,140,1,35142709,35290620,4194400,0.995808772982736,-0.00420003482819081
1,ba,1,gpt-2,8414cab924d8b9b33013f0d221c5862f365ee9be39c5c2bfae8a5a9e970478a6,flat-ragged,140-byte batch 1,140,1,33385450,34478680,4194400,0.9682925796463205,-0.032220985673658886
1,ba,2,gpt-2,8414cab924d8b9b33013f0d221c5862f365ee9be39c5c2bfae8a5a9e970478a6,flat-ragged,140-byte batch 1,140,1,41671640,41382789,4194400,1.006979979043945,0.006955731755210048
1,ba,3,gpt-2,8414cab924d8b9b33013f0d221c5862f365ee9be39c5c2bfae8a5a9e970478a6,flat-ragged,140-byte batch 1,140,1,36036800,35544390,4194400,1.0138533816447546,0.013758300675562031
1,ba,4,gpt-2,8414cab924d8b9b33013f0d221c5862f365ee9be39c5c2bfae8a5a9e970478a6,flat-ragged,140-byte batch 1,140,1,33640240,34039400,4194400,0.9882735888411665,-0.011795707784703353
1,ba,5,gpt-2,8414cab924d8b9b33013f0d221c5862f365ee9be39c5c2bfae8a5a9e970478a6,flat-ragged,140-byte batch 1,140,1,26054169,24857260,4194400,1.048151284574406,0.047027930990525886
1,ba,0,gpt-2,8414cab924d8b9b33013f0d221c5862f365ee9be39c5c2bfae8a5a9e970478a6,flat-ragged,140-byte batch 32,140,32,30565659,32116500,4197760,0.951712017187427,-0.04949279290840305
1,ba,1,gpt-2,8414cab924d8b9b33013f0d221c5862f365ee9be39c5c2bfae8a5a9e970478a6,flat-ragged,140-byte batch 32,140,32,26851350,28028520,4197760,0.9580009932739938,-0.04290646419136119
1,ba,2,gpt-2,8414cab924d8b9b33013f0d221c5862f365ee9be39c5c2bfae8a5a9e970478a6,flat-ragged,140-byte batch 32,140,32,35223909,36566290,4197760,0.9632891113645929,-0.0374016927553049
1,ba,3,gpt-2,8414cab924d8b9b33013f0d221c5862f365ee9be39c5c2bfae8a5a9e970478a6,flat-ragged,140-byte batch 32,140,32,31646450,30391790,4197760,1.0412828596143893,0.04045347185393171
1,ba,4,gpt-2,8414cab924d8b9b33013f0d221c5862f365ee9be39c5c2bfae8a5a9e970478a6,flat-ragged,140-byte batch 32,140,32,28613549,27514979,4197760,1.0399262525332111,0.03914979961321712
1,ba,5,gpt-2,8414cab924d8b9b33013f0d221c5862f365ee9be39c5c2bfae8a5a9e970478a6,flat-ragged,140-byte batch 32,140,32,21280640,20866890,4197760,1.0198280625431007,0.01963404695309709
1,ba,0,gpt-2,8414cab924d8b9b33013f0d221c5862f365ee9be39c5c2bfae8a5a9e970478a6,flat-ragged,140-byte batch 512,140,512,11052380,11106019,4229120,0.9951702765860566,-0.004841424217703843
1,ba,1,gpt-2,8414cab924d8b9b33013f0d221c5862f365ee9be39c5c2bfae8a5a9e970478a6,flat-ragged,140-byte batch 512,140,512,10467040,10638290,4229120,0.9839024880878412,-0.01622848431206859
1,ba,2,gpt-2,8414cab924d8b9b33013f0d221c5862f365ee9be39c5c2bfae8a5a9e970478a6,flat-ragged,140-byte batch 512,140,512,10022020,10135120,4229120,0.9888407833355698,-0.01122194784653757
1,ba,3,gpt-2,8414cab924d8b9b33013f0d221c5862f365ee9be39c5c2bfae8a5a9e970478a6,flat-ragged,140-byte batch 512,140,512,8723309,9048180,4229120,0.9640954313464144,-0.03656499409866113
1,ba,4,gpt-2,8414cab924d8b9b33013f0d221c5862f365ee9be39c5c2bfae8a5a9e970478a6,flat-ragged,140-byte batch 512,140,512,8261150,8343710,4229120,0.9901051211032023,-0.009944158557982457
1,ba,5,gpt-2,8414cab924d8b9b33013f0d221c5862f365ee9be39c5c2bfae8a5a9e970478a6,flat-ragged,140-byte batch 512,140,512,8019360,8301519,4229120,0.9660111601262371,-0.03457989191064229
1,ba,0,gpt-2,8414cab924d8b9b33013f0d221c5862f365ee9be39c5c2bfae8a5a9e970478a6,flat-ragged,4 KiB single,4096,1,22984930,24225470,4194304,0.9487919119835446,-0.05256577524429219
1,ba,1,gpt-2,8414cab924d8b9b33013f0d221c5862f365ee9be39c5c2bfae8a5a9e970478a6,flat-ragged,4 KiB single,4096,1,22005910,22815900,4194304,0.9644988801669011,-0.036146607687414956
1,ba,2,gpt-2,8414cab924d8b9b33013f0d221c5862f365ee9be39c5c2bfae8a5a9e970478a6,flat-ragged,4 KiB single,4096,1,21686130,22767510,4194304,0.9525033699337345,-0.04866163399936696
1,ba,3,gpt-2,8414cab924d8b9b33013f0d221c5862f365ee9be39c5c2bfae8a5a9e970478a6,flat-ragged,4 KiB single,4096,1,26271350,27687800,4194304,0.9488420892956465,-0.05251289116645658
1,ba,4,gpt-2,8414cab924d8b9b33013f0d221c5862f365ee9be39c5c2bfae8a5a9e970478a6,flat-ragged,4 KiB single,4096,1,27145040,27782060,4194304,0.9770708147631961,-0.023196147720390376
1,ba,5,gpt-2,8414cab924d8b9b33013f0d221c5862f365ee9be39c5c2bfae8a5a9e970478a6,flat-ragged,4 KiB single,4096,1,23968440,25204350,4194304,0.950964416856614,-0.050278633691322856
1,ba,0,gpt-2,8414cab924d8b9b33013f0d221c5862f365ee9be39c5c2bfae8a5a9e970478a6,flat-ragged,64 KiB single,65536,1,22467340,23277530,4194304,0.9651943311854823,-0.035425818450453145
1,ba,1,gpt-2,8414cab924d8b9b33013f0d221c5862f365ee9be39c5c2bfae8a5a9e970478a6,flat-ragged,64 KiB single,65536,1,19948860,20955040,4194304,0.9519838664111354,-0.04920719138150123
1,ba,2,gpt-2,8414cab924d8b9b33013f0d221c5862f365ee9be39c5c2bfae8a5a9e970478a6,flat-ragged,64 KiB single,65536,1,18018639,19189930,4194304,0.9389632479117954,-0.06297894014390017
1,ba,3,gpt-2,8414cab924d8b9b33013f0d221c5862f365ee9be39c5c2bfae8a5a9e970478a6,flat-ragged,64 KiB single,65536,1,21107310,22948310,4194304,0.9197762275304805,-0.08362486946962479
1,ba,4,gpt-2,8414cab924d8b9b33013f0d221c5862f365ee9be39c5c2bfae8a5a9e970478a6,flat-ragged,64 KiB single,65536,1,23590720,25014619,4194304,0.9430773261027882,-0.058606999601503486
1,ba,5,gpt-2,8414cab924d8b9b33013f0d221c5862f365ee9be39c5c2bfae8a5a9e970478a6,flat-ragged,64 KiB single,65536,1,21891540,23315029,4194304,0.9389454330080396,-0.06299791327495537
1,ba,0,gpt-2,8414cab924d8b9b33013f0d221c5862f365ee9be39c5c2bfae8a5a9e970478a6,nested,140-byte batch 1,140,1,37642070,35792959,4194400,1.0516613057892197,0.05037110980578573
1,ba,1,gpt-2,8414cab924d8b9b33013f0d221c5862f365ee9be39c5c2bfae8a5a9e970478a6,nested,140-byte batch 1,140,1,33266560,31598710,4194400,1.0527822180082669,0.05143639125655873
1,ba,2,gpt-2,8414cab924d8b9b33013f0d221c5862f365ee9be39c5c2bfae8a5a9e970478a6,nested,140-byte batch 1,140,1,40738920,39527690,4194400,1.0306425698035984,0.030182461903672974
1,ba,3,gpt-2,8414cab924d8b9b33013f0d221c5862f365ee9be39c5c2bfae8a5a9e970478a6,nested,140-byte batch 1,140,1,35067030,37983249,4194400,0.9232235504656277,-0.0798838739505168
1,ba,4,gpt-2,8414cab924d8b9b33013f0d221c5862f365ee9be39c5c2bfae8a5a9e970478a6,nested,140-byte batch 1,140,1,33412410,34240240,4194400,0.9758228914283311,-0.024474172736054355
1,ba,5,gpt-2,8414cab924d8b9b33013f0d221c5862f365ee9be39c5c2bfae8a5a9e970478a6,nested,140-byte batch 1,140,1,25078540,25446240,4194400,0.9855499280050806,-0.01455549105970038
1,ba,0,gpt-2,8414cab924d8b9b33013f0d221c5862f365ee9be39c5c2bfae8a5a9e970478a6,nested,140-byte batch 32,140,32,37714640,35250230,4197760,1.0699118842628828,0.06757629392658783
1,ba,1,gpt-2,8414cab924d8b9b33013f0d221c5862f365ee9be39c5c2bfae8a5a9e970478a6,nested,140-byte batch 32,140,32,35059540,34083000,4197760,1.0286518205557023,0.02824903278605012
1,ba,2,gpt-2,8414cab924d8b9b33013f0d221c5862f365ee9be39c5c2bfae8a5a9e970478a6,nested,140-byte batch 32,140,32,43542410,41688600,4197760,1.0444680320279405,0.043507695541266135
1,ba,3,gpt-2,8414cab924d8b9b33013f0d221c5862f365ee9be39c5c2bfae8a5a9e970478a6,nested,140-byte batch 32,140,32,41153959,37536920,4197760,1.0963595041894754,0.091995149512159
1,ba,4,gpt-2,8414cab924d8b9b33013f0d221c5862f365ee9be39c5c2bfae8a5a9e970478a6,nested,140-byte batch 32,140,32,35871890,33246020,4197760,1.078982988038869,0.07601891973731255
1,ba,5,gpt-2,8414cab924d8b9b33013f0d221c5862f365ee9be39c5c2bfae8a5a9e970478a6,nested,140-byte batch 32,140,32,28777510,28627070,4197760,1.0052551658273097,0.005241405630398318
1,ba,0,gpt-2,8414cab924d8b9b33013f0d221c5862f365ee9be39c5c2bfae8a5a9e970478a6,nested,140-byte batch 512,140,512,13374520,13941860,4229120,0.9593067209109832,-0.04154442112525298
1,ba,1,gpt-2,8414cab924d8b9b33013f0d221c5862f365ee9be39c5c2bfae8a5a9e970478a6,nested,140-byte batch 512,140,512,12739310,12391800,4229120,1.0280435449248697,0.0276575250121939
1,ba,2,gpt-2,8414cab924d8b9b33013f0d221c5862f365ee9be39c5c2bfae8a5a9e970478a6,nested,140-byte batch 512,140,512,12833300,12260670,4229120,1.0467046254405346,0.0456467769389041
1,ba,3,gpt-2,8414cab924d8b9b33013f0d221c5862f365ee9be39c5c2bfae8a5a9e970478a6,nested,140-byte batch 512,140,512,10908559,10869480,4229120,1.0035952961871222,0.0035888485592522295
1,ba,4,gpt-2,8414cab924d8b9b33013f0d221c5862f365ee9be39c5c2bfae8a5a9e970478a6,nested,140-byte batch 512,140,512,10670749,10672850,4229120,0.9998031453641717,-0.0001968740142453224
1,ba,5,gpt-2,8414cab924d8b9b33013f0d221c5862f365ee9be39c5c2bfae8a5a9e970478a6,nested,140-byte batch 512,140,512,10425460,10347230,4229120,1.007560477538433,0.007532040370564999
1,ba,0,gpt-2,8414cab924d8b9b33013f0d221c5862f365ee9be39c5c2bfae8a5a9e970478a6,nested,4 KiB single,4096,1,22323120,27451250,4194304,0.8131913847274714,-0.20678879156902422
1,ba,1,gpt-2,8414cab924d8b9b33013f0d221c5862f365ee9be39c5c2bfae8a5a9e970478a6,nested,4 KiB single,4096,1,22560900,26346160,4194304,0.8563259313691255,-0.15510421436620808
1,ba,2,gpt-2,8414cab924d8b9b33013f0d221c5862f365ee9be39c5c2bfae8a5a9e970478a6,nested,4 KiB single,4096,1,20439430,23614680,4194304,0.8655391476827127,-0.14440267409737023
1,ba,3,gpt-2,8414cab924d8b9b33013f0d221c5862f365ee9be39c5c2bfae8a5a9e970478a6,nested,4 KiB single,4096,1,29690660,29640159,4194304,1.0017038032758192,0.0017023534495966951
1,ba,4,gpt-2,8414cab924d8b9b33013f0d221c5862f365ee9be39c5c2bfae8a5a9e970478a6,nested,4 KiB single,4096,1,26002980,26682919,4194304,0.9745178179343872,-0.025812476020672392
1,ba,5,gpt-2,8414cab924d8b9b33013f0d221c5862f365ee9be39c5c2bfae8a5a9e970478a6,nested,4 KiB single,4096,1,26738720,27323360,4194304,0.9786029243841168,-0.021629311797104395
1,ba,0,gpt-2,8414cab924d8b9b33013f0d221c5862f365ee9be39c5c2bfae8a5a9e970478a6,nested,64 KiB single,65536,1,24305310,22710470,4194304,1.070224878657289,0.06786879336126013
1,ba,1,gpt-2,8414cab924d8b9b33013f0d221c5862f365ee9be39c5c2bfae8a5a9e970478a6,nested,64 KiB single,65536,1,21667949,20556770,4194304,1.0540541631783593,0.052643837013603666
1,ba,2,gpt-2,8414cab924d8b9b33013f0d221c5862f365ee9be39c5c2bfae8a5a9e970478a6,nested,64 KiB single,65536,1,20902600,20838730,4194304,1.003064966051194,0.003060278618186312
1,ba,3,gpt-2,8414cab924d8b9b33013f0d221c5862f365ee9be39c5c2bfae8a5a9e970478a6,nested,64 KiB single,65536,1,23779640,23135170,4194304,1.0278567220383512,0.027475781870238192
1,ba,4,gpt-2,8414cab924d8b9b33013f0d221c5862f365ee9be39c5c2bfae8a5a9e970478a6,nested,64 KiB single,65536,1,24020040,23639690,4194304,1.0160894664862357,0.01596140284464292
1,ba,5,gpt-2,8414cab924d8b9b33013f0d221c5862f365ee9be39c5c2bfae8a5a9e970478a6,nested,64 KiB single,65536,1,22723520,23244090,4194304,0.977604199605147,-0.022650394742254394
1,ba,0,gpt-oss,0614fe83cadab421296e664e1f48f4261fa8fef6e03e63bb75c20f38e37d07d3,flat-ragged,140-byte batch 1,140,1,56991140,64834639,4194400,0.8790230173102375,-0.12894419584886052
1,ba,1,gpt-oss,0614fe83cadab421296e664e1f48f4261fa8fef6e03e63bb75c20f38e37d07d3,flat-ragged,140-byte batch 1,140,1,51158160,59468390,4194400,0.8602580295178666,-0.15052290041277944
1,ba,2,gpt-oss,0614fe83cadab421296e664e1f48f4261fa8fef6e03e63bb75c20f38e37d07d3,flat-ragged,140-byte batch 1,140,1,51652980,59125549,4194400,0.8736152285029946,-0.1351152422489767
1,ba,3,gpt-oss,0614fe83cadab421296e664e1f48f4261fa8fef6e03e63bb75c20f38e37d07d3,flat-ragged,140-byte batch 1,140,1,54575970,62111219,4194400,0.8786813538468791,-0.12933295686381618
1,ba,4,gpt-oss,0614fe83cadab421296e664e1f48f4261fa8fef6e03e63bb75c20f38e37d07d3,flat-ragged,140-byte batch 1,140,1,50400380,54475450,4194400,0.9251943765494365,-0.07775142673515721
1,ba,5,gpt-oss,0614fe83cadab421296e664e1f48f4261fa8fef6e03e63bb75c20f38e37d07d3,flat-ragged,140-byte batch 1,140,1,44827999,49580810,4194400,0.9041401098529854,-0.10077094182405358
1,ba,0,gpt-oss,0614fe83cadab421296e664e1f48f4261fa8fef6e03e63bb75c20f38e37d07d3,flat-ragged,140-byte batch 32,140,32,51896030,66424260,4197760,0.7812812668142634,-0.24682005721010847
1,ba,1,gpt-oss,0614fe83cadab421296e664e1f48f4261fa8fef6e03e63bb75c20f38e37d07d3,flat-ragged,140-byte batch 32,140,32,45079660,55692700,4197760,0.8094357070136661,-0.21141793210242468
1,ba,2,gpt-oss,0614fe83cadab421296e664e1f48f4261fa8fef6e03e63bb75c20f38e37d07d3,flat-ragged,140-byte batch 32,140,32,46349820,59483149,4197760,0.779209251346125,-0.24947565384682333
1,ba,3,gpt-oss,0614fe83cadab421296e664e1f48f4261fa8fef6e03e63bb75c20f38e37d07d3,flat-ragged,140-byte batch 32,140,32,50647039,59591840,4197760,0.8498988955534852,-0.16263788298012435
1,ba,4,gpt-oss,0614fe83cadab421296e664e1f48f4261fa8fef6e03e63bb75c20f38e37d07d3,flat-ragged,140-byte batch 32,140,32,44830809,57221349,4197760,0.7834629868652695,-0.24403145906101026
1,ba,5,gpt-oss,0614fe83cadab421296e664e1f48f4261fa8fef6e03e63bb75c20f38e37d07d3,flat-ragged,140-byte batch 32,140,32,43976660,45976720,4197760,0.9564984191999777,-0.04447614279532515
1,ba,0,gpt-oss,0614fe83cadab421296e664e1f48f4261fa8fef6e03e63bb75c20f38e37d07d3,flat-ragged,140-byte batch 512,140,512,17305030,17213320,4229120,1.0053278507574366,0.005313707972116133
1,ba,1,gpt-oss,0614fe83cadab421296e664e1f48f4261fa8fef6e03e63bb75c20f38e37d07d3,flat-ragged,140-byte batch 512,140,512,16238740,16281700,4229120,0.9973614548849321,-0.0026420322104863544
1,ba,2,gpt-oss,0614fe83cadab421296e664e1f48f4261fa8fef6e03e63bb75c20f38e37d07d3,flat-ragged,140-byte batch 512,140,512,16067450,15434440,4229120,1.0410128258621627,0.04019411026986495
1,ba,3,gpt-oss,0614fe83cadab421296e664e1f48f4261fa8fef6e03e63bb75c20f38e37d07d3,flat-ragged,140-byte batch 512,140,512,12757079,12504180,4229120,1.020225156707597,0.020023344806471048
1,ba,4,gpt-oss,0614fe83cadab421296e664e1f48f4261fa8fef6e03e63bb75c20f38e37d07d3,flat-ragged,140-byte batch 512,140,512,12309080,12187420,4229120,1.0099824245000173,0.009932929216629093
1,ba,5,gpt-oss,0614fe83cadab421296e664e1f48f4261fa8fef6e03e63bb75c20f38e37d07d3,flat-ragged,140-byte batch 512,140,512,12523100,12151010,4229120,1.0306221458133933,0.030162644953379298
1,ba,0,gpt-oss,0614fe83cadab421296e664e1f48f4261fa8fef6e03e63bb75c20f38e37d07d3,flat-ragged,4 KiB single,4096,1,49664970,47192720,4194304,1.0523862578804528,0.05106021221244086
1,ba,1,gpt-oss,0614fe83cadab421296e664e1f48f4261fa8fef6e03e63bb75c20f38e37d07d3,flat-ragged,4 KiB single,4096,1,45345220,42105200,4194304,1.0769505904258856,0.07413352007997888
1,ba,2,gpt-oss,0614fe83cadab421296e664e1f48f4261fa8fef6e03e63bb75c20f38e37d07d3,flat-ragged,4 KiB single,4096,1,40785939,37845840,4194304,1.0776861869098426,0.07481632334433772
1,ba,3,gpt-oss,0614fe83cadab421296e664e1f48f4261fa8fef6e03e63bb75c20f38e37d07d3,flat-ragged,4 KiB single,4096,1,39506709,40068519,4194304,0.9859787680198512,-0.014120458059776457
1,ba,4,gpt-oss,0614fe83cadab421296e664e1f48f4261fa8fef6e03e63bb75c20f38e37d07d3,flat-ragged,4 KiB single,4096,1,49518850,46697240,4194304,1.060423485413699,0.05866834288051622
1,ba,5,gpt-oss,0614fe83cadab421296e664e1f48f4261fa8fef6e03e63bb75c20f38e37d07d3,flat-ragged,4 KiB single,4096,1,44551190,43126470,4194304,1.0330358594153428,0.03250190339301737
1,ba,0,gpt-oss,0614fe83cadab421296e664e1f48f4261fa8fef6e03e63bb75c20f38e37d07d3,flat-ragged,64 KiB single,65536,1,19759590,19638850,4194304,1.0061480178320015,0.00612919587612203
1,ba,1,gpt-oss,0614fe83cadab421296e664e1f48f4261fa8fef6e03e63bb75c20f38e37d07d3,flat-ragged,64 KiB single,65536,1,18834880,19108059,4194304,0.9857034667937753,-0.014399713228793068
1,ba,2,gpt-oss,0614fe83cadab421296e664e1f48f4261fa8fef6e03e63bb75c20f38e37d07d3,flat-ragged,64 KiB single,65536,1,18175930,18221170,4194304,0.9975171737050914,-0.0024859136193662113
1,ba,3,gpt-oss,0614fe83cadab421296e664e1f48f4261fa8fef6e03e63bb75c20f38e37d07d3,flat-ragged,64 KiB single,65536,1,18763450,18770660,4194304,0.9996158899047769,-0.000384183884401777
1,ba,4,gpt-oss,0614fe83cadab421296e664e1f48f4261fa8fef6e03e63bb75c20f38e37d07d3,flat-ragged,64 KiB single,65536,1,18162000,18102949,4194304,1.0032619547235093,0.0032566460904147588
1,ba,5,gpt-oss,0614fe83cadab421296e664e1f48f4261fa8fef6e03e63bb75c20f38e37d07d3,flat-ragged,64 KiB single,65536,1,17835390,17994040,4194304,0.9911831917679409,-0.008855906268670418
1,ba,0,gpt-oss,0614fe83cadab421296e664e1f48f4261fa8fef6e03e63bb75c20f38e37d07d3,nested,140-byte batch 1,140,1,61356829,61109800,4194400,1.0040423794546864,0.004034230990932119
1,ba,1,gpt-oss,0614fe83cadab421296e664e1f48f4261fa8fef6e03e63bb75c20f38e37d07d3,nested,140-byte batch 1,140,1,57026350,62114570,4194400,0.9180833096003079,-0.08546714128069498
1,ba,2,gpt-oss,0614fe83cadab421296e664e1f48f4261fa8fef6e03e63bb75c20f38e37d07d3,nested,140-byte batch 1,140,1,57956800,64391040,4194400,0.9000755384600093,-0.10527658755765526
1,ba,3,gpt-oss,0614fe83cadab421296e664e1f48f4261fa8fef6e03e63bb75c20f38e37d07d3,nested,140-byte batch 1,140,1,59696650,61191590,4194400,0.9755695186217583,-0.02473385685360214
1,ba,4,gpt-oss,0614fe83cadab421296e664e1f48f4261fa8fef6e03e63bb75c20f38e37d07d3,nested,140-byte batch 1,140,1,52509670,51570229,4194400,1.0182167312074568,0.018052794493556377
1,ba,5,gpt-oss,0614fe83cadab421296e664e1f48f4261fa8fef6e03e63bb75c20f38e37d07d3,nested,140-byte batch 1,140,1,52870549,47459079,4194400,1.1140239152133569,0.1079786091502055
1,ba,0,gpt-oss,0614fe83cadab421296e664e1f48f4261fa8fef6e03e63bb75c20f38e37d07d3,nested,140-byte batch 32,140,32,70771790,69060890,4197760,1.0247737902016611,0.02447189574801698
1,ba,1,gpt-oss,0614fe83cadab421296e664e1f48f4261fa8fef6e03e63bb75c20f38e37d07d3,nested,140-byte batch 32,140,32,58847070,60015800,4197760,0.9805262947423845,-0.019665816018037234
1,ba,2,gpt-oss,0614fe83cadab421296e664e1f48f4261fa8fef6e03e63bb75c20f38e37d07d3,nested,140-byte batch 32,140,32,58520170,62037629,4197760,0.9433012019205311,-0.058369639161413384
1,ba,3,gpt-oss,0614fe83cadab421296e664e1f48f4261fa8fef6e03e63bb75c20f38e37d07d3,nested,140-byte batch 32,140,32,63537799,62264550,4197760,1.0204490195464353,0.02024274567148045
1,ba,4,gpt-oss,0614fe83cadab421296e664e1f48f4261fa8fef6e03e63bb75c20f38e37d07d3,nested,140-byte batch 32,140,32,53420090,55910730,4197760,0.9554532734593163,-0.04556941920892415
1,ba,5,gpt-oss,0614fe83cadab421296e664e1f48f4261fa8fef6e03e63bb75c20f38e37d07d3,nested,140-byte batch 32,140,32,43992430,49379089,4197760,0.8909121429923504,-0.11550946131997208
1,ba,0,gpt-oss,0614fe83cadab421296e664e1f48f4261fa8fef6e03e63bb75c20f38e37d07d3,nested,140-byte batch 512,140,512,19413850,18968840,4229120,1.0234600534350018,0.023189095982848382
1,ba,1,gpt-oss,0614fe83cadab421296e664e1f48f4261fa8fef6e03e63bb75c20f38e37d07d3,nested,140-byte batch 512,140,512,17719940,17598200,4229120,1.0069177529520064,0.0068939350800662075
1,ba,2,gpt-oss,0614fe83cadab421296e664e1f48f4261fa8fef6e03e63bb75c20f38e37d07d3,nested,140-byte batch 512,140,512,17623659,16573869,4229120,1.0633400686345476,0.06141496224765587
1,ba,3,gpt-oss,0614fe83cadab421296e664e1f48f4261fa8fef6e03e63bb75c20f38e37d07d3,nested,140-byte batch 512,140,512,14951609,15244870,4229120,0.980763299391861,-0.01942413355427567
1,ba,4,gpt-oss,0614fe83cadab421296e664e1f48f4261fa8fef6e03e63bb75c20f38e37d07d3,nested,140-byte batch 512,140,512,14549530,14189890,4229120,1.0253448053508518,0.025028951486348844
1,ba,5,gpt-oss,0614fe83cadab421296e664e1f48f4261fa8fef6e03e63bb75c20f38e37d07d3,nested,140-byte batch 512,140,512,14532970,14210420,4229120,1.022698132778623,0.02244436305190742
1,ba,0,gpt-oss,0614fe83cadab421296e664e1f48f4261fa8fef6e03e63bb75c20f38e37d07d3,nested,4 KiB single,4096,1,48446510,50983830,4194304,0.9502328483364235,-0.051048220908484224
1,ba,1,gpt-oss,0614fe83cadab421296e664e1f48f4261fa8fef6e03e63bb75c20f38e37d07d3,nested,4 KiB single,4096,1,45256170,47914019,4194304,0.9445287818581865,-0.057069119388737016
1,ba,2,gpt-oss,0614fe83cadab421296e664e1f48f4261fa8fef6e03e63bb75c20f38e37d07d3,nested,4 KiB single,4096,1,39661380,46969330,4194304,0.8444101714885011,-0.16911691726278014
1,ba,3,gpt-oss,0614fe83cadab421296e664e1f48f4261fa8fef6e03e63bb75c20f38e37d07d3,nested,4 KiB single,4096,1,41919740,38744000,4194304,1.081967272351848,0.07878093260254815
1,ba,4,gpt-oss,0614fe83cadab421296e664e1f48f4261fa8fef6e03e63bb75c20f38e37d07d3,nested,4 KiB single,4096,1,55088149,49631029,4194304,1.1099537952356378,0.10431838854402051
1,ba,5,gpt-oss,0614fe83cadab421296e664e1f48f4261fa8fef6e03e63bb75c20f38e37d07d3,nested,4 KiB single,4096,1,47620930,42526180,4194304,1.1198026721421956,0.11315248419717401
1,ba,0,gpt-oss,0614fe83cadab421296e664e1f48f4261fa8fef6e03e63bb75c20f38e37d07d3,nested,64 KiB single,65536,1,45094140,43419300,4194304,1.0385736296992352,0.03784826186815026
1,ba,1,gpt-oss,0614fe83cadab421296e664e1f48f4261fa8fef6e03e63bb75c20f38e37d07d3,nested,64 KiB single,65536,1,40709800,38594060,4194304,1.0548203531838838,0.05337047108622578
1,ba,2,gpt-oss,0614fe83cadab421296e664e1f48f4261fa8fef6e03e63bb75c20f38e37d07d3,nested,64 KiB single,65536,1,37122580,41285720,4194304,0.8991627129186557,-0.10629126765238175
1,ba,3,gpt-oss,0614fe83cadab421296e664e1f48f4261fa8fef6e03e63bb75c20f38e37d07d3,nested,64 KiB single,65536,1,36578049,36768050,4194304,0.9948324428409991,-0.005180955159048715
1,ba,4,gpt-oss,0614fe83cadab421296e664e1f48f4261fa8fef6e03e63bb75c20f38e37d07d3,nested,64 KiB single,65536,1,39692700,40214119,4194304,0.9870339320376508,-0.013050861175413332
1,ba,5,gpt-oss,0614fe83cadab421296e664e1f48f4261fa8fef6e03e63bb75c20f38e37d07d3,nested,64 KiB single,65536,1,39583150,40018910,4194304,0.9891111477049225,-0.010948569745893559
1,ba,0,llama-3,e134af98b985517b4f068e3755ae90d4e9cd2d45d328325dc503f1c6b2d06cc7,flat-ragged,140-byte batch 1,140,1,57568590,63098810,4194400,0.9123561918204163,-0.09172480395038425
1,ba,1,llama-3,e134af98b985517b4f068e3755ae90d4e9cd2d45d328325dc503f1c6b2d06cc7,flat-ragged,140-byte batch 1,140,1,52783710,55944179,4194400,0.9435067408889851,-0.05815176964263135
1,ba,2,llama-3,e134af98b985517b4f068e3755ae90d4e9cd2d45d328325dc503f1c6b2d06cc7,flat-ragged,140-byte batch 1,140,1,45797219,50841050,4194400,0.9007921551580859,-0.10448073038453719
1,ba,3,llama-3,e134af98b985517b4f068e3755ae90d4e9cd2d45d328325dc503f1c6b2d06cc7,flat-ragged,140-byte batch 1,140,1,36513810,40000880,4194400,0.9128251678463074,-0.0912109086777548
1,ba,4,llama-3,e134af98b985517b4f068e3755ae90d4e9cd2d45d328325dc503f1c6b2d06cc7,flat-ragged,140-byte batch 1,140,1,53641469,56889569,4194400,0.9429051747605963,-0.05878955839257514
1,ba,5,llama-3,e134af98b985517b4f068e3755ae90d4e9cd2d45d328325dc503f1c6b2d06cc7,flat-ragged,140-byte batch 1,140,1,46493440,51030979,4194400,0.9110826582417711,-0.09312165231267147
1,ba,0,llama-3,e134af98b985517b4f068e3755ae90d4e9cd2d45d328325dc503f1c6b2d06cc7,flat-ragged,140-byte batch 32,140,32,54562810,59252880,4197760,0.9208465478808794,-0.08246187128733892
1,ba,1,llama-3,e134af98b985517b4f068e3755ae90d4e9cd2d45d328325dc503f1c6b2d06cc7,flat-ragged,140-byte batch 32,140,32,50669079,50661179,4197760,1.000155937942147,0.00015592578508988048
1,ba,2,llama-3,e134af98b985517b4f068e3755ae90d4e9cd2d45d328325dc503f1c6b2d06cc7,flat-ragged,140-byte batch 32,140,32,43663910,45047490,4197760,0.9692861910841203,-0.031195363861624376
1,ba,3,llama-3,e134af98b985517b4f068e3755ae90d4e9cd2d45d328325dc503f1c6b2d06cc7,flat-ragged,140-byte batch 32,140,32,36333160,35721790,4197760,1.0171147638458207,0.016969956172634842
1,ba,4,llama-3,e134af98b985517b4f068e3755ae90d4e9cd2d45d328325dc503f1c6b2d06cc7,flat-ragged,140-byte batch 32,140,32,50181600,53254899,4197760,0.9422907740375209,-0.059441374714608065
1,ba,5,llama-3,e134af98b985517b4f068e3755ae90d4e9cd2d45d328325dc503f1c6b2d06cc7,flat-ragged,140-byte batch 32,140,32,42070559,45089420,4197760,0.9330472425682123,-0.06929944429536553
1,ba,0,llama-3,e134af98b985517b4f068e3755ae90d4e9cd2d45d328325dc503f1c6b2d06cc7,flat-ragged,140-byte batch 512,140,512,15263820,15130830,4229120,1.008789339381911,0.008750937989728442
1,ba,1,llama-3,e134af98b985517b4f068e3755ae90d4e9cd2d45d328325dc503f1c6b2d06cc7,flat-ragged,140-byte batch 512,140,512,14176879,14104730,4229120,1.0051152343930014,0.005102196025522634
1,ba,2,llama-3,e134af98b985517b4f068e3755ae90d4e9cd2d45d328325dc503f1c6b2d06cc7,flat-ragged,140-byte batch 512,140,512,13717650,14051760,4229120,0.9762229073084083,-0.024064330010094406
1,ba,3,llama-3,e134af98b985517b4f068e3755ae90d4e9cd2d45d328325dc503f1c6b2d06cc7,flat-ragged,140-byte batch 512,140,512,11196220,11131860,4229120,1.005781603433748,0.0057649541069947985
1,ba,4,llama-3,e134af98b985517b4f068e3755ae90d4e9cd2d45d328325dc503f1c6b2d06cc7,flat-ragged,140-byte batch 512,140,512,10801310,10816130,4229120,0.9986298241607673,-0.0013711153884777701
1,ba,5,llama-3,e134af98b985517b4f068e3755ae90d4e9cd2d45d328325dc503f1c6b2d06cc7,flat-ragged,140-byte batch 512,140,512,10902840,10540740,4229120,1.0343524268694608,0.033775556379086115
1,ba,0,llama-3,e134af98b985517b4f068e3755ae90d4e9cd2d45d328325dc503f1c6b2d06cc7,flat-ragged,4 KiB single,4096,1,41490099,40412309,4194304,1.0266698445763147,0.02632040367912308
1,ba,1,llama-3,e134af98b985517b4f068e3755ae90d4e9cd2d45d328325dc503f1c6b2d06cc7,flat-ragged,4 KiB single,4096,1,41779940,41091259,4194304,1.0167597931229122,0.01662089754923409
1,ba,2,llama-3,e134af98b985517b4f068e3755ae90d4e9cd2d45d328325dc503f1c6b2d06cc7,flat-ragged,4 KiB single,4096,1,37484409,38086460,4194304,0.9841925188111471,-0.01593375186837177
1,ba,3,llama-3,e134af98b985517b4f068e3755ae90d4e9cd2d45d328325dc503f1c6b2d06cc7,flat-ragged,4 KiB single,4096,1,35627490,36112200,4194304,0.9865776662734478,-0.013513227501920442
1,ba,4,llama-3,e134af98b985517b4f068e3755ae90d4e9cd2d45d328325dc503f1c6b2d06cc7,flat-ragged,4 KiB single,4096,1,37579529,36815740,4194304,1.020746262332361,0.02053398952322333
1,ba,5,llama-3,e134af98b985517b4f068e3755ae90d4e9cd2d45d328325dc503f1c6b2d06cc7,flat-ragged,4 KiB single,4096,1,42991390,42353830,4194304,1.0150531840922061,0.014941009241417223
1,ba,0,llama-3,e134af98b985517b4f068e3755ae90d4e9cd2d45d328325dc503f1c6b2d06cc7,flat-ragged,64 KiB single,65536,1,17690960,17502520,4194304,1.0107664496312532,0.010708904084771787
1,ba,1,llama-3,e134af98b985517b4f068e3755ae90d4e9cd2d45d328325dc503f1c6b2d06cc7,flat-ragged,64 KiB single,65536,1,16714069,16739179,4194304,0.9984999264300836,-0.0015011998067069538
1,ba,2,llama-3,e134af98b985517b4f068e3755ae90d4e9cd2d45d328325dc503f1c6b2d06cc7,flat-ragged,64 KiB single,65536,1,16596529,16306710,4194304,1.0177729903824868,0.017616897566090944
1,ba,3,llama-3,e134af98b985517b4f068e3755ae90d4e9cd2d45d328325dc503f1c6b2d06cc7,flat-ragged,64 KiB single,65536,1,16811050,16543200,4194304,1.0161909425020552,0.016061267032138987
1,ba,4,llama-3,e134af98b985517b4f068e3755ae90d4e9cd2d45d328325dc503f1c6b2d06cc7,flat-ragged,64 KiB single,65536,1,16233860,16057210,4194304,1.0110012885177437,0.010941214535785036
1,ba,5,llama-3,e134af98b985517b4f068e3755ae90d4e9cd2d45d328325dc503f1c6b2d06cc7,flat-ragged,64 KiB single,65536,1,16087710,15969890,4194304,1.0073776337845783,0.0073505521617420405
1,ba,0,llama-3,e134af98b985517b4f068e3755ae90d4e9cd2d45d328325dc503f1c6b2d06cc7,nested,140-byte batch 1,140,1,57977179,62555120,4194400,0.9268174851235199,-0.07599862047809833
1,ba,1,llama-3,e134af98b985517b4f068e3755ae90d4e9cd2d45d328325dc503f1c6b2d06cc7,nested,140-byte batch 1,140,1,52543610,58453369,4194400,0.8988978890164568,-0.10658583381308702
1,ba,2,llama-3,e134af98b985517b4f068e3755ae90d4e9cd2d45d328325dc503f1c6b2d06cc7,nested,140-byte batch 1,140,1,47826609,53213639,4194400,0.8987659911775626,-0.10673257741803355
1,ba,3,llama-3,e134af98b985517b4f068e3755ae90d4e9cd2d45d328325dc503f1c6b2d06cc7,nested,140-byte batch 1,140,1,35977869,42459720,4194400,0.8473411741763723,-0.16565186239168758
1,ba,4,llama-3,e134af98b985517b4f068e3755ae90d4e9cd2d45d328325dc503f1c6b2d06cc7,nested,140-byte batch 1,140,1,51842789,60928160,4194400,0.8508838770118776,-0.16147961446470835
1,ba,5,llama-3,e134af98b985517b4f068e3755ae90d4e9cd2d45d328325dc503f1c6b2d06cc7,nested,140-byte batch 1,140,1,45747489,55839020,4194400,0.8192745682141269,-0.19933600318746658
1,ba,0,llama-3,e134af98b985517b4f068e3755ae90d4e9cd2d45d328325dc503f1c6b2d06cc7,nested,140-byte batch 32,140,32,59656410,67515600,4197760,0.8835944581696674,-0.1237570793326343
1,ba,1,llama-3,e134af98b985517b4f068e3755ae90d4e9cd2d45d328325dc503f1c6b2d06cc7,nested,140-byte batch 32,140,32,51774619,62313119,4197760,0.8308783099109515,-0.18527193298343164
1,ba,2,llama-3,e134af98b985517b4f068e3755ae90d4e9cd2d45d328325dc503f1c6b2d06cc7,nested,140-byte batch 32,140,32,48671550,57408400,4197760,0.8478123410511353,-0.1650959636100563
1,ba,3,llama-3,e134af98b985517b4f068e3755ae90d4e9cd2d45d328325dc503f1c6b2d06cc7,nested,140-byte batch 32,140,32,37704550,44664019,4197760,0.8441817562364909,-0.1693874565797731
1,ba,4,llama-3,e134af98b985517b4f068e3755ae90d4e9cd2d45d328325dc503f1c6b2d06cc7,nested,140-byte batch 32,140,32,53564960,59662850,4197760,0.8977941885109411,-0.10781442568829061
1,ba,5,llama-3,e134af98b985517b4f068e3755ae90d4e9cd2d45d328325dc503f1c6b2d06cc7,nested,140-byte batch 32,140,32,50855079,55778590,4197760,0.9117311678190503,-0.09241010448988332
1,ba,0,llama-3,e134af98b985517b4f068e3755ae90d4e9cd2d45d328325dc503f1c6b2d06cc7,nested,140-byte batch 512,140,512,17397890,17987559,4229120,0.9672179532531345,-0.03333141776415169
1,ba,1,llama-3,e134af98b985517b4f068e3755ae90d4e9cd2d45d328325dc503f1c6b2d06cc7,nested,140-byte batch 512,140,512,16842390,16510260,4229120,1.0201165820526146,0.019916916894888996
1,ba,2,llama-3,e134af98b985517b4f068e3755ae90d4e9cd2d45d328325dc503f1c6b2d06cc7,nested,140-byte batch 512,140,512,15879489,16135630,4229120,0.9841257515200832,-0.016001593834882897
1,ba,3,llama-3,e134af98b985517b4f068e3755ae90d4e9cd2d45d328325dc503f1c6b2d06cc7,nested,140-byte batch 512,140,512,13804530,14043210,4229120,0.9830038858637021,-0.017142205776962755
1,ba,4,llama-3,e134af98b985517b4f068e3755ae90d4e9cd2d45d328325dc503f1c6b2d06cc7,nested,140-byte batch 512,140,512,12825330,13523510,4229120,0.9483728706526634,-0.053007530585242095
1,ba,5,llama-3,e134af98b985517b4f068e3755ae90d4e9cd2d45d328325dc503f1c6b2d06cc7,nested,140-byte batch 512,140,512,12697960,14080140,4229120,0.9018347828927837,-0.10332394322136317
1,ba,0,llama-3,e134af98b985517b4f068e3755ae90d4e9cd2d45d328325dc503f1c6b2d06cc7,nested,4 KiB single,4096,1,40276890,41977610,4194304,0.9594850683495321,-0.041358525563201236
1,ba,1,llama-3,e134af98b985517b4f068e3755ae90d4e9cd2d45d328325dc503f1c6b2d06cc7,nested,4 KiB single,4096,1,40676730,44082359,4194304,0.922743948435246,-0.08040349527804128
1,ba,2,llama-3,e134af98b985517b4f068e3755ae90d4e9cd2d45d328325dc503f1c6b2d06cc7,nested,4 KiB single,4096,1,38803940,39040859,4194304,0.9939315115991685,-0.006086976511103614
1,ba,3,llama-3,e134af98b985517b4f068e3755ae90d4e9cd2d45d328325dc503f1c6b2d06cc7,nested,4 KiB single,4096,1,33520839,38715879,4194304,0.8658162972355606,-0.14408252082551756
1,ba,4,llama-3,e134af98b985517b4f068e3755ae90d4e9cd2d45d328325dc503f1c6b2d06cc7,nested,4 KiB single,4096,1,34907760,36899850,4194304,0.9460136016813077,-0.05549833193498876
1,ba,5,llama-3,e134af98b985517b4f068e3755ae90d4e9cd2d45d328325dc503f1c6b2d06cc7,nested,4 KiB single,4096,1,40218689,43993629,4194304,0.9141934846975229,-0.08971303989010862
1,ba,0,llama-3,e134af98b985517b4f068e3755ae90d4e9cd2d45d328325dc503f1c6b2d06cc7,nested,64 KiB single,65536,1,39164890,39125460,4194304,1.0010077836784539,0.001007276205402697
1,ba,1,llama-3,e134af98b985517b4f068e3755ae90d4e9cd2d45d328325dc503f1c6b2d06cc7,nested,64 KiB single,65536,1,39354469,36876669,4194304,1.067191535113977,0.06503046428305052
1,ba,2,llama-3,e134af98b985517b4f068e3755ae90d4e9cd2d45d328325dc503f1c6b2d06cc7,nested,64 KiB single,65536,1,37514350,36468230,4194304,1.0286857903440885,0.0282820558428487
1,ba,3,llama-3,e134af98b985517b4f068e3755ae90d4e9cd2d45d328325dc503f1c6b2d06cc7,nested,64 KiB single,65536,1,33911750,33678920,4194304,1.0069132264336267,0.006889439649788274
1,ba,4,llama-3,e134af98b985517b4f068e3755ae90d4e9cd2d45d328325dc503f1c6b2d06cc7,nested,64 KiB single,65536,1,32376700,31770249,4194304,1.0190886448513514,0.0189087424602918
1,ba,5,llama-3,e134af98b985517b4f068e3755ae90d4e9cd2d45d328325dc503f1c6b2d06cc7,nested,64 KiB single,65536,1,35985710,34976120,4194304,1.0288651228323782,0.02845637229606051
1,ba,0,minimax-m2-1,757622126525aeeb131756849d93298070ff3f0319c455ec8c5bb0f6b1cebbe8,flat-ragged,140-byte batch 1,140,1,60958560,59724989,4194400,1.0206541854700049,0.020443780017765638
1,ba,1,minimax-m2-1,757622126525aeeb131756849d93298070ff3f0319c455ec8c5bb0f6b1cebbe8,flat-ragged,140-byte batch 1,140,1,56277770,53935199,4194400,1.0434330649266725,0.042516300702164965
1,ba,2,minimax-m2-1,757622126525aeeb131756849d93298070ff3f0319c455ec8c5bb0f6b1cebbe8,flat-ragged,140-byte batch 1,140,1,55200070,55157430,4194400,1.0007730599485871,0.0007727612916549601
1,ba,3,minimax-m2-1,757622126525aeeb131756849d93298070ff3f0319c455ec8c5bb0f6b1cebbe8,flat-ragged,140-byte batch 1,140,1,56727710,58193290,4194400,0.9748153094626545,-0.025507252119846256
1,ba,4,minimax-m2-1,757622126525aeeb131756849d93298070ff3f0319c455ec8c5bb0f6b1cebbe8,flat-ragged,140-byte batch 1,140,1,54110720,54532020,4194400,0.992274263817845,-0.0077557342867786185
1,ba,5,minimax-m2-1,757622126525aeeb131756849d93298070ff3f0319c455ec8c5bb0f6b1cebbe8,flat-ragged,140-byte batch 1,140,1,47467609,49990389,4194400,0.9495346995599494,-0.051783204310717354
1,ba,0,minimax-m2-1,757622126525aeeb131756849d93298070ff3f0319c455ec8c5bb0f6b1cebbe8,flat-ragged,140-byte batch 32,140,32,56764030,62469770,4197760,0.9086639825951016,-0.0957799092553197
1,ba,1,minimax-m2-1,757622126525aeeb131756849d93298070ff3f0319c455ec8c5bb0f6b1cebbe8,flat-ragged,140-byte batch 32,140,32,54263079,55611590,4197760,0.9757512597643765,-0.024547581849351966
1,ba,2,minimax-m2-1,757622126525aeeb131756849d93298070ff3f0319c455ec8c5bb0f6b1cebbe8,flat-ragged,140-byte batch 32,140,32,52066939,59819460,4197760,0.8704013543418814,-0.1388008468822653
1,ba,3,minimax-m2-1,757622126525aeeb131756849d93298070ff3f0319c455ec8c5bb0f6b1cebbe8,flat-ragged,140-byte batch 32,140,32,55492480,59880229,4197760,0.9267245788255085,-0.07609886778286276
1,ba,4,minimax-m2-1,757622126525aeeb131756849d93298070ff3f0319c455ec8c5bb0f6b1cebbe8,flat-ragged,140-byte batch 32,140,32,50420810,53416840,4197760,0.9439122568837842,-0.05772206537291979
1,ba,5,minimax-m2-1,757622126525aeeb131756849d93298070ff3f0319c455ec8c5bb0f6b1cebbe8,flat-ragged,140-byte batch 32,140,32,45279790,49417060,4197760,0.916278507867526,-0.08743491263088729
1,ba,0,minimax-m2-1,757622126525aeeb131756849d93298070ff3f0319c455ec8c5bb0f6b1cebbe8,flat-ragged,140-byte batch 512,140,512,15974589,16019290,4229120,0.9972095517341905,-0.0027943488244662356
1,ba,1,minimax-m2-1,757622126525aeeb131756849d93298070ff3f0319c455ec8c5bb0f6b1cebbe8,flat-ragged,140-byte batch 512,140,512,15508930,15005290,4229120,1.0335641630385017,0.033013181462239555
1,ba,2,minimax-m2-1,757622126525aeeb131756849d93298070ff3f0319c455ec8c5bb0f6b1cebbe8,flat-ragged,140-byte batch 512,140,512,14744590,14756350,4229120,0.999203054956002,-0.0007972627735194024
1,ba,3,minimax-m2-1,757622126525aeeb131756849d93298070ff3f0319c455ec8c5bb0f6b1cebbe8,flat-ragged,140-byte batch 512,140,512,13407260,12905240,4229120,1.0389004776354411,0.0381629208453657
1,ba,4,minimax-m2-1,757622126525aeeb131756849d93298070ff3f0319c455ec8c5bb0f6b1cebbe8,flat-ragged,140-byte batch 512,140,512,12534490,12798170,4229120,0.9793970544226245,-0.020818147250988656
1,ba,5,minimax-m2-1,757622126525aeeb131756849d93298070ff3f0319c455ec8c5bb0f6b1cebbe8,flat-ragged,140-byte batch 512,140,512,12675110,12851940,4229120,0.9862409877419285,-0.013854544768058986
1,ba,0,minimax-m2-1,757622126525aeeb131756849d93298070ff3f0319c455ec8c5bb0f6b1cebbe8,flat-ragged,4 KiB single,4096,1,44911859,43532549,4194304,1.03168456779317,0.031192968975265346
1,ba,1,minimax-m2-1,757622126525aeeb131756849d93298070ff3f0319c455ec8c5bb0f6b1cebbe8,flat-ragged,4 KiB single,4096,1,43143580,40510120,4194304,1.06500745986435,0.06298180370432133
1,ba,2,minimax-m2-1,757622126525aeeb131756849d93298070ff3f0319c455ec8c5bb0f6b1cebbe8,flat-ragged,4 KiB single,4096,1,39702139,37892040,4194304,1.047769901013511,0.04666400169039108
1,ba,3,minimax-m2-1,757622126525aeeb131756849d93298070ff3f0319c455ec8c5bb0f6b1cebbe8,flat-ragged,4 KiB single,4096,1,37013439,37161729,4194304,0.9960096043970398,-0.0039983784751164994
1,ba,4,minimax-m2-1,757622126525aeeb131756849d93298070ff3f0319c455ec8c5bb0f6b1cebbe8,flat-ragged,4 KiB single,4096,1,44741070,44762809,4194304,0.9995143512999821,-0.0004857666655425453
1,ba,5,minimax-m2-1,757622126525aeeb131756849d93298070ff3f0319c455ec8c5bb0f6b1cebbe8,flat-ragged,4 KiB single,4096,1,41765809,40030710,4194304,1.0433441974923752,0.04243112876172694
1,ba,0,minimax-m2-1,757622126525aeeb131756849d93298070ff3f0319c455ec8c5bb0f6b1cebbe8,flat-ragged,64 KiB single,65536,1,43000319,42513880,4194304,1.0114418867438117,0.011376923423359962
1,ba,1,minimax-m2-1,757622126525aeeb131756849d93298070ff3f0319c455ec8c5bb0f6b1cebbe8,flat-ragged,64 KiB single,65536,1,37521799,38196770,4194304,0.9823291079324247,-0.01782888631397337
1,ba,2,minimax-m2-1,757622126525aeeb131756849d93298070ff3f0319c455ec8c5bb0f6b1cebbe8,flat-ragged,64 KiB single,65536,1,35131150,34741330,4194304,1.0112206412362452,0.01115815681707903
1,ba,3,minimax-m2-1,757622126525aeeb131756849d93298070ff3f0319c455ec8c5bb0f6b1cebbe8,flat-ragged,64 KiB single,65536,1,37368669,36647670,4194304,1.0196738019088254,0.01948277409842786
1,ba,4,minimax-m2-1,757622126525aeeb131756849d93298070ff3f0319c455ec8c5bb0f6b1cebbe8,flat-ragged,64 KiB single,65536,1,39064580,39856350,4194304,0.9801344076916225,-0.020065566016080363
1,ba,5,minimax-m2-1,757622126525aeeb131756849d93298070ff3f0319c455ec8c5bb0f6b1cebbe8,flat-ragged,64 KiB single,65536,1,39647840,41294829,4194304,0.9601163380528831,-0.040700816390868
1,ba,0,minimax-m2-1,757622126525aeeb131756849d93298070ff3f0319c455ec8c5bb0f6b1cebbe8,nested,140-byte batch 1,140,1,59259910,61972280,4194400,0.9562325284788619,-0.04475416488008431
1,ba,1,minimax-m2-1,757622126525aeeb131756849d93298070ff3f0319c455ec8c5bb0f6b1cebbe8,nested,140-byte batch 1,140,1,55227520,55842770,4194400,0.988982459143771,-0.011078683468406432
1,ba,2,minimax-m2-1,757622126525aeeb131756849d93298070ff3f0319c455ec8c5bb0f6b1cebbe8,nested,140-byte batch 1,140,1,56447410,57848810,4194400,0.9757747825754757,-0.024523474755119064
1,ba,3,minimax-m2-1,757622126525aeeb131756849d93298070ff3f0319c455ec8c5bb0f6b1cebbe8,nested,140-byte batch 1,140,1,58800920,56753200,4194400,1.0360811372750787,0.03544545860369746
1,ba,4,minimax-m2-1,757622126525aeeb131756849d93298070ff3f0319c455ec8c5bb0f6b1cebbe8,nested,140-byte batch 1,140,1,55582660,53443780,4194400,1.0400211212605097,0.03924102185139456
1,ba,5,minimax-m2-1,757622126525aeeb131756849d93298070ff3f0319c455ec8c5bb0f6b1cebbe8,nested,140-byte batch 1,140,1,48777880,48772769,4194400,1.0001047920818276,0.00010478659152091516
1,ba,0,minimax-m2-1,757622126525aeeb131756849d93298070ff3f0319c455ec8c5bb0f6b1cebbe8,nested,140-byte batch 32,140,32,61554699,65764130,4197760,0.9359919913788869,-0.0661483587602876
1,ba,1,minimax-m2-1,757622126525aeeb131756849d93298070ff3f0319c455ec8c5bb0f6b1cebbe8,nested,140-byte batch 32,140,32,55011550,57965700,4197760,0.9490362403973385,-0.05230829311680116
1,ba,2,minimax-m2-1,757622126525aeeb131756849d93298070ff3f0319c455ec8c5bb0f6b1cebbe8,nested,140-byte batch 32,140,32,55566620,59378379,4197760,0.9358056069533323,-0.06634750895295449
1,ba,3,minimax-m2-1,757622126525aeeb131756849d93298070ff3f0319c455ec8c5bb0f6b1cebbe8,nested,140-byte batch 32,140,32,57613099,59176789,4197760,0.9735759572896056,-0.02677943226286902
1,ba,4,minimax-m2-1,757622126525aeeb131756849d93298070ff3f0319c455ec8c5bb0f6b1cebbe8,nested,140-byte batch 32,140,32,53143170,55296149,4197760,0.9610645761244603,-0.039713675469801875
1,ba,5,minimax-m2-1,757622126525aeeb131756849d93298070ff3f0319c455ec8c5bb0f6b1cebbe8,nested,140-byte batch 32,140,32,46399670,48884609,4197760,0.9491672522122454,-0.05217025542418807
1,ba,0,minimax-m2-1,757622126525aeeb131756849d93298070ff3f0319c455ec8c5bb0f6b1cebbe8,nested,140-byte batch 512,140,512,18169680,18042030,4229120,1.007075146200289,0.00705023478566024
1,ba,1,minimax-m2-1,757622126525aeeb131756849d93298070ff3f0319c455ec8c5bb0f6b1cebbe8,nested,140-byte batch 512,140,512,17265660,17071620,4229120,1.0113662323786494,0.011302122096944067
1,ba,2,minimax-m2-1,757622126525aeeb131756849d93298070ff3f0319c455ec8c5bb0f6b1cebbe8,nested,140-byte batch 512,140,512,17192960,16340140,4229120,1.052191719287595,0.05087534038015671
1,ba,3,minimax-m2-1,757622126525aeeb131756849d93298070ff3f0319c455ec8c5bb0f6b1cebbe8,nested,140-byte batch 512,140,512,15472850,15434430,4229120,1.002489239965454,0.00248614693944375
1,ba,4,minimax-m2-1,757622126525aeeb131756849d93298070ff3f0319c455ec8c5bb0f6b1cebbe8,nested,140-byte batch 512,140,512,14762780,14199780,4229120,1.0396485015965036,0.03888267679129638
1,ba,5,minimax-m2-1,757622126525aeeb131756849d93298070ff3f0319c455ec8c5bb0f6b1cebbe8,nested,140-byte batch 512,140,512,15289230,14713740,4229120,1.0391124214509704,0.03836690785272004
1,ba,0,minimax-m2-1,757622126525aeeb131756849d93298070ff3f0319c455ec8c5bb0f6b1cebbe8,nested,4 KiB single,4096,1,46232500,46818309,4194304,0.9874876087472532,-0.012591330389635662
1,ba,1,minimax-m2-1,757622126525aeeb131756849d93298070ff3f0319c455ec8c5bb0f6b1cebbe8,nested,4 KiB single,4096,1,41646759,43222799,4194304,0.9635368361961011,-0.0371445602071506
1,ba,2,minimax-m2-1,757622126525aeeb131756849d93298070ff3f0319c455ec8c5bb0f6b1cebbe8,nested,4 KiB single,4096,1,39746169,44409190,4194304,0.89499873787385,-0.11093297090509167
1,ba,3,minimax-m2-1,757622126525aeeb131756849d93298070ff3f0319c455ec8c5bb0f6b1cebbe8,nested,4 KiB single,4096,1,39402920,40408400,4194304,0.9751170548697795,-0.025197758913770973
1,ba,4,minimax-m2-1,757622126525aeeb131756849d93298070ff3f0319c455ec8c5bb0f6b1cebbe8,nested,4 KiB single,4096,1,47118259,44475740,4194304,1.0594148405400337,0.05771671846894266
1,ba,5,minimax-m2-1,757622126525aeeb131756849d93298070ff3f0319c455ec8c5bb0f6b1cebbe8,nested,4 KiB single,4096,1,42348000,43674929,4194304,0.9696180616572955,-0.03085303589370445
1,ba,0,minimax-m2-1,757622126525aeeb131756849d93298070ff3f0319c455ec8c5bb0f6b1cebbe8,nested,64 KiB single,65536,1,42398429,45955420,4194304,0.9225990971249963,-0.08056048647910351
1,ba,1,minimax-m2-1,757622126525aeeb131756849d93298070ff3f0319c455ec8c5bb0f6b1cebbe8,nested,64 KiB single,65536,1,39731960,40536930,4194304,0.9801423048069995,-0.020057508872589693
1,ba,2,minimax-m2-1,757622126525aeeb131756849d93298070ff3f0319c455ec8c5bb0f6b1cebbe8,nested,64 KiB single,65536,1,42892730,42294959,4194304,1.014133386439741,0.014034441330099163
1,ba,3,minimax-m2-1,757622126525aeeb131756849d93298070ff3f0319c455ec8c5bb0f6b1cebbe8,nested,64 KiB single,65536,1,36670860,36918559,4194304,0.9932906644595744,-0.006731944315438666
1,ba,4,minimax-m2-1,757622126525aeeb131756849d93298070ff3f0319c455ec8c5bb0f6b1cebbe8,nested,64 KiB single,65536,1,39132919,41280729,4194304,0.9479706378247341,-0.053431749965500326
1,ba,5,minimax-m2-1,757622126525aeeb131756849d93298070ff3f0319c455ec8c5bb0f6b1cebbe8,nested,64 KiB single,65536,1,40052679,39903660,4194304,1.003734469469718,0.003727513650758187
1,ba,0,mistral-nemo,e11c71726323d33da7b8d6f6f269f1988931c0a52b7122bcdd8c05042974e0db,flat-ragged,140-byte batch 1,140,1,68389499,64357660,4194400,1.0626473833883954,0.06076332597388172
1,ba,1,mistral-nemo,e11c71726323d33da7b8d6f6f269f1988931c0a52b7122bcdd8c05042974e0db,flat-ragged,140-byte batch 1,140,1,60626300,57765299,4194400,1.049528022005045,0.048340560260402045
1,ba,2,mistral-nemo,e11c71726323d33da7b8d6f6f269f1988931c0a52b7122bcdd8c05042974e0db,flat-ragged,140-byte batch 1,140,1,55839669,52816030,4194400,1.0572485095907436,0.05566978766574873
1,ba,3,mistral-nemo,e11c71726323d33da7b8d6f6f269f1988931c0a52b7122bcdd8c05042974e0db,flat-ragged,140-byte batch 1,140,1,42837059,39561610,4194400,1.0827936224031327,0.07954438882852152
1,ba,4,mistral-nemo,e11c71726323d33da7b8d6f6f269f1988931c0a52b7122bcdd8c05042974e0db,flat-ragged,140-byte batch 1,140,1,61809409,59707510,4194400,1.035203260025414,0.03459779393401296
1,ba,5,mistral-nemo,e11c71726323d33da7b8d6f6f269f1988931c0a52b7122bcdd8c05042974e0db,flat-ragged,140-byte batch 1,140,1,56045800,53944700,4194400,1.038949146069957,0.03820976584701495
1,ba,0,mistral-nemo,e11c71726323d33da7b8d6f6f269f1988931c0a52b7122bcdd8c05042974e0db,flat-ragged,140-byte batch 32,140,32,68737120,70970940,4197760,0.9685248638386359,-0.03198112394150608
1,ba,1,mistral-nemo,e11c71726323d33da7b8d6f6f269f1988931c0a52b7122bcdd8c05042974e0db,flat-ragged,140-byte batch 32,140,32,62224680,58356179,4197760,1.0662911977153269,0.064186457028394
1,ba,2,mistral-nemo,e11c71726323d33da7b8d6f6f269f1988931c0a52b7122bcdd8c05042974e0db,flat-ragged,140-byte batch 32,140,32,55846380,56393910,4197760,0.9902909729082449,-0.009756467008650276
1,ba,3,mistral-nemo,e11c71726323d33da7b8d6f6f269f1988931c0a52b7122bcdd8c05042974e0db,flat-ragged,140-byte batch 32,140,32,41317450,39778069,4197760,1.0386992390203758,0.03796919862439944
1,ba,4,mistral-nemo,e11c71726323d33da7b8d6f6f269f1988931c0a52b7122bcdd8c05042974e0db,flat-ragged,140-byte batch 32,140,32,61400480,65453950,4197760,0.9380714227330819,-0.06392918923601207
1,ba,5,mistral-nemo,e11c71726323d33da7b8d6f6f269f1988931c0a52b7122bcdd8c05042974e0db,flat-ragged,140-byte batch 32,140,32,56085830,57070849,4197760,0.9827404179671482,-0.01741026495192071
1,ba,0,mistral-nemo,e11c71726323d33da7b8d6f6f269f1988931c0a52b7122bcdd8c05042974e0db,flat-ragged,140-byte batch 512,140,512,19154240,18602379,4229120,1.0296661518400416,0.029234625274724976
1,ba,1,mistral-nemo,e11c71726323d33da7b8d6f6f269f1988931c0a52b7122bcdd8c05042974e0db,flat-ragged,140-byte batch 512,140,512,17621870,17607450,4229120,1.0008189715148985,0.000818636340713663
1,ba,2,mistral-nemo,e11c71726323d33da7b8d6f6f269f1988931c0a52b7122bcdd8c05042974e0db,flat-ragged,140-byte batch 512,140,512,16994940,16554550,4229120,1.0266023540355975,0.026254664182151242
1,ba,3,mistral-nemo,e11c71726323d33da7b8d6f6f269f1988931c0a52b7122bcdd8c05042974e0db,flat-ragged,140-byte batch 512,140,512,14092250,13955140,4229120,1.0098250537078095,0.009777101699180878
1,ba,4,mistral-nemo,e11c71726323d33da7b8d6f6f269f1988931c0a52b7122bcdd8c05042974e0db,flat-ragged,140-byte batch 512,140,512,13705350,13143760,4229120,1.0427267387718582,0.04183914626696598
1,ba,5,mistral-nemo,e11c71726323d33da7b8d6f6f269f1988931c0a52b7122bcdd8c05042974e0db,flat-ragged,140-byte batch 512,140,512,14831059,13122470,4229120,1.13020330776142,0.12239753491381787
1,ba,0,mistral-nemo,e11c71726323d33da7b8d6f6f269f1988931c0a52b7122bcdd8c05042974e0db,flat-ragged,4 KiB single,4096,1,48400150,46717190,4194304,1.036024426982873,0.03539072172812689
1,ba,1,mistral-nemo,e11c71726323d33da7b8d6f6f269f1988931c0a52b7122bcdd8c05042974e0db,flat-ragged,4 KiB single,4096,1,47328459,48284450,4194304,0.9802008514128254,-0.019997777895737416
1,ba,2,mistral-nemo,e11c71726323d33da7b8d6f6f269f1988931c0a52b7122bcdd8c05042974e0db,flat-ragged,4 KiB single,4096,1,42362069,45042279,4194304,0.9404956840660749,-0.06134821922970485
1,ba,3,mistral-nemo,e11c71726323d33da7b8d6f6f269f1988931c0a52b7122bcdd8c05042974e0db,flat-ragged,4 KiB single,4096,1,42015749,44119179,4194304,0.9523239088379228,-0.048850061683433296
1,ba,4,mistral-nemo,e11c71726323d33da7b8d6f6f269f1988931c0a52b7122bcdd8c05042974e0db,flat-ragged,4 KiB single,4096,1,42923579,45562650,4194304,0.9420781934325594,-0.05966699996054784
1,ba,5,mistral-nemo,e11c71726323d33da7b8d6f6f269f1988931c0a52b7122bcdd8c05042974e0db,flat-ragged,4 KiB single,4096,1,51088569,48606080,4194304,1.051073631117753,0.049812147592857396
1,ba,0,mistral-nemo,e11c71726323d33da7b8d6f6f269f1988931c0a52b7122bcdd8c05042974e0db,flat-ragged,64 KiB single,65536,1,19487740,19175150,4194304,1.016301828147368,0.01617037998646185
1,ba,1,mistral-nemo,e11c71726323d33da7b8d6f6f269f1988931c0a52b7122bcdd8c05042974e0db,flat-ragged,64 KiB single,65536,1,18215220,18190050,4194304,1.0013837235191767,0.001382767056006667
1,ba,2,mistral-nemo,e11c71726323d33da7b8d6f6f269f1988931c0a52b7122bcdd8c05042974e0db,flat-ragged,64 KiB single,65536,1,17843470,17437410,4194304,1.0232867151715765,0.02301971668639768
1,ba,3,mistral-nemo,e11c71726323d33da7b8d6f6f269f1988931c0a52b7122bcdd8c05042974e0db,flat-ragged,64 KiB single,65536,1,18327500,18122060,4194304,1.0113364595415753,0.01127268342837923
1,ba,4,mistral-nemo,e11c71726323d33da7b8d6f6f269f1988931c0a52b7122bcdd8c05042974e0db,flat-ragged,64 KiB single,65536,1,17586140,17283420,4194304,1.0175150519978107,0.017363431343437354
1,ba,5,mistral-nemo,e11c71726323d33da7b8d6f6f269f1988931c0a52b7122bcdd8c05042974e0db,flat-ragged,64 KiB single,65536,1,17397990,17062140,4194304,1.0196839317928466,0.01949270848497892
1,ba,0,mistral-nemo,e11c71726323d33da7b8d6f6f269f1988931c0a52b7122bcdd8c05042974e0db,nested,140-byte batch 1,140,1,68817169,80676769,4194400,0.8529985750916723,-0.15899740195882583
1,ba,1,mistral-nemo,e11c71726323d33da7b8d6f6f269f1988931c0a52b7122bcdd8c05042974e0db,nested,140-byte batch 1,140,1,59956149,65332679,4194400,0.9177053492632684,-0.08587891018508931
1,ba,2,mistral-nemo,e11c71726323d33da7b8d6f6f269f1988931c0a52b7122bcdd8c05042974e0db,nested,140-byte batch 1,140,1,55354929,62670610,4194400,0.8832677550130755,-0.12412689103371397
1,ba,3,mistral-nemo,e11c71726323d33da7b8d6f6f269f1988931c0a52b7122bcdd8c05042974e0db,nested,140-byte batch 1,140,1,44919149,48628110,4194400,0.9237280453630626,-0.0793375738621752
1,ba,4,mistral-nemo,e11c71726323d33da7b8d6f6f269f1988931c0a52b7122bcdd8c05042974e0db,nested,140-byte batch 1,140,1,65696940,66079530,4194400,0.9942101585770964,-0.005806667533194904
1,ba,5,mistral-nemo,e11c71726323d33da7b8d6f6f269f1988931c0a52b7122bcdd8c05042974e0db,nested,140-byte batch 1,140,1,58168469,55668489,4194400,1.0449083502158645,0.043929178427915404
1,ba,0,mistral-nemo,e11c71726323d33da7b8d6f6f269f1988931c0a52b7122bcdd8c05042974e0db,nested,140-byte batch 32,140,32,71804130,72882539,4197760,0.9852034655378842,-0.014907095143601331
1,ba,1,mistral-nemo,e11c71726323d33da7b8d6f6f269f1988931c0a52b7122bcdd8c05042974e0db,nested,140-byte batch 32,140,32,68351540,65712970,4197760,1.0401529561059255,0.039367775517856175
1,ba,2,mistral-nemo,e11c71726323d33da7b8d6f6f269f1988931c0a52b7122bcdd8c05042974e0db,nested,140-byte batch 32,140,32,63189700,58739500,4197760,1.075761625482001,0.0730288995403684
1,ba,3,mistral-nemo,e11c71726323d33da7b8d6f6f269f1988931c0a52b7122bcdd8c05042974e0db,nested,140-byte batch 32,140,32,47979699,45750839,4197760,1.0487173579483429,0.04756785359340993
1,ba,4,mistral-nemo,e11c71726323d33da7b8d6f6f269f1988931c0a52b7122bcdd8c05042974e0db,nested,140-byte batch 32,140,32,70942349,66494190,4197760,1.0668954535727107,0.06475298586278408
1,ba,5,mistral-nemo,e11c71726323d33da7b8d6f6f269f1988931c0a52b7122bcdd8c05042974e0db,nested,140-byte batch 32,140,32,58443699,61150279,4197760,0.9557388773320233,-0.04527054410658054
1,ba,0,mistral-nemo,e11c71726323d33da7b8d6f6f269f1988931c0a52b7122bcdd8c05042974e0db,nested,140-byte batch 512,140,512,20458930,20670310,4229120,0.9897737382748493,-0.010278909171514028
1,ba,1,mistral-nemo,e11c71726323d33da7b8d6f6f269f1988931c0a52b7122bcdd8c05042974e0db,nested,140-byte batch 512,140,512,18659920,19665440,4229120,0.9488686751987243,-0.05248487224642202
1,ba,2,mistral-nemo,e11c71726323d33da7b8d6f6f269f1988931c0a52b7122bcdd8c05042974e0db,nested,140-byte batch 512,140,512,18114990,18302420,4229120,0.989759277734857,-0.010293519223355174
1,ba,3,mistral-nemo,e11c71726323d33da7b8d6f6f269f1988931c0a52b7122bcdd8c05042974e0db,nested,140-byte batch 512,140,512,15594229,15826909,4229120,0.9852984559398175,-0.014810682751437178
1,ba,4,mistral-nemo,e11c71726323d33da7b8d6f6f269f1988931c0a52b7122bcdd8c05042974e0db,nested,140-byte batch 512,140,512,15465670,15129689,4229120,1.0222067353796895,0.02196375643196738
1,ba,5,mistral-nemo,e11c71726323d33da7b8d6f6f269f1988931c0a52b7122bcdd8c05042974e0db,nested,140-byte batch 512,140,512,15294930,15582430,4229120,0.9815497326155164,-0.01862259653858834
1,ba,0,mistral-nemo,e11c71726323d33da7b8d6f6f269f1988931c0a52b7122bcdd8c05042974e0db,nested,4 KiB single,4096,1,51409140,49671870,4194304,1.034974926452336,0.03437720077396971
1,ba,1,mistral-nemo,e11c71726323d33da7b8d6f6f269f1988931c0a52b7122bcdd8c05042974e0db,nested,4 KiB single,4096,1,49461079,47983409,4194304,1.0307954359807991,0.030330772138617748
1,ba,2,mistral-nemo,e11c71726323d33da7b8d6f6f269f1988931c0a52b7122bcdd8c05042974e0db,nested,4 KiB single,4096,1,45379769,45175550,4194304,1.0045205647745297,0.004510377710905661
1,ba,3,mistral-nemo,e11c71726323d33da7b8d6f6f269f1988931c0a52b7122bcdd8c05042974e0db,nested,4 KiB single,4096,1,42335389,43171980,4194304,0.9806218987408036,-0.019568318033119474
1,ba,4,mistral-nemo,e11c71726323d33da7b8d6f6f269f1988931c0a52b7122bcdd8c05042974e0db,nested,4 KiB single,4096,1,43885320,45928239,4194304,0.9555193265737882,-0.045500288846199846
1,ba,5,mistral-nemo,e11c71726323d33da7b8d6f6f269f1988931c0a52b7122bcdd8c05042974e0db,nested,4 KiB single,4096,1,48871800,48704370,4194304,1.0034376792061985,0.0034317838939676103
1,ba,0,mistral-nemo,e11c71726323d33da7b8d6f6f269f1988931c0a52b7122bcdd8c05042974e0db,nested,64 KiB single,65536,1,46016319,47494289,4194304,0.9688811006308569,-0.031613377787350704
1,ba,1,mistral-nemo,e11c71726323d33da7b8d6f6f269f1988931c0a52b7122bcdd8c05042974e0db,nested,64 KiB single,65536,1,43752290,43757149,4194304,0.9998889552881975,-0.00011105087772293068
1,ba,2,mistral-nemo,e11c71726323d33da7b8d6f6f269f1988931c0a52b7122bcdd8c05042974e0db,nested,64 KiB single,65536,1,42862389,45317069,4194304,0.9458332135293216,-0.055689032525631094
1,ba,3,mistral-nemo,e11c71726323d33da7b8d6f6f269f1988931c0a52b7122bcdd8c05042974e0db,nested,64 KiB single,65536,1,40054879,38679470,4194304,1.0355591480441693,0.034941520496628145
1,ba,4,mistral-nemo,e11c71726323d33da7b8d6f6f269f1988931c0a52b7122bcdd8c05042974e0db,nested,64 KiB single,65536,1,36130450,34301120,4194304,1.0533314947150414,0.051957993405492744
1,ba,5,mistral-nemo,e11c71726323d33da7b8d6f6f269f1988931c0a52b7122bcdd8c05042974e0db,nested,64 KiB single,65536,1,39801519,37532430,4194304,1.0604567569965493,0.058699718138946935
1,ba,0,nemotron-3,c6021eb6847e682f89aa52d5eb6e8c7d902a23acfc8137e25211cf84828f1592,flat-ragged,140-byte batch 1,140,1,69135519,68029329,4194400,1.0162604867086078,0.01612970085110285
1,ba,1,nemotron-3,c6021eb6847e682f89aa52d5eb6e8c7d902a23acfc8137e25211cf84828f1592,flat-ragged,140-byte batch 1,140,1,61121760,60331250,4194400,1.0131028281363306,0.013017728640403655
1,ba,2,nemotron-3,c6021eb6847e682f89aa52d5eb6e8c7d902a23acfc8137e25211cf84828f1592,flat-ragged,140-byte batch 1,140,1,54443719,52898229,4194400,1.0292162900198416,0.028797629146910465
1,ba,3,nemotron-3,c6021eb6847e682f89aa52d5eb6e8c7d902a23acfc8137e25211cf84828f1592,flat-ragged,140-byte batch 1,140,1,43751669,39201350,4194400,1.1160755688260735,0.10981857566848764
1,ba,4,nemotron-3,c6021eb6847e682f89aa52d5eb6e8c7d902a23acfc8137e25211cf84828f1592,flat-ragged,140-byte batch 1,140,1,62292449,57998750,4194400,1.074030888596737,0.07141875600525978
1,ba,5,nemotron-3,c6021eb6847e682f89aa52d5eb6e8c7d902a23acfc8137e25211cf84828f1592,flat-ragged,140-byte batch 1,140,1,56750299,52680909,4194400,1.077246009555378,0.07440779321860223
1,ba,0,nemotron-3,c6021eb6847e682f89aa52d5eb6e8c7d902a23acfc8137e25211cf84828f1592,flat-ragged,140-byte batch 32,140,32,65065410,65366309,4197760,0.9953967264695947,-0.004613901221324115
1,ba,1,nemotron-3,c6021eb6847e682f89aa52d5eb6e8c7d902a23acfc8137e25211cf84828f1592,flat-ragged,140-byte batch 32,140,32,55667620,56860200,4197760,0.979026102616593,-0.02119697427734859
1,ba,2,nemotron-3,c6021eb6847e682f89aa52d5eb6e8c7d902a23acfc8137e25211cf84828f1592,flat-ragged,140-byte batch 32,140,32,49695459,52259030,4197760,0.9509449180361748,-0.050299138160260715
1,ba,3,nemotron-3,c6021eb6847e682f89aa52d5eb6e8c7d902a23acfc8137e25211cf84828f1592,flat-ragged,140-byte batch 32,140,32,38927319,39493900,4197760,0.9856539617510552,-0.014449937548354441
1,ba,4,nemotron-3,c6021eb6847e682f89aa52d5eb6e8c7d902a23acfc8137e25211cf84828f1592,flat-ragged,140-byte batch 32,140,32,56571950,63423010,4197760,0.8919783214325526,-0.11431345002419303
1,ba,5,nemotron-3,c6021eb6847e682f89aa52d5eb6e8c7d902a23acfc8137e25211cf84828f1592,flat-ragged,140-byte batch 32,140,32,49682810,56537900,4197760,0.8787523059752839,-0.12925221170675513
1,ba,0,nemotron-3,c6021eb6847e682f89aa52d5eb6e8c7d902a23acfc8137e25211cf84828f1592,flat-ragged,140-byte batch 512,140,512,18511710,17599710,4229120,1.0518190356545647,0.05052108017872715
1,ba,1,nemotron-3,c6021eb6847e682f89aa52d5eb6e8c7d902a23acfc8137e25211cf84828f1592,flat-ragged,140-byte batch 512,140,512,17396170,17244070,4229120,1.008820423484711,0.008781750789482389
1,ba,2,nemotron-3,c6021eb6847e682f89aa52d5eb6e8c7d902a23acfc8137e25211cf84828f1592,flat-ragged,140-byte batch 512,140,512,16453850,15827670,4229120,1.0395623613583047,0.03879981820318211
1,ba,3,nemotron-3,c6021eb6847e682f89aa52d5eb6e8c7d902a23acfc8137e25211cf84828f1592,flat-ragged,140-byte batch 512,140,512,13741070,13297900,4229120,1.0333263146812655,0.032783030555986824
1,ba,4,nemotron-3,c6021eb6847e682f89aa52d5eb6e8c7d902a23acfc8137e25211cf84828f1592,flat-ragged,140-byte batch 512,140,512,13304610,13189740,4229120,1.008709042028122,0.008671337079441432
1,ba,5,nemotron-3,c6021eb6847e682f89aa52d5eb6e8c7d902a23acfc8137e25211cf84828f1592,flat-ragged,140-byte batch 512,140,512,12837450,13183410,4229120,0.9737579275771595,-0.02659254054440435
1,ba,0,nemotron-3,c6021eb6847e682f89aa52d5eb6e8c7d902a23acfc8137e25211cf84828f1592,flat-ragged,4 KiB single,4096,1,49841930,44575680,4194304,1.1181417759639336,0.11166817882524853
1,ba,1,nemotron-3,c6021eb6847e682f89aa52d5eb6e8c7d902a23acfc8137e25211cf84828f1592,flat-ragged,4 KiB single,4096,1,50262530,44546439,4194304,1.1283175743856877,0.12072765102756505
1,ba,2,nemotron-3,c6021eb6847e682f89aa52d5eb6e8c7d902a23acfc8137e25211cf84828f1592,flat-ragged,4 KiB single,4096,1,44880720,40509460,4194304,1.1079071407024432,0.10247277678271698
1,ba,3,nemotron-3,c6021eb6847e682f89aa52d5eb6e8c7d902a23acfc8137e25211cf84828f1592,flat-ragged,4 KiB single,4096,1,43585919,38481680,4194304,1.132640752690631,0.12455185558885871
1,ba,4,nemotron-3,c6021eb6847e682f89aa52d5eb6e8c7d902a23acfc8137e25211cf84828f1592,flat-ragged,4 KiB single,4096,1,46222560,39537170,4194304,1.1690912627282124,0.15622674850019672
1,ba,5,nemotron-3,c6021eb6847e682f89aa52d5eb6e8c7d902a23acfc8137e25211cf84828f1592,flat-ragged,4 KiB single,4096,1,50693669,46167160,4194304,1.0980460786411812,0.09353230818236684
1,ba,0,nemotron-3,c6021eb6847e682f89aa52d5eb6e8c7d902a23acfc8137e25211cf84828f1592,flat-ragged,64 KiB single,65536,1,19606880,19361090,4194304,1.0126950497105276,0.01261514313493956
1,ba,1,nemotron-3,c6021eb6847e682f89aa52d5eb6e8c7d902a23acfc8137e25211cf84828f1592,flat-ragged,64 KiB single,65536,1,18388010,18055010,4194304,1.0184436342045782,0.01827561318430478
1,ba,2,nemotron-3,c6021eb6847e682f89aa52d5eb6e8c7d902a23acfc8137e25211cf84828f1592,flat-ragged,64 KiB single,65536,1,17991670,17414320,4194304,1.033153749328139,0.032616016746821214
1,ba,3,nemotron-3,c6021eb6847e682f89aa52d5eb6e8c7d902a23acfc8137e25211cf84828f1592,flat-ragged,64 KiB single,65536,1,18475799,17699770,4194304,1.043844016052186,0.042910068385975005
1,ba,4,nemotron-3,c6021eb6847e682f89aa52d5eb6e8c7d902a23acfc8137e25211cf84828f1592,flat-ragged,64 KiB single,65536,1,17821880,17143549,4194304,1.0395677114464454,0.038804964671131106
1,ba,5,nemotron-3,c6021eb6847e682f89aa52d5eb6e8c7d902a23acfc8137e25211cf84828f1592,flat-ragged,64 KiB single,65536,1,17391860,16713080,4194304,1.0406136989711052,0.039810634280116455
1,ba,0,nemotron-3,c6021eb6847e682f89aa52d5eb6e8c7d902a23acfc8137e25211cf84828f1592,nested,140-byte batch 1,140,1,76808869,70527189,4194400,1.0890674942397038,0.0853218202118015
1,ba,1,nemotron-3,c6021eb6847e682f89aa52d5eb6e8c7d902a23acfc8137e25211cf84828f1592,nested,140-byte batch 1,140,1,65889629,61498289,4194400,1.0714058890321323,0.0689717010261823
1,ba,2,nemotron-3,c6021eb6847e682f89aa52d5eb6e8c7d902a23acfc8137e25211cf84828f1592,nested,140-byte batch 1,140,1,58655519,54559569,4194400,1.0750729904043046,0.07238855732517373
1,ba,3,nemotron-3,c6021eb6847e682f89aa52d5eb6e8c7d902a23acfc8137e25211cf84828f1592,nested,140-byte batch 1,140,1,46083659,45983329,4194400,1.0021818776974585,0.0021795008590011363
1,ba,4,nemotron-3,c6021eb6847e682f89aa52d5eb6e8c7d902a23acfc8137e25211cf84828f1592,nested,140-byte batch 1,140,1,65356319,64150090,4194400,1.0188032316088722,0.018628636093862696
1,ba,5,nemotron-3,c6021eb6847e682f89aa52d5eb6e8c7d902a23acfc8137e25211cf84828f1592,nested,140-byte batch 1,140,1,58025109,55542660,4194400,1.0446944564772376,0.043724456517427124
1,ba,0,nemotron-3,c6021eb6847e682f89aa52d5eb6e8c7d902a23acfc8137e25211cf84828f1592,nested,140-byte batch 32,140,32,76574529,76531829,4197760,1.0005579377960507,0.0005577822066287256
1,ba,1,nemotron-3,c6021eb6847e682f89aa52d5eb6e8c7d902a23acfc8137e25211cf84828f1592,nested,140-byte batch 32,140,32,65117400,65215429,4197760,0.9984968434386899,-0.0015042874345290323
1,ba,2,nemotron-3,c6021eb6847e682f89aa52d5eb6e8c7d902a23acfc8137e25211cf84828f1592,nested,140-byte batch 32,140,32,59910320,59473709,4197760,1.0073412438427205,0.007314428072901762
1,ba,3,nemotron-3,c6021eb6847e682f89aa52d5eb6e8c7d902a23acfc8137e25211cf84828f1592,nested,140-byte batch 32,140,32,44439240,46740550,4197760,0.9507641651627976,-0.05048923334939175
1,ba,4,nemotron-3,c6021eb6847e682f89aa52d5eb6e8c7d902a23acfc8137e25211cf84828f1592,nested,140-byte batch 32,140,32,64047840,64776579,4197760,0.9887499616180718,-0.011313798718912025
1,ba,5,nemotron-3,c6021eb6847e682f89aa52d5eb6e8c7d902a23acfc8137e25211cf84828f1592,nested,140-byte batch 32,140,32,57990859,60329730,4197760,0.9612318669418876,-0.03953962237986039
1,ba,0,nemotron-3,c6021eb6847e682f89aa52d5eb6e8c7d902a23acfc8137e25211cf84828f1592,nested,140-byte batch 512,140,512,20146670,20828100,4229120,0.9672831415251512,-0.03326402232848379
1,ba,1,nemotron-3,c6021eb6847e682f89aa52d5eb6e8c7d902a23acfc8137e25211cf84828f1592,nested,140-byte batch 512,140,512,18932099,19144040,4229120,0.9889291393039296,-0.011132598759561236
1,ba,2,nemotron-3,c6021eb6847e682f89aa52d5eb6e8c7d902a23acfc8137e25211cf84828f1592,nested,140-byte batch 512,140,512,18558600,18524400,4229120,1.0018462136425472,0.0018445114848494291
1,ba,3,nemotron-3,c6021eb6847e682f89aa52d5eb6e8c7d902a23acfc8137e25211cf84828f1592,nested,140-byte batch 512,140,512,15326560,16150160,4229120,0.9490036012027125,-0.05234268564525475
1,ba,4,nemotron-3,c6021eb6847e682f89aa52d5eb6e8c7d902a23acfc8137e25211cf84828f1592,nested,140-byte batch 512,140,512,14776160,14832990,4229120,0.9961686753648455,-0.003838682960152008
1,ba,5,nemotron-3,c6021eb6847e682f89aa52d5eb6e8c7d902a23acfc8137e25211cf84828f1592,nested,140-byte batch 512,140,512,15085670,14995120,4229120,1.006038631234695,0.0060204717699711245
1,ba,0,nemotron-3,c6021eb6847e682f89aa52d5eb6e8c7d902a23acfc8137e25211cf84828f1592,nested,4 KiB single,4096,1,48766479,47039299,4194304,1.036717809081296,0.036059769825110166
1,ba,1,nemotron-3,c6021eb6847e682f89aa52d5eb6e8c7d902a23acfc8137e25211cf84828f1592,nested,4 KiB single,4096,1,47740759,45782930,4194304,1.0427632962765816,0.04187420517792963
1,ba,2,nemotron-3,c6021eb6847e682f89aa52d5eb6e8c7d902a23acfc8137e25211cf84828f1592,nested,4 KiB single,4096,1,48370879,41227840,4194304,1.1732576579321157,0.15978420278135116
1,ba,3,nemotron-3,c6021eb6847e682f89aa52d5eb6e8c7d902a23acfc8137e25211cf84828f1592,nested,4 KiB single,4096,1,42920150,41498820,4194304,1.0342498895149308,0.033676419533108654
1,ba,4,nemotron-3,c6021eb6847e682f89aa52d5eb6e8c7d902a23acfc8137e25211cf84828f1592,nested,4 KiB single,4096,1,45617529,42165880,4194304,1.081858815705969,0.07868068735033633
1,ba,5,nemotron-3,c6021eb6847e682f89aa52d5eb6e8c7d902a23acfc8137e25211cf84828f1592,nested,4 KiB single,4096,1,50472070,48879150,4194304,1.0325889464117113,0.03206918878836679
1,ba,0,nemotron-3,c6021eb6847e682f89aa52d5eb6e8c7d902a23acfc8137e25211cf84828f1592,nested,64 KiB single,65536,1,46419089,41337410,4194304,1.1229317221374053,0.11594287438648468
1,ba,1,nemotron-3,c6021eb6847e682f89aa52d5eb6e8c7d902a23acfc8137e25211cf84828f1592,nested,64 KiB single,65536,1,47524849,41284689,4194304,1.1511494975776613,0.14076100625560933
1,ba,2,nemotron-3,c6021eb6847e682f89aa52d5eb6e8c7d902a23acfc8137e25211cf84828f1592,nested,64 KiB single,65536,1,44369429,44728880,4194304,0.9919637826835817,-0.008068681755299071
1,ba,3,nemotron-3,c6021eb6847e682f89aa52d5eb6e8c7d902a23acfc8137e25211cf84828f1592,nested,64 KiB single,65536,1,41559000,36252600,4194304,1.146372949802221,0.13660300147728982
1,ba,4,nemotron-3,c6021eb6847e682f89aa52d5eb6e8c7d902a23acfc8137e25211cf84828f1592,nested,64 KiB single,65536,1,38568279,34946140,4194304,1.1036491870060614,0.09862213196372274
1,ba,5,nemotron-3,c6021eb6847e682f89aa52d5eb6e8c7d902a23acfc8137e25211cf84828f1592,nested,64 KiB single,65536,1,42002040,37502429,4194304,1.119981855041976,0.11331248432038933
1,ba,0,phi-4-mini,382cc235b56c725945e149cc25f191da667c836655efd0857b004320e90e91ea,flat-ragged,140-byte batch 1,140,1,50713659,47810070,4194400,1.0607317454251792,0.05895899583148251
1,ba,1,phi-4-mini,382cc235b56c725945e149cc25f191da667c836655efd0857b004320e90e91ea,flat-ragged,140-byte batch 1,140,1,47037440,43440409,4194400,1.0828038014098809,0.07955378947393817
1,ba,2,phi-4-mini,382cc235b56c725945e149cc25f191da667c836655efd0857b004320e90e91ea,flat-ragged,140-byte batch 1,140,1,46256340,44845090,4194400,1.031469442920061,0.030984429164110577
1,ba,3,phi-4-mini,382cc235b56c725945e149cc25f191da667c836655efd0857b004320e90e91ea,flat-ragged,140-byte batch 1,140,1,47055519,46307169,4194400,1.0161605646849194,0.01603137277710425
1,ba,4,phi-4-mini,382cc235b56c725945e149cc25f191da667c836655efd0857b004320e90e91ea,flat-ragged,140-byte batch 1,140,1,46364499,42952850,4194400,1.0794277678896744,0.07643105617230707
1,ba,5,phi-4-mini,382cc235b56c725945e149cc25f191da667c836655efd0857b004320e90e91ea,flat-ragged,140-byte batch 1,140,1,42135049,38259920,4194400,1.1012842943738512,0.09647703909901394
1,ba,0,phi-4-mini,382cc235b56c725945e149cc25f191da667c836655efd0857b004320e90e91ea,flat-ragged,140-byte batch 32,140,32,43270309,43451489,4197760,0.9958302924900917,-0.004178424981577898
1,ba,1,phi-4-mini,382cc235b56c725945e149cc25f191da667c836655efd0857b004320e90e91ea,flat-ragged,140-byte batch 32,140,32,38142460,37277230,4197760,1.0232106838410473,0.02294541282400244
1,ba,2,phi-4-mini,382cc235b56c725945e149cc25f191da667c836655efd0857b004320e90e91ea,flat-ragged,140-byte batch 32,140,32,38337220,40188920,4197760,0.953925111697453,-0.0471701098839966
1,ba,3,phi-4-mini,382cc235b56c725945e149cc25f191da667c836655efd0857b004320e90e91ea,flat-ragged,140-byte batch 32,140,32,41586120,41174090,4197760,1.0100070214059376,0.009957282716070725
1,ba,4,phi-4-mini,382cc235b56c725945e149cc25f191da667c836655efd0857b004320e90e91ea,flat-ragged,140-byte batch 32,140,32,37460290,35015930,4197760,1.0698070849467656,0.06747833777654286
1,ba,5,phi-4-mini,382cc235b56c725945e149cc25f191da667c836655efd0857b004320e90e91ea,flat-ragged,140-byte batch 32,140,32,32649490,30156570,4197760,1.0826659000012269,0.07942642550412547
1,ba,0,phi-4-mini,382cc235b56c725945e149cc25f191da667c836655efd0857b004320e90e91ea,flat-ragged,140-byte batch 512,140,512,13143710,13073920,4229120,1.0053381082337967,0.005323911035747162
1,ba,1,phi-4-mini,382cc235b56c725945e149cc25f191da667c836655efd0857b004320e90e91ea,flat-ragged,140-byte batch 512,140,512,12555620,12385829,4229120,1.0137084889513652,0.013615377595642998
1,ba,2,phi-4-mini,382cc235b56c725945e149cc25f191da667c836655efd0857b004320e90e91ea,flat-ragged,140-byte batch 512,140,512,11880470,11934150,4229120,0.9955019838027844,-0.004508162709621078
1,ba,3,phi-4-mini,382cc235b56c725945e149cc25f191da667c836655efd0857b004320e90e91ea,flat-ragged,140-byte batch 512,140,512,10177560,11363159,4229120,0.8956629050073135,-0.11019115888654456
1,ba,4,phi-4-mini,382cc235b56c725945e149cc25f191da667c836655efd0857b004320e90e91ea,flat-ragged,140-byte batch 512,140,512,9799650,9923900,4229120,0.9874797206743317,-0.012599318443720451
1,ba,5,phi-4-mini,382cc235b56c725945e149cc25f191da667c836655efd0857b004320e90e91ea,flat-ragged,140-byte batch 512,140,512,9805690,10121929,4229120,0.9687570422594349,-0.03174142891190835
1,ba,0,phi-4-mini,382cc235b56c725945e149cc25f191da667c836655efd0857b004320e90e91ea,flat-ragged,4 KiB single,4096,1,33202550,35367420,4194304,0.9387891454903977,-0.06316437718289247
1,ba,1,phi-4-mini,382cc235b56c725945e149cc25f191da667c836655efd0857b004320e90e91ea,flat-ragged,4 KiB single,4096,1,33265400,32353769,4194304,1.0281769644828707,0.02778729665640984
1,ba,2,phi-4-mini,382cc235b56c725945e149cc25f191da667c836655efd0857b004320e90e91ea,flat-ragged,4 KiB single,4096,1,30852720,29798970,4194304,1.0353619604972923,0.03475108586668541
1,ba,3,phi-4-mini,382cc235b56c725945e149cc25f191da667c836655efd0857b004320e90e91ea,flat-ragged,4 KiB single,4096,1,30531090,29980679,4194304,1.018358857049235,0.0181923678468151
1,ba,4,phi-4-mini,382cc235b56c725945e149cc25f191da667c836655efd0857b004320e90e91ea,flat-ragged,4 KiB single,4096,1,34521629,36968630,4194304,0.9338087183647324,-0.0684836600520326
1,ba,5,phi-4-mini,382cc235b56c725945e149cc25f191da667c836655efd0857b004320e90e91ea,flat-ragged,4 KiB single,4096,1,31898800,33776230,4194304,0.9444156437826247,-0.05718890912332246
1,ba,0,phi-4-mini,382cc235b56c725945e149cc25f191da667c836655efd0857b004320e90e91ea,flat-ragged,64 KiB single,65536,1,15494320,15717169,4194304,0.9858213015333741,-0.014280176572056968
1,ba,1,phi-4-mini,382cc235b56c725945e149cc25f191da667c836655efd0857b004320e90e91ea,flat-ragged,64 KiB single,65536,1,15547400,15568019,4194304,0.9986755540316337,-0.0013253238221267592
1,ba,2,phi-4-mini,382cc235b56c725945e149cc25f191da667c836655efd0857b004320e90e91ea,flat-ragged,64 KiB single,65536,1,15099140,15055110,4194304,1.002924588395568,0.0029203201068928705
1,ba,3,phi-4-mini,382cc235b56c725945e149cc25f191da667c836655efd0857b004320e90e91ea,flat-ragged,64 KiB single,65536,1,15738659,15587300,4194304,1.0097104052658255,0.009663562279412053
1,ba,4,phi-4-mini,382cc235b56c725945e149cc25f191da667c836655efd0857b004320e90e91ea,flat-ragged,64 KiB single,65536,1,14730190,14959320,4194304,0.9846831273079257,-0.015435387730545272
1,ba,5,phi-4-mini,382cc235b56c725945e149cc25f191da667c836655efd0857b004320e90e91ea,flat-ragged,64 KiB single,65536,1,14497000,14969400,4194304,0.9684422889360963,-0.03206638599922485
1,ba,0,phi-4-mini,382cc235b56c725945e149cc25f191da667c836655efd0857b004320e90e91ea,nested,140-byte batch 1,140,1,51542429,48854650,4194400,1.0550158275619619,0.0535557692438944
1,ba,1,phi-4-mini,382cc235b56c725945e149cc25f191da667c836655efd0857b004320e90e91ea,nested,140-byte batch 1,140,1,46516499,41958660,4194400,1.1086268960924872,0.10312221902307404
1,ba,2,phi-4-mini,382cc235b56c725945e149cc25f191da667c836655efd0857b004320e90e91ea,nested,140-byte batch 1,140,1,44350869,41434100,4194400,1.0703953748241184,0.06802808940352886
1,ba,3,phi-4-mini,382cc235b56c725945e149cc25f191da667c836655efd0857b004320e90e91ea,nested,140-byte batch 1,140,1,49594140,45483820,4194400,1.090368838853025,0.08651602327083811
1,ba,4,phi-4-mini,382cc235b56c725945e149cc25f191da667c836655efd0857b004320e90e91ea,nested,140-byte batch 1,140,1,44806079,40683190,4194400,1.101341340243968,0.09652883716150171
1,ba,5,phi-4-mini,382cc235b56c725945e149cc25f191da667c836655efd0857b004320e90e91ea,nested,140-byte batch 1,140,1,38644600,35717920,4194400,1.081938701917693,0.07875452624802393
1,ba,0,phi-4-mini,382cc235b56c725945e149cc25f191da667c836655efd0857b004320e90e91ea,nested,140-byte batch 32,140,32,55950259,48946209,4197760,1.1430968841733995,0.13374114427683126
1,ba,1,phi-4-mini,382cc235b56c725945e149cc25f191da667c836655efd0857b004320e90e91ea,nested,140-byte batch 32,140,32,49719900,42479900,4197760,1.170433546218329,0.15737423249546612
1,ba,2,phi-4-mini,382cc235b56c725945e149cc25f191da667c836655efd0857b004320e90e91ea,nested,140-byte batch 32,140,32,48219040,43688399,4197760,1.1037035255057068,0.09867136605245573
1,ba,3,phi-4-mini,382cc235b56c725945e149cc25f191da667c836655efd0857b004320e90e91ea,nested,140-byte batch 32,140,32,49677519,46202780,4197760,1.0752062754665412,0.07251252732713843
1,ba,4,phi-4-mini,382cc235b56c725945e149cc25f191da667c836655efd0857b004320e90e91ea,nested,140-byte batch 32,140,32,44427099,40718420,4197760,1.0910811126757864,0.0871690511778725
1,ba,5,phi-4-mini,382cc235b56c725945e149cc25f191da667c836655efd0857b004320e90e91ea,nested,140-byte batch 32,140,32,38677740,37669450,4197760,1.0267667831624832,0.02641481963034452
1,ba,0,phi-4-mini,382cc235b56c725945e149cc25f191da667c836655efd0857b004320e90e91ea,nested,140-byte batch 512,140,512,15934870,14945009,4229120,1.0662335499429942,0.06413239174975188
1,ba,1,phi-4-mini,382cc235b56c725945e149cc25f191da667c836655efd0857b004320e90e91ea,nested,140-byte batch 512,140,512,14704360,14674190,4229120,1.0020559908247064,0.0020538801680694487
1,ba,2,phi-4-mini,382cc235b56c725945e149cc25f191da667c836655efd0857b004320e90e91ea,nested,140-byte batch 512,140,512,14592310,13783000,4229120,1.0587179859246898,0.057058728911556035
1,ba,3,phi-4-mini,382cc235b56c725945e149cc25f191da667c836655efd0857b004320e90e91ea,nested,140-byte batch 512,140,512,12600139,12051950,4229120,1.0454855023460934,0.044481373072180114
1,ba,4,phi-4-mini,382cc235b56c725945e149cc25f191da667c836655efd0857b004320e90e91ea,nested,140-byte batch 512,140,512,12621120,12514390,4229120,1.0085285818965206,0.008492419008568211
1,ba,5,phi-4-mini,382cc235b56c725945e149cc25f191da667c836655efd0857b004320e90e91ea,nested,140-byte batch 512,140,512,12398930,12136130,4229120,1.0216543494507722,0.021423224644883988
1,ba,0,phi-4-mini,382cc235b56c725945e149cc25f191da667c836655efd0857b004320e90e91ea,nested,4 KiB single,4096,1,35693460,40394430,4194304,0.8836233114317988,-0.1237244254485117
1,ba,1,phi-4-mini,382cc235b56c725945e149cc25f191da667c836655efd0857b004320e90e91ea,nested,4 KiB single,4096,1,34306529,36267940,4194304,0.9459188749071494,-0.055598469519611435
1,ba,2,phi-4-mini,382cc235b56c725945e149cc25f191da667c836655efd0857b004320e90e91ea,nested,4 KiB single,4096,1,33710080,34860050,4194304,0.9670118086462871,-0.03354457197332433
1,ba,3,phi-4-mini,382cc235b56c725945e149cc25f191da667c836655efd0857b004320e90e91ea,nested,4 KiB single,4096,1,32496109,34021629,4194304,0.9551602893559271,-0.045876110327827305
1,ba,4,phi-4-mini,382cc235b56c725945e149cc25f191da667c836655efd0857b004320e90e91ea,nested,4 KiB single,4096,1,36237490,36432659,4194304,0.9946430207029358,-0.005371379360911809
1,ba,5,phi-4-mini,382cc235b56c725945e149cc25f191da667c836655efd0857b004320e90e91ea,nested,4 KiB single,4096,1,34596940,36257889,4194304,0.9541906866116778,-0.046891746363108555
1,ba,0,phi-4-mini,382cc235b56c725945e149cc25f191da667c836655efd0857b004320e90e91ea,nested,64 KiB single,65536,1,34264240,30973449,4194304,1.1062455459835938,0.10097189110237723
1,ba,1,phi-4-mini,382cc235b56c725945e149cc25f191da667c836655efd0857b004320e90e91ea,nested,64 KiB single,65536,1,29846150,29400279,4194304,1.0151655363542638,0.01505168920022247
1,ba,2,phi-4-mini,382cc235b56c725945e149cc25f191da667c836655efd0857b004320e90e91ea,nested,64 KiB single,65536,1,27071250,28365869,4194304,0.9543599739532042,-0.046714347517515235
1,ba,3,phi-4-mini,382cc235b56c725945e149cc25f191da667c836655efd0857b004320e90e91ea,nested,64 KiB single,65536,1,25294150,27188760,4194304,0.9303164248755735,-0.07223050890225931
1,ba,4,phi-4-mini,382cc235b56c725945e149cc25f191da667c836655efd0857b004320e90e91ea,nested,64 KiB single,65536,1,27630109,28743900,4194304,0.9612512219984066,-0.039519486903370565
1,ba,5,phi-4-mini,382cc235b56c725945e149cc25f191da667c836655efd0857b004320e90e91ea,nested,64 KiB single,65536,1,29531240,30102020,4194304,0.9810384818028823,-0.019143593068010504
1,ba,0,qwen-2-5,c0382117ea329cdf097041132f6d735924b697924d6f6fc3945713e96ce87539,flat-ragged,140-byte batch 1,140,1,40173609,48435130,4194400,0.8294312206863076,-0.18701508938216616
1,ba,1,qwen-2-5,c0382117ea329cdf097041132f6d735924b697924d6f6fc3945713e96ce87539,flat-ragged,140-byte batch 1,140,1,37282560,44915020,4194400,0.8300688722837037,-0.18624660297896686
1,ba,2,qwen-2-5,c0382117ea329cdf097041132f6d735924b697924d6f6fc3945713e96ce87539,flat-ragged,140-byte batch 1,140,1,34994530,39561770,4194400,0.8845542047284538,-0.12267148435616924
1,ba,3,qwen-2-5,c0382117ea329cdf097041132f6d735924b697924d6f6fc3945713e96ce87539,flat-ragged,140-byte batch 1,140,1,40121090,45072529,4194400,0.8901450814974239,-0.11637081662265977
1,ba,4,qwen-2-5,c0382117ea329cdf097041132f6d735924b697924d6f6fc3945713e96ce87539,flat-ragged,140-byte batch 1,140,1,37335640,42058679,4194400,0.8877035819408403,-0.11911739583563896
1,ba,5,qwen-2-5,c0382117ea329cdf097041132f6d735924b697924d6f6fc3945713e96ce87539,flat-ragged,140-byte batch 1,140,1,33846719,37982770,4194400,0.891107178333755,-0.1152905688087078
1,ba,0,qwen-2-5,c0382117ea329cdf097041132f6d735924b697924d6f6fc3945713e96ce87539,flat-ragged,140-byte batch 32,140,32,39377480,51067310,4197760,0.7710897636863975,-0.25995048718089087
1,ba,1,qwen-2-5,c0382117ea329cdf097041132f6d735924b697924d6f6fc3945713e96ce87539,flat-ragged,140-byte batch 32,140,32,35050630,42696720,4197760,0.8209209044629189,-0.19732851465440676
1,ba,2,qwen-2-5,c0382117ea329cdf097041132f6d735924b697924d6f6fc3945713e96ce87539,flat-ragged,140-byte batch 32,140,32,33394840,44492950,4197760,0.7505647523933567,-0.2869293526253008
1,ba,3,qwen-2-5,c0382117ea329cdf097041132f6d735924b697924d6f6fc3945713e96ce87539,flat-ragged,140-byte batch 32,140,32,38457200,44462469,4197760,0.8649362229524411,-0.14509950545931827
1,ba,4,qwen-2-5,c0382117ea329cdf097041132f6d735924b697924d6f6fc3945713e96ce87539,flat-ragged,140-byte batch 32,140,32,35721939,41281830,4197760,0.8653186886337161,-0.14465741373636673
1,ba,5,qwen-2-5,c0382117ea329cdf097041132f6d735924b697924d6f6fc3945713e96ce87539,flat-ragged,140-byte batch 32,140,32,31680770,34840450,4197760,0.9093100117822818,-0.09506919588277273
1,ba,0,qwen-2-5,c0382117ea329cdf097041132f6d735924b697924d6f6fc3945713e96ce87539,flat-ragged,140-byte batch 512,140,512,12024410,13685630,4229120,0.8786157451282842,-0.12940762689959281
1,ba,1,qwen-2-5,c0382117ea329cdf097041132f6d735924b697924d6f6fc3945713e96ce87539,flat-ragged,140-byte batch 512,140,512,11704599,12301320,4229120,0.951491303372321,-0.049724732201185035
1,ba,2,qwen-2-5,c0382117ea329cdf097041132f6d735924b697924d6f6fc3945713e96ce87539,flat-ragged,140-byte batch 512,140,512,13727090,11674070,4229120,1.1758615461445752,0.16200110967511758
1,ba,3,qwen-2-5,c0382117ea329cdf097041132f6d735924b697924d6f6fc3945713e96ce87539,flat-ragged,140-byte batch 512,140,512,9838960,10318340,4229120,0.95354097655243,-0.04757287998049508
1,ba,4,qwen-2-5,c0382117ea329cdf097041132f6d735924b697924d6f6fc3945713e96ce87539,flat-ragged,140-byte batch 512,140,512,9371720,9524220,4229120,0.9839881901090063,-0.016141383923648844
1,ba,5,qwen-2-5,c0382117ea329cdf097041132f6d735924b697924d6f6fc3945713e96ce87539,flat-ragged,140-byte batch 512,140,512,9212220,9736640,4229120,0.9461395306799881,-0.05536522537324949
1,ba,0,qwen-2-5,c0382117ea329cdf097041132f6d735924b697924d6f6fc3945713e96ce87539,flat-ragged,4 KiB single,4096,1,30995450,34422680,4194304,0.9004368631379079,-0.10487522994142515
1,ba,1,qwen-2-5,c0382117ea329cdf097041132f6d735924b697924d6f6fc3945713e96ce87539,flat-ragged,4 KiB single,4096,1,29037080,29526129,4194304,0.9834367383546959,-0.0167019661962159
1,ba,2,qwen-2-5,c0382117ea329cdf097041132f6d735924b697924d6f6fc3945713e96ce87539,flat-ragged,4 KiB single,4096,1,26666920,26769919,4194304,0.996152435126905,-0.003854985791914814
1,ba,3,qwen-2-5,c0382117ea329cdf097041132f6d735924b697924d6f6fc3945713e96ce87539,flat-ragged,4 KiB single,4096,1,25631390,25944279,4194304,0.9879399616385562,-0.012133350653004459
1,ba,4,qwen-2-5,c0382117ea329cdf097041132f6d735924b697924d6f6fc3945713e96ce87539,flat-ragged,4 KiB single,4096,1,28522029,32340580,4194304,0.8819269475068165,-0.12564605236159496
1,ba,5,qwen-2-5,c0382117ea329cdf097041132f6d735924b697924d6f6fc3945713e96ce87539,flat-ragged,4 KiB single,4096,1,29611450,30737709,4194304,0.9633590453992521,-0.03732909617409275
1,ba,0,qwen-2-5,c0382117ea329cdf097041132f6d735924b697924d6f6fc3945713e96ce87539,flat-ragged,64 KiB single,65536,1,27551319,30021279,4194304,0.9177263566951961,-0.08585601918690028
1,ba,1,qwen-2-5,c0382117ea329cdf097041132f6d735924b697924d6f6fc3945713e96ce87539,flat-ragged,64 KiB single,65536,1,27439840,29845840,4194304,0.9193857502419097,-0.08404949470563675
1,ba,2,qwen-2-5,c0382117ea329cdf097041132f6d735924b697924d6f6fc3945713e96ce87539,flat-ragged,64 KiB single,65536,1,25412400,27328459,4194304,0.929887777426455,-0.07269136954989666
1,ba,3,qwen-2-5,c0382117ea329cdf097041132f6d735924b697924d6f6fc3945713e96ce87539,flat-ragged,64 KiB single,65536,1,25447249,26704590,4194304,0.9529166708794256,-0.04822781789234579
1,ba,4,qwen-2-5,c0382117ea329cdf097041132f6d735924b697924d6f6fc3945713e96ce87539,flat-ragged,64 KiB single,65536,1,25246669,26663739,4194304,0.9468540402379426,-0.05461032625170663
1,ba,5,qwen-2-5,c0382117ea329cdf097041132f6d735924b697924d6f6fc3945713e96ce87539,flat-ragged,64 KiB single,65536,1,29144560,32660770,4194304,0.8923414849068163,-0.11390638905004695
1,ba,0,qwen-2-5,c0382117ea329cdf097041132f6d735924b697924d6f6fc3945713e96ce87539,nested,140-byte batch 1,140,1,43175190,48783089,4194400,0.8850442004605326,-0.12211769119816811
1,ba,1,qwen-2-5,c0382117ea329cdf097041132f6d735924b697924d6f6fc3945713e96ce87539,nested,140-byte batch 1,140,1,38312550,45032499,4194400,0.8507755698834302,-0.16160691035671695
1,ba,2,qwen-2-5,c0382117ea329cdf097041132f6d735924b697924d6f6fc3945713e96ce87539,nested,140-byte batch 1,140,1,37411890,41031810,4194400,0.9117777158745861,-0.09235905120907709
1,ba,3,qwen-2-5,c0382117ea329cdf097041132f6d735924b697924d6f6fc3945713e96ce87539,nested,140-byte batch 1,140,1,41465069,43943700,4194400,0.943595304901499,-0.058057907190649516
1,ba,4,qwen-2-5,c0382117ea329cdf097041132f6d735924b697924d6f6fc3945713e96ce87539,nested,140-byte batch 1,140,1,36501430,42128480,4194400,0.8664312123295215,-0.1433725586331701
1,ba,5,qwen-2-5,c0382117ea329cdf097041132f6d735924b697924d6f6fc3945713e96ce87539,nested,140-byte batch 1,140,1,34962990,37252860,4194400,0.9385316993111401,-0.06343864695578115
1,ba,0,qwen-2-5,c0382117ea329cdf097041132f6d735924b697924d6f6fc3945713e96ce87539,nested,140-byte batch 32,140,32,45525960,51556030,4197760,0.8830385116930066,-0.1243864647278996
1,ba,1,qwen-2-5,c0382117ea329cdf097041132f6d735924b697924d6f6fc3945713e96ce87539,nested,140-byte batch 32,140,32,41730759,43716409,4197760,0.954578840178753,-0.046485040821158445
1,ba,2,qwen-2-5,c0382117ea329cdf097041132f6d735924b697924d6f6fc3945713e96ce87539,nested,140-byte batch 32,140,32,39330590,42755890,4197760,0.9198870611744955,-0.0835043760675663
1,ba,3,qwen-2-5,c0382117ea329cdf097041132f6d735924b697924d6f6fc3945713e96ce87539,nested,140-byte batch 32,140,32,44321459,49582440,4197760,0.8938942698261724,-0.1121677772163241
1,ba,4,qwen-2-5,c0382117ea329cdf097041132f6d735924b697924d6f6fc3945713e96ce87539,nested,140-byte batch 32,140,32,38587209,41129350,4197760,0.9381915590691319,-0.06380113007012819
1,ba,5,qwen-2-5,c0382117ea329cdf097041132f6d735924b697924d6f6fc3945713e96ce87539,nested,140-byte batch 32,140,32,36353340,45266820,4197760,0.8030902104455316,-0.2192882295699827
1,ba,0,qwen-2-5,c0382117ea329cdf097041132f6d735924b697924d6f6fc3945713e96ce87539,nested,140-byte batch 512,140,512,14874219,15225230,4229120,0.9769454385910755,-0.02332447436258431
1,ba,1,qwen-2-5,c0382117ea329cdf097041132f6d735924b697924d6f6fc3945713e96ce87539,nested,140-byte batch 512,140,512,13983060,14419980,4229120,0.9697003740643191,-0.030768147919087316
1,ba,2,qwen-2-5,c0382117ea329cdf097041132f6d735924b697924d6f6fc3945713e96ce87539,nested,140-byte batch 512,140,512,13582249,14081439,4229120,0.964549787844836,-0.03609382760074228
1,ba,3,qwen-2-5,c0382117ea329cdf097041132f6d735924b697924d6f6fc3945713e96ce87539,nested,140-byte batch 512,140,512,11699440,12756070,4229120,0.9171664940690981,-0.08646625933606086
1,ba,4,qwen-2-5,c0382117ea329cdf097041132f6d735924b697924d6f6fc3945713e96ce87539,nested,140-byte batch 512,140,512,11458670,11986849,4229120,0.9559367937311966,-0.04506348346038812
1,ba,5,qwen-2-5,c0382117ea329cdf097041132f6d735924b697924d6f6fc3945713e96ce87539,nested,140-byte batch 512,140,512,11597510,12519780,4229120,0.9263349675473531,-0.07651937373439477
1,ba,0,qwen-2-5,c0382117ea329cdf097041132f6d735924b697924d6f6fc3945713e96ce87539,nested,4 KiB single,4096,1,32038280,34984620,4194304,0.9157818492811984,-0.0879770984781562
1,ba,1,qwen-2-5,c0382117ea329cdf097041132f6d735924b697924d6f6fc3945713e96ce87539,nested,4 KiB single,4096,1,29848950,30076740,4194304,0.9924263733370039,-0.007602452208253394
1,ba,2,qwen-2-5,c0382117ea329cdf097041132f6d735924b697924d6f6fc3945713e96ce87539,nested,4 KiB single,4096,1,28688240,29940780,4194304,0.9581660865214601,-0.04273414806129554
1,ba,3,qwen-2-5,c0382117ea329cdf097041132f6d735924b697924d6f6fc3945713e96ce87539,nested,4 KiB single,4096,1,26670000,30535639,4194304,0.873405662151036,-0.13535515506751808
1,ba,4,qwen-2-5,c0382117ea329cdf097041132f6d735924b697924d6f6fc3945713e96ce87539,nested,4 KiB single,4096,1,30772840,35873990,4194304,0.8578036622076329,-0.15338003760603053
1,ba,5,qwen-2-5,c0382117ea329cdf097041132f6d735924b697924d6f6fc3945713e96ce87539,nested,4 KiB single,4096,1,31474990,31101489,4194304,1.0120091034869745,0.011937566365302788
1,ba,0,qwen-2-5,c0382117ea329cdf097041132f6d735924b697924d6f6fc3945713e96ce87539,nested,64 KiB single,65536,1,29274760,30282690,4194304,0.9667159687597106,-0.03385055081102974
1,ba,1,qwen-2-5,c0382117ea329cdf097041132f6d735924b697924d6f6fc3945713e96ce87539,nested,64 KiB single,65536,1,28866300,30334220,4194304,0.9516084474893372,-0.049601623449674725
1,ba,2,qwen-2-5,c0382117ea329cdf097041132f6d735924b697924d6f6fc3945713e96ce87539,nested,64 KiB single,65536,1,29401060,28050820,4194304,1.0481354912262815,0.047012863063458615
1,ba,3,qwen-2-5,c0382117ea329cdf097041132f6d735924b697924d6f6fc3945713e96ce87539,nested,64 KiB single,65536,1,26099049,27107820,4194304,0.9627867161579204,-0.03792337026237639
1,ba,4,qwen-2-5,c0382117ea329cdf097041132f6d735924b697924d6f6fc3945713e96ce87539,nested,64 KiB single,65536,1,26590120,26777480,4194304,0.9930030757188503,-0.007021517541106541
1,ba,5,qwen-2-5,c0382117ea329cdf097041132f6d735924b697924d6f6fc3945713e96ce87539,nested,64 KiB single,65536,1,29442110,29426170,4194304,1.0005416946887753,0.0005415480251695796
1,ba,0,qwen-3,aeb13307a71acd8fe81861d94ad54ab689df773318809eed3cbe794b4492dae4,flat-ragged,140-byte batch 1,140,1,45683240,54239960,4194400,0.8422432464920697,-0.171686415140125
1,ba,1,qwen-3,aeb13307a71acd8fe81861d94ad54ab689df773318809eed3cbe794b4492dae4,flat-ragged,140-byte batch 1,140,1,42989160,43330270,4194400,0.9921276742563571,-0.007903476091442289
1,ba,2,qwen-3,aeb13307a71acd8fe81861d94ad54ab689df773318809eed3cbe794b4492dae4,flat-ragged,140-byte batch 1,140,1,37259780,44082280,4194400,0.8452325968620498,-0.1681434269441118
1,ba,3,qwen-3,aeb13307a71acd8fe81861d94ad54ab689df773318809eed3cbe794b4492dae4,flat-ragged,140-byte batch 1,140,1,46176320,50623449,4194400,0.9121527851648353,-0.09194777534596463
1,ba,4,qwen-3,aeb13307a71acd8fe81861d94ad54ab689df773318809eed3cbe794b4492dae4,flat-ragged,140-byte batch 1,140,1,38079100,42374690,4194400,0.8986284029452487,-0.10688567484955169
1,ba,5,qwen-3,aeb13307a71acd8fe81861d94ad54ab689df773318809eed3cbe794b4492dae4,flat-ragged,140-byte batch 1,140,1,36109980,40148120,4194400,0.8994189516221432,-0.10600633346198834
1,ba,0,qwen-3,aeb13307a71acd8fe81861d94ad54ab689df773318809eed3cbe794b4492dae4,flat-ragged,140-byte batch 32,140,32,39862930,52273620,4197760,0.7625821590316493,-0.2710450267554322
1,ba,1,qwen-3,aeb13307a71acd8fe81861d94ad54ab689df773318809eed3cbe794b4492dae4,flat-ragged,140-byte batch 32,140,32,34895009,41770910,4197760,0.8353902033735918,-0.17985635385687693
1,ba,2,qwen-3,aeb13307a71acd8fe81861d94ad54ab689df773318809eed3cbe794b4492dae4,flat-ragged,140-byte batch 32,140,32,32656909,41199590,4197760,0.7926513103649818,-0.2323718635497744
1,ba,3,qwen-3,aeb13307a71acd8fe81861d94ad54ab689df773318809eed3cbe794b4492dae4,flat-ragged,140-byte batch 32,140,32,37937300,49014639,4197760,0.7739993759823468,-0.2561842116170931
1,ba,4,qwen-3,aeb13307a71acd8fe81861d94ad54ab689df773318809eed3cbe794b4492dae4,flat-ragged,140-byte batch 32,140,32,33846480,43606789,4197760,0.7761745539209502,-0.25337784347448505
1,ba,5,qwen-3,aeb13307a71acd8fe81861d94ad54ab689df773318809eed3cbe794b4492dae4,flat-ragged,140-byte batch 32,140,32,31655060,37917980,4197760,0.8348298089718914,-0.18052739649627408
1,ba,0,qwen-3,aeb13307a71acd8fe81861d94ad54ab689df773318809eed3cbe794b4492dae4,flat-ragged,140-byte batch 512,140,512,12615190,13195720,4229120,0.9560061898858114,-0.04499089117574366
1,ba,1,qwen-3,aeb13307a71acd8fe81861d94ad54ab689df773318809eed3cbe794b4492dae4,flat-ragged,140-byte batch 512,140,512,12043639,12697780,4229120,0.9484838294568027,-0.05289053829556686
1,ba,2,qwen-3,aeb13307a71acd8fe81861d94ad54ab689df773318809eed3cbe794b4492dae4,flat-ragged,140-byte batch 512,140,512,11480070,12129290,4229120,0.9464750203845402,-0.055010700245164294
1,ba,3,qwen-3,aeb13307a71acd8fe81861d94ad54ab689df773318809eed3cbe794b4492dae4,flat-ragged,140-byte batch 512,140,512,9804910,10394160,4229120,0.9433095122645794,-0.058360829348147916
1,ba,4,qwen-3,aeb13307a71acd8fe81861d94ad54ab689df773318809eed3cbe794b4492dae4,flat-ragged,140-byte batch 512,140,512,9640090,10375020,4229120,0.9291635100462456,-0.07347054914728919
1,ba,5,qwen-3,aeb13307a71acd8fe81861d94ad54ab689df773318809eed3cbe794b4492dae4,flat-ragged,140-byte batch 512,140,512,9602730,9969970,4229120,0.9631653856531163,-0.037530141895254304
1,ba,0,qwen-3,aeb13307a71acd8fe81861d94ad54ab689df773318809eed3cbe794b4492dae4,flat-ragged,4 KiB single,4096,1,30899150,36246999,4194304,0.8524609168334184,-0.15962791623208963
1,ba,1,qwen-3,aeb13307a71acd8fe81861d94ad54ab689df773318809eed3cbe794b4492dae4,flat-ragged,4 KiB single,4096,1,28704539,31198720,4194304,0.9200550214880611,-0.08332180476207274
1,ba,2,qwen-3,aeb13307a71acd8fe81861d94ad54ab689df773318809eed3cbe794b4492dae4,flat-ragged,4 KiB single,4096,1,26213390,30182590,4194304,0.8684937243622897,-0.14099491916209866
1,ba,3,qwen-3,aeb13307a71acd8fe81861d94ad54ab689df773318809eed3cbe794b4492dae4,flat-ragged,4 KiB single,4096,1,25555010,30346090,4194304,0.8421187045843468,-0.1718342953601339
1,ba,4,qwen-3,aeb13307a71acd8fe81861d94ad54ab689df773318809eed3cbe794b4492dae4,flat-ragged,4 KiB single,4096,1,28502920,33294280,4194304,0.8560905957419713,-0.15537907229348208
1,ba,5,qwen-3,aeb13307a71acd8fe81861d94ad54ab689df773318809eed3cbe794b4492dae4,flat-ragged,4 KiB single,4096,1,29117830,32499370,4194304,0.8959505984269849,-0.10987000321140294
1,ba,0,qwen-3,aeb13307a71acd8fe81861d94ad54ab689df773318809eed3cbe794b4492dae4,flat-ragged,64 KiB single,65536,1,27624610,37089599,4194304,0.7448074593634728,-0.29462953781235257
1,ba,1,qwen-3,aeb13307a71acd8fe81861d94ad54ab689df773318809eed3cbe794b4492dae4,flat-ragged,64 KiB single,65536,1,27769819,30178690,4194304,0.9201797360985516,-0.08318626269585824
1,ba,2,qwen-3,aeb13307a71acd8fe81861d94ad54ab689df773318809eed3cbe794b4492dae4,flat-ragged,64 KiB single,65536,1,25290840,27371089,4194304,0.9239983107723627,-0.0790450355105626
1,ba,3,qwen-3,aeb13307a71acd8fe81861d94ad54ab689df773318809eed3cbe794b4492dae4,flat-ragged,64 KiB single,65536,1,25310430,28605740,4194304,0.8848024906889317,-0.12239083324410051
1,ba,4,qwen-3,aeb13307a71acd8fe81861d94ad54ab689df773318809eed3cbe794b4492dae4,flat-ragged,64 KiB single,65536,1,25379810,27228730,4194304,0.9320967228365039,-0.0703186898138103
1,ba,5,qwen-3,aeb13307a71acd8fe81861d94ad54ab689df773318809eed3cbe794b4492dae4,flat-ragged,64 KiB single,65536,1,29522790,30764380,4194304,0.9596419625553969,-0.041195019756980165
1,ba,0,qwen-3,aeb13307a71acd8fe81861d94ad54ab689df773318809eed3cbe794b4492dae4,nested,140-byte batch 1,140,1,47057270,50981230,4194400,0.9230312803359197,-0.08009215519879877
1,ba,1,qwen-3,aeb13307a71acd8fe81861d94ad54ab689df773318809eed3cbe794b4492dae4,nested,140-byte batch 1,140,1,39639649,45482610,4194400,0.8715341753694434,-0.13750020036815752
1,ba,2,qwen-3,aeb13307a71acd8fe81861d94ad54ab689df773318809eed3cbe794b4492dae4,nested,140-byte batch 1,140,1,39543330,41212939,4194400,0.9594882325669616,-0.04135522773990374
1,ba,3,qwen-3,aeb13307a71acd8fe81861d94ad54ab689df773318809eed3cbe794b4492dae4,nested,140-byte batch 1,140,1,44822130,49609770,4194400,0.9034940093453366,-0.10148579946952621
1,ba,4,qwen-3,aeb13307a71acd8fe81861d94ad54ab689df773318809eed3cbe794b4492dae4,nested,140-byte batch 1,140,1,40886500,42375600,4194400,0.9648594946148256,-0.035772789679483066
1,ba,5,qwen-3,aeb13307a71acd8fe81861d94ad54ab689df773318809eed3cbe794b4492dae4,nested,140-byte batch 1,140,1,37450739,42849870,4194400,0.8739988942790258,-0.13467616845437466
1,ba,0,qwen-3,aeb13307a71acd8fe81861d94ad54ab689df773318809eed3cbe794b4492dae4,nested,140-byte batch 32,140,32,47850739,50475130,4197760,0.9480062557540714,-0.0533941778521881
1,ba,1,qwen-3,aeb13307a71acd8fe81861d94ad54ab689df773318809eed3cbe794b4492dae4,nested,140-byte batch 32,140,32,41893670,47384440,4197760,0.8841229314939673,-0.12315916323684406
1,ba,2,qwen-3,aeb13307a71acd8fe81861d94ad54ab689df773318809eed3cbe794b4492dae4,nested,140-byte batch 32,140,32,39371819,48307830,4197760,0.8150194078268471,-0.2045433527403311
1,ba,3,qwen-3,aeb13307a71acd8fe81861d94ad54ab689df773318809eed3cbe794b4492dae4,nested,140-byte batch 32,140,32,44591160,51873699,4197760,0.8596101851151968,-0.1512762656157625
1,ba,4,qwen-3,aeb13307a71acd8fe81861d94ad54ab689df773318809eed3cbe794b4492dae4,nested,140-byte batch 32,140,32,38771049,49772509,4197760,0.7789651311329312,-0.24978899517490077
1,ba,5,qwen-3,aeb13307a71acd8fe81861d94ad54ab689df773318809eed3cbe794b4492dae4,nested,140-byte batch 32,140,32,38455729,42664239,4197760,0.9013574342671388,-0.1038533916431709
1,ba,0,qwen-3,aeb13307a71acd8fe81861d94ad54ab689df773318809eed3cbe794b4492dae4,nested,140-byte batch 512,140,512,15017020,15470470,4229120,0.9706893197168541,-0.029748820985602747
1,ba,1,qwen-3,aeb13307a71acd8fe81861d94ad54ab689df773318809eed3cbe794b4492dae4,nested,140-byte batch 512,140,512,14160860,14381460,4229120,0.9846608063437231,-0.015458056157143761
1,ba,2,qwen-3,aeb13307a71acd8fe81861d94ad54ab689df773318809eed3cbe794b4492dae4,nested,140-byte batch 512,140,512,13723830,13970010,4229120,0.9823779653701036,-0.017779151227911048
1,ba,3,qwen-3,aeb13307a71acd8fe81861d94ad54ab689df773318809eed3cbe794b4492dae4,nested,140-byte batch 512,140,512,12746909,13286200,4229120,0.9594096882479565,-0.041437091728807975
1,ba,4,qwen-3,aeb13307a71acd8fe81861d94ad54ab689df773318809eed3cbe794b4492dae4,nested,140-byte batch 512,140,512,11602300,11986810,4229120,0.9679222411967822,-0.032603524274301625
1,ba,5,qwen-3,aeb13307a71acd8fe81861d94ad54ab689df773318809eed3cbe794b4492dae4,nested,140-byte batch 512,140,512,11583270,12873370,4229120,0.8997853708857898,-0.10559902089150534
1,ba,0,qwen-3,aeb13307a71acd8fe81861d94ad54ab689df773318809eed3cbe794b4492dae4,nested,4 KiB single,4096,1,32576829,37390890,4194304,0.8712504302518608,-0.13782582307468658
1,ba,1,qwen-3,aeb13307a71acd8fe81861d94ad54ab689df773318809eed3cbe794b4492dae4,nested,4 KiB single,4096,1,31499720,32663710,4194304,0.9643644276783011,-0.0362860187988928
1,ba,2,qwen-3,aeb13307a71acd8fe81861d94ad54ab689df773318809eed3cbe794b4492dae4,nested,4 KiB single,4096,1,29750750,32410900,4194304,0.9179242168529723,-0.08564044421703002
1,ba,3,qwen-3,aeb13307a71acd8fe81861d94ad54ab689df773318809eed3cbe794b4492dae4,nested,4 KiB single,4096,1,26405889,30421009,4194304,0.8680148972047574,-0.14154640179077196
1,ba,4,qwen-3,aeb13307a71acd8fe81861d94ad54ab689df773318809eed3cbe794b4492dae4,nested,4 KiB single,4096,1,29304820,32157380,4194304,0.9112937683356045,-0.0928899657174117
1,ba,5,qwen-3,aeb13307a71acd8fe81861d94ad54ab689df773318809eed3cbe794b4492dae4,nested,4 KiB single,4096,1,31508160,32969330,4194304,0.9556809313383074,-0.04533117546916326
1,ba,0,qwen-3,aeb13307a71acd8fe81861d94ad54ab689df773318809eed3cbe794b4492dae4,nested,64 KiB single,65536,1,29372629,32150959,4194304,0.9135848482777761,-0.09037902485257626
1,ba,1,qwen-3,aeb13307a71acd8fe81861d94ad54ab689df773318809eed3cbe794b4492dae4,nested,64 KiB single,65536,1,28753690,32114690,4194304,0.8953438442033848,-0.11054745101938503
1,ba,2,qwen-3,aeb13307a71acd8fe81861d94ad54ab689df773318809eed3cbe794b4492dae4,nested,64 KiB single,65536,1,27651230,30944240,4194304,0.893582456702766,-0.11251666357880524
1,ba,3,qwen-3,aeb13307a71acd8fe81861d94ad54ab689df773318809eed3cbe794b4492dae4,nested,64 KiB single,65536,1,26073419,28313170,4194304,0.9208936689180336,-0.08241070116384953
1,ba,4,qwen-3,aeb13307a71acd8fe81861d94ad54ab689df773318809eed3cbe794b4492dae4,nested,64 KiB single,65536,1,26649120,27855179,4194304,0.9567025219977944,-0.04426278015871344
1,ba,5,qwen-3,aeb13307a71acd8fe81861d94ad54ab689df773318809eed3cbe794b4492dae4,nested,64 KiB single,65536,1,29125240,30941230,4194304,0.941308409523474,-0.06048444652275921
